series_id,year,days_with_value,days_in_year
DMI-05005-0,2011,365,365
DMI-05005-0,2012,366,366
DMI-05005-0,2013,365,365
DMI-05005-0,2014,365,365
DMI-05005-0,2015,365,365
DMI-05005-0,2016,366,366
DMI-05005-0,2017,365,365
DMI-05005-0,2018,365,365
DMI-05005-0,2019,365,365
DMI-05005-0,2020,366,366
DMI-05005-0,2021,365,365
DMI-05005-0,2022,365,365
DMI-05005-0,2023,365,365
DMI-05005-0,2024,366,366
DMI-05005-0,2025,365,365
DMI-05009-0,2011,365,365
DMI-05009-0,2012,366,366
DMI-05009-0,2013,365,365
DMI-05009-0,2014,365,365
DMI-05009-0,2015,365,365
DMI-05009-0,2016,366,366
DMI-05009-0,2017,365,365
DMI-05009-0,2018,365,365
DMI-05009-0,2019,365,365
DMI-05009-0,2020,366,366
DMI-05009-0,2021,365,365
DMI-05009-0,2022,365,365
DMI-05009-0,2023,365,365
DMI-05009-0,2024,366,366
DMI-05009-0,2025,365,365
DMI-05015-0,2011,365,365
DMI-05015-0,2012,366,366
DMI-05015-0,2013,365,365
DMI-05015-0,2014,365,365
DMI-05015-0,2015,365,365
DMI-05015-0,2016,366,366
DMI-05015-0,2017,365,365
DMI-05015-0,2018,365,365
DMI-05015-0,2019,365,365
DMI-05015-0,2020,366,366
DMI-05015-0,2021,365,365
DMI-05015-0,2022,365,365
DMI-05015-0,2023,365,365
DMI-05015-0,2024,366,366
DMI-05015-0,2025,365,365
DMI-05031-0,2011,365,365
DMI-05031-0,2012,366,366
DMI-05031-0,2013,365,365
DMI-05031-0,2014,365,365
DMI-05031-0,2015,365,365
DMI-05031-0,2016,366,366
DMI-05031-0,2017,365,365
DMI-05031-0,2018,365,365
DMI-05031-0,2019,365,365
DMI-05031-0,2020,366,366
DMI-05031-0,2021,365,365
DMI-05031-0,2022,365,365
DMI-05031-0,2023,365,365
DMI-05031-0,2024,366,366
DMI-05031-0,2025,365,365
DMI-05035-0,2011,365,365
DMI-05035-0,2012,366,366
DMI-05035-0,2013,365,365
DMI-05035-0,2014,365,365
DMI-05035-0,2015,365,365
DMI-05035-0,2016,366,366
DMI-05035-0,2017,365,365
DMI-05035-0,2018,365,365
DMI-05035-0,2019,365,365
DMI-05035-0,2020,366,366
DMI-05035-0,2021,365,365
DMI-05035-0,2022,365,365
DMI-05035-0,2023,365,365
DMI-05035-0,2024,366,366
DMI-05035-0,2025,365,365
DMI-05042-0,2014,62,365
DMI-05042-0,2015,365,365
DMI-05042-0,2016,366,366
DMI-05042-0,2017,365,365
DMI-05042-0,2018,365,365
DMI-05042-0,2019,365,365
DMI-05042-0,2020,366,366
DMI-05042-0,2021,365,365
DMI-05042-0,2022,365,365
DMI-05042-0,2023,365,365
DMI-05042-0,2024,366,366
DMI-05042-0,2025,365,365
DMI-05065-0,2011,365,365
DMI-05065-0,2012,366,366
DMI-05065-0,2013,365,365
DMI-05065-0,2014,365,365
DMI-05065-0,2015,365,365
DMI-05065-0,2016,366,366
DMI-05065-0,2017,365,365
DMI-05065-0,2018,365,365
DMI-05065-0,2019,365,365
DMI-05065-0,2020,366,366
DMI-05065-0,2021,365,365
DMI-05065-0,2022,365,365
DMI-05065-0,2023,365,365
DMI-05065-0,2024,366,366
DMI-05065-0,2025,365,365
DMI-05070-0,2011,365,365
DMI-05070-0,2012,366,366
DMI-05070-0,2013,365,365
DMI-05070-0,2014,365,365
DMI-05070-0,2015,365,365
DMI-05070-0,2016,366,366
DMI-05070-0,2017,365,365
DMI-05070-0,2018,365,365
DMI-05070-0,2019,365,365
DMI-05070-0,2020,366,366
DMI-05070-0,2021,365,365
DMI-05070-0,2022,365,365
DMI-05070-0,2023,365,365
DMI-05070-0,2024,366,366
DMI-05070-0,2025,365,365
DMI-05075-0,2011,306,365
DMI-05075-1,2011,60,365
DMI-05075-1,2012,366,366
DMI-05075-1,2013,365,365
DMI-05075-1,2014,365,365
DMI-05075-1,2015,365,365
DMI-05075-1,2016,366,366
DMI-05075-1,2017,365,365
DMI-05075-1,2018,365,365
DMI-05075-1,2019,365,365
DMI-05075-1,2020,366,366
DMI-05075-1,2021,365,365
DMI-05075-1,2022,365,365
DMI-05075-1,2023,365,365
DMI-05075-1,2024,366,366
DMI-05075-1,2025,365,365
DMI-05081-0,2011,365,365
DMI-05081-0,2012,366,366
DMI-05081-0,2013,365,365
DMI-05081-0,2014,365,365
DMI-05081-0,2015,365,365
DMI-05081-0,2016,366,366
DMI-05081-0,2017,365,365
DMI-05081-0,2018,365,365
DMI-05081-0,2019,365,365
DMI-05081-0,2020,366,366
DMI-05081-0,2021,365,365
DMI-05081-0,2022,365,365
DMI-05081-0,2023,365,365
DMI-05081-0,2024,366,366
DMI-05081-0,2025,365,365
DMI-05085-0,2011,365,365
DMI-05085-0,2012,366,366
DMI-05085-0,2013,365,365
DMI-05085-0,2014,365,365
DMI-05085-0,2015,365,365
DMI-05085-0,2016,366,366
DMI-05085-0,2017,365,365
DMI-05085-0,2018,365,365
DMI-05085-0,2019,365,365
DMI-05085-0,2020,366,366
DMI-05085-0,2021,365,365
DMI-05085-0,2022,365,365
DMI-05085-0,2023,365,365
DMI-05085-0,2024,366,366
DMI-05085-0,2025,365,365
DMI-05089-0,2011,365,365
DMI-05089-0,2012,366,366
DMI-05089-0,2013,365,365
DMI-05089-0,2014,365,365
DMI-05089-0,2015,365,365
DMI-05089-0,2016,366,366
DMI-05089-0,2017,365,365
DMI-05089-0,2018,365,365
DMI-05089-0,2019,365,365
DMI-05089-0,2020,366,366
DMI-05089-0,2021,365,365
DMI-05089-0,2022,365,365
DMI-05089-0,2023,365,365
DMI-05089-0,2024,366,366
DMI-05089-0,2025,365,365
DMI-05095-0,2011,365,365
DMI-05095-0,2012,366,366
DMI-05095-0,2013,365,365
DMI-05095-0,2014,365,365
DMI-05095-0,2015,365,365
DMI-05095-0,2016,366,366
DMI-05095-0,2017,365,365
DMI-05095-0,2018,365,365
DMI-05095-0,2019,365,365
DMI-05095-0,2020,366,366
DMI-05095-0,2021,365,365
DMI-05095-0,2022,365,365
DMI-05095-0,2023,365,365
DMI-05095-0,2024,366,366
DMI-05095-0,2025,365,365
DMI-05105-0,2011,365,365
DMI-05105-0,2012,366,366
DMI-05105-0,2013,365,365
DMI-05105-0,2014,365,365
DMI-05105-0,2015,365,365
DMI-05105-0,2016,366,366
DMI-05105-0,2017,365,365
DMI-05105-0,2018,365,365
DMI-05105-0,2019,365,365
DMI-05105-0,2020,366,366
DMI-05105-0,2021,365,365
DMI-05105-0,2022,365,365
DMI-05105-0,2023,365,365
DMI-05105-0,2024,366,366
DMI-05105-0,2025,365,365
DMI-05109-0,2011,365,365
DMI-05109-0,2012,366,366
DMI-05109-0,2013,365,365
DMI-05109-0,2014,365,365
DMI-05109-0,2015,365,365
DMI-05109-0,2016,366,366
DMI-05109-0,2017,365,365
DMI-05109-0,2018,365,365
DMI-05109-0,2019,365,365
DMI-05109-0,2020,366,366
DMI-05109-0,2021,365,365
DMI-05109-0,2022,365,365
DMI-05109-0,2023,365,365
DMI-05109-0,2024,366,366
DMI-05109-0,2025,365,365
DMI-05135-0,2011,365,365
DMI-05135-0,2012,366,366
DMI-05135-0,2013,365,365
DMI-05135-0,2014,365,365
DMI-05135-0,2015,365,365
DMI-05135-0,2016,366,366
DMI-05135-0,2017,365,365
DMI-05135-0,2018,365,365
DMI-05135-0,2019,365,365
DMI-05135-0,2020,366,366
DMI-05135-0,2021,365,365
DMI-05135-0,2022,365,365
DMI-05135-0,2023,365,365
DMI-05135-0,2024,366,366
DMI-05135-0,2025,365,365
DMI-05140-0,2011,365,365
DMI-05140-0,2012,366,366
DMI-05140-0,2013,365,365
DMI-05140-0,2014,365,365
DMI-05140-0,2015,365,365
DMI-05140-0,2016,366,366
DMI-05140-0,2017,365,365
DMI-05140-0,2018,365,365
DMI-05140-0,2019,365,365
DMI-05140-0,2020,366,366
DMI-05140-0,2021,365,365
DMI-05140-0,2022,365,365
DMI-05140-0,2023,365,365
DMI-05140-0,2024,366,366
DMI-05140-0,2025,365,365
DMI-05150-0,2011,365,365
DMI-05150-0,2012,366,366
DMI-05150-0,2013,365,365
DMI-05150-0,2014,365,365
DMI-05150-0,2015,365,365
DMI-05150-0,2016,366,366
DMI-05150-0,2017,365,365
DMI-05150-0,2018,365,365
DMI-05150-0,2019,365,365
DMI-05150-0,2020,366,366
DMI-05150-0,2021,365,365
DMI-05150-0,2022,365,365
DMI-05150-0,2023,365,365
DMI-05150-0,2024,366,366
DMI-05150-0,2025,365,365
DMI-05160-0,2011,365,365
DMI-05160-0,2012,366,366
DMI-05160-0,2013,365,365
DMI-05160-0,2014,365,365
DMI-05160-0,2015,365,365
DMI-05160-0,2016,366,366
DMI-05160-0,2017,365,365
DMI-05160-0,2018,365,365
DMI-05160-0,2019,365,365
DMI-05160-0,2020,366,366
DMI-05160-0,2021,365,365
DMI-05160-0,2022,365,365
DMI-05160-0,2023,365,365
DMI-05160-0,2024,366,366
DMI-05160-0,2025,365,365
DMI-05165-0,2011,365,365
DMI-05165-0,2012,366,366
DMI-05165-0,2013,365,365
DMI-05165-0,2014,365,365
DMI-05165-0,2015,365,365
DMI-05165-0,2016,366,366
DMI-05165-0,2017,365,365
DMI-05165-0,2018,365,365
DMI-05165-0,2019,365,365
DMI-05165-0,2020,366,366
DMI-05165-0,2021,365,365
DMI-05165-0,2022,365,365
DMI-05165-0,2023,365,365
DMI-05165-0,2024,366,366
DMI-05165-0,2025,314,365
DMI-05169-0,2011,365,365
DMI-05169-0,2012,366,366
DMI-05169-0,2013,365,365
DMI-05169-0,2014,365,365
DMI-05169-0,2015,365,365
DMI-05169-0,2016,366,366
DMI-05169-0,2017,365,365
DMI-05169-0,2018,365,365
DMI-05169-0,2019,365,365
DMI-05169-0,2020,366,366
DMI-05169-0,2021,365,365
DMI-05169-0,2022,365,365
DMI-05169-0,2023,365,365
DMI-05169-0,2024,366,366
DMI-05169-0,2025,365,365
DMI-05185-0,2011,365,365
DMI-05185-0,2012,366,366
DMI-05185-0,2013,365,365
DMI-05185-0,2014,365,365
DMI-05185-0,2015,365,365
DMI-05185-0,2016,366,366
DMI-05185-0,2017,365,365
DMI-05185-0,2018,365,365
DMI-05185-0,2019,365,365
DMI-05185-0,2020,366,366
DMI-05185-0,2021,365,365
DMI-05185-0,2022,365,365
DMI-05185-0,2023,365,365
DMI-05185-0,2024,302,366
DMI-05199-0,2013,105,365
DMI-05199-0,2014,365,365
DMI-05199-0,2015,365,365
DMI-05199-0,2016,366,366
DMI-05199-0,2017,365,365
DMI-05199-0,2018,365,365
DMI-05199-0,2019,365,365
DMI-05199-0,2020,366,366
DMI-05199-0,2021,365,365
DMI-05199-0,2022,365,365
DMI-05199-0,2023,365,365
DMI-05199-0,2024,366,366
DMI-05199-0,2025,128,365
DMI-05202-0,2011,75,365
DMI-05202-0,2012,366,366
DMI-05202-0,2013,365,365
DMI-05202-0,2014,365,365
DMI-05202-0,2015,365,365
DMI-05202-0,2016,366,366
DMI-05202-0,2017,365,365
DMI-05202-0,2018,365,365
DMI-05202-0,2019,365,365
DMI-05202-0,2020,366,366
DMI-05202-0,2021,365,365
DMI-05202-0,2022,365,365
DMI-05202-0,2023,365,365
DMI-05202-0,2024,366,366
DMI-05202-0,2025,365,365
DMI-05205-0,2011,365,365
DMI-05205-0,2012,366,366
DMI-05205-0,2013,365,365
DMI-05205-0,2014,365,365
DMI-05205-0,2015,365,365
DMI-05205-0,2016,366,366
DMI-05205-0,2017,365,365
DMI-05205-0,2018,365,365
DMI-05205-0,2019,365,365
DMI-05205-0,2020,366,366
DMI-05205-0,2021,365,365
DMI-05205-0,2022,365,365
DMI-05205-0,2023,365,365
DMI-05205-0,2024,366,366
DMI-05205-0,2025,365,365
DMI-05220-0,2011,365,365
DMI-05220-0,2012,366,366
DMI-05220-0,2013,365,365
DMI-05220-0,2014,365,365
DMI-05220-0,2015,365,365
DMI-05220-0,2016,366,366
DMI-05220-0,2017,365,365
DMI-05220-0,2018,365,365
DMI-05220-0,2019,365,365
DMI-05220-0,2020,366,366
DMI-05220-0,2021,365,365
DMI-05220-0,2022,365,365
DMI-05220-0,2023,365,365
DMI-05220-0,2024,366,366
DMI-05220-0,2025,365,365
DMI-05225-0,2011,365,365
DMI-05225-0,2012,366,366
DMI-05225-0,2013,365,365
DMI-05225-0,2014,365,365
DMI-05225-0,2015,365,365
DMI-05225-0,2016,366,366
DMI-05225-0,2017,365,365
DMI-05225-0,2018,365,365
DMI-05225-0,2019,365,365
DMI-05225-0,2020,366,366
DMI-05225-0,2021,365,365
DMI-05225-0,2022,365,365
DMI-05225-0,2023,365,365
DMI-05225-0,2024,366,366
DMI-05225-0,2025,365,365
DMI-05269-0,2011,365,365
DMI-05269-0,2012,366,366
DMI-05269-0,2013,365,365
DMI-05269-0,2014,365,365
DMI-05269-0,2015,365,365
DMI-05269-0,2016,366,366
DMI-05269-0,2017,365,365
DMI-05269-0,2018,365,365
DMI-05269-0,2019,365,365
DMI-05269-0,2020,366,366
DMI-05269-0,2021,365,365
DMI-05269-0,2022,365,365
DMI-05269-0,2023,365,365
DMI-05269-0,2024,366,366
DMI-05269-0,2025,365,365
DMI-05272-0,2011,75,365
DMI-05272-0,2012,366,366
DMI-05272-0,2013,365,365
DMI-05272-0,2014,365,365
DMI-05272-0,2015,365,365
DMI-05272-0,2016,366,366
DMI-05272-0,2017,365,365
DMI-05272-0,2018,365,365
DMI-05272-0,2019,365,365
DMI-05272-0,2020,366,366
DMI-05272-0,2021,365,365
DMI-05272-0,2022,365,365
DMI-05272-0,2023,365,365
DMI-05272-0,2024,366,366
DMI-05272-0,2025,365,365
DMI-05276-0,2011,365,365
DMI-05276-0,2012,366,366
DMI-05276-0,2013,365,365
DMI-05276-0,2014,365,365
DMI-05276-0,2015,365,365
DMI-05276-0,2016,366,366
DMI-05276-0,2017,365,365
DMI-05276-0,2018,365,365
DMI-05276-0,2019,365,365
DMI-05276-0,2020,366,366
DMI-05276-0,2021,365,365
DMI-05276-0,2022,365,365
DMI-05276-0,2023,365,365
DMI-05276-0,2024,212,366
DMI-05277-0,2011,75,365
DMI-05277-0,2012,366,366
DMI-05277-0,2013,365,365
DMI-05277-0,2014,365,365
DMI-05277-0,2015,365,365
DMI-05277-0,2016,366,366
DMI-05277-0,2017,365,365
DMI-05277-0,2018,365,365
DMI-05277-0,2019,365,365
DMI-05277-0,2020,366,366
DMI-05277-0,2021,365,365
DMI-05277-0,2022,365,365
DMI-05277-0,2023,365,365
DMI-05277-0,2024,366,366
DMI-05277-0,2025,365,365
DMI-05290-1,2011,365,365
DMI-05290-1,2012,366,366
DMI-05290-1,2013,365,365
DMI-05290-1,2014,365,365
DMI-05290-1,2015,365,365
DMI-05290-1,2016,366,366
DMI-05290-1,2017,365,365
DMI-05290-1,2018,365,365
DMI-05290-1,2019,365,365
DMI-05290-1,2020,366,366
DMI-05290-1,2021,365,365
DMI-05290-1,2022,365,365
DMI-05290-1,2023,365,365
DMI-05290-1,2024,366,366
DMI-05290-1,2025,365,365
DMI-05296-0,2012,202,366
DMI-05296-0,2013,365,365
DMI-05296-0,2014,365,365
DMI-05296-0,2015,365,365
DMI-05296-0,2016,366,366
DMI-05296-0,2017,365,365
DMI-05296-0,2018,365,365
DMI-05296-0,2019,365,365
DMI-05296-0,2020,366,366
DMI-05296-0,2021,365,365
DMI-05296-0,2022,365,365
DMI-05296-0,2023,365,365
DMI-05296-0,2024,366,366
DMI-05296-0,2025,365,365
DMI-05298-0,2025,232,365
DMI-05300-0,2011,365,365
DMI-05300-0,2012,366,366
DMI-05300-0,2013,365,365
DMI-05300-0,2014,365,365
DMI-05300-0,2015,365,365
DMI-05300-0,2016,366,366
DMI-05300-0,2017,365,365
DMI-05300-0,2018,365,365
DMI-05300-0,2019,365,365
DMI-05300-0,2020,366,366
DMI-05300-0,2021,365,365
DMI-05300-0,2022,365,365
DMI-05300-0,2023,365,365
DMI-05300-0,2024,366,366
DMI-05300-0,2025,365,365
DMI-05305-0,2011,365,365
DMI-05305-0,2012,366,366
DMI-05305-0,2013,365,365
DMI-05305-0,2014,365,365
DMI-05305-0,2015,365,365
DMI-05305-0,2016,366,366
DMI-05305-0,2017,365,365
DMI-05305-0,2018,365,365
DMI-05305-0,2019,365,365
DMI-05305-0,2020,366,366
DMI-05305-0,2021,365,365
DMI-05305-0,2022,365,365
DMI-05305-0,2023,365,365
DMI-05305-0,2024,366,366
DMI-05305-0,2025,365,365
DMI-05320-0,2011,365,365
DMI-05320-0,2012,366,366
DMI-05320-0,2013,365,365
DMI-05320-0,2014,365,365
DMI-05320-0,2015,365,365
DMI-05320-0,2016,366,366
DMI-05320-0,2017,365,365
DMI-05320-0,2018,365,365
DMI-05320-0,2019,365,365
DMI-05320-0,2020,366,366
DMI-05320-0,2021,365,365
DMI-05320-0,2022,365,365
DMI-05320-0,2023,365,365
DMI-05320-0,2024,366,366
DMI-05320-0,2025,365,365
DMI-05329-0,2011,365,365
DMI-05329-0,2012,366,366
DMI-05329-0,2013,365,365
DMI-05329-0,2014,365,365
DMI-05329-0,2015,365,365
DMI-05329-0,2016,366,366
DMI-05329-0,2017,365,365
DMI-05329-0,2018,365,365
DMI-05329-0,2019,365,365
DMI-05329-0,2020,366,366
DMI-05329-0,2021,365,365
DMI-05329-0,2022,365,365
DMI-05329-0,2023,365,365
DMI-05329-0,2024,366,366
DMI-05329-0,2025,365,365
DMI-05343-0,2013,160,365
DMI-05343-0,2014,365,365
DMI-05343-0,2015,365,365
DMI-05343-0,2016,366,366
DMI-05343-0,2017,365,365
DMI-05343-0,2018,365,365
DMI-05343-0,2019,365,365
DMI-05343-0,2020,366,366
DMI-05343-0,2021,365,365
DMI-05343-0,2022,365,365
DMI-05343-0,2023,365,365
DMI-05343-0,2024,366,366
DMI-05343-0,2025,365,365
DMI-05345-0,2011,365,365
DMI-05345-0,2012,366,366
DMI-05345-0,2013,365,365
DMI-05345-0,2014,365,365
DMI-05345-0,2015,365,365
DMI-05345-0,2016,366,366
DMI-05345-0,2017,365,365
DMI-05345-0,2018,365,365
DMI-05345-0,2019,365,365
DMI-05345-0,2020,366,366
DMI-05345-0,2021,365,365
DMI-05345-0,2022,365,365
DMI-05345-0,2023,365,365
DMI-05345-0,2024,366,366
DMI-05345-0,2025,365,365
DMI-05350-0,2011,365,365
DMI-05350-0,2012,366,366
DMI-05350-0,2013,365,365
DMI-05350-0,2014,365,365
DMI-05350-0,2015,365,365
DMI-05350-0,2016,366,366
DMI-05350-0,2017,365,365
DMI-05350-0,2018,365,365
DMI-05350-0,2019,365,365
DMI-05350-0,2020,366,366
DMI-05350-0,2021,365,365
DMI-05350-0,2022,365,365
DMI-05350-0,2023,365,365
DMI-05350-0,2024,366,366
DMI-05350-0,2025,365,365
DMI-05355-0,2011,365,365
DMI-05355-0,2012,366,366
DMI-05355-0,2013,365,365
DMI-05355-0,2014,365,365
DMI-05355-0,2015,365,365
DMI-05355-0,2016,366,366
DMI-05355-0,2017,365,365
DMI-05355-0,2018,365,365
DMI-05355-0,2019,365,365
DMI-05355-0,2020,366,366
DMI-05355-0,2021,365,365
DMI-05355-0,2022,365,365
DMI-05355-0,2023,365,365
DMI-05355-0,2024,366,366
DMI-05355-0,2025,365,365
DMI-05365-0,2011,365,365
DMI-05365-0,2012,366,366
DMI-05365-0,2013,365,365
DMI-05365-0,2014,365,365
DMI-05365-0,2015,365,365
DMI-05365-0,2016,366,366
DMI-05365-0,2017,365,365
DMI-05365-0,2018,365,365
DMI-05365-0,2019,365,365
DMI-05365-0,2020,366,366
DMI-05365-0,2021,365,365
DMI-05365-0,2022,365,365
DMI-05365-0,2023,365,365
DMI-05365-0,2024,366,366
DMI-05365-0,2025,365,365
DMI-05375-0,2011,365,365
DMI-05375-0,2012,366,366
DMI-05375-0,2013,365,365
DMI-05375-0,2014,365,365
DMI-05375-0,2015,365,365
DMI-05375-0,2016,366,366
DMI-05375-0,2017,365,365
DMI-05375-0,2018,365,365
DMI-05375-0,2019,365,365
DMI-05375-0,2020,366,366
DMI-05375-0,2021,365,365
DMI-05375-0,2022,365,365
DMI-05375-0,2023,365,365
DMI-05375-0,2024,366,366
DMI-05375-0,2025,365,365
DMI-05381-0,2011,365,365
DMI-05381-0,2012,366,366
DMI-05381-0,2013,365,365
DMI-05381-0,2014,365,365
DMI-05381-0,2015,365,365
DMI-05381-0,2016,366,366
DMI-05381-0,2017,365,365
DMI-05381-0,2018,365,365
DMI-05381-0,2019,365,365
DMI-05381-0,2020,366,366
DMI-05381-0,2021,365,365
DMI-05381-0,2022,365,365
DMI-05381-0,2023,365,365
DMI-05381-0,2024,366,366
DMI-05381-0,2025,365,365
DMI-05384-0,2024,56,366
DMI-05384-0,2025,365,365
DMI-05395-0,2011,365,365
DMI-05395-0,2012,366,366
DMI-05395-0,2013,365,365
DMI-05395-0,2014,365,365
DMI-05395-0,2015,365,365
DMI-05395-0,2016,366,366
DMI-05395-0,2017,365,365
DMI-05395-0,2018,365,365
DMI-05395-0,2019,365,365
DMI-05395-0,2020,366,366
DMI-05395-0,2021,365,365
DMI-05395-0,2022,365,365
DMI-05395-0,2023,365,365
DMI-05395-0,2024,366,366
DMI-05395-0,2025,365,365
DMI-05400-0,2011,365,365
DMI-05400-0,2012,366,366
DMI-05400-0,2013,365,365
DMI-05400-0,2014,365,365
DMI-05400-0,2015,365,365
DMI-05400-0,2016,366,366
DMI-05400-0,2017,365,365
DMI-05400-0,2018,365,365
DMI-05400-0,2019,365,365
DMI-05400-0,2020,366,366
DMI-05400-0,2021,365,365
DMI-05400-0,2022,365,365
DMI-05400-0,2023,365,365
DMI-05400-0,2024,366,366
DMI-05400-0,2025,365,365
DMI-05406-0,2014,64,365
DMI-05406-0,2015,365,365
DMI-05406-0,2016,366,366
DMI-05406-0,2017,365,365
DMI-05406-0,2018,365,365
DMI-05406-0,2019,365,365
DMI-05406-0,2020,366,366
DMI-05406-0,2021,365,365
DMI-05406-0,2022,365,365
DMI-05406-0,2023,365,365
DMI-05406-0,2024,366,366
DMI-05406-0,2025,365,365
DMI-05408-0,2018,35,365
DMI-05408-0,2019,365,365
DMI-05408-0,2020,366,366
DMI-05408-0,2021,365,365
DMI-05408-0,2022,365,365
DMI-05408-0,2023,365,365
DMI-05408-0,2024,366,366
DMI-05408-0,2025,365,365
DMI-05435-0,2011,365,365
DMI-05435-0,2012,366,366
DMI-05435-0,2013,365,365
DMI-05435-0,2014,365,365
DMI-05435-0,2015,365,365
DMI-05435-0,2016,366,366
DMI-05435-0,2017,365,365
DMI-05435-0,2018,365,365
DMI-05435-0,2019,365,365
DMI-05435-0,2020,366,366
DMI-05435-0,2021,365,365
DMI-05435-0,2022,365,365
DMI-05435-0,2023,365,365
DMI-05435-0,2024,366,366
DMI-05435-0,2025,365,365
DMI-05440-0,2011,365,365
DMI-05440-0,2012,366,366
DMI-05440-0,2013,365,365
DMI-05440-0,2014,365,365
DMI-05440-0,2015,365,365
DMI-05440-0,2016,366,366
DMI-05440-0,2017,365,365
DMI-05440-0,2018,365,365
DMI-05440-0,2019,365,365
DMI-05440-0,2020,366,366
DMI-05440-0,2021,365,365
DMI-05440-0,2022,365,365
DMI-05440-0,2023,365,365
DMI-05440-0,2024,366,366
DMI-05440-0,2025,365,365
DMI-05450-0,2011,365,365
DMI-05450-0,2012,366,366
DMI-05450-0,2013,365,365
DMI-05450-0,2014,365,365
DMI-05450-0,2015,365,365
DMI-05450-0,2016,366,366
DMI-05450-0,2017,365,365
DMI-05450-0,2018,365,365
DMI-05450-0,2019,365,365
DMI-05450-0,2020,366,366
DMI-05450-0,2021,365,365
DMI-05450-0,2022,365,365
DMI-05450-0,2023,365,365
DMI-05450-0,2024,366,366
DMI-05450-0,2025,365,365
DMI-05455-0,2011,365,365
DMI-05455-0,2012,366,366
DMI-05455-0,2013,365,365
DMI-05455-0,2014,365,365
DMI-05455-0,2015,365,365
DMI-05455-0,2016,366,366
DMI-05455-0,2017,365,365
DMI-05455-0,2018,365,365
DMI-05455-0,2019,365,365
DMI-05455-0,2020,366,366
DMI-05455-0,2021,365,365
DMI-05455-0,2022,365,365
DMI-05455-0,2023,365,365
DMI-05455-0,2024,366,366
DMI-05455-0,2025,365,365
DMI-05469-0,2011,365,365
DMI-05469-0,2012,366,366
DMI-05469-0,2013,365,365
DMI-05469-0,2014,365,365
DMI-05469-0,2015,365,365
DMI-05469-0,2016,366,366
DMI-05469-0,2017,365,365
DMI-05469-0,2018,365,365
DMI-05469-0,2019,365,365
DMI-05469-0,2020,232,366
DMI-05469-1,2020,135,366
DMI-05469-1,2021,365,365
DMI-05469-1,2022,365,365
DMI-05469-1,2023,365,365
DMI-05469-1,2024,366,366
DMI-05469-1,2025,365,365
DMI-05499-0,2011,365,365
DMI-05499-0,2012,366,366
DMI-05499-0,2013,365,365
DMI-05499-0,2014,365,365
DMI-05499-0,2015,365,365
DMI-05499-0,2016,366,366
DMI-05499-0,2017,365,365
DMI-05499-0,2018,365,365
DMI-05499-0,2019,365,365
DMI-05499-0,2020,366,366
DMI-05499-0,2021,365,365
DMI-05499-0,2022,365,365
DMI-05499-0,2023,365,365
DMI-05499-0,2024,366,366
DMI-05499-0,2025,365,365
DMI-05505-0,2011,365,365
DMI-05505-0,2012,366,366
DMI-05505-0,2013,365,365
DMI-05505-0,2014,365,365
DMI-05505-0,2015,365,365
DMI-05505-0,2016,366,366
DMI-05505-0,2017,365,365
DMI-05505-0,2018,365,365
DMI-05505-0,2019,365,365
DMI-05505-0,2020,366,366
DMI-05505-0,2021,365,365
DMI-05505-0,2022,365,365
DMI-05505-0,2023,227,365
DMI-05505-1,2025,170,365
DMI-05510-0,2011,365,365
DMI-05510-0,2012,366,366
DMI-05510-0,2013,365,365
DMI-05510-0,2014,365,365
DMI-05510-0,2015,365,365
DMI-05510-0,2016,366,366
DMI-05510-0,2017,365,365
DMI-05510-0,2018,365,365
DMI-05510-0,2019,365,365
DMI-05510-0,2020,366,366
DMI-05510-0,2021,365,365
DMI-05510-0,2022,350,365
DMI-05510-1,2022,16,365
DMI-05510-1,2023,365,365
DMI-05510-1,2024,366,366
DMI-05510-1,2025,365,365
DMI-05529-0,2011,365,365
DMI-05529-0,2012,366,366
DMI-05529-0,2013,365,365
DMI-05529-0,2014,365,365
DMI-05529-0,2015,365,365
DMI-05529-0,2016,366,366
DMI-05529-0,2017,365,365
DMI-05529-0,2018,365,365
DMI-05529-0,2019,365,365
DMI-05529-0,2020,366,366
DMI-05529-0,2021,365,365
DMI-05529-0,2022,365,365
DMI-05529-0,2023,365,365
DMI-05529-0,2024,366,366
DMI-05529-0,2025,365,365
DMI-05537-0,2012,305,366
DMI-05537-0,2013,365,365
DMI-05537-0,2014,365,365
DMI-05537-0,2015,365,365
DMI-05537-0,2016,366,366
DMI-05537-0,2017,365,365
DMI-05537-0,2018,365,365
DMI-05537-0,2019,365,365
DMI-05537-0,2020,366,366
DMI-05537-0,2021,365,365
DMI-05537-0,2022,365,365
DMI-05537-0,2023,365,365
DMI-05537-0,2024,366,366
DMI-05537-0,2025,365,365
DMI-05545-0,2011,365,365
DMI-05545-0,2012,366,366
DMI-05545-0,2013,365,365
DMI-05545-0,2014,365,365
DMI-05545-0,2015,365,365
DMI-05545-0,2016,366,366
DMI-05545-0,2017,365,365
DMI-05545-0,2018,365,365
DMI-05545-0,2019,365,365
DMI-05545-0,2020,366,366
DMI-05545-0,2021,365,365
DMI-05545-0,2022,365,365
DMI-05545-0,2023,365,365
DMI-05545-0,2024,366,366
DMI-05545-0,2025,216,365
DMI-05545-1,2025,150,365
DMI-05575-0,2011,365,365
DMI-05575-0,2012,366,366
DMI-05575-0,2013,365,365
DMI-05575-0,2014,365,365
DMI-05575-0,2015,365,365
DMI-05575-0,2016,366,366
DMI-05575-0,2017,365,365
DMI-05575-0,2018,365,365
DMI-05575-0,2019,365,365
DMI-05575-0,2020,366,366
DMI-05575-0,2021,365,365
DMI-05575-0,2022,365,365
DMI-05575-0,2023,365,365
DMI-05575-0,2024,366,366
DMI-05575-0,2025,365,365
DMI-05735-0,2011,365,365
DMI-05735-0,2012,366,366
DMI-05735-0,2013,365,365
DMI-05735-0,2014,365,365
DMI-05735-0,2015,365,365
DMI-05735-0,2016,366,366
DMI-05735-0,2017,365,365
DMI-05735-0,2018,365,365
DMI-05735-0,2019,365,365
DMI-05735-0,2020,366,366
DMI-05735-0,2021,365,365
DMI-05735-0,2022,365,365
DMI-05735-0,2023,365,365
DMI-05735-0,2024,366,366
DMI-05735-0,2025,365,365
DMI-05880-0,2011,365,365
DMI-05880-0,2012,366,366
DMI-05880-0,2013,365,365
DMI-05880-0,2014,365,365
DMI-05880-0,2015,365,365
DMI-05880-0,2016,366,366
DMI-05880-0,2017,365,365
DMI-05880-0,2018,365,365
DMI-05880-0,2019,365,365
DMI-05880-0,2020,366,366
DMI-05880-0,2021,365,365
DMI-05880-0,2022,365,365
DMI-05880-0,2023,365,365
DMI-05880-0,2024,366,366
DMI-05880-0,2025,365,365
DMI-05889-0,2011,365,365
DMI-05889-0,2012,366,366
DMI-05889-0,2013,365,365
DMI-05889-0,2014,365,365
DMI-05889-0,2015,365,365
DMI-05889-0,2016,366,366
DMI-05889-0,2017,365,365
DMI-05889-0,2018,365,365
DMI-05889-0,2019,365,365
DMI-05889-0,2020,366,366
DMI-05889-0,2021,365,365
DMI-05889-0,2022,365,365
DMI-05889-0,2023,365,365
DMI-05889-0,2024,366,366
DMI-05889-0,2025,365,365
DMI-05935-0,2011,365,365
DMI-05935-0,2012,366,366
DMI-05935-0,2013,365,365
DMI-05935-0,2014,365,365
DMI-05935-0,2015,365,365
DMI-05935-0,2016,366,366
DMI-05935-0,2017,365,365
DMI-05935-0,2018,365,365
DMI-05935-0,2019,365,365
DMI-05935-0,2020,366,366
DMI-05935-0,2021,365,365
DMI-05935-0,2022,365,365
DMI-05935-0,2023,365,365
DMI-05935-0,2024,366,366
DMI-05935-0,2025,365,365
DMI-05945-0,2011,365,365
DMI-05945-0,2012,366,366
DMI-05945-0,2013,365,365
DMI-05945-0,2014,365,365
DMI-05945-0,2015,365,365
DMI-05945-0,2016,366,366
DMI-05945-0,2017,365,365
DMI-05945-0,2018,365,365
DMI-05945-0,2019,365,365
DMI-05945-0,2020,366,366
DMI-05945-0,2021,365,365
DMI-05945-0,2022,365,365
DMI-05945-0,2023,365,365
DMI-05945-0,2024,366,366
DMI-05945-0,2025,365,365
DMI-05960-0,2011,365,365
DMI-05960-0,2012,366,366
DMI-05960-0,2013,365,365
DMI-05960-0,2014,365,365
DMI-05960-0,2015,365,365
DMI-05960-0,2016,366,366
DMI-05960-0,2017,365,365
DMI-05960-0,2018,365,365
DMI-05960-0,2019,113,365
DMI-05970-0,2011,365,365
DMI-05970-0,2012,366,366
DMI-05970-0,2013,365,365
DMI-05970-0,2014,365,365
DMI-05970-0,2015,365,365
DMI-05970-0,2016,366,366
DMI-05970-0,2017,365,365
DMI-05970-0,2018,365,365
DMI-05970-0,2019,365,365
DMI-05970-0,2020,366,366
DMI-05970-0,2021,365,365
DMI-05970-0,2022,365,365
DMI-05970-0,2023,365,365
DMI-05970-0,2024,366,366
DMI-05970-0,2025,365,365
DMI-05981-0,2023,311,365
DMI-05981-0,2024,366,366
DMI-05981-0,2025,365,365
DMI-05986-0,2011,365,365
DMI-05986-0,2012,366,366
DMI-05986-0,2013,365,365
DMI-05986-0,2014,365,365
DMI-05986-0,2015,365,365
DMI-05986-0,2016,366,366
DMI-05986-0,2017,365,365
DMI-05986-0,2018,365,365
DMI-05986-0,2019,365,365
DMI-05986-0,2020,366,366
DMI-05986-0,2021,159,365
DMI-05986-1,2021,207,365
DMI-05986-1,2022,365,365
DMI-05986-1,2023,365,365
DMI-05986-1,2024,366,366
DMI-05986-1,2025,365,365
DMI-06019-0,2011,365,365
DMI-06019-0,2012,366,366
DMI-06019-0,2013,365,365
DMI-06019-0,2014,365,365
DMI-06019-0,2015,365,365
DMI-06019-0,2016,366,366
DMI-06019-0,2017,365,365
DMI-06019-0,2018,365,365
DMI-06019-0,2019,365,365
DMI-06019-0,2020,366,366
DMI-06019-0,2021,365,365
DMI-06019-0,2022,365,365
DMI-06019-0,2023,365,365
DMI-06019-0,2024,366,366
DMI-06019-0,2025,365,365
DMI-06030-0,2011,365,365
DMI-06030-0,2012,366,366
DMI-06030-0,2013,365,365
DMI-06030-0,2014,365,365
DMI-06030-0,2015,365,365
DMI-06030-0,2016,366,366
DMI-06030-0,2017,365,365
DMI-06030-0,2018,365,365
DMI-06030-0,2019,365,365
DMI-06030-0,2020,366,366
DMI-06030-0,2021,365,365
DMI-06030-0,2022,365,365
DMI-06030-0,2023,365,365
DMI-06030-0,2024,366,366
DMI-06030-0,2025,365,365
DMI-06031-0,2011,365,365
DMI-06031-0,2012,366,366
DMI-06031-0,2013,365,365
DMI-06031-0,2014,365,365
DMI-06031-0,2015,365,365
DMI-06031-0,2016,366,366
DMI-06031-0,2017,365,365
DMI-06031-0,2018,365,365
DMI-06031-0,2019,365,365
DMI-06031-0,2020,366,366
DMI-06031-0,2021,365,365
DMI-06031-0,2022,365,365
DMI-06031-0,2023,365,365
DMI-06031-0,2024,366,366
DMI-06031-0,2025,365,365
DMI-06039-0,2025,34,365
DMI-06041-0,2011,365,365
DMI-06041-0,2012,366,366
DMI-06041-0,2013,365,365
DMI-06041-0,2014,365,365
DMI-06041-0,2015,365,365
DMI-06041-0,2016,366,366
DMI-06041-0,2017,365,365
DMI-06041-0,2018,365,365
DMI-06041-0,2019,365,365
DMI-06041-0,2020,366,366
DMI-06041-0,2021,365,365
DMI-06041-0,2022,365,365
DMI-06041-0,2023,365,365
DMI-06041-0,2024,366,366
DMI-06041-0,2025,365,365
DMI-06051-0,2011,365,365
DMI-06051-0,2012,366,366
DMI-06051-0,2013,365,365
DMI-06051-0,2014,365,365
DMI-06051-0,2015,365,365
DMI-06051-0,2016,366,366
DMI-06051-0,2017,365,365
DMI-06051-0,2018,365,365
DMI-06051-0,2019,365,365
DMI-06051-0,2020,366,366
DMI-06051-0,2021,365,365
DMI-06051-0,2022,365,365
DMI-06051-0,2023,365,365
DMI-06051-0,2024,366,366
DMI-06051-0,2025,365,365
DMI-06052-0,2011,365,365
DMI-06052-0,2012,366,366
DMI-06052-0,2013,365,365
DMI-06052-0,2014,365,365
DMI-06052-0,2015,365,365
DMI-06052-0,2016,366,366
DMI-06052-0,2017,365,365
DMI-06052-0,2018,365,365
DMI-06052-0,2019,365,365
DMI-06052-0,2020,366,366
DMI-06052-0,2021,365,365
DMI-06052-0,2022,365,365
DMI-06052-0,2023,365,365
DMI-06052-0,2024,366,366
DMI-06052-0,2025,365,365
DMI-06058-1,2011,365,365
DMI-06058-1,2012,366,366
DMI-06058-1,2013,365,365
DMI-06058-1,2014,365,365
DMI-06058-1,2015,365,365
DMI-06058-1,2016,366,366
DMI-06058-1,2017,365,365
DMI-06058-1,2018,365,365
DMI-06058-1,2019,365,365
DMI-06058-1,2020,366,366
DMI-06058-1,2021,365,365
DMI-06058-1,2022,365,365
DMI-06058-1,2023,365,365
DMI-06058-1,2024,366,366
DMI-06058-1,2025,365,365
DMI-06060-0,2011,365,365
DMI-06060-0,2012,366,366
DMI-06060-0,2013,365,365
DMI-06060-0,2014,365,365
DMI-06060-0,2015,365,365
DMI-06060-0,2016,366,366
DMI-06060-0,2017,365,365
DMI-06060-0,2018,365,365
DMI-06060-0,2019,365,365
DMI-06060-0,2020,366,366
DMI-06060-0,2021,365,365
DMI-06060-0,2022,365,365
DMI-06060-0,2023,365,365
DMI-06060-0,2024,366,366
DMI-06060-0,2025,365,365
DMI-06065-1,2011,365,365
DMI-06065-1,2012,366,366
DMI-06065-1,2013,365,365
DMI-06065-1,2014,365,365
DMI-06065-1,2015,365,365
DMI-06065-1,2016,366,366
DMI-06065-1,2017,365,365
DMI-06065-1,2018,365,365
DMI-06065-1,2019,365,365
DMI-06065-1,2020,366,366
DMI-06065-1,2021,365,365
DMI-06065-1,2022,365,365
DMI-06065-1,2023,365,365
DMI-06065-1,2024,366,366
DMI-06065-1,2025,365,365
DMI-06068-0,2011,365,365
DMI-06068-0,2012,366,366
DMI-06068-0,2013,365,365
DMI-06068-0,2014,365,365
DMI-06068-0,2015,365,365
DMI-06068-0,2016,366,366
DMI-06068-0,2017,365,365
DMI-06068-0,2018,365,365
DMI-06068-0,2019,365,365
DMI-06068-0,2020,366,366
DMI-06068-0,2021,365,365
DMI-06068-0,2022,365,365
DMI-06068-0,2023,365,365
DMI-06068-0,2024,366,366
DMI-06068-0,2025,365,365
DMI-06069-0,2011,365,365
DMI-06069-0,2012,366,366
DMI-06069-0,2013,365,365
DMI-06069-0,2014,365,365
DMI-06069-0,2015,365,365
DMI-06069-0,2016,366,366
DMI-06069-0,2017,365,365
DMI-06069-0,2018,365,365
DMI-06069-0,2019,365,365
DMI-06069-0,2020,366,366
DMI-06069-0,2021,365,365
DMI-06069-0,2022,365,365
DMI-06069-0,2023,365,365
DMI-06069-0,2024,366,366
DMI-06069-0,2025,365,365
DMI-06070-0,2011,365,365
DMI-06070-0,2012,366,366
DMI-06070-0,2013,365,365
DMI-06070-0,2014,365,365
DMI-06070-0,2015,365,365
DMI-06070-0,2016,366,366
DMI-06070-0,2017,365,365
DMI-06070-0,2018,365,365
DMI-06070-0,2019,365,365
DMI-06070-0,2020,366,366
DMI-06070-0,2021,365,365
DMI-06070-0,2022,365,365
DMI-06070-0,2023,365,365
DMI-06070-0,2024,366,366
DMI-06070-0,2025,365,365
DMI-06072-0,2011,365,365
DMI-06072-0,2012,366,366
DMI-06072-0,2013,365,365
DMI-06072-0,2014,365,365
DMI-06072-0,2015,365,365
DMI-06072-0,2016,366,366
DMI-06072-0,2017,365,365
DMI-06072-0,2018,365,365
DMI-06072-0,2019,365,365
DMI-06072-0,2020,366,366
DMI-06072-0,2021,365,365
DMI-06072-0,2022,365,365
DMI-06072-0,2023,365,365
DMI-06072-0,2024,366,366
DMI-06072-0,2025,365,365
DMI-06074-1,2011,365,365
DMI-06074-1,2012,366,366
DMI-06074-1,2013,365,365
DMI-06074-1,2014,365,365
DMI-06074-1,2015,365,365
DMI-06074-1,2016,366,366
DMI-06074-1,2017,365,365
DMI-06074-1,2018,365,365
DMI-06074-1,2019,365,365
DMI-06074-1,2020,366,366
DMI-06074-1,2021,365,365
DMI-06074-1,2022,365,365
DMI-06074-1,2023,365,365
DMI-06074-1,2024,366,366
DMI-06074-1,2025,281,365
DMI-06079-2,2011,365,365
DMI-06079-2,2012,366,366
DMI-06079-2,2013,365,365
DMI-06079-2,2014,365,365
DMI-06079-2,2015,365,365
DMI-06079-2,2016,366,366
DMI-06079-2,2017,365,365
DMI-06079-2,2018,365,365
DMI-06079-2,2019,365,365
DMI-06079-2,2020,366,366
DMI-06079-2,2021,365,365
DMI-06079-2,2022,365,365
DMI-06079-2,2023,365,365
DMI-06079-2,2024,366,366
DMI-06079-2,2025,365,365
DMI-06080-0,2011,365,365
DMI-06080-0,2012,366,366
DMI-06080-0,2013,365,365
DMI-06080-0,2014,365,365
DMI-06080-0,2015,365,365
DMI-06080-0,2016,366,366
DMI-06080-0,2017,126,365
DMI-06082-0,2011,365,365
DMI-06082-0,2012,366,366
DMI-06082-0,2013,365,365
DMI-06082-0,2014,365,365
DMI-06082-0,2015,365,365
DMI-06082-0,2016,366,366
DMI-06082-0,2017,365,365
DMI-06082-0,2018,365,365
DMI-06082-0,2019,365,365
DMI-06082-0,2020,366,366
DMI-06082-0,2021,365,365
DMI-06082-0,2022,365,365
DMI-06082-0,2023,365,365
DMI-06082-0,2024,366,366
DMI-06082-0,2025,365,365
DMI-06088-0,2011,365,365
DMI-06088-0,2012,366,366
DMI-06088-0,2013,365,365
DMI-06088-0,2014,365,365
DMI-06088-0,2015,365,365
DMI-06088-0,2016,366,366
DMI-06088-0,2017,365,365
DMI-06088-0,2018,365,365
DMI-06088-0,2019,365,365
DMI-06088-0,2020,366,366
DMI-06088-0,2021,365,365
DMI-06088-0,2022,365,365
DMI-06088-0,2023,230,365
DMI-06088-1,2023,136,365
DMI-06088-1,2024,366,366
DMI-06088-1,2025,365,365
DMI-06102-0,2011,365,365
DMI-06102-0,2012,366,366
DMI-06102-0,2013,365,365
DMI-06102-0,2014,365,365
DMI-06102-0,2015,365,365
DMI-06102-0,2016,366,366
DMI-06102-0,2017,365,365
DMI-06102-0,2018,365,365
DMI-06102-0,2019,365,365
DMI-06102-0,2020,366,366
DMI-06102-0,2021,365,365
DMI-06102-0,2022,365,365
DMI-06102-0,2023,365,365
DMI-06102-0,2024,340,366
DMI-06102-1,2024,27,366
DMI-06102-1,2025,365,365
DMI-06104-0,2011,365,365
DMI-06104-0,2012,366,366
DMI-06104-0,2013,365,365
DMI-06104-0,2014,365,365
DMI-06104-0,2015,365,365
DMI-06104-0,2016,366,366
DMI-06104-0,2017,365,365
DMI-06104-0,2018,365,365
DMI-06104-0,2019,365,365
DMI-06104-0,2020,366,366
DMI-06104-0,2021,365,365
DMI-06104-0,2022,365,365
DMI-06104-0,2023,365,365
DMI-06104-0,2024,366,366
DMI-06104-0,2025,365,365
DMI-06109-0,2011,365,365
DMI-06109-0,2012,366,366
DMI-06109-0,2013,365,365
DMI-06109-0,2014,365,365
DMI-06109-0,2015,365,365
DMI-06109-0,2016,366,366
DMI-06109-0,2017,365,365
DMI-06109-0,2018,365,365
DMI-06109-0,2019,365,365
DMI-06109-0,2020,366,366
DMI-06109-0,2021,365,365
DMI-06109-0,2022,365,365
DMI-06109-0,2023,365,365
DMI-06109-0,2024,366,366
DMI-06109-0,2025,365,365
DMI-06110-0,2011,365,365
DMI-06110-0,2012,366,366
DMI-06110-0,2013,365,365
DMI-06110-0,2014,365,365
DMI-06110-0,2015,365,365
DMI-06110-0,2016,366,366
DMI-06110-0,2017,365,365
DMI-06110-0,2018,365,365
DMI-06110-0,2019,365,365
DMI-06110-0,2020,366,366
DMI-06110-0,2021,365,365
DMI-06110-0,2022,365,365
DMI-06110-0,2023,365,365
DMI-06110-0,2024,366,366
DMI-06110-0,2025,365,365
DMI-06116-0,2011,365,365
DMI-06116-0,2012,366,366
DMI-06116-0,2013,365,365
DMI-06116-0,2014,365,365
DMI-06116-0,2015,365,365
DMI-06116-0,2016,366,366
DMI-06116-0,2017,365,365
DMI-06116-0,2018,365,365
DMI-06116-0,2019,365,365
DMI-06116-0,2020,366,366
DMI-06116-0,2021,365,365
DMI-06116-0,2022,365,365
DMI-06116-0,2023,365,365
DMI-06116-0,2024,366,366
DMI-06116-0,2025,365,365
DMI-06119-0,2011,365,365
DMI-06119-0,2012,366,366
DMI-06119-0,2013,365,365
DMI-06119-0,2014,365,365
DMI-06119-0,2015,365,365
DMI-06119-0,2016,366,366
DMI-06119-0,2017,365,365
DMI-06119-0,2018,365,365
DMI-06119-0,2019,365,365
DMI-06119-0,2020,366,366
DMI-06119-0,2021,365,365
DMI-06119-0,2022,365,365
DMI-06119-0,2023,365,365
DMI-06119-0,2024,366,366
DMI-06119-0,2025,365,365
DMI-06120-0,2011,365,365
DMI-06120-0,2012,366,366
DMI-06120-0,2013,365,365
DMI-06120-0,2014,365,365
DMI-06120-0,2015,365,365
DMI-06120-0,2016,366,366
DMI-06120-0,2017,365,365
DMI-06120-0,2018,324,365
DMI-06126-0,2011,365,365
DMI-06126-0,2012,366,366
DMI-06126-0,2013,365,365
DMI-06126-0,2014,365,365
DMI-06126-0,2015,365,365
DMI-06126-0,2016,366,366
DMI-06126-0,2017,365,365
DMI-06126-0,2018,365,365
DMI-06126-0,2019,365,365
DMI-06126-0,2020,366,366
DMI-06126-0,2021,365,365
DMI-06126-0,2022,365,365
DMI-06126-0,2023,365,365
DMI-06126-0,2024,366,366
DMI-06126-0,2025,365,365
DMI-06134-0,2025,70,365
DMI-06135-0,2011,365,365
DMI-06135-0,2012,366,366
DMI-06135-0,2013,365,365
DMI-06135-0,2014,365,365
DMI-06135-0,2015,365,365
DMI-06135-0,2016,366,366
DMI-06135-0,2017,365,365
DMI-06135-0,2018,365,365
DMI-06135-0,2019,365,365
DMI-06135-0,2020,366,366
DMI-06135-0,2021,365,365
DMI-06135-0,2022,365,365
DMI-06135-0,2023,365,365
DMI-06135-0,2024,366,366
DMI-06135-0,2025,365,365
DMI-06136-0,2011,365,365
DMI-06136-0,2012,366,366
DMI-06136-0,2013,365,365
DMI-06136-0,2014,365,365
DMI-06136-0,2015,365,365
DMI-06136-0,2016,366,366
DMI-06136-0,2017,365,365
DMI-06136-0,2018,365,365
DMI-06136-0,2019,365,365
DMI-06136-0,2020,366,366
DMI-06136-0,2021,365,365
DMI-06136-0,2022,365,365
DMI-06136-0,2023,365,365
DMI-06136-0,2024,366,366
DMI-06136-0,2025,365,365
DMI-06138-0,2011,365,365
DMI-06138-0,2012,366,366
DMI-06138-0,2013,365,365
DMI-06138-0,2014,365,365
DMI-06138-0,2015,365,365
DMI-06138-0,2016,366,366
DMI-06138-0,2017,365,365
DMI-06138-0,2018,365,365
DMI-06138-0,2019,365,365
DMI-06138-0,2020,366,366
DMI-06138-0,2021,365,365
DMI-06138-0,2022,365,365
DMI-06138-0,2023,365,365
DMI-06138-0,2024,366,366
DMI-06138-0,2025,365,365
DMI-06141-0,2011,365,365
DMI-06141-0,2012,366,366
DMI-06141-0,2013,365,365
DMI-06141-0,2014,365,365
DMI-06141-0,2015,365,365
DMI-06141-0,2016,366,366
DMI-06141-0,2017,365,365
DMI-06141-0,2018,365,365
DMI-06141-0,2019,365,365
DMI-06141-0,2020,366,366
DMI-06141-0,2021,365,365
DMI-06141-0,2022,365,365
DMI-06141-0,2023,365,365
DMI-06141-0,2024,366,366
DMI-06141-0,2025,365,365
DMI-06147-1,2011,365,365
DMI-06147-1,2012,366,366
DMI-06147-1,2013,365,365
DMI-06147-1,2014,365,365
DMI-06147-1,2015,365,365
DMI-06147-1,2016,366,366
DMI-06147-1,2017,365,365
DMI-06147-1,2018,365,365
DMI-06147-1,2019,365,365
DMI-06147-1,2020,366,366
DMI-06147-1,2021,365,365
DMI-06147-1,2022,365,365
DMI-06147-1,2023,365,365
DMI-06147-1,2024,366,366
DMI-06147-1,2025,365,365
DMI-06149-1,2011,365,365
DMI-06149-1,2012,366,366
DMI-06149-1,2013,365,365
DMI-06149-1,2014,365,365
DMI-06149-1,2015,365,365
DMI-06149-1,2016,366,366
DMI-06149-1,2017,365,365
DMI-06149-1,2018,365,365
DMI-06149-1,2019,365,365
DMI-06149-1,2020,366,366
DMI-06149-1,2021,365,365
DMI-06149-1,2022,365,365
DMI-06149-1,2023,365,365
DMI-06149-1,2024,366,366
DMI-06149-1,2025,365,365
DMI-06154-0,2011,365,365
DMI-06154-0,2012,366,366
DMI-06154-0,2013,365,365
DMI-06154-0,2014,365,365
DMI-06154-0,2015,365,365
DMI-06154-0,2016,366,366
DMI-06154-0,2017,365,365
DMI-06154-0,2018,365,365
DMI-06154-0,2019,365,365
DMI-06154-0,2020,366,366
DMI-06154-0,2021,365,365
DMI-06154-0,2022,365,365
DMI-06154-0,2023,365,365
DMI-06154-0,2024,366,366
DMI-06154-0,2025,365,365
DMI-06156-1,2011,365,365
DMI-06156-1,2012,366,366
DMI-06156-1,2013,365,365
DMI-06156-1,2014,365,365
DMI-06156-1,2015,365,365
DMI-06156-1,2016,366,366
DMI-06156-1,2017,365,365
DMI-06156-1,2018,365,365
DMI-06156-1,2019,365,365
DMI-06156-1,2020,366,366
DMI-06156-1,2021,365,365
DMI-06156-1,2022,365,365
DMI-06156-1,2023,365,365
DMI-06156-1,2024,366,366
DMI-06156-1,2025,365,365
DMI-06159-0,2011,365,365
DMI-06159-0,2012,366,366
DMI-06159-0,2013,365,365
DMI-06159-0,2014,365,365
DMI-06159-0,2015,365,365
DMI-06159-0,2016,366,366
DMI-06159-0,2017,365,365
DMI-06159-0,2018,365,365
DMI-06159-0,2019,365,365
DMI-06159-0,2020,366,366
DMI-06159-0,2021,365,365
DMI-06159-0,2022,365,365
DMI-06159-0,2023,365,365
DMI-06159-0,2024,366,366
DMI-06159-0,2025,365,365
DMI-06169-0,2011,365,365
DMI-06169-0,2012,366,366
DMI-06169-0,2013,365,365
DMI-06169-0,2014,365,365
DMI-06169-0,2015,365,365
DMI-06169-0,2016,366,366
DMI-06169-0,2017,365,365
DMI-06169-0,2018,365,365
DMI-06169-0,2019,365,365
DMI-06169-0,2020,366,366
DMI-06169-0,2021,365,365
DMI-06169-0,2022,365,365
DMI-06169-0,2023,365,365
DMI-06169-0,2024,366,366
DMI-06169-0,2025,365,365
DMI-06170-0,2011,365,365
DMI-06170-0,2012,366,366
DMI-06170-0,2013,365,365
DMI-06170-0,2014,365,365
DMI-06170-0,2015,365,365
DMI-06170-0,2016,366,366
DMI-06170-0,2017,365,365
DMI-06170-0,2018,365,365
DMI-06170-0,2019,365,365
DMI-06170-0,2020,366,366
DMI-06170-0,2021,365,365
DMI-06170-0,2022,365,365
DMI-06170-0,2023,365,365
DMI-06170-0,2024,366,366
DMI-06170-0,2025,365,365
DMI-06174-1,2011,365,365
DMI-06174-1,2012,366,366
DMI-06174-1,2013,365,365
DMI-06174-1,2014,365,365
DMI-06174-1,2015,365,365
DMI-06174-1,2016,366,366
DMI-06174-1,2017,365,365
DMI-06174-1,2018,365,365
DMI-06174-1,2019,365,365
DMI-06174-1,2020,366,366
DMI-06174-1,2021,365,365
DMI-06174-1,2022,365,365
DMI-06174-1,2023,365,365
DMI-06174-1,2024,366,366
DMI-06174-1,2025,365,365
DMI-06180-0,2011,365,365
DMI-06180-0,2012,366,366
DMI-06180-0,2013,365,365
DMI-06180-0,2014,365,365
DMI-06180-0,2015,365,365
DMI-06180-0,2016,366,366
DMI-06180-0,2017,365,365
DMI-06180-0,2018,365,365
DMI-06180-0,2019,365,365
DMI-06180-0,2020,366,366
DMI-06180-0,2021,365,365
DMI-06180-0,2022,365,365
DMI-06180-0,2023,365,365
DMI-06180-0,2024,366,366
DMI-06180-0,2025,365,365
DMI-06188-0,2011,365,365
DMI-06188-0,2012,366,366
DMI-06188-0,2013,365,365
DMI-06188-0,2014,365,365
DMI-06188-0,2015,365,365
DMI-06188-0,2016,366,366
DMI-06188-0,2017,365,365
DMI-06188-0,2018,365,365
DMI-06188-0,2019,365,365
DMI-06188-0,2020,366,366
DMI-06188-0,2021,365,365
DMI-06188-0,2022,365,365
DMI-06188-0,2023,365,365
DMI-06188-0,2024,366,366
DMI-06188-0,2025,365,365
DMI-20000-0,2001,305,365
DMI-20000-0,2002,365,365
DMI-20000-0,2003,365,365
DMI-20000-0,2004,366,366
DMI-20000-0,2005,365,365
DMI-20000-0,2006,365,365
DMI-20000-0,2007,365,365
DMI-20000-0,2008,366,366
DMI-20000-0,2009,365,365
DMI-20000-0,2010,365,365
DMI-20010-1,1996,296,366
DMI-20010-1,1997,365,365
DMI-20010-1,1998,365,365
DMI-20010-1,1999,365,365
DMI-20010-1,2000,366,366
DMI-20010-1,2001,365,365
DMI-20010-1,2002,365,365
DMI-20010-1,2003,303,365
DMI-20010-1,2004,366,366
DMI-20010-1,2005,211,365
DMI-20010-1,2006,365,365
DMI-20010-1,2007,365,365
DMI-20010-1,2008,366,366
DMI-20010-1,2009,365,365
DMI-20010-1,2010,1,365
DMI-20020-5,1996,296,366
DMI-20020-5,1997,365,365
DMI-20020-5,1998,365,365
DMI-20020-5,1999,365,365
DMI-20020-5,2000,366,366
DMI-20020-5,2001,365,365
DMI-20020-5,2002,365,365
DMI-20020-5,2003,365,365
DMI-20020-5,2004,366,366
DMI-20020-5,2005,365,365
DMI-20020-5,2006,365,365
DMI-20020-5,2007,365,365
DMI-20020-5,2008,366,366
DMI-20020-5,2009,91,365
DMI-20050-0,1996,296,366
DMI-20050-0,1997,365,365
DMI-20050-0,1998,365,365
DMI-20050-0,1999,365,365
DMI-20050-0,2000,366,366
DMI-20050-0,2001,365,365
DMI-20050-0,2002,365,365
DMI-20050-0,2003,365,365
DMI-20050-0,2004,366,366
DMI-20050-0,2005,48,365
DMI-20050-1,2005,318,365
DMI-20050-1,2006,365,365
DMI-20050-1,2007,1,365
DMI-20052-1,1996,296,366
DMI-20052-1,1997,365,365
DMI-20052-1,1998,365,365
DMI-20052-1,1999,365,365
DMI-20052-1,2000,366,366
DMI-20052-1,2001,365,365
DMI-20052-1,2002,365,365
DMI-20052-1,2003,365,365
DMI-20052-1,2004,366,366
DMI-20052-1,2005,365,365
DMI-20052-1,2006,365,365
DMI-20052-1,2007,1,365
DMI-20058-1,1998,59,365
DMI-20058-1,1999,365,365
DMI-20058-1,2000,366,366
DMI-20058-1,2001,306,365
DMI-20058-2,2001,60,365
DMI-20058-2,2002,326,365
DMI-20058-3,2002,40,365
DMI-20058-3,2003,365,365
DMI-20058-3,2004,366,366
DMI-20058-3,2005,335,365
DMI-20059-0,1996,296,366
DMI-20059-0,1997,365,365
DMI-20059-0,1998,365,365
DMI-20059-0,1999,1,365
DMI-20060-3,1996,296,366
DMI-20060-3,1997,365,365
DMI-20060-3,1998,365,365
DMI-20060-3,1999,365,365
DMI-20060-3,2000,366,366
DMI-20060-3,2001,365,365
DMI-20060-3,2002,365,365
DMI-20060-3,2003,365,365
DMI-20060-3,2004,366,366
DMI-20060-3,2005,365,365
DMI-20060-3,2006,365,365
DMI-20060-3,2007,365,365
DMI-20060-3,2008,366,366
DMI-20060-3,2009,365,365
DMI-20060-3,2010,213,365
DMI-20065-0,1996,296,366
DMI-20065-0,1997,365,365
DMI-20065-0,1998,365,365
DMI-20065-0,1999,365,365
DMI-20065-0,2000,366,366
DMI-20065-0,2001,365,365
DMI-20065-0,2002,365,365
DMI-20065-0,2003,365,365
DMI-20065-0,2004,366,366
DMI-20065-0,2005,365,365
DMI-20065-0,2006,365,365
DMI-20065-0,2007,1,365
DMI-20079-0,1996,296,366
DMI-20079-0,1997,365,365
DMI-20079-0,1998,365,365
DMI-20079-0,1999,365,365
DMI-20079-0,2000,366,366
DMI-20079-0,2001,182,365
DMI-20079-1,2001,59,365
DMI-20079-1,2002,365,365
DMI-20079-1,2003,365,365
DMI-20079-1,2004,366,366
DMI-20079-1,2005,365,365
DMI-20079-1,2006,32,365
DMI-20100-5,1996,296,366
DMI-20100-5,1997,365,365
DMI-20100-5,1998,365,365
DMI-20100-5,1999,365,365
DMI-20100-5,2000,366,366
DMI-20100-5,2001,365,365
DMI-20100-5,2002,365,365
DMI-20100-5,2003,365,365
DMI-20100-5,2004,366,366
DMI-20100-5,2005,365,365
DMI-20100-5,2006,365,365
DMI-20100-5,2007,365,365
DMI-20100-5,2008,366,366
DMI-20100-5,2009,365,365
DMI-20100-5,2010,213,365
DMI-20120-1,1996,296,366
DMI-20120-1,1997,365,365
DMI-20120-1,1998,365,365
DMI-20120-1,1999,365,365
DMI-20120-1,2000,366,366
DMI-20120-1,2001,365,365
DMI-20120-1,2002,365,365
DMI-20120-1,2003,365,365
DMI-20120-1,2004,366,366
DMI-20120-1,2005,365,365
DMI-20120-1,2006,365,365
DMI-20120-1,2007,365,365
DMI-20120-1,2008,153,366
DMI-20127-1,1996,296,366
DMI-20127-1,1997,365,365
DMI-20127-1,1998,365,365
DMI-20127-1,1999,365,365
DMI-20127-1,2000,366,366
DMI-20127-1,2001,365,365
DMI-20127-1,2002,365,365
DMI-20127-1,2003,365,365
DMI-20127-1,2004,366,366
DMI-20127-1,2005,365,365
DMI-20127-1,2006,365,365
DMI-20127-1,2007,1,365
DMI-20140-0,1996,296,366
DMI-20140-0,1997,365,365
DMI-20140-0,1998,365,365
DMI-20140-0,1999,365,365
DMI-20140-0,2000,366,366
DMI-20140-0,2001,365,365
DMI-20140-0,2002,365,365
DMI-20140-0,2003,365,365
DMI-20140-0,2004,366,366
DMI-20140-0,2005,365,365
DMI-20140-0,2006,365,365
DMI-20140-0,2007,1,365
DMI-20150-4,1996,296,366
DMI-20150-4,1997,122,365
DMI-20150-4,1998,365,365
DMI-20150-4,1999,365,365
DMI-20150-4,2000,366,366
DMI-20150-4,2001,365,365
DMI-20150-4,2002,365,365
DMI-20150-4,2003,365,365
DMI-20150-4,2004,366,366
DMI-20150-4,2005,365,365
DMI-20150-4,2006,365,365
DMI-20150-4,2007,365,365
DMI-20150-4,2008,366,366
DMI-20150-4,2009,365,365
DMI-20150-4,2010,213,365
DMI-20153-1,1996,296,366
DMI-20153-1,1997,365,365
DMI-20153-1,1998,365,365
DMI-20153-1,1999,365,365
DMI-20153-1,2000,153,366
DMI-20153-2,2000,182,366
DMI-20153-2,2001,365,365
DMI-20153-2,2002,365,365
DMI-20153-2,2003,211,365
DMI-20153-3,2003,155,365
DMI-20153-3,2004,366,366
DMI-20153-3,2005,335,365
DMI-20160-0,1996,296,366
DMI-20160-0,1997,365,365
DMI-20160-0,1998,365,365
DMI-20160-0,1999,365,365
DMI-20160-0,2000,366,366
DMI-20160-0,2001,365,365
DMI-20160-0,2002,365,365
DMI-20160-0,2003,365,365
DMI-20160-0,2004,366,366
DMI-20160-0,2005,365,365
DMI-20160-0,2006,365,365
DMI-20160-0,2007,365,365
DMI-20160-0,2008,366,366
DMI-20160-0,2009,91,365
DMI-20182-0,1996,296,366
DMI-20182-0,1997,365,365
DMI-20182-0,1998,365,365
DMI-20182-0,1999,365,365
DMI-20182-0,2000,366,366
DMI-20182-0,2001,365,365
DMI-20182-0,2002,365,365
DMI-20182-0,2003,184,365
DMI-20182-1,2003,182,365
DMI-20182-1,2004,366,366
DMI-20182-1,2005,365,365
DMI-20182-1,2006,365,365
DMI-20182-1,2007,365,365
DMI-20182-1,2008,366,366
DMI-20182-1,2009,91,365
DMI-20195-3,1996,296,366
DMI-20195-3,1997,365,365
DMI-20195-3,1998,365,365
DMI-20195-3,1999,365,365
DMI-20195-3,2000,366,366
DMI-20195-3,2001,365,365
DMI-20195-3,2002,365,365
DMI-20195-3,2003,212,365
DMI-20195-4,2003,154,365
DMI-20195-4,2004,366,366
DMI-20195-4,2005,365,365
DMI-20195-4,2006,365,365
DMI-20195-4,2007,365,365
DMI-20195-4,2008,366,366
DMI-20195-4,2009,365,365
DMI-20195-4,2010,213,365
DMI-20199-0,1996,296,366
DMI-20199-0,1997,365,365
DMI-20199-0,1998,365,365
DMI-20199-0,1999,365,365
DMI-20199-0,2000,366,366
DMI-20199-0,2001,365,365
DMI-20199-0,2002,365,365
DMI-20199-0,2003,365,365
DMI-20199-0,2004,366,366
DMI-20199-0,2005,365,365
DMI-20199-0,2006,365,365
DMI-20199-0,2007,1,365
DMI-20210-0,1996,296,366
DMI-20210-0,1997,365,365
DMI-20210-0,1998,365,365
DMI-20210-0,1999,365,365
DMI-20210-0,2000,366,366
DMI-20210-0,2001,365,365
DMI-20210-0,2002,365,365
DMI-20210-0,2003,294,365
DMI-20210-1,2003,72,365
DMI-20210-1,2004,366,366
DMI-20210-1,2005,365,365
DMI-20210-1,2006,365,365
DMI-20210-1,2007,365,365
DMI-20210-1,2008,366,366
DMI-20210-1,2009,91,365
DMI-20213-0,1996,286,366
DMI-20213-1,1996,11,366
DMI-20213-1,1997,365,365
DMI-20213-1,1998,365,365
DMI-20213-1,1999,365,365
DMI-20213-1,2000,366,366
DMI-20213-1,2001,365,365
DMI-20213-1,2002,365,365
DMI-20213-1,2003,365,365
DMI-20213-1,2004,366,366
DMI-20213-1,2005,365,365
DMI-20213-1,2006,365,365
DMI-20213-1,2007,365,365
DMI-20213-1,2008,366,366
DMI-20213-1,2009,365,365
DMI-20213-1,2010,1,365
DMI-20219-0,2002,212,365
DMI-20219-0,2003,365,365
DMI-20219-0,2004,366,366
DMI-20219-0,2005,365,365
DMI-20219-0,2006,182,365
DMI-20220-0,1996,296,366
DMI-20220-0,1997,365,365
DMI-20220-0,1998,245,365
DMI-20220-1,1998,121,365
DMI-20220-1,1999,365,365
DMI-20220-1,2000,336,366
DMI-20220-2,2001,273,365
DMI-20220-2,2002,121,365
DMI-20223-0,2003,183,365
DMI-20223-0,2004,366,366
DMI-20223-0,2005,365,365
DMI-20223-0,2006,365,365
DMI-20223-0,2007,1,365
DMI-20225-0,1996,296,366
DMI-20225-0,1997,365,365
DMI-20225-0,1998,365,365
DMI-20225-0,1999,365,365
DMI-20225-0,2000,366,366
DMI-20225-0,2001,365,365
DMI-20225-0,2002,365,365
DMI-20225-0,2003,182,365
DMI-20240-1,1996,296,366
DMI-20240-1,1997,365,365
DMI-20240-1,1998,365,365
DMI-20240-1,1999,365,365
DMI-20240-1,2000,366,366
DMI-20240-1,2001,365,365
DMI-20240-1,2002,365,365
DMI-20240-1,2003,182,365
DMI-20240-2,2003,184,365
DMI-20240-2,2004,366,366
DMI-20240-2,2005,365,365
DMI-20240-2,2006,365,365
DMI-20240-2,2007,365,365
DMI-20240-2,2008,366,366
DMI-20240-2,2009,91,365
DMI-20270-0,1996,296,366
DMI-20270-0,1997,365,365
DMI-20270-0,1998,365,365
DMI-20270-0,1999,365,365
DMI-20270-0,2000,366,366
DMI-20270-0,2001,365,365
DMI-20270-0,2002,365,365
DMI-20270-0,2003,365,365
DMI-20270-0,2004,32,366
DMI-20270-1,2004,146,366
DMI-20272-0,1996,296,366
DMI-20272-0,1997,365,365
DMI-20272-0,1998,365,365
DMI-20272-0,1999,365,365
DMI-20272-0,2000,366,366
DMI-20272-0,2001,365,365
DMI-20272-0,2002,365,365
DMI-20272-0,2003,365,365
DMI-20272-0,2004,366,366
DMI-20272-0,2005,365,365
DMI-20272-0,2006,365,365
DMI-20272-0,2007,365,365
DMI-20272-0,2008,366,366
DMI-20272-0,2009,365,365
DMI-20272-0,2010,213,365
DMI-20280-0,1996,296,366
DMI-20280-0,1997,365,365
DMI-20280-0,1998,365,365
DMI-20280-0,1999,365,365
DMI-20280-0,2000,366,366
DMI-20280-0,2001,365,365
DMI-20280-0,2002,365,365
DMI-20280-0,2003,365,365
DMI-20280-0,2004,366,366
DMI-20280-0,2005,365,365
DMI-20280-0,2006,365,365
DMI-20280-0,2007,1,365
DMI-20285-0,1996,296,366
DMI-20285-0,1997,335,365
DMI-20286-0,1996,296,366
DMI-20286-0,1997,365,365
DMI-20286-0,1998,365,365
DMI-20286-0,1999,365,365
DMI-20286-0,2000,366,366
DMI-20286-0,2001,365,365
DMI-20286-0,2002,365,365
DMI-20286-0,2003,134,365
DMI-20286-1,2003,232,365
DMI-20286-1,2004,275,366
DMI-20286-2,2006,29,365
DMI-20291-0,1996,296,366
DMI-20291-0,1997,365,365
DMI-20291-0,1998,365,365
DMI-20291-0,1999,365,365
DMI-20291-0,2000,366,366
DMI-20291-0,2001,365,365
DMI-20291-0,2002,365,365
DMI-20291-0,2003,134,365
DMI-20291-1,2003,90,365
DMI-20291-1,2004,32,366
DMI-20292-0,1996,296,366
DMI-20292-0,1997,365,365
DMI-20292-0,1998,365,365
DMI-20292-0,1999,365,365
DMI-20292-0,2000,366,366
DMI-20292-0,2001,365,365
DMI-20292-0,2002,365,365
DMI-20292-0,2003,365,365
DMI-20292-0,2004,366,366
DMI-20292-0,2005,129,365
DMI-20295-1,2005,120,365
DMI-20295-1,2006,365,365
DMI-20295-1,2007,365,365
DMI-20295-1,2008,32,366
DMI-20295-2,2008,243,366
DMI-20295-2,2009,365,365
DMI-20295-2,2010,1,365
DMI-20300-2,1996,296,366
DMI-20300-2,1997,365,365
DMI-20300-2,1998,365,365
DMI-20300-2,1999,365,365
DMI-20300-2,2000,366,366
DMI-20300-2,2001,365,365
DMI-20300-2,2002,365,365
DMI-20300-2,2003,129,365
DMI-20300-3,2003,237,365
DMI-20300-3,2004,366,366
DMI-20300-3,2005,365,365
DMI-20300-3,2006,365,365
DMI-20300-3,2007,1,365
DMI-20320-1,1996,296,366
DMI-20320-1,1997,365,365
DMI-20320-1,1998,183,365
DMI-20320-2,1998,183,365
DMI-20320-2,1999,365,365
DMI-20320-2,2000,366,366
DMI-20320-2,2001,365,365
DMI-20320-2,2002,365,365
DMI-20320-2,2003,365,365
DMI-20320-2,2004,366,366
DMI-20320-2,2005,365,365
DMI-20320-2,2006,365,365
DMI-20320-2,2007,365,365
DMI-20320-2,2008,366,366
DMI-20320-2,2009,91,365
DMI-20330-1,1996,296,366
DMI-20330-1,1997,365,365
DMI-20330-1,1998,365,365
DMI-20330-1,1999,365,365
DMI-20330-1,2000,366,366
DMI-20330-1,2001,365,365
DMI-20330-1,2002,365,365
DMI-20330-1,2003,365,365
DMI-20330-1,2004,366,366
DMI-20330-1,2005,365,365
DMI-20330-1,2006,365,365
DMI-20330-1,2007,1,365
DMI-20340-0,1996,296,366
DMI-20340-0,1997,365,365
DMI-20340-0,1998,365,365
DMI-20340-0,1999,365,365
DMI-20340-0,2000,366,366
DMI-20340-0,2001,365,365
DMI-20340-0,2002,365,365
DMI-20340-0,2003,365,365
DMI-20340-0,2004,1,366
DMI-20352-0,1996,296,366
DMI-20352-0,1997,365,365
DMI-20352-0,1998,365,365
DMI-20352-0,1999,365,365
DMI-20352-0,2000,366,366
DMI-20352-0,2001,365,365
DMI-20352-0,2002,365,365
DMI-20352-0,2003,365,365
DMI-20352-0,2004,366,366
DMI-20352-0,2005,365,365
DMI-20352-0,2006,365,365
DMI-20352-0,2007,365,365
DMI-20352-0,2008,366,366
DMI-20352-0,2009,365,365
DMI-20352-0,2010,1,365
DMI-20370-0,1996,296,366
DMI-20370-0,1997,365,365
DMI-20370-0,1998,365,365
DMI-20370-0,1999,365,365
DMI-20370-0,2000,366,366
DMI-20370-0,2001,365,365
DMI-20370-0,2002,365,365
DMI-20370-0,2003,365,365
DMI-20370-0,2004,366,366
DMI-20370-0,2005,91,365
DMI-20390-1,1996,296,366
DMI-20390-1,1997,365,365
DMI-20390-1,1998,365,365
DMI-20390-1,1999,61,365
DMI-20390-2,1999,305,365
DMI-20390-2,2000,366,366
DMI-20390-2,2001,365,365
DMI-20390-2,2002,365,365
DMI-20390-2,2003,365,365
DMI-20390-2,2004,366,366
DMI-20390-2,2005,365,365
DMI-20390-2,2006,365,365
DMI-20390-2,2007,1,365
DMI-20410-0,1996,296,366
DMI-20410-0,1997,365,365
DMI-20410-0,1998,365,365
DMI-20410-0,1999,365,365
DMI-20410-0,2000,366,366
DMI-20410-0,2001,365,365
DMI-20410-0,2002,365,365
DMI-20410-0,2003,365,365
DMI-20410-0,2004,366,366
DMI-20410-0,2005,365,365
DMI-20410-0,2006,365,365
DMI-20410-0,2007,365,365
DMI-20410-0,2008,366,366
DMI-20410-0,2009,91,365
DMI-20415-0,1996,296,366
DMI-20415-0,1997,365,365
DMI-20415-0,1998,365,365
DMI-20415-0,1999,365,365
DMI-20415-0,2000,366,366
DMI-20415-0,2001,365,365
DMI-20415-0,2002,365,365
DMI-20415-0,2003,365,365
DMI-20415-0,2004,366,366
DMI-20415-0,2005,365,365
DMI-20415-0,2006,365,365
DMI-20415-0,2007,1,365
DMI-20430-1,1996,296,366
DMI-20430-1,1997,365,365
DMI-20430-1,1998,365,365
DMI-20430-1,1999,365,365
DMI-20430-1,2000,366,366
DMI-20430-1,2001,365,365
DMI-20430-1,2002,365,365
DMI-20430-1,2003,365,365
DMI-20430-1,2004,366,366
DMI-20430-1,2005,365,365
DMI-20430-1,2006,365,365
DMI-20430-1,2007,1,365
DMI-20440-0,1996,296,366
DMI-20440-0,1997,365,365
DMI-20440-0,1998,365,365
DMI-20440-0,1999,365,365
DMI-20440-0,2000,366,366
DMI-20440-0,2001,365,365
DMI-20440-0,2002,365,365
DMI-20440-0,2003,203,365
DMI-20440-0,2004,366,366
DMI-20440-0,2005,365,365
DMI-20440-0,2006,365,365
DMI-20440-0,2007,1,365
DMI-20453-0,2003,183,365
DMI-20453-0,2004,366,366
DMI-20453-0,2005,365,365
DMI-20453-0,2006,365,365
DMI-20453-0,2007,365,365
DMI-20453-0,2008,366,366
DMI-20453-0,2009,365,365
DMI-20453-0,2010,213,365
DMI-20455-0,1996,296,366
DMI-20455-0,1997,365,365
DMI-20455-0,1998,365,365
DMI-20455-0,1999,99,365
DMI-20455-1,1999,267,365
DMI-20455-1,2000,366,366
DMI-20455-1,2001,365,365
DMI-20455-1,2002,365,365
DMI-20455-1,2003,182,365
DMI-20457-0,1997,182,365
DMI-20457-0,1998,365,365
DMI-20457-0,1999,365,365
DMI-20457-0,2000,366,366
DMI-20457-0,2001,365,365
DMI-20457-0,2002,365,365
DMI-20457-0,2003,365,365
DMI-20457-0,2004,366,366
DMI-20457-0,2005,365,365
DMI-20457-0,2006,365,365
DMI-20457-0,2007,1,365
DMI-20460-1,1996,296,366
DMI-20460-1,1997,365,365
DMI-20460-1,1998,365,365
DMI-20460-1,1999,365,365
DMI-20460-1,2000,366,366
DMI-20460-1,2001,365,365
DMI-20460-1,2002,1,365
DMI-20470-1,1996,296,366
DMI-20470-1,1997,365,365
DMI-20470-1,1998,365,365
DMI-20470-1,1999,365,365
DMI-20470-1,2000,366,366
DMI-20470-1,2001,365,365
DMI-20470-1,2002,365,365
DMI-20470-1,2003,365,365
DMI-20470-1,2004,366,366
DMI-20470-1,2005,365,365
DMI-20470-1,2006,365,365
DMI-20470-1,2007,1,365
DMI-20480-0,1996,296,366
DMI-20480-0,1997,365,365
DMI-20480-0,1998,365,365
DMI-20480-0,1999,365,365
DMI-20480-0,2000,366,366
DMI-20480-0,2001,365,365
DMI-20480-0,2002,365,365
DMI-20480-0,2003,365,365
DMI-20480-0,2004,366,366
DMI-20480-0,2005,365,365
DMI-20480-0,2006,365,365
DMI-20480-0,2007,365,365
DMI-20480-0,2008,366,366
DMI-20480-0,2009,91,365
DMI-20490-0,1996,296,366
DMI-20490-0,1997,365,365
DMI-20490-0,1998,365,365
DMI-20490-0,1999,365,365
DMI-20490-0,2000,366,366
DMI-20490-0,2001,365,365
DMI-20490-0,2002,365,365
DMI-20490-0,2003,365,365
DMI-20490-0,2004,366,366
DMI-20490-0,2005,365,365
DMI-20490-0,2006,365,365
DMI-20490-0,2007,365,365
DMI-20490-0,2008,366,366
DMI-20490-0,2009,365,365
DMI-20490-0,2010,365,365
DMI-20510-0,1996,296,366
DMI-20510-0,1997,365,365
DMI-20510-0,1998,365,365
DMI-20510-0,1999,365,365
DMI-20510-0,2000,366,366
DMI-20510-0,2001,150,365
DMI-20510-1,2001,216,365
DMI-20510-1,2002,365,365
DMI-20510-1,2003,365,365
DMI-20510-1,2004,278,366
DMI-20512-0,2006,182,365
DMI-20512-0,2007,365,365
DMI-20512-0,2008,366,366
DMI-20512-0,2009,91,365
DMI-20530-1,1996,296,366
DMI-20530-1,1997,365,365
DMI-20530-1,1998,365,365
DMI-20530-1,1999,365,365
DMI-20530-1,2000,366,366
DMI-20530-1,2001,365,365
DMI-20530-1,2002,365,365
DMI-20530-1,2003,365,365
DMI-20530-1,2004,366,366
DMI-20530-1,2005,365,365
DMI-20530-1,2006,32,365
DMI-20540-2,1996,296,366
DMI-20540-2,1997,365,365
DMI-20540-2,1998,365,365
DMI-20540-2,1999,122,365
DMI-20540-3,1999,244,365
DMI-20540-3,2000,366,366
DMI-20540-3,2001,365,365
DMI-20540-3,2002,365,365
DMI-20540-3,2003,365,365
DMI-20540-3,2004,366,366
DMI-20540-3,2005,365,365
DMI-20540-3,2006,365,365
DMI-20540-3,2007,1,365
DMI-20560-1,1996,296,366
DMI-20560-1,1997,365,365
DMI-20560-1,1998,365,365
DMI-20560-1,1999,365,365
DMI-20560-1,2000,366,366
DMI-20560-1,2001,116,365
DMI-20560-2,2001,250,365
DMI-20560-2,2002,365,365
DMI-20560-2,2003,365,365
DMI-20560-2,2004,366,366
DMI-20560-2,2005,365,365
DMI-20560-2,2006,310,365
DMI-20562-0,1996,296,366
DMI-20562-0,1997,365,365
DMI-20562-0,1998,365,365
DMI-20562-0,1999,365,365
DMI-20562-0,2000,366,366
DMI-20562-0,2001,365,365
DMI-20562-0,2002,365,365
DMI-20562-0,2003,365,365
DMI-20562-0,2004,366,366
DMI-20562-0,2005,365,365
DMI-20562-0,2006,365,365
DMI-20562-0,2007,1,365
DMI-20563-0,1996,296,366
DMI-20563-0,1997,365,365
DMI-20563-0,1998,365,365
DMI-20563-0,1999,365,365
DMI-20563-0,2000,366,366
DMI-20563-0,2001,365,365
DMI-20563-0,2002,365,365
DMI-20563-0,2003,365,365
DMI-20563-0,2004,366,366
DMI-20563-0,2005,365,365
DMI-20563-0,2006,365,365
DMI-20563-0,2007,365,365
DMI-20563-0,2008,366,366
DMI-20563-0,2009,91,365
DMI-20565-0,1996,296,366
DMI-20565-0,1997,365,365
DMI-20565-0,1998,365,365
DMI-20565-0,1999,365,365
DMI-20565-0,2000,366,366
DMI-20565-0,2001,365,365
DMI-20565-0,2002,365,365
DMI-20565-0,2003,296,365
DMI-20565-1,2003,70,365
DMI-20565-1,2004,366,366
DMI-20565-1,2005,365,365
DMI-20565-1,2006,365,365
DMI-20565-1,2007,365,365
DMI-20565-1,2008,366,366
DMI-20565-1,2009,365,365
DMI-20565-1,2010,213,365
DMI-20570-1,1996,296,366
DMI-20570-1,1997,365,365
DMI-20570-1,1998,365,365
DMI-20570-1,1999,365,365
DMI-20570-1,2000,366,366
DMI-20570-1,2001,365,365
DMI-20570-1,2002,365,365
DMI-20570-1,2003,365,365
DMI-20570-1,2004,366,366
DMI-20570-1,2005,349,365
DMI-20570-2,2005,17,365
DMI-20570-2,2006,365,365
DMI-20570-2,2007,365,365
DMI-20570-2,2008,366,366
DMI-20570-2,2009,91,365
DMI-20610-2,1996,296,366
DMI-20610-2,1997,365,365
DMI-20610-2,1998,365,365
DMI-20610-2,1999,365,365
DMI-20610-2,2000,366,366
DMI-20610-2,2001,365,365
DMI-20610-2,2002,365,365
DMI-20610-2,2003,284,365
DMI-20610-2,2004,366,366
DMI-20610-2,2005,365,365
DMI-20610-2,2006,365,365
DMI-20610-2,2007,365,365
DMI-20610-2,2008,366,366
DMI-20610-2,2009,365,365
DMI-20610-2,2010,213,365
DMI-20620-1,1996,296,366
DMI-20620-1,1997,365,365
DMI-20620-1,1998,365,365
DMI-20620-1,1999,365,365
DMI-20620-1,2000,366,366
DMI-20620-1,2001,365,365
DMI-20620-1,2002,365,365
DMI-20620-1,2003,365,365
DMI-20620-1,2004,366,366
DMI-20620-1,2005,365,365
DMI-20620-1,2006,365,365
DMI-20620-1,2007,1,365
DMI-20640-0,1996,296,366
DMI-20640-0,1997,365,365
DMI-20640-0,1998,365,365
DMI-20640-0,1999,365,365
DMI-20640-0,2000,366,366
DMI-20640-0,2001,365,365
DMI-20640-0,2002,365,365
DMI-20640-0,2003,365,365
DMI-20640-0,2004,265,366
DMI-21012-0,1996,296,366
DMI-21012-0,1997,365,365
DMI-21012-0,1998,365,365
DMI-21012-0,1999,365,365
DMI-21012-0,2000,366,366
DMI-21012-0,2001,365,365
DMI-21012-0,2002,365,365
DMI-21012-0,2003,365,365
DMI-21012-0,2004,122,366
DMI-21030-0,1996,296,366
DMI-21030-0,1997,365,365
DMI-21030-0,1998,365,365
DMI-21030-0,1999,365,365
DMI-21030-0,2000,366,366
DMI-21030-0,2001,365,365
DMI-21030-0,2002,365,365
DMI-21030-0,2003,365,365
DMI-21030-0,2004,366,366
DMI-21030-0,2005,365,365
DMI-21030-0,2006,365,365
DMI-21030-0,2007,1,365
DMI-21035-1,1996,296,366
DMI-21035-1,1997,365,365
DMI-21035-1,1998,365,365
DMI-21035-1,1999,1,365
DMI-21050-1,1996,296,366
DMI-21050-1,1997,365,365
DMI-21050-1,1998,365,365
DMI-21050-1,1999,365,365
DMI-21050-1,2000,366,366
DMI-21050-1,2001,365,365
DMI-21050-1,2002,365,365
DMI-21050-1,2003,365,365
DMI-21050-1,2004,366,366
DMI-21050-1,2005,365,365
DMI-21050-1,2006,365,365
DMI-21050-1,2007,365,365
DMI-21050-1,2008,366,366
DMI-21050-1,2009,91,365
DMI-21055-0,1996,296,366
DMI-21055-0,1997,365,365
DMI-21055-0,1998,365,365
DMI-21055-0,1999,365,365
DMI-21055-0,2000,366,366
DMI-21055-0,2001,365,365
DMI-21055-0,2002,365,365
DMI-21055-0,2003,365,365
DMI-21055-0,2004,366,366
DMI-21055-0,2005,365,365
DMI-21055-0,2006,365,365
DMI-21055-0,2007,365,365
DMI-21055-0,2008,366,366
DMI-21055-0,2009,365,365
DMI-21055-0,2010,365,365
DMI-21056-0,1996,296,366
DMI-21056-0,1997,365,365
DMI-21056-0,1998,365,365
DMI-21056-0,1999,365,365
DMI-21056-0,2000,153,366
DMI-21060-0,1996,296,366
DMI-21060-0,1997,365,365
DMI-21060-0,1998,365,365
DMI-21060-0,1999,365,365
DMI-21060-0,2000,366,366
DMI-21060-0,2001,365,365
DMI-21060-0,2002,365,365
DMI-21060-0,2003,213,365
DMI-21074-0,2000,212,366
DMI-21074-0,2001,365,365
DMI-21074-0,2002,365,365
DMI-21074-0,2003,182,365
DMI-21085-0,2001,273,365
DMI-21085-0,2002,365,365
DMI-21085-0,2003,365,365
DMI-21085-0,2004,366,366
DMI-21085-0,2005,365,365
DMI-21085-0,2006,365,365
DMI-21085-0,2007,1,365
DMI-21090-0,1996,296,366
DMI-21090-0,1997,365,365
DMI-21090-0,1998,365,365
DMI-21090-0,1999,365,365
DMI-21090-0,2000,366,366
DMI-21090-0,2001,1,365
DMI-21100-0,1991,364,365
DMI-21100-0,1992,366,366
DMI-21100-0,1993,365,365
DMI-21100-0,1994,365,365
DMI-21100-0,1995,365,365
DMI-21100-0,1996,366,366
DMI-21100-0,1997,365,365
DMI-21100-0,1998,365,365
DMI-21100-0,1999,365,365
DMI-21100-0,2000,366,366
DMI-21100-0,2001,365,365
DMI-21100-0,2002,365,365
DMI-21100-0,2003,365,365
DMI-21100-0,2004,366,366
DMI-21100-0,2005,365,365
DMI-21100-0,2006,365,365
DMI-21100-0,2007,365,365
DMI-21100-0,2008,366,366
DMI-21100-0,2009,365,365
DMI-21100-0,2010,365,365
DMI-21110-1,1996,296,366
DMI-21110-1,1997,365,365
DMI-21110-1,1998,245,365
DMI-21110-2,1998,121,365
DMI-21110-2,1999,365,365
DMI-21110-2,2000,366,366
DMI-21110-2,2001,365,365
DMI-21110-2,2002,365,365
DMI-21110-2,2003,365,365
DMI-21110-2,2004,366,366
DMI-21110-2,2005,365,365
DMI-21110-2,2006,365,365
DMI-21110-2,2007,365,365
DMI-21110-2,2008,366,366
DMI-21110-2,2009,91,365
DMI-21125-0,1996,296,366
DMI-21125-0,1997,365,365
DMI-21125-0,1998,365,365
DMI-21125-0,1999,365,365
DMI-21125-0,2000,366,366
DMI-21125-0,2001,365,365
DMI-21125-0,2002,365,365
DMI-21125-0,2003,365,365
DMI-21125-0,2004,366,366
DMI-21125-0,2005,365,365
DMI-21125-0,2006,365,365
DMI-21125-0,2007,365,365
DMI-21125-0,2008,366,366
DMI-21125-0,2009,91,365
DMI-21130-2,1996,296,366
DMI-21130-2,1997,365,365
DMI-21130-2,1998,365,365
DMI-21130-2,1999,365,365
DMI-21130-2,2000,366,366
DMI-21130-2,2001,365,365
DMI-21130-2,2002,365,365
DMI-21130-2,2003,365,365
DMI-21130-2,2004,366,366
DMI-21130-2,2005,365,365
DMI-21130-2,2006,365,365
DMI-21130-2,2007,1,365
DMI-21140-1,1996,296,366
DMI-21140-1,1997,365,365
DMI-21140-1,1998,365,365
DMI-21140-1,1999,365,365
DMI-21140-1,2000,366,366
DMI-21140-1,2001,365,365
DMI-21140-1,2002,241,365
DMI-21140-2,2002,125,365
DMI-21140-2,2003,365,365
DMI-21140-2,2004,366,366
DMI-21140-2,2005,365,365
DMI-21140-2,2006,365,365
DMI-21140-2,2007,365,365
DMI-21140-2,2008,366,366
DMI-21140-2,2009,91,365
DMI-21145-0,1996,296,366
DMI-21145-0,1997,365,365
DMI-21145-0,1998,365,365
DMI-21145-0,1999,365,365
DMI-21145-0,2000,366,366
DMI-21145-0,2001,365,365
DMI-21145-0,2002,365,365
DMI-21145-0,2003,365,365
DMI-21145-0,2004,293,366
DMI-21149-0,1996,296,366
DMI-21149-0,1997,365,365
DMI-21149-0,1998,365,365
DMI-21149-0,1999,365,365
DMI-21149-0,2000,366,366
DMI-21149-0,2001,365,365
DMI-21149-0,2002,365,365
DMI-21149-0,2003,365,365
DMI-21149-0,2004,366,366
DMI-21149-0,2005,365,365
DMI-21149-0,2006,365,365
DMI-21149-0,2007,1,365
DMI-21165-0,1996,296,366
DMI-21165-0,1997,365,365
DMI-21165-0,1998,365,365
DMI-21165-0,1999,365,365
DMI-21165-0,2000,366,366
DMI-21165-0,2001,365,365
DMI-21165-0,2002,365,365
DMI-21165-0,2003,152,365
DMI-21170-0,1996,277,366
DMI-21170-1,1996,20,366
DMI-21170-1,1997,365,365
DMI-21170-1,1998,152,365
DMI-21170-2,1998,120,365
DMI-21170-2,1999,365,365
DMI-21170-2,2000,366,366
DMI-21170-2,2001,365,365
DMI-21170-2,2002,365,365
DMI-21170-2,2003,365,365
DMI-21170-2,2004,366,366
DMI-21170-2,2005,365,365
DMI-21170-2,2006,365,365
DMI-21170-2,2007,365,365
DMI-21170-2,2008,366,366
DMI-21170-2,2009,91,365
DMI-21175-0,1996,296,366
DMI-21175-0,1997,365,365
DMI-21175-0,1998,365,365
DMI-21175-0,1999,365,365
DMI-21175-0,2000,366,366
DMI-21175-0,2001,365,365
DMI-21175-0,2002,365,365
DMI-21175-0,2003,365,365
DMI-21175-0,2004,366,366
DMI-21175-0,2005,365,365
DMI-21175-0,2006,365,365
DMI-21175-0,2007,365,365
DMI-21175-0,2008,366,366
DMI-21175-0,2009,91,365
DMI-21180-0,1996,296,366
DMI-21180-0,1997,365,365
DMI-21180-0,1998,365,365
DMI-21180-0,1999,365,365
DMI-21180-0,2000,366,366
DMI-21180-0,2001,365,365
DMI-21180-0,2002,365,365
DMI-21180-0,2003,365,365
DMI-21180-0,2004,366,366
DMI-21180-0,2005,365,365
DMI-21180-0,2006,365,365
DMI-21180-0,2007,365,365
DMI-21180-0,2008,366,366
DMI-21180-0,2009,365,365
DMI-21180-0,2010,1,365
DMI-21200-1,1996,296,366
DMI-21200-1,1997,365,365
DMI-21200-1,1998,365,365
DMI-21200-1,1999,365,365
DMI-21200-1,2000,366,366
DMI-21200-1,2001,365,365
DMI-21200-1,2002,365,365
DMI-21200-1,2003,365,365
DMI-21200-1,2004,366,366
DMI-21200-1,2005,365,365
DMI-21200-1,2006,365,365
DMI-21200-1,2007,1,365
DMI-21215-0,1996,296,366
DMI-21215-0,1997,365,365
DMI-21215-0,1998,365,365
DMI-21215-0,1999,1,365
DMI-21217-0,2002,332,365
DMI-21217-0,2003,365,365
DMI-21217-0,2004,366,366
DMI-21217-0,2005,365,365
DMI-21217-0,2006,365,365
DMI-21217-0,2007,365,365
DMI-21217-0,2008,366,366
DMI-21217-0,2009,365,365
DMI-21217-0,2010,213,365
DMI-21220-0,1999,363,365
DMI-21220-0,2000,366,366
DMI-21220-0,2001,365,365
DMI-21220-0,2002,365,365
DMI-21220-0,2003,305,365
DMI-21220-0,2004,243,366
DMI-21220-0,2005,365,365
DMI-21220-0,2006,1,365
DMI-21230-1,1996,296,366
DMI-21230-1,1997,365,365
DMI-21230-1,1998,365,365
DMI-21230-1,1999,365,365
DMI-21230-1,2000,366,366
DMI-21230-1,2001,365,365
DMI-21230-1,2002,365,365
DMI-21230-1,2003,365,365
DMI-21230-1,2004,366,366
DMI-21230-1,2005,213,365
DMI-21230-1,2006,365,365
DMI-21230-1,2007,365,365
DMI-21230-1,2008,366,366
DMI-21230-1,2009,365,365
DMI-21230-1,2010,365,365
DMI-21240-1,1996,296,366
DMI-21240-1,1997,365,365
DMI-21240-1,1998,365,365
DMI-21240-1,1999,365,365
DMI-21240-1,2000,366,366
DMI-21240-1,2001,365,365
DMI-21240-1,2002,365,365
DMI-21240-1,2003,365,365
DMI-21240-1,2004,366,366
DMI-21240-1,2005,365,365
DMI-21240-1,2006,365,365
DMI-21240-1,2007,1,365
DMI-21245-0,1996,296,366
DMI-21245-0,1997,365,365
DMI-21245-0,1998,365,365
DMI-21245-0,1999,365,365
DMI-21245-0,2000,366,366
DMI-21245-0,2001,365,365
DMI-21245-0,2002,365,365
DMI-21245-0,2003,182,365
DMI-21260-0,2002,332,365
DMI-21260-0,2003,266,365
DMI-21260-0,2004,275,366
DMI-21260-0,2005,122,365
DMI-21260-0,2006,365,365
DMI-21260-0,2007,365,365
DMI-21260-0,2008,366,366
DMI-21260-0,2009,91,365
DMI-21265-0,1996,296,366
DMI-21265-0,1997,365,365
DMI-21265-0,1998,365,365
DMI-21265-0,1999,365,365
DMI-21265-0,2000,366,366
DMI-21265-0,2001,365,365
DMI-21265-0,2002,1,365
DMI-21280-1,2002,332,365
DMI-21280-1,2003,60,365
DMI-21280-2,2003,174,365
DMI-21280-2,2004,366,366
DMI-21280-2,2005,365,365
DMI-21280-2,2006,365,365
DMI-21280-2,2007,365,365
DMI-21280-2,2008,366,366
DMI-21280-2,2009,365,365
DMI-21280-2,2010,213,365
DMI-21295-0,2003,21,365
DMI-21295-0,2004,366,366
DMI-21295-0,2005,365,365
DMI-21295-0,2006,365,365
DMI-21295-0,2007,1,365
DMI-21302-0,1996,296,366
DMI-21302-0,1997,365,365
DMI-21302-0,1998,365,365
DMI-21302-0,1999,365,365
DMI-21302-0,2000,366,366
DMI-21302-0,2001,365,365
DMI-21302-0,2002,365,365
DMI-21302-0,2003,365,365
DMI-21302-0,2004,366,366
DMI-21302-0,2005,365,365
DMI-21302-0,2006,365,365
DMI-21302-0,2007,365,365
DMI-21302-0,2008,366,366
DMI-21302-0,2009,365,365
DMI-21302-0,2010,365,365
DMI-21310-1,1996,296,366
DMI-21310-1,1997,365,365
DMI-21310-1,1998,365,365
DMI-21310-1,1999,365,365
DMI-21310-1,2000,366,366
DMI-21310-1,2001,365,365
DMI-21310-1,2002,365,365
DMI-21310-1,2003,365,365
DMI-21310-1,2004,366,366
DMI-21310-1,2005,365,365
DMI-21310-1,2006,365,365
DMI-21310-1,2007,365,365
DMI-21310-1,2008,366,366
DMI-21310-1,2009,91,365
DMI-21312-0,1996,296,366
DMI-21312-0,1997,303,365
DMI-21312-0,1998,365,365
DMI-21312-0,1999,365,365
DMI-21312-0,2000,366,366
DMI-21312-0,2001,365,365
DMI-21312-0,2002,365,365
DMI-21312-0,2003,182,365
DMI-21320-0,1996,296,366
DMI-21320-0,1997,365,365
DMI-21320-0,1998,365,365
DMI-21320-0,1999,365,365
DMI-21320-0,2000,366,366
DMI-21320-0,2001,365,365
DMI-21320-0,2002,365,365
DMI-21320-0,2003,365,365
DMI-21320-0,2004,366,366
DMI-21320-0,2005,365,365
DMI-21320-0,2006,365,365
DMI-21320-0,2007,1,365
DMI-21330-0,1996,279,366
DMI-21330-1,1996,18,366
DMI-21330-1,1997,61,365
DMI-21330-2,1997,122,365
DMI-21360-0,1996,296,366
DMI-21360-0,1997,365,365
DMI-21360-0,1998,365,365
DMI-21360-0,1999,365,365
DMI-21360-0,2000,366,366
DMI-21360-0,2001,365,365
DMI-21360-0,2002,365,365
DMI-21360-0,2003,365,365
DMI-21360-0,2004,366,366
DMI-21360-0,2005,213,365
DMI-21370-2,2004,182,366
DMI-21370-2,2005,365,365
DMI-21370-2,2006,365,365
DMI-21370-2,2007,365,365
DMI-21370-2,2008,366,366
DMI-21370-2,2009,365,365
DMI-21370-2,2010,365,365
DMI-21380-2,1996,296,366
DMI-21380-2,1997,365,365
DMI-21380-2,1998,365,365
DMI-21380-2,1999,365,365
DMI-21380-2,2000,366,366
DMI-21380-2,2001,335,365
DMI-21400-0,1996,296,366
DMI-21400-0,1997,365,365
DMI-21400-0,1998,71,365
DMI-21400-1,1998,295,365
DMI-21400-1,1999,365,365
DMI-21400-1,2000,366,366
DMI-21400-1,2001,365,365
DMI-21400-1,2002,365,365
DMI-21400-1,2003,365,365
DMI-21400-1,2004,183,366
DMI-21405-0,1996,296,366
DMI-21405-0,1997,365,365
DMI-21405-0,1998,365,365
DMI-21405-0,1999,365,365
DMI-21405-0,2000,366,366
DMI-21405-0,2001,365,365
DMI-21405-0,2002,365,365
DMI-21405-0,2003,365,365
DMI-21405-0,2004,366,366
DMI-21405-0,2005,365,365
DMI-21405-0,2006,365,365
DMI-21405-0,2007,365,365
DMI-21405-0,2008,366,366
DMI-21405-0,2009,91,365
DMI-21420-4,1996,296,366
DMI-21420-4,1997,274,365
DMI-21433-0,1998,304,365
DMI-21433-0,1999,365,365
DMI-21433-0,2000,366,366
DMI-21433-0,2001,365,365
DMI-21433-0,2002,365,365
DMI-21433-0,2003,365,365
DMI-21433-0,2004,366,366
DMI-21433-0,2005,365,365
DMI-21433-0,2006,365,365
DMI-21433-0,2007,1,365
DMI-21440-0,1996,296,366
DMI-21440-0,1997,365,365
DMI-21440-0,1998,365,365
DMI-21440-0,1999,365,365
DMI-21440-0,2000,366,366
DMI-21440-0,2001,365,365
DMI-21440-0,2002,365,365
DMI-21440-0,2003,365,365
DMI-21440-0,2004,366,366
DMI-21440-0,2005,365,365
DMI-21440-0,2006,365,365
DMI-21440-0,2007,1,365
DMI-21460-0,1996,296,366
DMI-21460-0,1997,365,365
DMI-21460-0,1998,365,365
DMI-21460-0,1999,365,365
DMI-21460-0,2000,366,366
DMI-21460-0,2001,365,365
DMI-21460-0,2002,365,365
DMI-21460-0,2003,365,365
DMI-21460-0,2004,366,366
DMI-21460-0,2005,365,365
DMI-21460-0,2006,365,365
DMI-21460-0,2007,1,365
DMI-21470-0,1996,52,366
DMI-21471-0,1996,121,366
DMI-21471-0,1997,365,365
DMI-21471-0,1998,365,365
DMI-21471-0,1999,365,365
DMI-21471-0,2000,286,366
DMI-21471-1,2000,81,366
DMI-21471-1,2001,365,365
DMI-21471-1,2002,365,365
DMI-21471-1,2003,365,365
DMI-21471-1,2004,366,366
DMI-21471-1,2005,365,365
DMI-21471-1,2006,365,365
DMI-21471-1,2007,1,365
DMI-22005-0,1996,296,366
DMI-22005-0,1997,365,365
DMI-22005-0,1998,365,365
DMI-22005-0,1999,365,365
DMI-22005-0,2000,366,366
DMI-22005-0,2001,365,365
DMI-22005-0,2002,365,365
DMI-22005-0,2003,365,365
DMI-22005-0,2004,366,366
DMI-22005-0,2005,365,365
DMI-22005-0,2006,365,365
DMI-22005-0,2007,365,365
DMI-22005-0,2008,366,366
DMI-22005-0,2009,91,365
DMI-22007-1,1996,296,366
DMI-22007-1,1997,365,365
DMI-22007-1,1998,365,365
DMI-22007-1,1999,365,365
DMI-22007-1,2000,366,366
DMI-22007-1,2001,365,365
DMI-22007-1,2002,365,365
DMI-22007-1,2003,365,365
DMI-22007-1,2004,366,366
DMI-22007-1,2005,365,365
DMI-22007-1,2006,365,365
DMI-22007-1,2007,1,365
DMI-22015-1,1996,296,366
DMI-22015-1,1997,365,365
DMI-22015-1,1998,365,365
DMI-22015-1,1999,365,365
DMI-22015-1,2000,366,366
DMI-22015-1,2001,365,365
DMI-22015-1,2002,33,365
DMI-22015-2,2002,150,365
DMI-22020-0,2008,127,366
DMI-22020-0,2009,365,365
DMI-22020-0,2010,365,365
DMI-22030-3,1996,296,366
DMI-22030-3,1997,365,365
DMI-22030-3,1998,365,365
DMI-22030-3,1999,365,365
DMI-22030-3,2000,47,366
DMI-22030-4,2000,320,366
DMI-22030-4,2001,365,365
DMI-22030-4,2002,365,365
DMI-22030-4,2003,365,365
DMI-22030-4,2004,366,366
DMI-22030-4,2005,365,365
DMI-22030-4,2006,365,365
DMI-22030-4,2007,365,365
DMI-22030-4,2008,366,366
DMI-22030-4,2009,91,365
DMI-22045-0,1996,296,366
DMI-22045-0,1997,365,365
DMI-22045-0,1998,365,365
DMI-22045-0,1999,365,365
DMI-22045-0,2000,366,366
DMI-22045-0,2001,365,365
DMI-22045-0,2002,365,365
DMI-22045-0,2003,163,365
DMI-22045-1,2003,203,365
DMI-22045-1,2004,366,366
DMI-22045-1,2005,365,365
DMI-22045-1,2006,365,365
DMI-22045-1,2007,365,365
DMI-22045-1,2008,366,366
DMI-22045-1,2009,365,365
DMI-22045-1,2010,1,365
DMI-22055-0,1996,296,366
DMI-22055-0,1997,365,365
DMI-22055-0,1998,1,365
DMI-22060-1,1998,304,365
DMI-22060-1,1999,365,365
DMI-22060-1,2000,366,366
DMI-22060-1,2001,365,365
DMI-22060-1,2002,365,365
DMI-22060-1,2003,365,365
DMI-22060-1,2004,44,366
DMI-22062-0,1996,296,366
DMI-22062-0,1997,365,365
DMI-22062-0,1998,365,365
DMI-22062-0,1999,365,365
DMI-22062-0,2000,366,366
DMI-22062-0,2001,365,365
DMI-22062-0,2002,365,365
DMI-22062-0,2003,365,365
DMI-22062-0,2004,366,366
DMI-22062-0,2005,365,365
DMI-22062-0,2006,365,365
DMI-22062-0,2007,365,365
DMI-22062-0,2008,366,366
DMI-22062-0,2009,91,365
DMI-22065-0,1996,296,366
DMI-22065-0,1997,365,365
DMI-22065-0,1998,365,365
DMI-22065-0,1999,365,365
DMI-22065-0,2000,366,366
DMI-22065-0,2001,365,365
DMI-22065-0,2002,365,365
DMI-22065-0,2003,135,365
DMI-22065-1,2003,231,365
DMI-22065-1,2004,366,366
DMI-22065-1,2005,365,365
DMI-22065-1,2006,365,365
DMI-22065-1,2007,1,365
DMI-22075-0,1996,296,366
DMI-22075-0,1997,365,365
DMI-22075-0,1998,365,365
DMI-22075-0,1999,365,365
DMI-22075-0,2000,366,366
DMI-22075-0,2001,365,365
DMI-22075-0,2002,365,365
DMI-22075-0,2003,365,365
DMI-22075-0,2004,366,366
DMI-22075-0,2005,365,365
DMI-22075-0,2006,365,365
DMI-22075-0,2007,1,365
DMI-22090-0,1996,296,366
DMI-22090-0,1997,365,365
DMI-22090-0,1998,365,365
DMI-22090-0,1999,365,365
DMI-22090-0,2000,366,366
DMI-22090-0,2001,365,365
DMI-22090-0,2002,365,365
DMI-22090-0,2003,365,365
DMI-22090-0,2004,366,366
DMI-22090-0,2005,365,365
DMI-22090-0,2006,365,365
DMI-22090-0,2007,1,365
DMI-22095-2,1996,296,366
DMI-22095-2,1997,365,365
DMI-22095-2,1998,365,365
DMI-22095-2,1999,365,365
DMI-22095-2,2000,366,366
DMI-22095-2,2001,365,365
DMI-22095-2,2002,365,365
DMI-22095-2,2003,365,365
DMI-22095-2,2004,366,366
DMI-22095-2,2005,365,365
DMI-22095-2,2006,365,365
DMI-22095-2,2007,1,365
DMI-22100-0,1996,296,366
DMI-22100-0,1997,365,365
DMI-22100-0,1998,365,365
DMI-22100-0,1999,365,365
DMI-22100-0,2000,366,366
DMI-22100-0,2001,365,365
DMI-22100-0,2002,365,365
DMI-22100-0,2003,91,365
DMI-22102-0,2003,243,365
DMI-22102-0,2004,244,366
DMI-22102-0,2005,365,365
DMI-22102-0,2006,365,365
DMI-22102-0,2007,365,365
DMI-22102-0,2008,366,366
DMI-22102-0,2009,91,365
DMI-22130-1,1996,296,366
DMI-22130-1,1997,365,365
DMI-22130-1,1998,365,365
DMI-22130-1,1999,365,365
DMI-22130-1,2000,366,366
DMI-22130-1,2001,365,365
DMI-22130-1,2002,365,365
DMI-22130-1,2003,365,365
DMI-22130-1,2004,366,366
DMI-22130-1,2005,365,365
DMI-22130-1,2006,365,365
DMI-22130-1,2007,365,365
DMI-22130-1,2008,366,366
DMI-22130-1,2009,365,365
DMI-22130-1,2010,213,365
DMI-22140-0,1996,296,366
DMI-22140-0,1997,365,365
DMI-22140-0,1998,365,365
DMI-22140-0,1999,365,365
DMI-22140-0,2000,366,366
DMI-22140-0,2001,305,365
DMI-22140-1,2002,30,365
DMI-22140-2,2002,151,365
DMI-22140-2,2003,365,365
DMI-22140-2,2004,366,366
DMI-22140-2,2005,219,365
DMI-22140-2,2006,365,365
DMI-22140-2,2007,1,365
DMI-22145-0,1996,296,366
DMI-22145-0,1997,365,365
DMI-22145-0,1998,365,365
DMI-22145-0,1999,365,365
DMI-22145-0,2000,366,366
DMI-22145-0,2001,365,365
DMI-22145-0,2002,365,365
DMI-22145-0,2003,365,365
DMI-22145-0,2004,366,366
DMI-22145-0,2005,365,365
DMI-22145-0,2006,365,365
DMI-22145-0,2007,365,365
DMI-22145-0,2008,366,366
DMI-22145-0,2009,365,365
DMI-22145-0,2010,1,365
DMI-22150-5,1996,296,366
DMI-22150-5,1997,365,365
DMI-22150-5,1998,365,365
DMI-22150-5,1999,365,365
DMI-22150-5,2000,366,366
DMI-22150-5,2001,365,365
DMI-22150-5,2002,365,365
DMI-22150-5,2003,365,365
DMI-22150-5,2004,366,366
DMI-22150-5,2005,365,365
DMI-22150-5,2006,365,365
DMI-22150-5,2007,365,365
DMI-22150-5,2008,366,366
DMI-22150-5,2009,91,365
DMI-22165-0,1996,296,366
DMI-22165-0,1997,365,365
DMI-22165-0,1998,365,365
DMI-22165-0,1999,365,365
DMI-22165-0,2000,366,366
DMI-22165-0,2001,365,365
DMI-22165-0,2002,365,365
DMI-22165-0,2003,365,365
DMI-22165-0,2004,366,366
DMI-22165-0,2005,365,365
DMI-22165-0,2006,365,365
DMI-22165-0,2007,365,365
DMI-22165-0,2008,366,366
DMI-22165-0,2009,365,365
DMI-22165-0,2010,1,365
DMI-22170-0,1996,296,366
DMI-22170-0,1997,365,365
DMI-22170-0,1998,365,365
DMI-22170-0,1999,1,365
DMI-22202-0,1996,296,366
DMI-22202-0,1997,365,365
DMI-22202-0,1998,365,365
DMI-22202-0,1999,365,365
DMI-22202-0,2000,366,366
DMI-22202-0,2001,365,365
DMI-22202-0,2002,365,365
DMI-22202-0,2003,365,365
DMI-22202-0,2004,366,366
DMI-22202-0,2005,91,365
DMI-22204-0,2005,59,365
DMI-22204-0,2006,333,365
DMI-22204-0,2007,365,365
DMI-22204-0,2008,183,366
DMI-22208-0,1996,296,366
DMI-22208-0,1997,33,365
DMI-22208-1,1997,333,365
DMI-22208-1,1998,365,365
DMI-22208-1,1999,365,365
DMI-22208-1,2000,366,366
DMI-22208-1,2001,365,365
DMI-22208-1,2002,365,365
DMI-22208-1,2003,365,365
DMI-22208-1,2004,366,366
DMI-22208-1,2005,91,365
DMI-22212-0,1996,296,366
DMI-22212-0,1997,365,365
DMI-22212-0,1998,365,365
DMI-22212-0,1999,365,365
DMI-22212-0,2000,366,366
DMI-22212-0,2001,365,365
DMI-22212-0,2002,365,365
DMI-22212-0,2003,365,365
DMI-22212-0,2004,366,366
DMI-22212-0,2005,365,365
DMI-22212-0,2006,365,365
DMI-22212-0,2007,1,365
DMI-22216-0,1996,296,366
DMI-22216-0,1997,365,365
DMI-22216-0,1998,365,365
DMI-22216-0,1999,365,365
DMI-22216-0,2000,366,366
DMI-22216-0,2001,365,365
DMI-22216-0,2002,365,365
DMI-22216-0,2003,365,365
DMI-22216-0,2004,366,366
DMI-22216-0,2005,365,365
DMI-22216-0,2006,365,365
DMI-22216-0,2007,365,365
DMI-22216-0,2008,366,366
DMI-22216-0,2009,365,365
DMI-22216-0,2010,1,365
DMI-22230-1,1996,296,366
DMI-22230-1,1997,365,365
DMI-22230-1,1998,365,365
DMI-22230-1,1999,365,365
DMI-22230-1,2000,366,366
DMI-22230-1,2001,365,365
DMI-22230-1,2002,365,365
DMI-22230-1,2003,365,365
DMI-22230-1,2004,366,366
DMI-22230-1,2005,60,365
DMI-22244-0,2000,90,366
DMI-22244-0,2001,365,365
DMI-22244-0,2002,365,365
DMI-22244-0,2003,365,365
DMI-22244-0,2004,366,366
DMI-22244-0,2005,365,365
DMI-22244-0,2006,365,365
DMI-22244-0,2007,1,365
DMI-22245-0,1996,296,366
DMI-22245-0,1997,365,365
DMI-22245-0,1998,365,365
DMI-22245-0,1999,365,365
DMI-22245-0,2000,153,366
DMI-22250-2,1996,296,366
DMI-22250-2,1997,365,365
DMI-22250-2,1998,365,365
DMI-22250-2,1999,365,365
DMI-22250-2,2000,366,366
DMI-22250-2,2001,365,365
DMI-22250-2,2002,365,365
DMI-22250-2,2003,365,365
DMI-22250-2,2004,366,366
DMI-22250-2,2005,365,365
DMI-22250-2,2006,365,365
DMI-22250-2,2007,365,365
DMI-22250-2,2008,366,366
DMI-22250-2,2009,91,365
DMI-22260-3,1996,296,366
DMI-22260-3,1997,365,365
DMI-22260-3,1998,61,365
DMI-22260-4,1998,305,365
DMI-22260-4,1999,365,365
DMI-22260-4,2000,366,366
DMI-22260-4,2001,365,365
DMI-22260-4,2002,365,365
DMI-22260-4,2003,365,365
DMI-22260-4,2004,153,366
DMI-22265-0,1996,296,366
DMI-22265-0,1997,365,365
DMI-22265-0,1998,365,365
DMI-22265-0,1999,365,365
DMI-22265-0,2000,366,366
DMI-22265-0,2001,365,365
DMI-22265-0,2002,365,365
DMI-22265-0,2003,365,365
DMI-22265-0,2004,366,366
DMI-22265-0,2005,365,365
DMI-22265-0,2006,365,365
DMI-22265-0,2007,1,365
DMI-22280-0,1996,296,366
DMI-22280-0,1997,365,365
DMI-22280-0,1998,365,365
DMI-22280-0,1999,365,365
DMI-22280-0,2000,366,366
DMI-22280-0,2001,365,365
DMI-22280-0,2002,365,365
DMI-22280-0,2003,365,365
DMI-22280-0,2004,366,366
DMI-22280-0,2005,365,365
DMI-22280-0,2006,365,365
DMI-22280-0,2007,365,365
DMI-22280-0,2008,366,366
DMI-22280-0,2009,365,365
DMI-22280-0,2010,1,365
DMI-22320-1,1996,296,366
DMI-22320-1,1997,365,365
DMI-22320-1,1998,365,365
DMI-22320-1,1999,365,365
DMI-22320-1,2000,366,366
DMI-22320-1,2001,365,365
DMI-22320-1,2002,365,365
DMI-22320-1,2003,182,365
DMI-22320-2,2003,68,365
DMI-22320-2,2004,366,366
DMI-22320-2,2005,365,365
DMI-22320-2,2006,365,365
DMI-22320-2,2007,365,365
DMI-22320-2,2008,366,366
DMI-22320-2,2009,91,365
DMI-22360-0,1996,296,366
DMI-22360-0,1997,365,365
DMI-22360-0,1998,365,365
DMI-22360-0,1999,365,365
DMI-22360-0,2000,366,366
DMI-22360-0,2001,365,365
DMI-22360-0,2002,365,365
DMI-22360-0,2003,365,365
DMI-22360-0,2004,366,366
DMI-22360-0,2005,365,365
DMI-22360-0,2006,365,365
DMI-22360-0,2007,365,365
DMI-22360-0,2008,366,366
DMI-22360-0,2009,365,365
DMI-22360-0,2010,213,365
DMI-22375-0,1996,296,366
DMI-22375-0,1997,365,365
DMI-22375-0,1998,365,365
DMI-22375-0,1999,365,365
DMI-22375-0,2000,366,366
DMI-22375-0,2001,365,365
DMI-22375-0,2002,365,365
DMI-22375-0,2003,365,365
DMI-22375-0,2004,366,366
DMI-22375-0,2005,365,365
DMI-22375-0,2006,365,365
DMI-22375-0,2007,1,365
DMI-22390-0,1996,296,366
DMI-22390-0,1997,365,365
DMI-22390-0,1998,365,365
DMI-22390-0,1999,365,365
DMI-22390-0,2000,366,366
DMI-22390-0,2001,365,365
DMI-22390-0,2002,365,365
DMI-22390-0,2003,274,365
DMI-22392-0,2003,97,365
DMI-22392-0,2004,366,366
DMI-22392-0,2005,365,365
DMI-22392-0,2006,365,365
DMI-22392-0,2007,1,365
DMI-22420-3,1996,296,366
DMI-22420-3,1997,365,365
DMI-22420-3,1998,365,365
DMI-22420-3,1999,365,365
DMI-22420-3,2000,366,366
DMI-22420-3,2001,365,365
DMI-22420-3,2002,365,365
DMI-22420-3,2003,365,365
DMI-22420-3,2004,366,366
DMI-22420-3,2005,365,365
DMI-22420-3,2006,365,365
DMI-22420-3,2007,365,365
DMI-22420-3,2008,366,366
DMI-22420-3,2009,365,365
DMI-22420-3,2010,213,365
DMI-22435-0,1996,296,366
DMI-22435-0,1997,365,365
DMI-22435-0,1998,365,365
DMI-22435-0,1999,365,365
DMI-22435-0,2000,366,366
DMI-22435-0,2001,365,365
DMI-22435-0,2002,365,365
DMI-22435-0,2003,365,365
DMI-22435-0,2004,366,366
DMI-22435-0,2005,365,365
DMI-22435-0,2006,365,365
DMI-22435-0,2007,1,365
DMI-22450-0,1996,296,366
DMI-22450-0,1997,365,365
DMI-22450-0,1998,365,365
DMI-22450-0,1999,365,365
DMI-22450-0,2000,366,366
DMI-22450-0,2001,365,365
DMI-22450-0,2002,365,365
DMI-22450-0,2003,365,365
DMI-22450-0,2004,366,366
DMI-22450-0,2005,365,365
DMI-22450-0,2006,365,365
DMI-22450-0,2007,1,365
DMI-22451-0,2008,47,366
DMI-22451-0,2009,365,365
DMI-22451-0,2010,365,365
DMI-22500-1,1996,296,366
DMI-22500-1,1997,365,365
DMI-22500-1,1998,365,365
DMI-22500-1,1999,365,365
DMI-22500-1,2000,366,366
DMI-22500-1,2001,60,365
DMI-22502-0,2001,304,365
DMI-22502-0,2002,365,365
DMI-22502-0,2003,365,365
DMI-22502-0,2004,366,366
DMI-22502-0,2005,365,365
DMI-22502-0,2006,365,365
DMI-22502-0,2007,365,365
DMI-22502-0,2008,366,366
DMI-22502-0,2009,91,365
DMI-22520-3,1996,296,366
DMI-22520-3,1997,365,365
DMI-22520-3,1998,365,365
DMI-22520-3,1999,365,365
DMI-22520-3,2000,366,366
DMI-22520-3,2001,365,365
DMI-22520-3,2002,365,365
DMI-22520-3,2003,365,365
DMI-22520-3,2004,366,366
DMI-22520-3,2005,70,365
DMI-22530-0,1996,296,366
DMI-22530-0,1997,365,365
DMI-22530-0,1998,365,365
DMI-22530-0,1999,365,365
DMI-22530-0,2000,366,366
DMI-22530-0,2001,365,365
DMI-22530-0,2002,365,365
DMI-22530-0,2003,365,365
DMI-22530-0,2004,366,366
DMI-22530-0,2005,365,365
DMI-22530-0,2006,365,365
DMI-22530-0,2007,365,365
DMI-22530-0,2008,366,366
DMI-22530-0,2009,91,365
DMI-22540-0,1996,296,366
DMI-22540-0,1997,365,365
DMI-22540-0,1998,365,365
DMI-22540-0,1999,365,365
DMI-22540-0,2000,366,366
DMI-22540-0,2001,365,365
DMI-22540-0,2002,365,365
DMI-22540-0,2003,182,365
DMI-22563-0,1996,296,366
DMI-22563-0,1997,365,365
DMI-22563-0,1998,365,365
DMI-22563-0,1999,365,365
DMI-22563-0,2000,366,366
DMI-22563-0,2001,305,365
DMI-22564-0,2001,59,365
DMI-22564-0,2002,365,365
DMI-22564-0,2003,365,365
DMI-22564-0,2004,366,366
DMI-22564-0,2005,365,365
DMI-22564-0,2006,365,365
DMI-22564-0,2007,365,365
DMI-22564-0,2008,366,366
DMI-22564-0,2009,365,365
DMI-22564-0,2010,1,365
DMI-22570-0,1996,296,366
DMI-22570-0,1997,365,365
DMI-22570-0,1998,365,365
DMI-22570-0,1999,365,365
DMI-22570-0,2000,366,366
DMI-22570-0,2001,365,365
DMI-22570-0,2002,365,365
DMI-22570-0,2003,121,365
DMI-22571-0,2003,243,365
DMI-22571-0,2004,366,366
DMI-22571-0,2005,73,365
DMI-22590-0,1996,296,366
DMI-22590-0,1997,365,365
DMI-22590-0,1998,365,365
DMI-22590-0,1999,61,365
DMI-22590-1,1999,154,365
DMI-22590-2,1999,152,365
DMI-22590-2,2000,366,366
DMI-22590-2,2001,365,365
DMI-22590-2,2002,365,365
DMI-22590-2,2003,365,365
DMI-22590-2,2004,366,366
DMI-22590-2,2005,365,365
DMI-22590-2,2006,365,365
DMI-22590-2,2007,365,365
DMI-22590-2,2008,366,366
DMI-22590-2,2009,91,365
DMI-22595-0,1996,296,366
DMI-22595-0,1997,274,365
DMI-22600-0,1996,296,366
DMI-22600-0,1997,365,365
DMI-22600-0,1998,365,365
DMI-22600-0,1999,365,365
DMI-22600-0,2000,366,366
DMI-22600-0,2001,365,365
DMI-22600-0,2002,365,365
DMI-22600-0,2003,365,365
DMI-22600-0,2004,366,366
DMI-22600-0,2005,365,365
DMI-22600-0,2006,365,365
DMI-22600-0,2007,365,365
DMI-22600-0,2008,366,366
DMI-22600-0,2009,365,365
DMI-22600-0,2010,60,365
DMI-22615-0,2006,212,365
DMI-22615-0,2007,1,365
DMI-23020-1,1996,296,366
DMI-23020-1,1997,365,365
DMI-23020-1,1998,365,365
DMI-23020-1,1999,365,365
DMI-23020-1,2000,366,366
DMI-23020-1,2001,365,365
DMI-23020-1,2002,365,365
DMI-23020-1,2003,365,365
DMI-23020-1,2004,366,366
DMI-23020-1,2005,365,365
DMI-23020-1,2006,365,365
DMI-23020-1,2007,1,365
DMI-23030-0,1996,296,366
DMI-23030-0,1997,365,365
DMI-23030-0,1998,365,365
DMI-23030-0,1999,365,365
DMI-23030-0,2000,366,366
DMI-23030-0,2001,365,365
DMI-23030-0,2002,365,365
DMI-23030-0,2003,365,365
DMI-23030-0,2004,366,366
DMI-23030-0,2005,365,365
DMI-23030-0,2006,365,365
DMI-23030-0,2007,1,365
DMI-23050-0,1996,174,366
DMI-23050-1,1996,123,366
DMI-23050-1,1997,365,365
DMI-23050-1,1998,365,365
DMI-23050-1,1999,365,365
DMI-23050-1,2000,366,366
DMI-23050-1,2001,183,365
DMI-23050-2,2001,183,365
DMI-23050-2,2002,365,365
DMI-23050-2,2003,365,365
DMI-23050-2,2004,366,366
DMI-23050-2,2005,365,365
DMI-23050-2,2006,365,365
DMI-23050-2,2007,365,365
DMI-23050-2,2008,366,366
DMI-23050-2,2009,365,365
DMI-23050-2,2010,1,365
DMI-23060-1,1996,296,366
DMI-23060-1,1997,365,365
DMI-23060-1,1998,365,365
DMI-23060-1,1999,365,365
DMI-23060-1,2000,366,366
DMI-23060-1,2001,365,365
DMI-23060-1,2002,365,365
DMI-23060-1,2003,365,365
DMI-23060-1,2004,366,366
DMI-23060-1,2005,365,365
DMI-23060-1,2006,365,365
DMI-23060-1,2007,1,365
DMI-23090-2,1996,296,366
DMI-23090-2,1997,365,365
DMI-23090-2,1998,365,365
DMI-23090-2,1999,365,365
DMI-23090-2,2000,366,366
DMI-23090-2,2001,365,365
DMI-23090-2,2002,365,365
DMI-23090-2,2003,365,365
DMI-23090-2,2004,366,366
DMI-23090-2,2005,365,365
DMI-23090-2,2006,365,365
DMI-23090-2,2007,1,365
DMI-23095-0,1996,296,366
DMI-23095-0,1997,365,365
DMI-23095-0,1998,365,365
DMI-23095-0,1999,365,365
DMI-23095-0,2000,366,366
DMI-23095-0,2001,365,365
DMI-23095-0,2002,365,365
DMI-23095-0,2003,365,365
DMI-23095-0,2004,366,366
DMI-23095-0,2005,365,365
DMI-23095-0,2006,365,365
DMI-23095-0,2007,1,365
DMI-23100-0,2003,98,365
DMI-23100-0,2004,366,366
DMI-23100-0,2005,365,365
DMI-23100-0,2006,365,365
DMI-23100-0,2007,365,365
DMI-23100-0,2008,366,366
DMI-23100-0,2009,365,365
DMI-23100-0,2010,365,365
DMI-23120-0,1996,296,366
DMI-23120-0,1997,365,365
DMI-23120-0,1998,365,365
DMI-23120-0,1999,365,365
DMI-23120-0,2000,366,366
DMI-23120-0,2001,365,365
DMI-23120-0,2002,365,365
DMI-23120-0,2003,365,365
DMI-23120-0,2004,366,366
DMI-23120-0,2005,91,365
DMI-23125-0,1996,296,366
DMI-23125-0,1997,365,365
DMI-23125-0,1998,365,365
DMI-23125-0,1999,365,365
DMI-23125-0,2000,366,366
DMI-23125-0,2001,365,365
DMI-23125-0,2002,365,365
DMI-23125-0,2003,365,365
DMI-23125-0,2004,366,366
DMI-23125-0,2005,365,365
DMI-23125-0,2006,91,365
DMI-23130-0,1996,296,366
DMI-23130-0,1997,365,365
DMI-23130-0,1998,365,365
DMI-23130-0,1999,365,365
DMI-23130-0,2000,366,366
DMI-23130-0,2001,365,365
DMI-23130-0,2002,365,365
DMI-23130-0,2003,365,365
DMI-23130-0,2004,366,366
DMI-23130-0,2005,365,365
DMI-23130-0,2006,365,365
DMI-23130-0,2007,365,365
DMI-23130-0,2008,366,366
DMI-23130-0,2009,91,365
DMI-23135-1,1996,296,366
DMI-23135-1,1997,365,365
DMI-23135-1,1998,365,365
DMI-23135-1,1999,365,365
DMI-23135-1,2000,366,366
DMI-23135-1,2001,365,365
DMI-23135-1,2002,365,365
DMI-23135-1,2003,365,365
DMI-23135-1,2004,366,366
DMI-23135-1,2005,365,365
DMI-23135-1,2006,365,365
DMI-23135-1,2007,1,365
DMI-23140-1,1996,296,366
DMI-23140-1,1997,365,365
DMI-23140-1,1998,91,365
DMI-23145-1,1998,273,365
DMI-23145-1,1999,365,365
DMI-23145-1,2000,366,366
DMI-23145-1,2001,365,365
DMI-23145-1,2002,365,365
DMI-23145-1,2003,365,365
DMI-23145-1,2004,366,366
DMI-23145-1,2005,365,365
DMI-23145-1,2006,365,365
DMI-23145-1,2007,365,365
DMI-23145-1,2008,366,366
DMI-23145-1,2009,91,365
DMI-23154-0,1996,296,366
DMI-23154-0,1997,365,365
DMI-23154-0,1998,365,365
DMI-23154-0,1999,365,365
DMI-23154-0,2000,366,366
DMI-23154-0,2001,365,365
DMI-23154-0,2002,365,365
DMI-23154-0,2003,32,365
DMI-23154-1,2003,121,365
DMI-23154-2,2004,60,366
DMI-23200-0,1996,296,366
DMI-23200-0,1997,365,365
DMI-23200-0,1998,365,365
DMI-23200-0,1999,365,365
DMI-23200-0,2000,366,366
DMI-23200-0,2001,365,365
DMI-23200-0,2002,365,365
DMI-23200-0,2003,365,365
DMI-23200-0,2004,366,366
DMI-23200-0,2005,365,365
DMI-23200-0,2006,365,365
DMI-23200-0,2007,1,365
DMI-23220-1,1996,296,366
DMI-23220-1,1997,365,365
DMI-23220-1,1998,365,365
DMI-23220-1,1999,365,365
DMI-23220-1,2000,366,366
DMI-23220-1,2001,365,365
DMI-23220-1,2002,365,365
DMI-23220-1,2003,365,365
DMI-23220-1,2004,366,366
DMI-23220-1,2005,365,365
DMI-23220-1,2006,365,365
DMI-23220-1,2007,1,365
DMI-23230-2,1996,296,366
DMI-23230-2,1997,365,365
DMI-23230-2,1998,365,365
DMI-23230-2,1999,365,365
DMI-23230-2,2000,366,366
DMI-23230-2,2001,365,365
DMI-23230-2,2002,365,365
DMI-23230-2,2003,365,365
DMI-23230-2,2004,366,366
DMI-23230-2,2005,365,365
DMI-23230-2,2006,365,365
DMI-23230-2,2007,365,365
DMI-23230-2,2008,275,366
DMI-23250-0,1996,296,366
DMI-23250-0,1997,365,365
DMI-23250-0,1998,365,365
DMI-23250-0,1999,365,365
DMI-23250-0,2000,366,366
DMI-23250-0,2001,365,365
DMI-23250-0,2002,365,365
DMI-23250-0,2003,365,365
DMI-23250-0,2004,366,366
DMI-23250-0,2005,365,365
DMI-23250-0,2006,365,365
DMI-23250-0,2007,1,365
DMI-23260-0,1996,296,366
DMI-23260-0,1997,365,365
DMI-23260-0,1998,365,365
DMI-23260-0,1999,365,365
DMI-23260-0,2000,92,366
DMI-23262-0,2000,182,366
DMI-23262-0,2001,213,365
DMI-23262-1,2001,59,365
DMI-23262-1,2002,365,365
DMI-23262-1,2003,1,365
DMI-23262-2,2004,61,366
DMI-23270-1,1996,296,366
DMI-23270-1,1997,365,365
DMI-23270-1,1998,365,365
DMI-23270-1,1999,365,365
DMI-23270-1,2000,366,366
DMI-23270-1,2001,365,365
DMI-23270-1,2002,365,365
DMI-23270-1,2003,365,365
DMI-23270-1,2004,366,366
DMI-23270-1,2005,365,365
DMI-23270-1,2006,365,365
DMI-23270-1,2007,365,365
DMI-23270-1,2008,366,366
DMI-23270-1,2009,365,365
DMI-23270-1,2010,1,365
DMI-23297-0,1996,296,366
DMI-23297-0,1997,365,365
DMI-23297-0,1998,365,365
DMI-23297-0,1999,365,365
DMI-23297-0,2000,366,366
DMI-23297-0,2001,365,365
DMI-23297-0,2002,365,365
DMI-23297-0,2003,365,365
DMI-23297-0,2004,366,366
DMI-23297-0,2005,365,365
DMI-23297-0,2006,365,365
DMI-23297-0,2007,1,365
DMI-23300-0,1996,296,366
DMI-23300-0,1997,365,365
DMI-23300-0,1998,365,365
DMI-23300-0,1999,365,365
DMI-23300-0,2000,366,366
DMI-23300-0,2001,365,365
DMI-23300-0,2002,365,365
DMI-23300-0,2003,365,365
DMI-23300-0,2004,366,366
DMI-23300-0,2005,365,365
DMI-23300-0,2006,365,365
DMI-23300-0,2007,1,365
DMI-23309-3,1996,296,366
DMI-23309-3,1997,365,365
DMI-23309-3,1998,365,365
DMI-23309-3,1999,365,365
DMI-23309-3,2000,366,366
DMI-23309-3,2001,365,365
DMI-23309-3,2002,365,365
DMI-23309-3,2003,365,365
DMI-23309-3,2004,366,366
DMI-23309-3,2005,365,365
DMI-23309-3,2006,365,365
DMI-23309-3,2007,365,365
DMI-23309-3,2008,366,366
DMI-23309-3,2009,365,365
DMI-23309-3,2010,1,365
DMI-23310-0,1996,296,366
DMI-23310-0,1997,365,365
DMI-23310-0,1998,365,365
DMI-23310-0,1999,365,365
DMI-23310-0,2000,366,366
DMI-23310-0,2001,365,365
DMI-23310-0,2002,365,365
DMI-23310-0,2003,365,365
DMI-23310-0,2004,366,366
DMI-23310-0,2005,365,365
DMI-23310-0,2006,365,365
DMI-23310-0,2007,1,365
DMI-23320-1,1996,296,366
DMI-23320-1,1997,365,365
DMI-23320-1,1998,365,365
DMI-23320-1,1999,365,365
DMI-23320-1,2000,366,366
DMI-23320-1,2001,61,365
DMI-23320-2,2001,305,365
DMI-23320-2,2002,365,365
DMI-23320-2,2003,179,365
DMI-23320-3,2003,187,365
DMI-23320-3,2004,366,366
DMI-23320-3,2005,365,365
DMI-23320-3,2006,365,365
DMI-23320-3,2007,365,365
DMI-23320-3,2008,366,366
DMI-23320-3,2009,365,365
DMI-23320-3,2010,213,365
DMI-23330-2,1996,296,366
DMI-23330-2,1997,365,365
DMI-23330-2,1998,365,365
DMI-23330-2,1999,365,365
DMI-23330-2,2000,366,366
DMI-23330-2,2001,365,365
DMI-23330-2,2002,365,365
DMI-23330-2,2003,365,365
DMI-23330-2,2004,122,366
DMI-23330-3,2004,90,366
DMI-23330-3,2005,244,365
DMI-23335-0,1996,296,366
DMI-23335-0,1997,365,365
DMI-23335-0,1998,365,365
DMI-23335-0,1999,365,365
DMI-23335-0,2000,366,366
DMI-23335-0,2001,365,365
DMI-23335-0,2002,365,365
DMI-23335-0,2003,133,365
DMI-23335-1,2003,182,365
DMI-23335-1,2004,366,366
DMI-23335-1,2005,186,365
DMI-23335-2,2005,180,365
DMI-23335-2,2006,365,365
DMI-23335-2,2007,1,365
DMI-23350-0,1997,182,365
DMI-23350-0,1998,91,365
DMI-23350-1,1998,90,365
DMI-23350-1,1999,365,365
DMI-23350-1,2000,366,366
DMI-23350-1,2001,365,365
DMI-23350-1,2002,365,365
DMI-23350-1,2003,179,365
DMI-23350-2,2003,187,365
DMI-23350-2,2004,366,366
DMI-23350-2,2005,365,365
DMI-23350-2,2006,365,365
DMI-23350-2,2007,1,365
DMI-24020-1,1996,237,366
DMI-24020-2,1996,60,366
DMI-24020-2,1997,365,365
DMI-24020-2,1998,365,365
DMI-24020-2,1999,365,365
DMI-24020-2,2000,366,366
DMI-24020-2,2001,365,365
DMI-24020-2,2002,365,365
DMI-24020-2,2003,365,365
DMI-24020-2,2004,366,366
DMI-24020-2,2005,365,365
DMI-24020-2,2006,365,365
DMI-24020-2,2007,365,365
DMI-24020-2,2008,366,366
DMI-24020-2,2009,121,365
DMI-24030-0,1996,296,366
DMI-24030-0,1997,365,365
DMI-24030-0,1998,365,365
DMI-24030-0,1999,365,365
DMI-24030-0,2000,366,366
DMI-24030-0,2001,365,365
DMI-24030-0,2002,365,365
DMI-24030-0,2003,365,365
DMI-24030-0,2004,366,366
DMI-24030-0,2005,365,365
DMI-24030-0,2006,365,365
DMI-24030-0,2007,60,365
DMI-24042-0,1998,332,365
DMI-24042-0,1999,305,365
DMI-24050-0,1996,296,366
DMI-24050-0,1997,365,365
DMI-24050-0,1998,183,365
DMI-24050-1,1998,183,365
DMI-24050-1,1999,365,365
DMI-24050-1,2000,366,366
DMI-24050-1,2001,92,365
DMI-24050-2,2001,274,365
DMI-24050-2,2002,365,365
DMI-24050-2,2003,365,365
DMI-24050-2,2004,366,366
DMI-24050-2,2005,91,365
DMI-24060-1,1996,296,366
DMI-24060-1,1997,365,365
DMI-24060-1,1998,365,365
DMI-24060-1,1999,365,365
DMI-24060-1,2000,366,366
DMI-24060-1,2001,365,365
DMI-24060-1,2002,365,365
DMI-24060-1,2003,365,365
DMI-24060-1,2004,366,366
DMI-24060-1,2005,365,365
DMI-24060-1,2006,365,365
DMI-24060-1,2007,1,365
DMI-24070-0,1996,296,366
DMI-24070-0,1997,365,365
DMI-24070-0,1998,365,365
DMI-24070-0,1999,365,365
DMI-24070-0,2000,366,366
DMI-24070-0,2001,365,365
DMI-24070-0,2002,365,365
DMI-24070-0,2003,365,365
DMI-24070-0,2004,366,366
DMI-24070-0,2005,365,365
DMI-24070-0,2006,365,365
DMI-24070-0,2007,365,365
DMI-24070-0,2008,366,366
DMI-24070-0,2009,365,365
DMI-24070-0,2010,1,365
DMI-24080-0,1996,296,366
DMI-24080-0,1997,365,365
DMI-24080-0,1998,365,365
DMI-24080-0,1999,365,365
DMI-24080-0,2000,366,366
DMI-24080-0,2001,365,365
DMI-24080-0,2002,365,365
DMI-24080-0,2003,365,365
DMI-24080-0,2004,366,366
DMI-24080-0,2005,365,365
DMI-24080-0,2006,365,365
DMI-24080-0,2007,365,365
DMI-24080-0,2008,366,366
DMI-24080-0,2009,91,365
DMI-24093-0,1996,296,366
DMI-24093-0,1997,365,365
DMI-24093-0,1998,365,365
DMI-24093-0,1999,365,365
DMI-24093-0,2000,366,366
DMI-24093-0,2001,365,365
DMI-24093-0,2002,365,365
DMI-24093-0,2003,365,365
DMI-24093-0,2004,366,366
DMI-24093-0,2005,365,365
DMI-24093-0,2006,365,365
DMI-24093-0,2007,1,365
DMI-24097-1,1996,296,366
DMI-24097-1,1997,365,365
DMI-24097-1,1998,365,365
DMI-24097-1,1999,365,365
DMI-24097-1,2000,366,366
DMI-24097-1,2001,365,365
DMI-24097-1,2002,365,365
DMI-24097-1,2003,365,365
DMI-24097-1,2004,366,366
DMI-24097-1,2005,365,365
DMI-24097-1,2006,365,365
DMI-24097-1,2007,365,365
DMI-24097-1,2008,366,366
DMI-24097-1,2009,365,365
DMI-24097-1,2010,213,365
DMI-24105-0,1996,296,366
DMI-24105-0,1997,365,365
DMI-24105-0,1998,365,365
DMI-24105-0,1999,365,365
DMI-24105-0,2000,366,366
DMI-24105-0,2001,365,365
DMI-24105-0,2002,365,365
DMI-24105-0,2003,365,365
DMI-24105-0,2004,366,366
DMI-24105-0,2005,365,365
DMI-24105-0,2006,365,365
DMI-24105-0,2007,365,365
DMI-24105-0,2008,366,366
DMI-24105-0,2009,365,365
DMI-24105-0,2010,1,365
DMI-24108-0,1996,296,366
DMI-24108-0,1997,365,365
DMI-24108-0,1998,365,365
DMI-24108-0,1999,365,365
DMI-24108-0,2000,366,366
DMI-24108-0,2001,365,365
DMI-24108-0,2002,365,365
DMI-24108-0,2003,365,365
DMI-24108-0,2004,366,366
DMI-24108-0,2005,335,365
DMI-24110-0,1996,296,366
DMI-24110-0,1997,365,365
DMI-24110-0,1998,365,365
DMI-24110-0,1999,365,365
DMI-24110-0,2000,366,366
DMI-24110-0,2001,365,365
DMI-24110-0,2002,365,365
DMI-24110-0,2003,365,365
DMI-24110-0,2004,366,366
DMI-24110-0,2005,365,365
DMI-24110-0,2006,365,365
DMI-24110-0,2007,365,365
DMI-24110-0,2008,366,366
DMI-24110-0,2009,91,365
DMI-24121-0,1996,296,366
DMI-24121-0,1997,365,365
DMI-24121-0,1998,365,365
DMI-24121-0,1999,365,365
DMI-24121-0,2000,366,366
DMI-24121-0,2001,365,365
DMI-24121-0,2002,365,365
DMI-24121-0,2003,128,365
DMI-24121-1,2003,29,365
DMI-24127-0,2006,182,365
DMI-24127-0,2007,365,365
DMI-24127-0,2008,366,366
DMI-24127-0,2009,91,365
DMI-24130-1,1996,296,366
DMI-24130-1,1997,365,365
DMI-24130-1,1998,365,365
DMI-24130-1,1999,365,365
DMI-24130-1,2000,366,366
DMI-24130-1,2001,365,365
DMI-24130-1,2002,365,365
DMI-24130-1,2003,365,365
DMI-24130-1,2004,366,366
DMI-24130-1,2005,365,365
DMI-24130-1,2006,365,365
DMI-24130-1,2007,365,365
DMI-24130-1,2008,366,366
DMI-24130-1,2009,91,365
DMI-24140-2,1996,296,366
DMI-24140-2,1997,365,365
DMI-24140-2,1998,365,365
DMI-24140-2,1999,365,365
DMI-24140-2,2000,366,366
DMI-24140-2,2001,365,365
DMI-24140-2,2002,365,365
DMI-24140-2,2003,365,365
DMI-24140-2,2004,366,366
DMI-24140-2,2005,365,365
DMI-24140-2,2006,365,365
DMI-24140-2,2007,1,365
DMI-24142-0,1993,152,365
DMI-24142-0,1994,365,365
DMI-24142-0,1995,365,365
DMI-24142-0,1996,366,366
DMI-24142-0,1997,365,365
DMI-24142-0,1998,365,365
DMI-24142-0,1999,365,365
DMI-24142-0,2000,366,366
DMI-24142-0,2001,365,365
DMI-24142-0,2002,365,365
DMI-24142-0,2003,365,365
DMI-24142-0,2004,366,366
DMI-24142-0,2005,365,365
DMI-24142-0,2006,365,365
DMI-24142-0,2007,365,365
DMI-24142-0,2008,366,366
DMI-24142-0,2009,365,365
DMI-24142-0,2010,365,365
DMI-24148-0,1996,296,366
DMI-24148-0,1997,365,365
DMI-24148-0,1998,365,365
DMI-24148-0,1999,365,365
DMI-24148-0,2000,366,366
DMI-24148-0,2001,365,365
DMI-24148-0,2002,365,365
DMI-24148-0,2003,365,365
DMI-24148-0,2004,366,366
DMI-24148-0,2005,365,365
DMI-24148-0,2006,365,365
DMI-24148-0,2007,365,365
DMI-24148-0,2008,366,366
DMI-24148-0,2009,91,365
DMI-24158-1,2004,243,366
DMI-24158-1,2005,365,365
DMI-24158-1,2006,365,365
DMI-24158-1,2007,1,365
DMI-24160-1,1996,296,366
DMI-24160-1,1997,365,365
DMI-24160-1,1998,365,365
DMI-24160-1,1999,365,365
DMI-24160-1,2000,366,366
DMI-24160-1,2001,365,365
DMI-24160-1,2002,365,365
DMI-24160-1,2003,365,365
DMI-24160-1,2004,122,366
DMI-24170-2,1996,296,366
DMI-24170-2,1997,365,365
DMI-24170-2,1998,365,365
DMI-24170-2,1999,365,365
DMI-24170-2,2000,366,366
DMI-24170-2,2001,365,365
DMI-24170-2,2002,365,365
DMI-24170-2,2003,365,365
DMI-24170-2,2004,366,366
DMI-24170-2,2005,365,365
DMI-24170-2,2006,365,365
DMI-24170-2,2007,365,365
DMI-24170-2,2008,366,366
DMI-24170-2,2009,365,365
DMI-24170-2,2010,365,365
DMI-24180-1,1996,296,366
DMI-24180-1,1997,365,365
DMI-24180-1,1998,365,365
DMI-24180-1,1999,98,365
DMI-24180-2,1999,268,365
DMI-24180-2,2000,366,366
DMI-24180-2,2001,365,365
DMI-24180-2,2002,365,365
DMI-24180-2,2003,91,365
DMI-24180-3,2003,243,365
DMI-24180-3,2004,366,366
DMI-24180-3,2005,365,365
DMI-24180-3,2006,365,365
DMI-24180-3,2007,1,365
DMI-24200-0,1996,296,366
DMI-24200-0,1997,365,365
DMI-24200-0,1998,365,365
DMI-24200-0,1999,365,365
DMI-24200-0,2000,366,366
DMI-24200-0,2001,365,365
DMI-24200-0,2002,365,365
DMI-24200-0,2003,365,365
DMI-24200-0,2004,366,366
DMI-24200-0,2005,365,365
DMI-24200-0,2006,365,365
DMI-24200-0,2007,365,365
DMI-24200-0,2008,366,366
DMI-24200-0,2009,365,365
DMI-24200-0,2010,213,365
DMI-24220-1,1996,296,366
DMI-24220-1,1997,365,365
DMI-24220-1,1998,365,365
DMI-24220-1,1999,365,365
DMI-24220-1,2000,366,366
DMI-24220-1,2001,365,365
DMI-24220-1,2002,365,365
DMI-24220-1,2003,365,365
DMI-24220-1,2004,366,366
DMI-24220-1,2005,365,365
DMI-24220-1,2006,365,365
DMI-24220-1,2007,1,365
DMI-24240-1,1996,109,366
DMI-24240-2,1996,188,366
DMI-24240-2,1997,365,365
DMI-24240-2,1998,365,365
DMI-24240-2,1999,365,365
DMI-24240-2,2000,366,366
DMI-24240-2,2001,365,365
DMI-24240-2,2002,365,365
DMI-24240-2,2003,127,365
DMI-24240-3,2003,239,365
DMI-24240-3,2004,92,366
DMI-24240-3,2005,206,365
DMI-24240-3,2006,365,365
DMI-24240-3,2007,1,365
DMI-24270-1,1996,296,366
DMI-24270-1,1997,365,365
DMI-24270-1,1998,365,365
DMI-24270-1,1999,365,365
DMI-24270-1,2000,366,366
DMI-24270-1,2001,365,365
DMI-24270-1,2002,365,365
DMI-24270-1,2003,365,365
DMI-24270-1,2004,366,366
DMI-24270-1,2005,365,365
DMI-24270-1,2006,365,365
DMI-24270-1,2007,365,365
DMI-24270-1,2008,366,366
DMI-24270-1,2009,365,365
DMI-24270-1,2010,1,365
DMI-24280-0,1996,296,366
DMI-24280-0,1997,365,365
DMI-24280-0,1998,365,365
DMI-24280-0,1999,365,365
DMI-24280-0,2000,366,366
DMI-24280-0,2001,365,365
DMI-24280-0,2002,365,365
DMI-24280-0,2003,127,365
DMI-24280-1,2003,239,365
DMI-24280-1,2004,366,366
DMI-24280-1,2005,365,365
DMI-24280-1,2006,365,365
DMI-24280-1,2007,1,365
DMI-24290-0,1996,296,366
DMI-24290-0,1997,365,365
DMI-24290-0,1998,365,365
DMI-24290-0,1999,365,365
DMI-24290-0,2000,366,366
DMI-24290-0,2001,365,365
DMI-24290-0,2002,365,365
DMI-24290-0,2003,365,365
DMI-24290-0,2004,366,366
DMI-24290-0,2005,92,365
DMI-24290-1,2005,184,365
DMI-24290-2,2005,91,365
DMI-24290-2,2006,365,365
DMI-24290-2,2007,1,365
DMI-24305-0,1996,296,366
DMI-24305-0,1997,365,365
DMI-24305-0,1998,365,365
DMI-24305-0,1999,335,365
DMI-24305-0,2000,273,366
DMI-24305-0,2001,365,365
DMI-24305-0,2002,365,365
DMI-24305-0,2003,365,365
DMI-24305-0,2004,366,366
DMI-24305-0,2005,365,365
DMI-24305-0,2006,365,365
DMI-24305-0,2007,365,365
DMI-24305-0,2008,366,366
DMI-24305-0,2009,365,365
DMI-24305-0,2010,1,365
DMI-24310-1,1996,296,366
DMI-24310-1,1997,365,365
DMI-24310-1,1998,365,365
DMI-24310-1,1999,365,365
DMI-24310-1,2000,366,366
DMI-24310-1,2001,365,365
DMI-24310-1,2002,339,365
DMI-24310-2,2002,27,365
DMI-24310-2,2003,365,365
DMI-24310-2,2004,366,366
DMI-24310-2,2005,365,365
DMI-24310-2,2006,365,365
DMI-24310-2,2007,365,365
DMI-24310-2,2008,366,366
DMI-24310-2,2009,91,365
DMI-24315-0,1996,296,366
DMI-24315-0,1997,365,365
DMI-24315-0,1998,365,365
DMI-24315-0,1999,365,365
DMI-24315-0,2000,366,366
DMI-24315-0,2001,365,365
DMI-24315-0,2002,365,365
DMI-24315-0,2003,305,365
DMI-24330-0,1996,296,366
DMI-24330-0,1997,365,365
DMI-24330-0,1998,365,365
DMI-24330-0,1999,365,365
DMI-24330-0,2000,366,366
DMI-24330-0,2001,365,365
DMI-24330-0,2002,365,365
DMI-24330-0,2003,365,365
DMI-24330-0,2004,366,366
DMI-24330-0,2005,365,365
DMI-24330-0,2006,213,365
DMI-24340-0,1998,59,365
DMI-24340-0,1999,365,365
DMI-24340-0,2000,366,366
DMI-24340-0,2001,365,365
DMI-24340-0,2002,365,365
DMI-24340-0,2003,365,365
DMI-24340-0,2004,366,366
DMI-24340-0,2005,365,365
DMI-24340-0,2006,365,365
DMI-24340-0,2007,1,365
DMI-24350-0,1996,296,366
DMI-24350-0,1997,365,365
DMI-24350-0,1998,1,365
DMI-24352-0,1996,296,366
DMI-24352-0,1997,365,365
DMI-24352-0,1998,365,365
DMI-24352-0,1999,365,365
DMI-24352-0,2000,366,366
DMI-24352-0,2001,365,365
DMI-24352-0,2002,365,365
DMI-24352-0,2003,365,365
DMI-24352-0,2004,366,366
DMI-24352-0,2005,335,365
DMI-24352-0,2006,243,365
DMI-24352-0,2007,1,365
DMI-24355-0,1996,296,366
DMI-24355-0,1997,365,365
DMI-24355-0,1998,365,365
DMI-24355-0,1999,365,365
DMI-24355-0,2000,366,366
DMI-24355-0,2001,365,365
DMI-24355-0,2002,365,365
DMI-24355-0,2003,335,365
DMI-24355-0,2005,212,365
DMI-24355-0,2006,365,365
DMI-24355-0,2007,365,365
DMI-24355-0,2008,366,366
DMI-24355-0,2009,365,365
DMI-24355-0,2010,365,365
DMI-24358-0,1996,296,366
DMI-24358-0,1997,365,365
DMI-24358-0,1998,365,365
DMI-24358-0,1999,365,365
DMI-24358-0,2000,366,366
DMI-24358-0,2001,365,365
DMI-24358-0,2002,365,365
DMI-24358-0,2003,365,365
DMI-24358-0,2004,366,366
DMI-24358-0,2005,365,365
DMI-24358-0,2006,365,365
DMI-24358-0,2007,365,365
DMI-24358-0,2008,366,366
DMI-24358-0,2009,1,365
DMI-24393-0,1996,296,366
DMI-24393-0,1997,365,365
DMI-24393-0,1998,365,365
DMI-24393-0,1999,365,365
DMI-24393-0,2000,366,366
DMI-24393-0,2001,365,365
DMI-24393-0,2002,365,365
DMI-24393-0,2003,365,365
DMI-24393-0,2004,366,366
DMI-24393-0,2005,365,365
DMI-24393-0,2006,365,365
DMI-24393-0,2007,365,365
DMI-24393-0,2008,366,366
DMI-24393-0,2009,91,365
DMI-24400-0,1996,296,366
DMI-24400-0,1997,365,365
DMI-24400-0,1998,365,365
DMI-24400-0,1999,365,365
DMI-24400-0,2000,366,366
DMI-24400-0,2001,365,365
DMI-24400-0,2002,365,365
DMI-24400-0,2003,365,365
DMI-24400-0,2004,366,366
DMI-24400-0,2005,91,365
DMI-24426-0,1996,296,366
DMI-24426-0,1997,365,365
DMI-24426-0,1998,365,365
DMI-24426-0,1999,365,365
DMI-24426-0,2000,366,366
DMI-24426-0,2001,365,365
DMI-24426-0,2002,365,365
DMI-24426-0,2003,303,365
DMI-24426-0,2004,366,366
DMI-24426-0,2005,365,365
DMI-24426-0,2006,365,365
DMI-24426-0,2007,1,365
DMI-24456-0,2009,259,365
DMI-24456-0,2010,365,365
DMI-24459-1,1996,296,366
DMI-24459-1,1997,365,365
DMI-24459-1,1998,365,365
DMI-24459-1,1999,365,365
DMI-24459-1,2000,366,366
DMI-24459-1,2001,365,365
DMI-24459-1,2002,365,365
DMI-24459-1,2003,365,365
DMI-24459-1,2004,214,366
DMI-24470-1,1996,296,366
DMI-24470-1,1997,365,365
DMI-24470-1,1998,365,365
DMI-24470-1,1999,365,365
DMI-24470-1,2000,366,366
DMI-24470-1,2001,365,365
DMI-24470-1,2002,365,365
DMI-24470-1,2003,365,365
DMI-24470-1,2004,366,366
DMI-24470-1,2005,365,365
DMI-24470-1,2006,365,365
DMI-24470-1,2007,365,365
DMI-24470-1,2008,366,366
DMI-24470-1,2009,91,365
DMI-24485-0,1996,296,366
DMI-24485-0,1997,365,365
DMI-24485-0,1998,365,365
DMI-24485-0,1999,365,365
DMI-24485-0,2000,366,366
DMI-24485-0,2001,365,365
DMI-24485-0,2002,365,365
DMI-24485-0,2003,365,365
DMI-24485-0,2004,366,366
DMI-24485-0,2005,151,365
DMI-24500-0,1996,296,366
DMI-24500-0,1997,365,365
DMI-24500-0,1998,365,365
DMI-24500-0,1999,365,365
DMI-24500-0,2000,132,366
DMI-24500-1,2000,235,366
DMI-24500-1,2001,365,365
DMI-24500-1,2002,365,365
DMI-24500-1,2003,365,365
DMI-24500-1,2004,366,366
DMI-24500-1,2005,365,365
DMI-24500-1,2006,365,365
DMI-24500-1,2007,1,365
DMI-24510-0,1996,296,366
DMI-24510-0,1997,365,365
DMI-24510-0,1998,365,365
DMI-24510-0,1999,365,365
DMI-24510-0,2000,366,366
DMI-24510-0,2001,365,365
DMI-24510-0,2002,365,365
DMI-24510-0,2003,365,365
DMI-24510-0,2004,366,366
DMI-24510-0,2005,365,365
DMI-24510-0,2006,365,365
DMI-24510-0,2007,1,365
DMI-25030-0,1996,296,366
DMI-25030-0,1997,365,365
DMI-25030-0,1998,365,365
DMI-25030-0,1999,365,365
DMI-25030-0,2000,366,366
DMI-25030-0,2001,365,365
DMI-25030-0,2002,365,365
DMI-25030-0,2003,365,365
DMI-25030-0,2004,366,366
DMI-25030-0,2005,365,365
DMI-25030-0,2006,365,365
DMI-25030-0,2007,1,365
DMI-25034-0,1996,296,366
DMI-25034-0,1997,365,365
DMI-25034-0,1998,365,365
DMI-25034-0,1999,365,365
DMI-25034-0,2000,366,366
DMI-25034-0,2001,365,365
DMI-25034-0,2002,365,365
DMI-25034-0,2003,365,365
DMI-25034-0,2004,366,366
DMI-25034-0,2005,365,365
DMI-25034-0,2006,365,365
DMI-25034-0,2007,365,365
DMI-25034-0,2008,366,366
DMI-25034-0,2009,91,365
DMI-25039-1,1996,296,366
DMI-25039-1,1997,365,365
DMI-25039-1,1998,365,365
DMI-25039-1,1999,365,365
DMI-25039-1,2000,366,366
DMI-25039-1,2001,365,365
DMI-25039-1,2002,365,365
DMI-25039-1,2003,365,365
DMI-25039-1,2004,366,366
DMI-25039-1,2005,365,365
DMI-25039-1,2006,365,365
DMI-25039-1,2007,1,365
DMI-25043-0,1996,296,366
DMI-25043-0,1997,365,365
DMI-25043-0,1998,365,365
DMI-25043-0,1999,365,365
DMI-25043-0,2000,366,366
DMI-25043-0,2001,365,365
DMI-25043-0,2002,365,365
DMI-25043-0,2003,365,365
DMI-25043-0,2004,1,366
DMI-25060-0,1996,296,366
DMI-25060-0,1997,365,365
DMI-25060-0,1998,365,365
DMI-25060-0,1999,365,365
DMI-25060-0,2000,366,366
DMI-25060-0,2001,365,365
DMI-25060-0,2002,365,365
DMI-25060-0,2003,182,365
DMI-25075-0,1998,273,365
DMI-25075-0,1999,365,365
DMI-25075-0,2000,366,366
DMI-25075-0,2001,365,365
DMI-25075-0,2002,365,365
DMI-25075-0,2003,365,365
DMI-25075-0,2004,366,366
DMI-25075-0,2005,365,365
DMI-25075-0,2006,365,365
DMI-25075-0,2007,365,365
DMI-25075-0,2008,366,366
DMI-25075-0,2009,365,365
DMI-25075-0,2010,365,365
DMI-25089-0,1996,296,366
DMI-25089-0,1997,365,365
DMI-25089-0,1998,365,365
DMI-25089-0,1999,365,365
DMI-25089-0,2000,366,366
DMI-25089-0,2001,365,365
DMI-25089-0,2002,365,365
DMI-25089-0,2003,365,365
DMI-25089-0,2004,366,366
DMI-25089-0,2005,365,365
DMI-25089-0,2006,365,365
DMI-25089-0,2007,365,365
DMI-25089-0,2008,366,366
DMI-25089-0,2009,365,365
DMI-25089-0,2010,1,365
DMI-25090-1,1996,296,366
DMI-25090-1,1997,365,365
DMI-25090-1,1998,365,365
DMI-25090-1,1999,365,365
DMI-25090-1,2000,366,366
DMI-25090-1,2001,365,365
DMI-25090-1,2002,365,365
DMI-25090-1,2003,365,365
DMI-25090-1,2004,366,366
DMI-25090-1,2005,365,365
DMI-25090-1,2006,365,365
DMI-25090-1,2007,365,365
DMI-25090-1,2008,366,366
DMI-25090-1,2009,91,365
DMI-25110-0,1996,296,366
DMI-25110-0,1997,365,365
DMI-25110-0,1998,365,365
DMI-25110-0,1999,365,365
DMI-25110-0,2000,154,366
DMI-25110-1,2000,213,366
DMI-25110-1,2001,365,365
DMI-25110-1,2002,365,365
DMI-25110-1,2003,365,365
DMI-25110-1,2004,92,366
DMI-25132-0,2004,304,366
DMI-25132-0,2005,365,365
DMI-25132-0,2006,365,365
DMI-25132-0,2007,1,365
DMI-25135-0,1996,296,366
DMI-25135-0,1997,365,365
DMI-25135-0,1998,365,365
DMI-25135-0,1999,244,365
DMI-25135-0,2000,182,366
DMI-25138-0,2000,40,366
DMI-25138-0,2001,365,365
DMI-25138-0,2002,365,365
DMI-25138-0,2003,365,365
DMI-25138-0,2004,366,366
DMI-25138-0,2005,365,365
DMI-25138-0,2006,365,365
DMI-25138-0,2007,365,365
DMI-25138-0,2008,366,366
DMI-25138-0,2009,365,365
DMI-25138-0,2010,365,365
DMI-25140-0,1996,296,366
DMI-25140-0,1997,365,365
DMI-25140-0,1998,365,365
DMI-25140-0,1999,365,365
DMI-25140-0,2000,366,366
DMI-25140-0,2001,365,365
DMI-25140-0,2002,365,365
DMI-25140-0,2003,365,365
DMI-25140-0,2004,366,366
DMI-25140-0,2005,365,365
DMI-25140-0,2006,365,365
DMI-25140-0,2007,365,365
DMI-25140-0,2008,366,366
DMI-25140-0,2009,1,365
DMI-25145-0,1996,296,366
DMI-25145-0,1997,365,365
DMI-25145-0,1998,365,365
DMI-25145-0,1999,365,365
DMI-25145-0,2000,366,366
DMI-25145-0,2001,365,365
DMI-25145-0,2002,365,365
DMI-25145-0,2003,365,365
DMI-25145-0,2004,366,366
DMI-25145-0,2005,365,365
DMI-25145-0,2006,365,365
DMI-25145-0,2007,365,365
DMI-25145-0,2008,366,366
DMI-25145-0,2009,91,365
DMI-25172-0,1996,296,366
DMI-25172-0,1997,365,365
DMI-25172-0,1998,365,365
DMI-25172-0,1999,365,365
DMI-25172-0,2000,366,366
DMI-25172-0,2001,365,365
DMI-25172-0,2002,365,365
DMI-25172-0,2003,365,365
DMI-25172-0,2004,366,366
DMI-25172-0,2005,365,365
DMI-25172-0,2006,365,365
DMI-25172-0,2007,1,365
DMI-25180-3,1996,296,366
DMI-25180-3,1997,365,365
DMI-25180-3,1998,365,365
DMI-25180-3,1999,365,365
DMI-25180-3,2000,366,366
DMI-25180-3,2001,365,365
DMI-25180-3,2002,365,365
DMI-25180-3,2003,182,365
DMI-25180-4,2004,91,366
DMI-25180-4,2005,365,365
DMI-25180-4,2006,365,365
DMI-25180-4,2007,365,365
DMI-25180-4,2008,366,366
DMI-25180-4,2009,91,365
DMI-25185-1,1996,296,366
DMI-25185-1,1997,365,365
DMI-25185-1,1998,365,365
DMI-25185-1,1999,365,365
DMI-25185-1,2000,366,366
DMI-25185-1,2001,365,365
DMI-25185-1,2002,365,365
DMI-25185-1,2003,365,365
DMI-25185-1,2004,366,366
DMI-25185-1,2005,365,365
DMI-25185-1,2006,365,365
DMI-25185-1,2007,1,365
DMI-25193-3,1996,296,366
DMI-25193-3,1997,365,365
DMI-25193-3,1998,365,365
DMI-25193-3,1999,365,365
DMI-25193-3,2000,366,366
DMI-25193-3,2001,365,365
DMI-25193-3,2002,365,365
DMI-25193-3,2003,365,365
DMI-25193-3,2004,366,366
DMI-25193-3,2005,365,365
DMI-25193-3,2006,365,365
DMI-25193-3,2007,365,365
DMI-25193-3,2008,366,366
DMI-25193-3,2009,213,365
DMI-25195-0,1996,296,366
DMI-25195-0,1997,365,365
DMI-25195-0,1998,365,365
DMI-25195-0,1999,365,365
DMI-25195-0,2000,366,366
DMI-25195-0,2001,365,365
DMI-25195-0,2002,365,365
DMI-25195-0,2003,365,365
DMI-25195-0,2004,366,366
DMI-25195-0,2005,365,365
DMI-25195-0,2006,365,365
DMI-25195-0,2007,1,365
DMI-25200-2,1996,296,366
DMI-25200-2,1997,153,365
DMI-25200-3,1997,213,365
DMI-25200-3,1998,365,365
DMI-25200-3,1999,365,365
DMI-25200-3,2000,366,366
DMI-25200-3,2001,365,365
DMI-25200-3,2002,365,365
DMI-25200-3,2003,365,365
DMI-25200-3,2004,366,366
DMI-25200-3,2005,365,365
DMI-25200-3,2006,195,365
DMI-25201-0,2006,120,365
DMI-25201-0,2007,365,365
DMI-25201-0,2008,366,366
DMI-25201-0,2009,365,365
DMI-25201-0,2010,1,365
DMI-25220-0,1996,296,366
DMI-25220-0,1997,365,365
DMI-25220-0,1998,365,365
DMI-25220-0,1999,365,365
DMI-25220-0,2000,366,366
DMI-25220-0,2001,365,365
DMI-25220-0,2002,365,365
DMI-25220-0,2003,365,365
DMI-25220-0,2004,366,366
DMI-25220-0,2005,365,365
DMI-25220-0,2006,365,365
DMI-25220-0,2007,365,365
DMI-25220-0,2008,366,366
DMI-25220-0,2009,91,365
DMI-25230-2,1996,296,366
DMI-25230-2,1997,365,365
DMI-25230-2,1998,365,365
DMI-25230-2,1999,365,365
DMI-25230-2,2000,366,366
DMI-25230-2,2001,365,365
DMI-25230-2,2002,305,365
DMI-25235-0,2002,59,365
DMI-25235-0,2003,365,365
DMI-25235-0,2004,366,366
DMI-25235-0,2005,365,365
DMI-25235-0,2006,365,365
DMI-25235-0,2007,365,365
DMI-25235-0,2008,366,366
DMI-25235-0,2009,365,365
DMI-25235-0,2010,365,365
DMI-25245-0,1997,151,365
DMI-25245-0,1998,365,365
DMI-25245-0,1999,365,365
DMI-25245-0,2000,366,366
DMI-25245-0,2001,365,365
DMI-25245-0,2002,211,365
DMI-25245-0,2003,365,365
DMI-25245-0,2004,366,366
DMI-25245-0,2005,365,365
DMI-25245-0,2006,365,365
DMI-25245-0,2007,1,365
DMI-25250-0,1996,296,366
DMI-25250-0,1997,213,365
DMI-25260-1,1996,296,366
DMI-25260-1,1997,365,365
DMI-25260-1,1998,365,365
DMI-25260-1,1999,365,365
DMI-25260-1,2000,366,366
DMI-25260-1,2001,365,365
DMI-25260-1,2002,365,365
DMI-25260-1,2003,365,365
DMI-25260-1,2004,366,366
DMI-25260-1,2005,365,365
DMI-25260-1,2006,365,365
DMI-25260-1,2007,1,365
DMI-25275-0,1996,296,366
DMI-25275-0,1997,365,365
DMI-25275-0,1998,365,365
DMI-25275-0,1999,365,365
DMI-25275-0,2000,366,366
DMI-25275-0,2001,365,365
DMI-25275-0,2002,365,365
DMI-25275-0,2003,365,365
DMI-25275-0,2004,366,366
DMI-25275-0,2005,365,365
DMI-25275-0,2006,365,365
DMI-25275-0,2007,1,365
DMI-25282-0,2003,363,365
DMI-25282-0,2004,366,366
DMI-25282-0,2005,365,365
DMI-25282-0,2006,365,365
DMI-25282-0,2007,365,365
DMI-25282-0,2008,366,366
DMI-25282-0,2009,91,365
DMI-25300-0,1996,296,366
DMI-25300-0,1997,365,365
DMI-25300-0,1998,365,365
DMI-25300-0,1999,365,365
DMI-25300-0,2000,366,366
DMI-25300-0,2001,365,365
DMI-25300-0,2002,335,365
DMI-25319-0,1996,296,366
DMI-25319-0,1997,365,365
DMI-25319-0,1998,365,365
DMI-25319-0,1999,365,365
DMI-25319-0,2000,366,366
DMI-25319-0,2001,365,365
DMI-25319-0,2002,365,365
DMI-25319-0,2003,365,365
DMI-25319-0,2004,366,366
DMI-25319-0,2005,228,365
DMI-25319-0,2006,365,365
DMI-25319-0,2007,1,365
DMI-25325-1,1996,296,366
DMI-25325-1,1997,365,365
DMI-25325-1,1998,365,365
DMI-25325-1,1999,365,365
DMI-25325-1,2000,366,366
DMI-25325-1,2001,365,365
DMI-25325-1,2002,121,365
DMI-25325-1,2003,365,365
DMI-25325-1,2004,366,366
DMI-25325-1,2005,365,365
DMI-25325-1,2006,365,365
DMI-25325-1,2007,365,365
DMI-25325-1,2008,337,366
DMI-25325-2,2008,30,366
DMI-25325-2,2009,91,365
DMI-25335-1,1996,296,366
DMI-25335-1,1997,365,365
DMI-25335-1,1998,365,365
DMI-25335-1,1999,365,365
DMI-25335-1,2000,366,366
DMI-25335-1,2001,365,365
DMI-25335-1,2002,365,365
DMI-25335-1,2003,365,365
DMI-25335-1,2004,366,366
DMI-25335-1,2005,365,365
DMI-25335-1,2006,211,365
DMI-25350-0,1996,296,366
DMI-25350-0,1997,365,365
DMI-25350-0,1998,365,365
DMI-25350-0,1999,365,365
DMI-25350-0,2000,366,366
DMI-25350-0,2001,365,365
DMI-25350-0,2002,365,365
DMI-25350-0,2003,365,365
DMI-25350-0,2004,366,366
DMI-25350-0,2005,365,365
DMI-25350-0,2006,365,365
DMI-25350-0,2007,244,365
DMI-25360-0,1996,296,366
DMI-25360-0,1997,365,365
DMI-25360-0,1998,365,365
DMI-25360-0,1999,365,365
DMI-25360-0,2000,366,366
DMI-25360-0,2001,365,365
DMI-25360-0,2002,365,365
DMI-25360-0,2003,365,365
DMI-25360-0,2004,366,366
DMI-25360-0,2005,365,365
DMI-25360-0,2006,365,365
DMI-25360-0,2007,365,365
DMI-25360-0,2008,366,366
DMI-25360-0,2009,365,365
DMI-25360-0,2010,1,365
DMI-26010-0,1996,296,366
DMI-26010-0,1997,365,365
DMI-26010-0,1998,365,365
DMI-26010-0,1999,365,365
DMI-26010-0,2000,366,366
DMI-26010-0,2001,365,365
DMI-26010-0,2002,365,365
DMI-26010-0,2003,365,365
DMI-26010-0,2004,366,366
DMI-26010-0,2005,283,365
DMI-26010-0,2006,60,365
DMI-26014-0,1996,296,366
DMI-26014-0,1997,365,365
DMI-26014-0,1998,365,365
DMI-26014-0,1999,365,365
DMI-26014-0,2000,366,366
DMI-26014-0,2001,365,365
DMI-26014-0,2002,365,365
DMI-26014-0,2003,365,365
DMI-26014-0,2004,366,366
DMI-26014-0,2005,365,365
DMI-26014-0,2006,365,365
DMI-26014-0,2007,365,365
DMI-26014-0,2008,366,366
DMI-26014-0,2009,365,365
DMI-26014-0,2010,213,365
DMI-26020-0,1996,296,366
DMI-26020-0,1997,365,365
DMI-26020-0,1998,365,365
DMI-26020-0,1999,365,365
DMI-26020-0,2000,366,366
DMI-26020-0,2001,365,365
DMI-26020-0,2002,365,365
DMI-26020-0,2003,365,365
DMI-26020-0,2004,366,366
DMI-26020-0,2005,365,365
DMI-26020-0,2006,365,365
DMI-26020-0,2007,1,365
DMI-26030-5,2003,55,365
DMI-26040-0,1996,296,366
DMI-26040-0,1997,365,365
DMI-26040-0,1998,365,365
DMI-26040-0,1999,365,365
DMI-26040-0,2000,366,366
DMI-26040-0,2001,365,365
DMI-26040-0,2002,365,365
DMI-26040-0,2003,152,365
DMI-26050-0,1996,296,366
DMI-26050-0,1997,365,365
DMI-26050-0,1998,365,365
DMI-26050-0,1999,365,365
DMI-26050-0,2000,366,366
DMI-26050-0,2001,365,365
DMI-26050-0,2002,365,365
DMI-26050-0,2003,365,365
DMI-26050-0,2004,366,366
DMI-26050-0,2005,365,365
DMI-26050-0,2006,365,365
DMI-26050-0,2007,365,365
DMI-26050-0,2008,366,366
DMI-26050-0,2009,91,365
DMI-26060-0,1996,296,366
DMI-26060-0,1997,365,365
DMI-26060-0,1998,365,365
DMI-26060-0,1999,365,365
DMI-26060-0,2000,366,366
DMI-26060-0,2001,365,365
DMI-26060-0,2002,365,365
DMI-26060-0,2003,365,365
DMI-26060-0,2004,366,366
DMI-26060-0,2005,365,365
DMI-26060-0,2006,365,365
DMI-26060-0,2007,1,365
DMI-26065-0,1996,296,366
DMI-26065-0,1997,182,365
DMI-26070-2,1996,296,366
DMI-26070-2,1997,365,365
DMI-26070-2,1998,365,365
DMI-26070-2,1999,365,365
DMI-26070-2,2000,366,366
DMI-26070-2,2001,365,365
DMI-26070-2,2002,365,365
DMI-26070-2,2003,365,365
DMI-26070-2,2004,366,366
DMI-26070-2,2005,365,365
DMI-26070-2,2006,365,365
DMI-26070-2,2007,365,365
DMI-26070-2,2008,366,366
DMI-26070-2,2009,365,365
DMI-26070-2,2010,1,365
DMI-26075-0,1996,296,366
DMI-26075-0,1997,365,365
DMI-26075-0,1998,365,365
DMI-26075-0,1999,365,365
DMI-26075-0,2000,366,366
DMI-26075-0,2001,365,365
DMI-26075-0,2002,365,365
DMI-26075-0,2003,182,365
DMI-26080-0,1996,296,366
DMI-26080-0,1997,365,365
DMI-26080-0,1998,365,365
DMI-26080-0,1999,365,365
DMI-26080-0,2000,366,366
DMI-26080-0,2001,365,365
DMI-26080-0,2002,365,365
DMI-26080-0,2003,365,365
DMI-26080-0,2004,366,366
DMI-26080-0,2005,365,365
DMI-26080-0,2006,365,365
DMI-26080-0,2007,365,365
DMI-26080-0,2008,366,366
DMI-26080-0,2009,365,365
DMI-26080-0,2010,365,365
DMI-26090-1,1996,296,366
DMI-26090-1,1997,365,365
DMI-26090-1,1998,365,365
DMI-26090-1,1999,365,365
DMI-26090-1,2000,366,366
DMI-26090-1,2001,365,365
DMI-26090-1,2002,365,365
DMI-26090-1,2003,365,365
DMI-26090-1,2004,366,366
DMI-26090-1,2005,365,365
DMI-26090-1,2006,365,365
DMI-26090-1,2007,365,365
DMI-26090-1,2008,366,366
DMI-26090-1,2009,91,365
DMI-26097-0,2005,207,365
DMI-26097-0,2006,270,365
DMI-26120-0,1996,296,366
DMI-26120-0,1997,365,365
DMI-26120-0,1998,365,365
DMI-26120-0,1999,365,365
DMI-26120-0,2000,366,366
DMI-26120-0,2001,365,365
DMI-26120-0,2002,365,365
DMI-26120-0,2003,365,365
DMI-26120-0,2004,366,366
DMI-26120-0,2005,365,365
DMI-26120-0,2006,365,365
DMI-26120-0,2007,365,365
DMI-26120-0,2008,366,366
DMI-26120-0,2009,91,365
DMI-26130-0,1996,296,366
DMI-26130-0,1997,365,365
DMI-26130-0,1998,365,365
DMI-26130-0,1999,365,365
DMI-26130-0,2000,366,366
DMI-26130-0,2001,365,365
DMI-26130-0,2002,365,365
DMI-26130-0,2003,365,365
DMI-26130-0,2004,366,366
DMI-26130-0,2005,365,365
DMI-26130-0,2006,365,365
DMI-26130-0,2007,365,365
DMI-26130-0,2008,366,366
DMI-26130-0,2009,365,365
DMI-26130-0,2010,1,365
DMI-26135-0,1996,296,366
DMI-26135-0,1997,365,365
DMI-26135-0,1998,365,365
DMI-26135-0,1999,365,365
DMI-26135-0,2000,366,366
DMI-26135-0,2001,365,365
DMI-26135-0,2002,365,365
DMI-26135-0,2003,365,365
DMI-26135-0,2004,366,366
DMI-26135-0,2005,365,365
DMI-26135-0,2006,365,365
DMI-26135-0,2007,1,365
DMI-26140-0,1996,296,366
DMI-26140-0,1997,92,365
DMI-26140-1,1997,245,365
DMI-26140-2,1997,30,365
DMI-26140-2,1998,365,365
DMI-26140-2,1999,365,365
DMI-26140-2,2000,123,366
DMI-26140-3,2000,244,366
DMI-26140-3,2001,365,365
DMI-26140-3,2002,365,365
DMI-26140-3,2003,365,365
DMI-26140-3,2004,366,366
DMI-26140-3,2005,365,365
DMI-26140-3,2006,365,365
DMI-26140-3,2007,1,365
DMI-26150-1,1996,296,366
DMI-26150-1,1997,365,365
DMI-26150-1,1998,365,365
DMI-26150-1,1999,365,365
DMI-26150-1,2000,366,366
DMI-26150-1,2001,365,365
DMI-26150-1,2002,365,365
DMI-26150-1,2003,365,365
DMI-26150-1,2004,366,366
DMI-26150-1,2005,365,365
DMI-26150-1,2006,365,365
DMI-26150-1,2007,365,365
DMI-26150-1,2008,366,366
DMI-26150-1,2009,91,365
DMI-26170-0,1996,296,366
DMI-26170-0,1997,365,365
DMI-26170-0,1998,365,365
DMI-26170-0,1999,365,365
DMI-26170-0,2000,366,366
DMI-26170-0,2001,365,365
DMI-26170-0,2002,365,365
DMI-26170-0,2003,365,365
DMI-26170-0,2004,366,366
DMI-26170-0,2005,365,365
DMI-26170-0,2006,365,365
DMI-26170-0,2007,1,365
DMI-26190-1,1996,296,366
DMI-26190-1,1997,365,365
DMI-26190-1,1998,365,365
DMI-26190-1,1999,365,365
DMI-26190-1,2000,366,366
DMI-26190-1,2001,365,365
DMI-26190-1,2002,365,365
DMI-26190-1,2003,365,365
DMI-26190-1,2004,366,366
DMI-26190-1,2005,365,365
DMI-26190-1,2006,365,365
DMI-26190-1,2007,1,365
DMI-26206-0,1996,296,366
DMI-26206-0,1997,365,365
DMI-26206-0,1998,365,365
DMI-26206-0,1999,365,365
DMI-26206-0,2000,366,366
DMI-26206-0,2001,365,365
DMI-26206-0,2002,365,365
DMI-26206-0,2003,365,365
DMI-26206-0,2004,366,366
DMI-26206-0,2005,365,365
DMI-26206-0,2006,365,365
DMI-26206-0,2007,1,365
DMI-26210-0,2002,110,365
DMI-26210-0,2003,365,365
DMI-26210-0,2004,366,366
DMI-26210-0,2005,365,365
DMI-26210-0,2006,365,365
DMI-26210-0,2007,365,365
DMI-26210-0,2008,366,366
DMI-26210-0,2009,365,365
DMI-26210-0,2010,365,365
DMI-26230-0,1996,296,366
DMI-26230-0,1997,365,365
DMI-26230-0,1998,365,365
DMI-26230-0,1999,365,365
DMI-26230-0,2000,366,366
DMI-26230-0,2001,365,365
DMI-26230-0,2002,365,365
DMI-26230-0,2003,365,365
DMI-26230-0,2004,366,366
DMI-26230-0,2005,365,365
DMI-26230-0,2006,365,365
DMI-26230-0,2007,365,365
DMI-26230-0,2008,366,366
DMI-26230-0,2009,365,365
DMI-26230-0,2010,1,365
DMI-26240-2,1996,296,366
DMI-26240-2,1997,365,365
DMI-26240-2,1998,365,365
DMI-26240-2,1999,365,365
DMI-26240-2,2000,366,366
DMI-26240-2,2001,365,365
DMI-26240-2,2002,365,365
DMI-26240-2,2003,365,365
DMI-26240-2,2004,366,366
DMI-26240-2,2005,365,365
DMI-26240-2,2006,365,365
DMI-26240-2,2007,244,365
DMI-26244-0,1996,296,366
DMI-26244-0,1997,365,365
DMI-26244-0,1998,365,365
DMI-26244-0,1999,365,365
DMI-26244-0,2000,366,366
DMI-26244-0,2001,365,365
DMI-26244-0,2002,365,365
DMI-26244-0,2003,365,365
DMI-26244-0,2004,366,366
DMI-26244-0,2005,365,365
DMI-26244-0,2006,365,365
DMI-26244-0,2007,1,365
DMI-26260-0,1996,296,366
DMI-26260-0,1997,365,365
DMI-26260-0,1998,365,365
DMI-26260-0,1999,365,365
DMI-26260-0,2000,366,366
DMI-26260-0,2001,365,365
DMI-26260-0,2002,365,365
DMI-26260-0,2003,365,365
DMI-26260-0,2004,366,366
DMI-26260-0,2005,365,365
DMI-26260-0,2006,365,365
DMI-26260-0,2007,1,365
DMI-26287-0,1996,296,366
DMI-26287-0,1997,365,365
DMI-26287-0,1998,365,365
DMI-26287-0,1999,365,365
DMI-26287-0,2000,366,366
DMI-26287-0,2001,365,365
DMI-26287-0,2002,365,365
DMI-26287-0,2003,365,365
DMI-26287-0,2004,366,366
DMI-26287-0,2005,365,365
DMI-26287-0,2006,335,365
DMI-26290-2,1996,296,366
DMI-26290-2,1997,365,365
DMI-26290-2,1998,365,365
DMI-26290-2,1999,365,365
DMI-26290-2,2000,366,366
DMI-26290-2,2001,365,365
DMI-26290-2,2002,365,365
DMI-26290-2,2003,365,365
DMI-26290-2,2004,366,366
DMI-26290-2,2005,365,365
DMI-26290-2,2006,243,365
DMI-26321-1,1996,296,366
DMI-26321-1,1997,365,365
DMI-26321-1,1998,365,365
DMI-26321-1,1999,365,365
DMI-26321-1,2000,366,366
DMI-26321-1,2001,365,365
DMI-26321-1,2002,365,365
DMI-26321-1,2003,365,365
DMI-26321-1,2004,366,366
DMI-26321-1,2005,365,365
DMI-26321-1,2006,365,365
DMI-26321-1,2007,1,365
DMI-26335-1,1996,296,366
DMI-26335-1,1997,365,365
DMI-26335-1,1998,365,365
DMI-26335-1,1999,365,365
DMI-26335-1,2000,366,366
DMI-26335-1,2001,365,365
DMI-26335-1,2002,365,365
DMI-26335-1,2003,365,365
DMI-26335-1,2004,366,366
DMI-26335-1,2005,365,365
DMI-26335-1,2006,365,365
DMI-26335-1,2007,1,365
DMI-26340-0,2001,18,365
DMI-26340-0,2002,365,365
DMI-26340-0,2003,365,365
DMI-26340-0,2004,366,366
DMI-26340-0,2005,365,365
DMI-26340-0,2006,365,365
DMI-26340-0,2007,365,365
DMI-26340-0,2008,366,366
DMI-26340-0,2009,365,365
DMI-26340-0,2010,365,365
DMI-26350-0,1996,296,366
DMI-26350-0,1997,365,365
DMI-26350-0,1998,365,365
DMI-26350-0,1999,365,365
DMI-26350-0,2000,366,366
DMI-26350-0,2001,365,365
DMI-26350-0,2002,365,365
DMI-26350-0,2003,365,365
DMI-26350-0,2004,366,366
DMI-26350-0,2005,365,365
DMI-26350-0,2006,365,365
DMI-26350-0,2007,1,365
DMI-26373-0,2001,120,365
DMI-26373-0,2002,365,365
DMI-26373-0,2003,365,365
DMI-26373-0,2004,366,366
DMI-26373-0,2005,365,365
DMI-26373-0,2006,274,365
DMI-26375-0,1996,296,366
DMI-26375-0,1997,365,365
DMI-26375-0,1998,365,365
DMI-26375-0,1999,365,365
DMI-26375-0,2000,366,366
DMI-26375-0,2001,335,365
DMI-26380-0,1996,296,366
DMI-26380-0,1997,365,365
DMI-26380-0,1998,365,365
DMI-26380-0,1999,365,365
DMI-26380-0,2000,366,366
DMI-26380-0,2001,214,365
DMI-26380-1,2001,152,365
DMI-26380-1,2002,365,365
DMI-26380-1,2003,305,365
DMI-26380-1,2005,182,365
DMI-26380-1,2006,365,365
DMI-26380-1,2007,365,365
DMI-26380-1,2008,366,366
DMI-26380-1,2009,91,365
DMI-26383-0,2005,182,365
DMI-26383-0,2006,365,365
DMI-26383-0,2007,1,365
DMI-26400-0,1996,296,366
DMI-26400-0,1997,365,365
DMI-26400-0,1998,365,365
DMI-26400-0,1999,365,365
DMI-26400-0,2000,366,366
DMI-26400-0,2001,365,365
DMI-26400-0,2002,365,365
DMI-26400-0,2003,365,365
DMI-26400-0,2004,366,366
DMI-26400-0,2005,365,365
DMI-26400-0,2006,365,365
DMI-26400-0,2007,365,365
DMI-26400-0,2008,366,366
DMI-26400-0,2009,365,365
DMI-26400-0,2010,365,365
DMI-26402-0,2009,120,365
DMI-26402-0,2010,365,365
DMI-26407-0,1996,296,366
DMI-26407-0,1997,365,365
DMI-26407-0,1998,365,365
DMI-26407-0,1999,365,365
DMI-26407-0,2000,366,366
DMI-26407-0,2001,365,365
DMI-26407-0,2002,365,365
DMI-26407-0,2003,365,365
DMI-26407-0,2004,366,366
DMI-26407-0,2005,365,365
DMI-26407-0,2006,365,365
DMI-26407-0,2007,365,365
DMI-26407-0,2008,366,366
DMI-26407-0,2009,365,365
DMI-26407-0,2010,365,365
DMI-26409-0,1996,296,366
DMI-26409-0,1997,365,365
DMI-26409-0,1998,365,365
DMI-26409-0,1999,365,365
DMI-26409-0,2000,366,366
DMI-26409-0,2001,365,365
DMI-26409-0,2002,365,365
DMI-26409-0,2003,365,365
DMI-26409-0,2004,366,366
DMI-26409-0,2005,365,365
DMI-26409-0,2006,365,365
DMI-26409-0,2007,1,365
DMI-26420-2,1996,296,366
DMI-26420-2,1997,365,365
DMI-26420-2,1998,365,365
DMI-26420-2,1999,365,365
DMI-26420-2,2000,366,366
DMI-26420-2,2001,365,365
DMI-26420-2,2002,365,365
DMI-26420-2,2003,365,365
DMI-26420-2,2004,366,366
DMI-26420-2,2005,60,365
DMI-26430-0,1996,296,366
DMI-26430-0,1997,365,365
DMI-26430-0,1998,365,365
DMI-26430-0,1999,365,365
DMI-26430-0,2000,366,366
DMI-26430-0,2001,365,365
DMI-26430-0,2002,365,365
DMI-26430-0,2003,365,365
DMI-26430-0,2004,366,366
DMI-26430-0,2005,365,365
DMI-26430-0,2006,365,365
DMI-26430-0,2007,365,365
DMI-26430-0,2008,366,366
DMI-26430-0,2009,32,365
DMI-26440-1,1996,296,366
DMI-26440-1,1997,153,365
DMI-26440-2,1997,213,365
DMI-26440-2,1998,365,365
DMI-26440-2,1999,365,365
DMI-26440-2,2000,366,366
DMI-26440-2,2001,365,365
DMI-26440-2,2002,365,365
DMI-26440-2,2003,365,365
DMI-26440-2,2004,366,366
DMI-26440-2,2005,365,365
DMI-26440-2,2006,365,365
DMI-26440-2,2007,1,365
DMI-26445-1,1996,296,366
DMI-26445-1,1997,365,365
DMI-26445-1,1998,365,365
DMI-26445-1,1999,365,365
DMI-26445-1,2000,366,366
DMI-26445-1,2001,365,365
DMI-26445-1,2002,60,365
DMI-26447-0,1996,296,366
DMI-26447-0,1997,365,365
DMI-26447-0,1998,365,365
DMI-26447-0,1999,365,365
DMI-26447-0,2000,366,366
DMI-26447-0,2001,365,365
DMI-26447-0,2002,365,365
DMI-26447-0,2003,365,365
DMI-26447-0,2004,366,366
DMI-26447-0,2005,365,365
DMI-26447-0,2006,365,365
DMI-26447-0,2007,1,365
DMI-26455-0,1998,332,365
DMI-26455-0,1999,365,365
DMI-26455-0,2000,366,366
DMI-26455-0,2001,365,365
DMI-26455-0,2002,365,365
DMI-26455-0,2003,365,365
DMI-26455-0,2004,366,366
DMI-26455-0,2005,365,365
DMI-26455-0,2006,365,365
DMI-26455-0,2007,1,365
DMI-26460-1,1996,296,366
DMI-26460-1,1997,365,365
DMI-26460-1,1998,365,365
DMI-26460-1,1999,365,365
DMI-26460-1,2000,366,366
DMI-26460-1,2001,365,365
DMI-26460-1,2002,365,365
DMI-26460-1,2003,365,365
DMI-26460-1,2004,366,366
DMI-26460-1,2005,365,365
DMI-26460-1,2006,365,365
DMI-26460-1,2007,365,365
DMI-26460-1,2008,366,366
DMI-26460-1,2009,365,365
DMI-26460-1,2010,1,365
DMI-26463-0,1996,296,366
DMI-26463-0,1997,365,365
DMI-26463-0,1998,32,365
DMI-26470-0,1996,296,366
DMI-26470-0,1997,365,365
DMI-26470-0,1998,365,365
DMI-26470-0,1999,365,365
DMI-26470-0,2000,366,366
DMI-26470-0,2001,365,365
DMI-26470-0,2002,365,365
DMI-26470-0,2003,152,365
DMI-26472-0,2003,221,365
DMI-26472-0,2004,366,366
DMI-26472-0,2005,365,365
DMI-26472-0,2006,365,365
DMI-26472-0,2007,1,365
DMI-26489-0,1996,296,366
DMI-26489-0,1997,365,365
DMI-26489-0,1998,365,365
DMI-26489-0,1999,365,365
DMI-26489-0,2000,366,366
DMI-26489-0,2001,365,365
DMI-26489-0,2002,365,365
DMI-26489-0,2003,365,365
DMI-26489-0,2004,366,366
DMI-26489-0,2005,365,365
DMI-26489-0,2006,365,365
DMI-26489-0,2007,365,365
DMI-26489-0,2008,1,366
DMI-27006-0,1996,296,366
DMI-27006-0,1997,365,365
DMI-27006-0,1998,365,365
DMI-27006-0,1999,365,365
DMI-27006-0,2000,49,366
DMI-27006-1,2000,318,366
DMI-27006-1,2001,365,365
DMI-27006-1,2002,365,365
DMI-27006-1,2003,219,365
DMI-27006-2,2003,147,365
DMI-27006-2,2004,366,366
DMI-27006-2,2005,365,365
DMI-27006-2,2006,365,365
DMI-27006-2,2007,305,365
DMI-27008-0,2002,180,365
DMI-27008-0,2003,365,365
DMI-27008-0,2004,366,366
DMI-27008-0,2005,365,365
DMI-27008-0,2006,365,365
DMI-27008-0,2007,365,365
DMI-27008-0,2008,366,366
DMI-27008-0,2009,365,365
DMI-27008-0,2010,365,365
DMI-27010-1,1996,296,366
DMI-27010-1,1997,213,365
DMI-27010-1,1998,365,365
DMI-27010-1,1999,365,365
DMI-27010-1,2000,366,366
DMI-27010-1,2001,365,365
DMI-27010-1,2002,365,365
DMI-27010-1,2003,365,365
DMI-27010-1,2004,366,366
DMI-27010-1,2005,365,365
DMI-27010-1,2006,365,365
DMI-27010-1,2007,1,365
DMI-27020-2,1996,296,366
DMI-27020-2,1997,365,365
DMI-27020-2,1998,365,365
DMI-27020-2,1999,365,365
DMI-27020-2,2000,366,366
DMI-27020-2,2001,365,365
DMI-27020-2,2002,365,365
DMI-27020-2,2003,365,365
DMI-27020-2,2004,366,366
DMI-27020-2,2005,365,365
DMI-27020-2,2006,365,365
DMI-27020-2,2007,365,365
DMI-27020-2,2008,366,366
DMI-27020-2,2009,365,365
DMI-27020-2,2010,365,365
DMI-27030-0,1996,296,366
DMI-27030-0,1997,365,365
DMI-27030-0,1998,365,365
DMI-27030-0,1999,365,365
DMI-27030-0,2000,366,366
DMI-27030-0,2001,365,365
DMI-27030-0,2002,365,365
DMI-27030-0,2003,365,365
DMI-27030-0,2004,366,366
DMI-27030-0,2005,365,365
DMI-27030-0,2006,365,365
DMI-27030-0,2007,365,365
DMI-27030-0,2008,366,366
DMI-27030-0,2009,1,365
DMI-27040-0,1996,296,366
DMI-27040-0,1997,365,365
DMI-27040-0,1998,365,365
DMI-27040-0,1999,365,365
DMI-27040-0,2000,366,366
DMI-27040-0,2001,365,365
DMI-27040-0,2002,365,365
DMI-27040-0,2003,242,365
DMI-27040-0,2004,366,366
DMI-27040-0,2005,365,365
DMI-27040-0,2006,365,365
DMI-27040-0,2007,365,365
DMI-27040-0,2008,366,366
DMI-27040-0,2009,91,365
DMI-27050-1,1996,296,366
DMI-27050-1,1997,365,365
DMI-27050-1,1998,1,365
DMI-27055-0,1998,304,365
DMI-27055-0,1999,365,365
DMI-27055-0,2000,366,366
DMI-27055-0,2001,365,365
DMI-27055-0,2002,365,365
DMI-27055-0,2003,251,365
DMI-27055-0,2004,366,366
DMI-27055-0,2005,365,365
DMI-27055-0,2006,365,365
DMI-27055-0,2007,365,365
DMI-27055-0,2008,366,366
DMI-27055-0,2009,91,365
DMI-27070-1,1996,296,366
DMI-27070-1,1997,122,365
DMI-27070-2,1997,244,365
DMI-27070-2,1998,365,365
DMI-27070-2,1999,365,365
DMI-27070-2,2000,366,366
DMI-27070-2,2001,365,365
DMI-27070-2,2002,365,365
DMI-27070-2,2003,365,365
DMI-27070-2,2004,366,366
DMI-27070-2,2005,365,365
DMI-27070-2,2006,365,365
DMI-27070-2,2007,1,365
DMI-27080-1,1996,296,366
DMI-27080-1,1997,365,365
DMI-27080-1,1998,365,365
DMI-27080-1,1999,365,365
DMI-27080-1,2000,366,366
DMI-27080-1,2001,365,365
DMI-27080-1,2002,365,365
DMI-27080-1,2003,222,365
DMI-27082-0,2009,44,365
DMI-27082-0,2010,365,365
DMI-27090-0,1996,296,366
DMI-27090-0,1997,365,365
DMI-27090-0,1998,365,365
DMI-27090-0,1999,365,365
DMI-27090-0,2000,366,366
DMI-27090-0,2001,365,365
DMI-27090-0,2002,365,365
DMI-27090-0,2003,365,365
DMI-27090-0,2004,153,366
DMI-27094-0,2005,213,365
DMI-27094-0,2006,365,365
DMI-27094-0,2007,1,365
DMI-27120-0,1996,296,366
DMI-27120-0,1997,365,365
DMI-27120-0,1998,365,365
DMI-27120-0,1999,365,365
DMI-27120-0,2000,366,366
DMI-27120-0,2001,365,365
DMI-27120-0,2002,365,365
DMI-27120-0,2003,365,365
DMI-27120-0,2004,366,366
DMI-27120-0,2005,365,365
DMI-27120-0,2006,223,365
DMI-27120-0,2007,166,365
DMI-27120-1,2007,200,365
DMI-27120-1,2008,366,366
DMI-27120-1,2009,91,365
DMI-28010-2,1996,296,366
DMI-28010-2,1997,365,365
DMI-28010-2,1998,365,365
DMI-28010-2,1999,365,365
DMI-28010-2,2000,275,366
DMI-28010-3,2001,332,365
DMI-28010-3,2002,365,365
DMI-28010-3,2003,365,365
DMI-28010-3,2004,366,366
DMI-28010-3,2005,365,365
DMI-28010-3,2006,365,365
DMI-28010-3,2007,1,365
DMI-28030-0,1996,296,366
DMI-28030-0,1997,365,365
DMI-28030-0,1998,365,365
DMI-28030-0,1999,365,365
DMI-28030-0,2000,366,366
DMI-28030-0,2001,365,365
DMI-28030-0,2002,365,365
DMI-28030-0,2003,141,365
DMI-28030-1,2003,225,365
DMI-28030-1,2004,366,366
DMI-28030-1,2005,365,365
DMI-28030-1,2006,365,365
DMI-28030-1,2007,365,365
DMI-28030-1,2008,366,366
DMI-28030-1,2009,365,365
DMI-28030-1,2010,365,365
DMI-28050-2,1996,296,366
DMI-28050-2,1997,365,365
DMI-28050-2,1998,365,365
DMI-28050-2,1999,365,365
DMI-28050-2,2000,366,366
DMI-28050-2,2001,365,365
DMI-28050-2,2002,365,365
DMI-28050-2,2003,365,365
DMI-28050-2,2004,366,366
DMI-28050-2,2005,81,365
DMI-28050-3,2005,285,365
DMI-28050-3,2006,365,365
DMI-28050-3,2007,365,365
DMI-28050-3,2008,336,366
DMI-28080-2,2003,224,365
DMI-28080-2,2004,214,366
DMI-28095-0,1996,296,366
DMI-28095-0,1997,365,365
DMI-28095-0,1998,365,365
DMI-28095-0,1999,365,365
DMI-28095-0,2000,366,366
DMI-28095-0,2001,365,365
DMI-28095-0,2002,365,365
DMI-28095-0,2003,313,365
DMI-28095-1,2006,151,365
DMI-28095-1,2007,1,365
DMI-28120-1,1996,296,366
DMI-28120-1,1997,365,365
DMI-28120-1,1998,365,365
DMI-28120-1,1999,365,365
DMI-28120-1,2000,366,366
DMI-28120-1,2001,365,365
DMI-28120-1,2002,365,365
DMI-28120-1,2003,365,365
DMI-28120-1,2004,366,366
DMI-28120-1,2005,365,365
DMI-28120-1,2006,365,365
DMI-28120-1,2007,365,365
DMI-28120-1,2008,366,366
DMI-28120-1,2009,365,365
DMI-28120-1,2010,1,365
DMI-28130-0,1996,296,366
DMI-28130-0,1997,365,365
DMI-28130-0,1998,365,365
DMI-28130-0,1999,365,365
DMI-28130-0,2000,366,366
DMI-28130-0,2001,365,365
DMI-28130-0,2002,365,365
DMI-28130-0,2003,1,365
DMI-28133-0,2003,29,365
DMI-28133-1,2004,364,366
DMI-28133-1,2005,365,365
DMI-28133-1,2006,365,365
DMI-28133-1,2007,121,365
DMI-28150-0,1996,296,366
DMI-28150-0,1997,365,365
DMI-28150-0,1998,365,365
DMI-28150-0,1999,365,365
DMI-28150-0,2000,366,366
DMI-28150-0,2001,365,365
DMI-28150-0,2002,365,365
DMI-28150-0,2003,365,365
DMI-28150-0,2004,366,366
DMI-28150-0,2005,365,365
DMI-28150-0,2006,365,365
DMI-28150-0,2007,1,365
DMI-28160-1,1996,296,366
DMI-28160-1,1997,365,365
DMI-28160-1,1998,365,365
DMI-28160-1,1999,305,365
DMI-28161-0,1999,59,365
DMI-28161-0,2000,366,366
DMI-28161-0,2001,365,365
DMI-28161-0,2002,365,365
DMI-28161-0,2003,365,365
DMI-28161-0,2004,366,366
DMI-28161-0,2005,365,365
DMI-28161-0,2006,365,365
DMI-28161-0,2007,365,365
DMI-28161-0,2008,366,366
DMI-28161-0,2009,365,365
DMI-28161-0,2010,1,365
DMI-28170-0,1996,296,366
DMI-28170-0,1997,365,365
DMI-28170-0,1998,365,365
DMI-28170-0,1999,365,365
DMI-28170-0,2000,366,366
DMI-28170-0,2001,365,365
DMI-28170-0,2002,365,365
DMI-28170-0,2003,365,365
DMI-28170-0,2004,366,366
DMI-28170-0,2005,365,365
DMI-28170-0,2006,365,365
DMI-28170-0,2007,365,365
DMI-28170-0,2008,366,366
DMI-28170-0,2009,91,365
DMI-28190-1,1996,296,366
DMI-28190-1,1997,365,365
DMI-28190-1,1998,245,365
DMI-28190-2,1998,121,365
DMI-28190-2,1999,61,365
DMI-28190-3,1999,305,365
DMI-28190-3,2000,366,366
DMI-28190-3,2001,365,365
DMI-28190-3,2002,365,365
DMI-28190-3,2003,274,365
DMI-28200-1,1996,296,366
DMI-28200-1,1997,365,365
DMI-28200-1,1998,365,365
DMI-28200-1,1999,365,365
DMI-28200-1,2000,366,366
DMI-28200-1,2001,365,365
DMI-28200-1,2002,365,365
DMI-28200-1,2003,365,365
DMI-28200-1,2004,366,366
DMI-28200-1,2005,263,365
DMI-28200-2,2005,103,365
DMI-28200-2,2006,365,365
DMI-28200-2,2007,365,365
DMI-28200-2,2008,366,366
DMI-28200-2,2009,365,365
DMI-28200-2,2010,1,365
DMI-28218-0,1996,296,366
DMI-28218-0,1997,365,365
DMI-28218-0,1998,365,365
DMI-28218-0,1999,365,365
DMI-28218-0,2000,366,366
DMI-28218-0,2001,365,365
DMI-28218-0,2002,365,365
DMI-28218-0,2003,100,365
DMI-28218-1,2003,223,365
DMI-28218-1,2004,32,366
DMI-28240-0,2002,305,365
DMI-28240-0,2003,365,365
DMI-28240-0,2004,366,366
DMI-28240-0,2005,365,365
DMI-28240-0,2006,365,365
DMI-28240-0,2007,365,365
DMI-28240-0,2008,366,366
DMI-28240-0,2009,365,365
DMI-28240-0,2010,365,365
DMI-28260-0,1996,296,366
DMI-28260-0,1997,365,365
DMI-28260-0,1998,365,365
DMI-28260-0,1999,365,365
DMI-28260-0,2000,366,366
DMI-28260-0,2001,365,365
DMI-28260-0,2002,365,365
DMI-28260-0,2003,365,365
DMI-28260-0,2004,366,366
DMI-28260-0,2005,365,365
DMI-28260-0,2006,365,365
DMI-28260-0,2007,1,365
DMI-28275-0,1998,274,365
DMI-28275-0,1999,365,365
DMI-28275-0,2000,366,366
DMI-28275-0,2001,365,365
DMI-28275-0,2002,365,365
DMI-28275-0,2003,92,365
DMI-28275-1,2003,274,365
DMI-28275-1,2004,366,366
DMI-28275-1,2005,365,365
DMI-28275-1,2006,365,365
DMI-28275-1,2007,365,365
DMI-28275-1,2008,366,366
DMI-28275-1,2009,91,365
DMI-28300-0,1996,296,366
DMI-28300-0,1997,365,365
DMI-28300-0,1998,365,365
DMI-28300-0,1999,365,365
DMI-28300-0,2000,366,366
DMI-28300-0,2001,365,365
DMI-28300-0,2002,365,365
DMI-28300-0,2003,365,365
DMI-28300-0,2004,366,366
DMI-28300-0,2005,365,365
DMI-28300-0,2006,365,365
DMI-28300-0,2007,365,365
DMI-28300-0,2008,366,366
DMI-28300-0,2009,32,365
DMI-28310-1,1996,296,366
DMI-28310-1,1997,365,365
DMI-28310-1,1998,365,365
DMI-28310-1,1999,365,365
DMI-28310-1,2000,366,366
DMI-28310-1,2001,365,365
DMI-28310-1,2002,365,365
DMI-28310-1,2003,365,365
DMI-28310-1,2004,366,366
DMI-28310-1,2005,365,365
DMI-28310-1,2006,365,365
DMI-28310-1,2007,1,365
DMI-28320-0,1996,296,366
DMI-28320-0,1997,365,365
DMI-28320-0,1998,365,365
DMI-28320-0,1999,365,365
DMI-28320-0,2000,366,366
DMI-28320-0,2001,365,365
DMI-28320-0,2002,365,365
DMI-28320-0,2003,152,365
DMI-28325-2,1996,296,366
DMI-28325-2,1997,365,365
DMI-28325-2,1998,365,365
DMI-28325-2,1999,365,365
DMI-28325-2,2000,366,366
DMI-28325-2,2001,365,365
DMI-28325-2,2002,365,365
DMI-28325-2,2003,365,365
DMI-28325-2,2004,366,366
DMI-28325-2,2005,365,365
DMI-28325-2,2006,365,365
DMI-28325-2,2007,1,365
DMI-28335-0,1996,296,366
DMI-28335-0,1997,365,365
DMI-28335-0,1998,365,365
DMI-28335-0,1999,365,365
DMI-28335-0,2000,366,366
DMI-28335-0,2001,365,365
DMI-28335-0,2002,365,365
DMI-28335-0,2003,365,365
DMI-28335-0,2004,366,366
DMI-28335-0,2005,365,365
DMI-28335-0,2006,365,365
DMI-28335-0,2007,365,365
DMI-28335-0,2008,366,366
DMI-28335-0,2009,365,365
DMI-28335-0,2010,213,365
DMI-28340-3,1996,296,366
DMI-28340-3,1997,365,365
DMI-28340-3,1998,365,365
DMI-28340-3,1999,365,365
DMI-28340-3,2000,366,366
DMI-28340-3,2001,365,365
DMI-28340-3,2002,365,365
DMI-28340-3,2003,121,365
DMI-28342-0,2003,243,365
DMI-28342-0,2004,366,366
DMI-28342-0,2005,152,365
DMI-28342-1,2005,141,365
DMI-28342-1,2006,365,365
DMI-28342-1,2007,365,365
DMI-28342-1,2008,366,366
DMI-28342-1,2009,91,365
DMI-28350-0,1996,296,366
DMI-28350-0,1997,365,365
DMI-28350-0,1998,365,365
DMI-28350-0,1999,365,365
DMI-28350-0,2000,366,366
DMI-28350-0,2001,365,365
DMI-28350-0,2002,365,365
DMI-28350-0,2003,365,365
DMI-28350-0,2004,366,366
DMI-28350-0,2005,1,365
DMI-28350-1,2005,347,365
DMI-28350-1,2006,365,365
DMI-28350-1,2007,1,365
DMI-28358-0,1996,296,366
DMI-28358-0,1997,365,365
DMI-28358-0,1998,365,365
DMI-28358-0,1999,274,365
DMI-28359-0,1999,90,365
DMI-28359-0,2000,366,366
DMI-28359-0,2001,365,365
DMI-28359-0,2002,365,365
DMI-28359-0,2003,365,365
DMI-28359-0,2004,366,366
DMI-28359-0,2005,365,365
DMI-28359-0,2006,365,365
DMI-28359-0,2007,365,365
DMI-28359-0,2008,366,366
DMI-28359-0,2009,365,365
DMI-28359-0,2010,1,365
DMI-28370-1,2001,29,365
DMI-28370-1,2002,113,365
DMI-28370-2,2002,253,365
DMI-28370-2,2003,365,365
DMI-28370-2,2004,366,366
DMI-28370-2,2005,365,365
DMI-28370-2,2006,365,365
DMI-28370-2,2007,1,365
DMI-28390-0,1996,296,366
DMI-28390-0,1997,365,365
DMI-28390-0,1998,365,365
DMI-28390-0,1999,365,365
DMI-28390-0,2000,366,366
DMI-28390-0,2001,365,365
DMI-28390-0,2002,365,365
DMI-28390-0,2003,365,365
DMI-28390-0,2004,366,366
DMI-28390-0,2005,365,365
DMI-28390-0,2006,365,365
DMI-28390-0,2007,365,365
DMI-28390-0,2008,366,366
DMI-28390-0,2009,91,365
DMI-28400-0,1996,296,366
DMI-28400-0,1997,365,365
DMI-28400-0,1998,365,365
DMI-28400-0,1999,365,365
DMI-28400-0,2000,366,366
DMI-28400-0,2001,365,365
DMI-28400-0,2002,365,365
DMI-28400-0,2003,365,365
DMI-28400-0,2004,161,366
DMI-28400-1,2004,206,366
DMI-28400-1,2005,365,365
DMI-28400-1,2006,365,365
DMI-28400-1,2007,365,365
DMI-28400-1,2008,366,366
DMI-28400-1,2009,91,365
DMI-28406-1,1996,296,366
DMI-28406-1,1997,365,365
DMI-28406-1,1998,365,365
DMI-28406-1,1999,365,365
DMI-28406-1,2000,366,366
DMI-28406-1,2001,335,365
DMI-28406-2,2002,256,365
DMI-28406-2,2003,365,365
DMI-28406-2,2004,366,366
DMI-28406-2,2005,365,365
DMI-28406-2,2006,365,365
DMI-28406-2,2007,365,365
DMI-28406-2,2008,366,366
DMI-28406-2,2009,365,365
DMI-28406-2,2010,365,365
DMI-28420-1,1996,296,366
DMI-28420-1,1997,365,365
DMI-28420-1,1998,365,365
DMI-28420-1,1999,365,365
DMI-28420-1,2000,366,366
DMI-28420-1,2001,365,365
DMI-28420-1,2002,365,365
DMI-28420-1,2003,365,365
DMI-28420-1,2004,366,366
DMI-28420-1,2005,365,365
DMI-28420-1,2006,365,365
DMI-28420-1,2007,1,365
DMI-28428-0,2001,29,365
DMI-28428-0,2002,365,365
DMI-28428-0,2003,365,365
DMI-28428-0,2004,366,366
DMI-28428-0,2005,365,365
DMI-28428-0,2006,365,365
DMI-28428-0,2007,1,365
DMI-28430-1,1996,296,366
DMI-28430-1,1997,365,365
DMI-28430-1,1998,365,365
DMI-28430-1,1999,365,365
DMI-28430-1,2000,366,366
DMI-28430-1,2001,335,365
DMI-28438-0,1996,296,366
DMI-28438-0,1997,365,365
DMI-28438-0,1998,365,365
DMI-28438-0,1999,365,365
DMI-28438-0,2000,366,366
DMI-28438-0,2001,365,365
DMI-28438-0,2002,365,365
DMI-28438-0,2003,251,365
DMI-28440-0,1996,296,366
DMI-28440-0,1997,365,365
DMI-28440-0,1998,365,365
DMI-28440-0,1999,365,365
DMI-28440-0,2000,366,366
DMI-28440-0,2001,306,365
DMI-28440-1,2001,60,365
DMI-28440-1,2002,365,365
DMI-28440-1,2003,365,365
DMI-28440-1,2004,366,366
DMI-28440-1,2005,365,365
DMI-28440-1,2006,365,365
DMI-28440-1,2007,365,365
DMI-28440-1,2008,366,366
DMI-28440-1,2009,365,365
DMI-28440-1,2010,1,365
DMI-28452-0,2003,113,365
DMI-28452-0,2004,245,366
DMI-28460-0,1996,296,366
DMI-28460-0,1997,306,365
DMI-28460-1,1997,60,365
DMI-28460-1,1998,365,365
DMI-28460-1,1999,365,365
DMI-28460-1,2000,366,366
DMI-28460-1,2001,365,365
DMI-28460-1,2002,365,365
DMI-28460-1,2003,365,365
DMI-28460-1,2004,304,366
DMI-28460-1,2005,365,365
DMI-28460-1,2006,365,365
DMI-28460-1,2007,1,365
DMI-28485-1,1996,296,366
DMI-28485-1,1997,365,365
DMI-28485-1,1998,365,365
DMI-28485-1,1999,365,365
DMI-28485-1,2000,366,366
DMI-28485-1,2001,365,365
DMI-28485-1,2002,365,365
DMI-28485-1,2003,365,365
DMI-28485-1,2004,366,366
DMI-28485-1,2005,365,365
DMI-28485-1,2006,365,365
DMI-28485-1,2007,1,365
DMI-28495-0,1996,296,366
DMI-28495-0,1997,365,365
DMI-28495-0,1998,365,365
DMI-28495-0,1999,365,365
DMI-28495-0,2000,366,366
DMI-28495-0,2001,365,365
DMI-28495-0,2002,365,365
DMI-28495-0,2003,365,365
DMI-28495-0,2004,366,366
DMI-28495-0,2005,365,365
DMI-28495-0,2006,365,365
DMI-28495-0,2007,365,365
DMI-28495-0,2008,366,366
DMI-28495-0,2009,91,365
DMI-28500-1,1996,296,366
DMI-28500-1,1997,365,365
DMI-28500-1,1998,365,365
DMI-28500-1,1999,365,365
DMI-28500-1,2000,366,366
DMI-28500-1,2001,365,365
DMI-28500-1,2002,365,365
DMI-28500-1,2003,365,365
DMI-28500-1,2004,366,366
DMI-28500-1,2005,365,365
DMI-28500-1,2006,365,365
DMI-28500-1,2007,1,365
DMI-28510-2,1996,296,366
DMI-28510-2,1997,365,365
DMI-28510-2,1998,365,365
DMI-28510-2,1999,365,365
DMI-28510-2,2000,366,366
DMI-28510-2,2001,365,365
DMI-28510-2,2002,365,365
DMI-28510-2,2003,365,365
DMI-28510-2,2004,366,366
DMI-28510-2,2005,365,365
DMI-28510-2,2006,365,365
DMI-28510-2,2007,365,365
DMI-28510-2,2008,366,366
DMI-28510-2,2009,132,365
DMI-28510-3,2009,234,365
DMI-28510-3,2010,1,365
DMI-28535-1,1996,296,366
DMI-28535-1,1997,365,365
DMI-28535-1,1998,365,365
DMI-28535-1,1999,365,365
DMI-28535-1,2000,366,366
DMI-28535-1,2001,365,365
DMI-28535-1,2002,365,365
DMI-28535-1,2003,203,365
DMI-28535-1,2004,366,366
DMI-28535-1,2005,91,365
DMI-28565-0,2001,363,365
DMI-28565-0,2002,365,365
DMI-28565-0,2003,365,365
DMI-28565-0,2004,366,366
DMI-28565-0,2005,365,365
DMI-28565-0,2006,1,365
DMI-28570-0,1996,296,366
DMI-28570-0,1997,365,365
DMI-28570-0,1998,365,365
DMI-28570-0,1999,365,365
DMI-28570-0,2000,366,366
DMI-28570-0,2001,1,365
DMI-28570-1,2006,182,365
DMI-28570-1,2007,1,365
DMI-28600-3,1996,296,366
DMI-28600-3,1997,365,365
DMI-28600-3,1998,365,365
DMI-28600-3,1999,365,365
DMI-28600-3,2000,366,366
DMI-28600-3,2001,365,365
DMI-28600-3,2002,214,365
DMI-28600-4,2002,152,365
DMI-28600-4,2003,365,365
DMI-28600-4,2004,366,366
DMI-28600-4,2005,365,365
DMI-28600-4,2006,365,365
DMI-28600-4,2007,1,365
DMI-28620-0,2003,120,365
DMI-28620-0,2004,366,366
DMI-28620-0,2005,249,365
DMI-28630-0,2005,120,365
DMI-28630-0,2006,365,365
DMI-28630-0,2007,365,365
DMI-28630-0,2008,366,366
DMI-28630-0,2009,91,365
DMI-28640-0,1996,296,366
DMI-28640-0,1997,365,365
DMI-28640-0,1998,365,365
DMI-28640-0,1999,365,365
DMI-28640-0,2000,366,366
DMI-28640-0,2001,365,365
DMI-28640-0,2002,365,365
DMI-28640-0,2003,244,365
DMI-29005-0,1996,296,366
DMI-29005-0,1997,365,365
DMI-29005-0,1998,365,365
DMI-29005-0,1999,365,365
DMI-29005-0,2000,366,366
DMI-29005-0,2001,365,365
DMI-29005-0,2002,365,365
DMI-29005-0,2003,365,365
DMI-29005-0,2004,366,366
DMI-29005-0,2005,365,365
DMI-29005-0,2006,365,365
DMI-29005-0,2007,365,365
DMI-29005-0,2008,366,366
DMI-29005-0,2009,365,365
DMI-29005-0,2010,1,365
DMI-29010-0,1996,296,366
DMI-29010-0,1997,365,365
DMI-29010-0,1998,365,365
DMI-29010-0,1999,365,365
DMI-29010-0,2000,366,366
DMI-29010-0,2001,365,365
DMI-29010-0,2002,11,365
DMI-29010-1,2002,355,365
DMI-29010-1,2003,365,365
DMI-29010-1,2004,183,366
DMI-29010-2,2004,120,366
DMI-29010-2,2005,335,365
DMI-29013-0,1996,296,366
DMI-29013-0,1997,365,365
DMI-29013-0,1998,365,365
DMI-29013-0,1999,365,365
DMI-29013-0,2000,366,366
DMI-29013-0,2001,365,365
DMI-29013-0,2002,365,365
DMI-29013-0,2003,182,365
DMI-29013-1,2003,77,365
DMI-29013-1,2004,366,366
DMI-29013-1,2005,365,365
DMI-29013-1,2006,365,365
DMI-29013-1,2007,365,365
DMI-29013-1,2008,366,366
DMI-29013-1,2009,91,365
DMI-29017-0,1996,296,366
DMI-29017-0,1997,365,365
DMI-29017-0,1998,365,365
DMI-29017-0,1999,365,365
DMI-29017-0,2000,366,366
DMI-29017-0,2001,365,365
DMI-29017-0,2002,365,365
DMI-29017-0,2003,365,365
DMI-29017-0,2004,366,366
DMI-29017-0,2005,32,365
DMI-29030-2,1996,296,366
DMI-29030-2,1997,365,365
DMI-29030-2,1998,365,365
DMI-29030-2,1999,365,365
DMI-29030-2,2000,366,366
DMI-29030-2,2001,365,365
DMI-29030-2,2002,365,365
DMI-29030-2,2003,365,365
DMI-29030-2,2004,366,366
DMI-29030-2,2005,365,365
DMI-29030-2,2006,365,365
DMI-29030-2,2007,365,365
DMI-29030-2,2008,366,366
DMI-29030-2,2009,365,365
DMI-29030-2,2010,1,365
DMI-29040-1,1996,296,366
DMI-29040-1,1997,365,365
DMI-29040-1,1998,365,365
DMI-29040-1,1999,365,365
DMI-29040-1,2000,366,366
DMI-29040-1,2001,365,365
DMI-29040-1,2002,365,365
DMI-29040-1,2003,365,365
DMI-29040-1,2004,366,366
DMI-29040-1,2005,365,365
DMI-29040-1,2006,365,365
DMI-29040-1,2007,1,365
DMI-29045-0,1996,296,366
DMI-29045-0,1997,365,365
DMI-29045-0,1998,365,365
DMI-29045-0,1999,365,365
DMI-29045-0,2000,366,366
DMI-29045-0,2001,365,365
DMI-29045-0,2002,365,365
DMI-29045-0,2003,365,365
DMI-29045-0,2004,366,366
DMI-29045-0,2005,365,365
DMI-29045-0,2006,365,365
DMI-29045-0,2007,1,365
DMI-29062-0,1996,296,366
DMI-29062-0,1997,365,365
DMI-29062-0,1998,365,365
DMI-29062-0,1999,365,365
DMI-29062-0,2000,366,366
DMI-29062-0,2001,365,365
DMI-29062-0,2002,121,365
DMI-29062-1,2002,212,365
DMI-29062-1,2003,365,365
DMI-29062-1,2004,366,366
DMI-29062-1,2005,365,365
DMI-29062-1,2006,365,365
DMI-29062-1,2007,365,365
DMI-29062-1,2008,336,366
DMI-29063-0,2008,29,366
DMI-29063-0,2009,365,365
DMI-29063-0,2010,365,365
DMI-29068-0,1996,121,366
DMI-29068-0,1997,365,365
DMI-29068-0,1998,365,365
DMI-29068-0,1999,305,365
DMI-29070-0,1996,296,366
DMI-29070-0,1997,365,365
DMI-29070-0,1998,365,365
DMI-29070-0,1999,365,365
DMI-29070-0,2000,366,366
DMI-29070-0,2001,365,365
DMI-29070-0,2002,365,365
DMI-29070-0,2003,365,365
DMI-29070-0,2004,366,366
DMI-29070-0,2005,365,365
DMI-29070-0,2006,365,365
DMI-29070-0,2007,1,365
DMI-29075-0,1996,296,366
DMI-29075-0,1997,365,365
DMI-29075-0,1998,365,365
DMI-29075-0,1999,365,365
DMI-29075-0,2000,366,366
DMI-29075-0,2001,365,365
DMI-29075-0,2002,365,365
DMI-29075-0,2003,365,365
DMI-29075-0,2004,366,366
DMI-29075-0,2005,365,365
DMI-29075-0,2006,91,365
DMI-29075-1,2006,212,365
DMI-29075-1,2007,365,365
DMI-29075-1,2008,366,366
DMI-29075-1,2009,91,365
DMI-29080-1,1996,296,366
DMI-29080-1,1997,365,365
DMI-29080-1,1998,365,365
DMI-29080-1,1999,365,365
DMI-29080-1,2000,337,366
DMI-29080-2,2000,30,366
DMI-29080-2,2001,365,365
DMI-29080-2,2002,365,365
DMI-29080-2,2003,365,365
DMI-29080-2,2004,366,366
DMI-29080-2,2005,365,365
DMI-29080-2,2006,365,365
DMI-29080-2,2007,1,365
DMI-29082-0,1996,296,366
DMI-29082-0,1997,365,365
DMI-29082-0,1998,365,365
DMI-29082-0,1999,365,365
DMI-29082-0,2000,366,366
DMI-29082-0,2001,365,365
DMI-29082-0,2002,365,365
DMI-29082-0,2003,365,365
DMI-29082-0,2004,215,366
DMI-29082-1,2004,152,366
DMI-29082-1,2005,365,365
DMI-29082-1,2006,365,365
DMI-29082-1,2007,365,365
DMI-29082-1,2008,366,366
DMI-29082-1,2009,365,365
DMI-29082-1,2010,365,365
DMI-29090-1,1996,296,366
DMI-29090-1,1997,365,365
DMI-29090-1,1998,365,365
DMI-29090-1,1999,305,365
DMI-29090-2,1999,29,365
DMI-29090-2,2000,366,366
DMI-29090-2,2001,365,365
DMI-29090-2,2002,365,365
DMI-29090-2,2003,182,365
DMI-29090-3,2003,75,365
DMI-29090-3,2004,366,366
DMI-29090-3,2005,365,365
DMI-29090-3,2006,365,365
DMI-29090-3,2007,365,365
DMI-29090-3,2008,366,366
DMI-29090-3,2009,365,365
DMI-29090-3,2010,1,365
DMI-29136-0,1996,296,366
DMI-29136-0,1997,365,365
DMI-29136-0,1998,365,365
DMI-29136-0,1999,365,365
DMI-29136-0,2000,366,366
DMI-29136-0,2001,365,365
DMI-29136-0,2002,365,365
DMI-29136-0,2003,365,365
DMI-29136-0,2004,366,366
DMI-29136-0,2005,365,365
DMI-29136-0,2006,365,365
DMI-29136-0,2007,365,365
DMI-29136-0,2008,366,366
DMI-29136-0,2009,365,365
DMI-29136-0,2010,1,365
DMI-29150-0,1996,296,366
DMI-29150-0,1997,365,365
DMI-29150-0,1998,365,365
DMI-29150-0,1999,365,365
DMI-29150-0,2000,366,366
DMI-29150-0,2001,365,365
DMI-29150-0,2002,365,365
DMI-29150-0,2003,365,365
DMI-29150-0,2004,366,366
DMI-29150-0,2005,91,365
DMI-29162-0,1996,296,366
DMI-29162-0,1997,365,365
DMI-29162-0,1998,365,365
DMI-29162-0,1999,365,365
DMI-29162-0,2000,366,366
DMI-29162-0,2001,213,365
DMI-29162-1,2001,29,365
DMI-29162-1,2002,365,365
DMI-29162-1,2003,365,365
DMI-29162-1,2004,366,366
DMI-29162-1,2005,365,365
DMI-29162-1,2006,365,365
DMI-29162-1,2007,365,365
DMI-29162-1,2008,366,366
DMI-29162-1,2009,91,365
DMI-29168-0,2002,151,365
DMI-29168-0,2003,365,365
DMI-29168-0,2004,366,366
DMI-29168-0,2005,365,365
DMI-29168-0,2006,365,365
DMI-29168-0,2007,1,365
DMI-29170-4,1996,296,366
DMI-29170-4,1997,365,365
DMI-29170-4,1998,365,365
DMI-29170-4,1999,365,365
DMI-29170-4,2000,366,366
DMI-29170-4,2001,365,365
DMI-29170-4,2002,213,365
DMI-29180-0,1996,296,366
DMI-29180-0,1997,365,365
DMI-29180-0,1998,365,365
DMI-29180-0,1999,365,365
DMI-29180-0,2000,366,366
DMI-29180-0,2001,365,365
DMI-29180-0,2002,365,365
DMI-29180-0,2003,365,365
DMI-29180-0,2004,366,366
DMI-29180-0,2005,365,365
DMI-29180-0,2006,365,365
DMI-29180-0,2007,1,365
DMI-29185-1,1996,296,366
DMI-29185-1,1997,365,365
DMI-29185-1,1998,365,365
DMI-29185-1,1999,229,365
DMI-29185-2,1999,137,365
DMI-29185-2,2000,366,366
DMI-29185-2,2001,365,365
DMI-29185-2,2002,365,365
DMI-29185-2,2003,365,365
DMI-29185-2,2004,366,366
DMI-29185-2,2005,1,365
DMI-29188-0,2004,120,366
DMI-29188-0,2005,244,365
DMI-29199-0,1996,296,366
DMI-29199-0,1997,365,365
DMI-29199-0,1998,365,365
DMI-29199-0,1999,365,365
DMI-29199-0,2000,366,366
DMI-29199-0,2001,365,365
DMI-29199-0,2002,365,365
DMI-29199-0,2003,365,365
DMI-29199-0,2004,366,366
DMI-29199-0,2005,365,365
DMI-29199-0,2006,365,365
DMI-29199-0,2007,1,365
DMI-29209-0,1999,59,365
DMI-29209-0,2000,366,366
DMI-29209-0,2001,365,365
DMI-29209-0,2002,365,365
DMI-29209-0,2003,365,365
DMI-29209-0,2004,366,366
DMI-29209-0,2005,365,365
DMI-29209-0,2006,365,365
DMI-29209-0,2007,365,365
DMI-29209-0,2008,366,366
DMI-29209-0,2009,365,365
DMI-29209-0,2010,365,365
DMI-29210-2,1996,296,366
DMI-29210-2,1997,365,365
DMI-29210-2,1998,365,365
DMI-29210-2,1999,305,365
DMI-29217-0,2005,243,365
DMI-29217-0,2006,20,365
DMI-29230-0,1996,296,366
DMI-29230-0,1997,365,365
DMI-29230-0,1998,365,365
DMI-29230-0,1999,365,365
DMI-29230-0,2000,366,366
DMI-29230-0,2001,365,365
DMI-29230-0,2002,365,365
DMI-29230-0,2003,365,365
DMI-29230-0,2004,366,366
DMI-29230-0,2005,365,365
DMI-29230-0,2006,365,365
DMI-29230-0,2007,1,365
DMI-29250-0,1996,296,366
DMI-29250-0,1997,365,365
DMI-29250-0,1998,365,365
DMI-29250-0,1999,365,365
DMI-29250-0,2000,366,366
DMI-29250-0,2001,365,365
DMI-29250-0,2002,365,365
DMI-29250-0,2003,365,365
DMI-29250-0,2004,366,366
DMI-29250-0,2005,365,365
DMI-29250-0,2006,365,365
DMI-29250-0,2007,1,365
DMI-29258-0,1996,296,366
DMI-29258-0,1997,365,365
DMI-29258-0,1998,365,365
DMI-29258-0,1999,365,365
DMI-29258-0,2000,366,366
DMI-29258-0,2001,306,365
DMI-29258-1,2001,60,365
DMI-29258-1,2002,365,365
DMI-29258-1,2003,365,365
DMI-29258-1,2004,336,366
DMI-29275-0,1996,296,366
DMI-29275-0,1997,365,365
DMI-29275-0,1998,365,365
DMI-29275-0,1999,365,365
DMI-29275-0,2000,366,366
DMI-29275-0,2001,365,365
DMI-29275-0,2002,365,365
DMI-29275-0,2003,182,365
DMI-29290-2,1996,296,366
DMI-29290-2,1997,365,365
DMI-29290-2,1998,365,365
DMI-29290-2,1999,365,365
DMI-29290-2,2000,246,366
DMI-29290-3,2000,121,366
DMI-29290-3,2001,365,365
DMI-29290-3,2002,365,365
DMI-29290-3,2003,365,365
DMI-29290-3,2004,366,366
DMI-29290-3,2005,365,365
DMI-29290-3,2006,365,365
DMI-29290-3,2007,365,365
DMI-29290-3,2008,366,366
DMI-29290-3,2009,91,365
DMI-29300-0,1996,296,366
DMI-29300-0,1997,365,365
DMI-29300-0,1998,365,365
DMI-29300-0,1999,365,365
DMI-29300-0,2000,366,366
DMI-29300-0,2001,365,365
DMI-29300-0,2002,365,365
DMI-29300-0,2003,365,365
DMI-29300-0,2004,366,366
DMI-29300-0,2005,365,365
DMI-29300-0,2006,365,365
DMI-29300-0,2007,365,365
DMI-29300-0,2008,366,366
DMI-29300-0,2009,365,365
DMI-29300-0,2010,213,365
DMI-29320-1,1996,296,366
DMI-29320-1,1997,365,365
DMI-29320-1,1998,255,365
DMI-29320-2,1998,52,365
DMI-29320-3,1998,60,365
DMI-29320-3,1999,365,365
DMI-29320-3,2000,366,366
DMI-29320-3,2001,365,365
DMI-29320-3,2002,365,365
DMI-29320-3,2003,365,365
DMI-29320-3,2004,366,366
DMI-29320-3,2005,365,365
DMI-29320-3,2006,365,365
DMI-29320-3,2007,1,365
DMI-29335-0,1996,296,366
DMI-29335-0,1997,365,365
DMI-29335-0,1998,365,365
DMI-29335-0,1999,365,365
DMI-29335-0,2000,366,366
DMI-29335-0,2001,365,365
DMI-29335-0,2002,365,365
DMI-29335-0,2003,365,365
DMI-29335-0,2004,366,366
DMI-29335-0,2005,335,365
DMI-29340-0,1996,296,366
DMI-29340-0,1997,365,365
DMI-29340-0,1998,365,365
DMI-29340-0,1999,1,365
DMI-29350-2,1998,59,365
DMI-29350-2,1999,365,365
DMI-29350-2,2000,366,366
DMI-29350-2,2001,365,365
DMI-29350-2,2002,365,365
DMI-29350-2,2003,365,365
DMI-29350-2,2004,366,366
DMI-29350-2,2005,365,365
DMI-29350-2,2006,365,365
DMI-29350-2,2007,1,365
DMI-29355-1,1996,296,366
DMI-29355-1,1997,365,365
DMI-29355-1,1998,365,365
DMI-29355-1,1999,365,365
DMI-29355-1,2000,366,366
DMI-29355-1,2001,365,365
DMI-29355-1,2002,365,365
DMI-29355-1,2003,365,365
DMI-29355-1,2004,366,366
DMI-29355-1,2005,365,365
DMI-29355-1,2006,365,365
DMI-29355-1,2007,1,365
DMI-29360-0,1996,296,366
DMI-29360-0,1997,365,365
DMI-29360-0,1998,365,365
DMI-29360-0,1999,365,365
DMI-29360-0,2000,366,366
DMI-29360-0,2001,182,365
DMI-29380-0,1996,296,366
DMI-29380-0,1997,365,365
DMI-29380-0,1998,365,365
DMI-29380-0,1999,365,365
DMI-29380-0,2000,366,366
DMI-29380-0,2001,365,365
DMI-29380-0,2002,365,365
DMI-29380-0,2003,365,365
DMI-29380-0,2004,366,366
DMI-29380-0,2005,365,365
DMI-29380-0,2006,365,365
DMI-29380-0,2007,1,365
DMI-29400-1,1996,296,366
DMI-29400-1,1997,365,365
DMI-29400-1,1998,365,365
DMI-29400-1,1999,365,365
DMI-29400-1,2000,366,366
DMI-29400-1,2001,365,365
DMI-29400-1,2002,365,365
DMI-29400-1,2003,182,365
DMI-29410-0,1996,296,366
DMI-29410-0,1997,365,365
DMI-29410-0,1998,365,365
DMI-29410-0,1999,365,365
DMI-29410-0,2000,366,366
DMI-29410-0,2001,365,365
DMI-29410-0,2002,365,365
DMI-29410-0,2003,365,365
DMI-29410-0,2004,366,366
DMI-29410-0,2005,365,365
DMI-29410-0,2006,365,365
DMI-29410-0,2007,365,365
DMI-29410-0,2008,366,366
DMI-29410-0,2009,365,365
DMI-29410-0,2010,1,365
DMI-29441-0,1996,296,366
DMI-29441-0,1997,365,365
DMI-29441-0,1998,365,365
DMI-29441-0,1999,365,365
DMI-29441-0,2000,366,366
DMI-29441-0,2001,92,365
DMI-29441-1,2001,274,365
DMI-29441-1,2002,365,365
DMI-29441-1,2003,91,365
DMI-29450-1,1996,296,366
DMI-29450-1,1997,365,365
DMI-29450-1,1998,365,365
DMI-29450-1,1999,365,365
DMI-29450-1,2000,366,366
DMI-29450-1,2001,365,365
DMI-29450-1,2002,365,365
DMI-29450-1,2003,365,365
DMI-29450-1,2004,366,366
DMI-29450-1,2005,365,365
DMI-29450-1,2006,365,365
DMI-29450-1,2007,1,365
DMI-29455-0,1996,296,366
DMI-29455-0,1997,365,365
DMI-29455-0,1998,365,365
DMI-29455-0,1999,365,365
DMI-29455-0,2000,366,366
DMI-29455-0,2001,365,365
DMI-29455-0,2002,365,365
DMI-29455-0,2003,365,365
DMI-29455-0,2004,366,366
DMI-29455-0,2005,365,365
DMI-29455-0,2006,365,365
DMI-29455-0,2007,365,365
DMI-29455-0,2008,366,366
DMI-29455-0,2009,365,365
DMI-29455-0,2010,365,365
DMI-29465-1,1996,296,366
DMI-29465-1,1997,365,365
DMI-29465-1,1998,365,365
DMI-29465-1,1999,365,365
DMI-29465-1,2000,366,366
DMI-29465-1,2001,365,365
DMI-29465-1,2002,365,365
DMI-29465-1,2003,365,365
DMI-29465-1,2004,366,366
DMI-29465-1,2005,365,365
DMI-29465-1,2006,365,365
DMI-29465-1,2007,365,365
DMI-29465-1,2008,366,366
DMI-29465-1,2009,91,365
DMI-29467-1,1996,296,366
DMI-29467-1,1997,365,365
DMI-29467-1,1998,365,365
DMI-29467-1,1999,365,365
DMI-29467-1,2000,83,366
DMI-29467-2,2000,284,366
DMI-29467-2,2001,245,365
DMI-29467-3,2001,121,365
DMI-29467-3,2002,365,365
DMI-29467-3,2003,182,365
DMI-29470-0,1996,296,366
DMI-29470-0,1997,365,365
DMI-29470-0,1998,244,365
DMI-30010-0,1996,296,366
DMI-30010-0,1997,365,365
DMI-30010-0,1998,365,365
DMI-30010-0,1999,365,365
DMI-30010-0,2000,366,366
DMI-30010-0,2001,365,365
DMI-30010-0,2002,365,365
DMI-30010-0,2003,365,365
DMI-30010-0,2004,1,366
DMI-30019-0,1996,296,366
DMI-30019-0,1997,365,365
DMI-30019-0,1998,365,365
DMI-30019-0,1999,365,365
DMI-30019-0,2000,366,366
DMI-30019-0,2001,365,365
DMI-30019-0,2002,365,365
DMI-30019-0,2003,365,365
DMI-30019-0,2004,366,366
DMI-30019-0,2005,365,365
DMI-30019-0,2006,365,365
DMI-30019-0,2007,1,365
DMI-30026-0,2000,213,366
DMI-30026-0,2001,365,365
DMI-30026-0,2002,365,365
DMI-30026-0,2003,365,365
DMI-30026-0,2004,366,366
DMI-30026-0,2005,365,365
DMI-30026-0,2006,365,365
DMI-30026-0,2007,365,365
DMI-30026-0,2008,366,366
DMI-30026-0,2009,365,365
DMI-30026-0,2010,365,365
DMI-30030-0,1996,296,366
DMI-30030-0,1997,365,365
DMI-30030-0,1998,365,365
DMI-30030-0,1999,365,365
DMI-30030-0,2000,366,366
DMI-30030-0,2001,365,365
DMI-30030-0,2002,365,365
DMI-30030-0,2003,365,365
DMI-30030-0,2004,366,366
DMI-30030-0,2005,365,365
DMI-30030-0,2006,365,365
DMI-30030-0,2007,365,365
DMI-30030-0,2008,366,366
DMI-30030-0,2009,152,365
DMI-30050-2,1996,296,366
DMI-30050-2,1997,365,365
DMI-30050-2,1998,365,365
DMI-30050-2,1999,365,365
DMI-30050-2,2000,366,366
DMI-30050-2,2001,365,365
DMI-30050-2,2002,365,365
DMI-30050-2,2003,365,365
DMI-30050-2,2004,366,366
DMI-30050-2,2005,365,365
DMI-30050-2,2006,274,365
DMI-30055-1,2001,29,365
DMI-30055-1,2002,365,365
DMI-30055-1,2003,365,365
DMI-30055-1,2004,366,366
DMI-30055-1,2005,365,365
DMI-30055-1,2006,365,365
DMI-30055-1,2007,365,365
DMI-30055-1,2008,366,366
DMI-30055-1,2009,91,365
DMI-30070-0,1996,296,366
DMI-30070-0,1997,365,365
DMI-30070-0,1998,365,365
DMI-30070-0,1999,365,365
DMI-30070-0,2000,1,366
DMI-30075-0,2000,365,366
DMI-30075-0,2001,365,365
DMI-30075-0,2002,365,365
DMI-30075-0,2003,365,365
DMI-30075-0,2004,366,366
DMI-30075-0,2005,365,365
DMI-30075-0,2006,365,365
DMI-30075-0,2007,365,365
DMI-30075-0,2008,366,366
DMI-30075-0,2009,365,365
DMI-30075-0,2010,365,365
DMI-30078-0,1996,296,366
DMI-30078-0,1997,365,365
DMI-30078-0,1998,365,365
DMI-30078-0,1999,365,365
DMI-30078-0,2000,366,366
DMI-30078-0,2001,365,365
DMI-30078-0,2002,365,365
DMI-30078-0,2003,365,365
DMI-30078-0,2004,245,366
DMI-30081-1,1996,296,366
DMI-30081-1,1997,365,365
DMI-30081-1,1998,365,365
DMI-30081-1,1999,365,365
DMI-30081-1,2000,366,366
DMI-30081-1,2001,365,365
DMI-30081-1,2002,284,365
DMI-30081-2,2002,82,365
DMI-30081-2,2003,365,365
DMI-30081-2,2004,366,366
DMI-30081-2,2005,365,365
DMI-30081-2,2006,365,365
DMI-30081-2,2007,1,365
DMI-30087-0,2003,76,365
DMI-30087-0,2004,366,366
DMI-30087-0,2005,365,365
DMI-30087-0,2006,365,365
DMI-30087-0,2007,365,365
DMI-30087-0,2008,366,366
DMI-30087-0,2009,91,365
DMI-30089-0,1996,296,366
DMI-30089-0,1997,365,365
DMI-30089-0,1998,365,365
DMI-30089-0,1999,365,365
DMI-30089-0,2000,366,366
DMI-30089-0,2001,336,365
DMI-30089-1,2001,30,365
DMI-30089-1,2002,365,365
DMI-30089-1,2003,33,365
DMI-30089-2,2003,89,365
DMI-30105-0,1996,296,366
DMI-30105-0,1997,365,365
DMI-30105-0,1998,365,365
DMI-30105-0,1999,365,365
DMI-30105-0,2000,366,366
DMI-30105-0,2001,365,365
DMI-30105-0,2002,365,365
DMI-30105-0,2003,365,365
DMI-30105-0,2004,183,366
DMI-30108-0,1996,296,366
DMI-30108-0,1997,365,365
DMI-30108-0,1998,365,365
DMI-30108-0,1999,365,365
DMI-30108-0,2000,366,366
DMI-30108-0,2001,365,365
DMI-30108-0,2002,365,365
DMI-30108-0,2003,305,365
DMI-30111-0,2003,54,365
DMI-30111-0,2004,366,366
DMI-30111-0,2005,152,365
DMI-30111-0,2006,365,365
DMI-30111-0,2007,1,365
DMI-30122-0,1996,296,366
DMI-30122-0,1997,365,365
DMI-30122-0,1998,365,365
DMI-30122-0,1999,365,365
DMI-30122-0,2000,366,366
DMI-30122-0,2001,365,365
DMI-30122-0,2002,1,365
DMI-30123-0,2002,363,365
DMI-30123-0,2003,365,365
DMI-30123-0,2004,366,366
DMI-30123-0,2005,365,365
DMI-30123-0,2006,365,365
DMI-30123-0,2007,305,365
DMI-30130-0,1996,296,366
DMI-30130-0,1997,365,365
DMI-30130-0,1998,365,365
DMI-30130-0,1999,365,365
DMI-30130-0,2000,366,366
DMI-30130-0,2001,365,365
DMI-30130-0,2002,365,365
DMI-30130-0,2003,365,365
DMI-30130-0,2004,366,366
DMI-30130-0,2005,365,365
DMI-30130-0,2006,365,365
DMI-30130-0,2007,365,365
DMI-30130-0,2008,366,366
DMI-30130-0,2009,91,365
DMI-30140-1,1996,296,366
DMI-30140-1,1997,365,365
DMI-30140-1,1998,365,365
DMI-30140-1,1999,365,365
DMI-30140-1,2000,366,366
DMI-30140-1,2001,365,365
DMI-30140-1,2002,365,365
DMI-30140-1,2003,365,365
DMI-30140-1,2004,366,366
DMI-30140-1,2005,365,365
DMI-30140-1,2006,365,365
DMI-30140-1,2007,1,365
DMI-30146-0,2004,182,366
DMI-30146-0,2005,365,365
DMI-30146-0,2006,365,365
DMI-30146-0,2007,365,365
DMI-30146-0,2008,366,366
DMI-30146-0,2009,365,365
DMI-30146-0,2010,1,365
DMI-30148-0,1996,296,366
DMI-30148-0,1997,365,365
DMI-30148-0,1998,365,365
DMI-30148-0,1999,365,365
DMI-30148-0,2000,366,366
DMI-30148-0,2001,365,365
DMI-30148-0,2002,365,365
DMI-30148-0,2003,365,365
DMI-30148-0,2004,366,366
DMI-30148-0,2005,60,365
DMI-30164-0,1996,29,366
DMI-30164-0,1997,365,365
DMI-30164-0,1998,365,365
DMI-30164-0,1999,365,365
DMI-30164-0,2000,366,366
DMI-30164-0,2001,365,365
DMI-30164-0,2002,365,365
DMI-30164-0,2003,91,365
DMI-30180-0,1996,296,366
DMI-30180-0,1997,365,365
DMI-30180-0,1998,365,365
DMI-30180-0,1999,365,365
DMI-30180-0,2000,366,366
DMI-30180-0,2001,365,365
DMI-30180-0,2002,365,365
DMI-30180-0,2003,365,365
DMI-30180-0,2004,366,366
DMI-30180-0,2005,365,365
DMI-30180-0,2006,365,365
DMI-30180-0,2007,365,365
DMI-30180-0,2008,366,366
DMI-30180-0,2009,91,365
DMI-30186-0,1996,296,366
DMI-30186-0,1997,365,365
DMI-30186-0,1998,365,365
DMI-30186-0,1999,365,365
DMI-30186-0,2000,366,366
DMI-30186-0,2001,365,365
DMI-30186-0,2002,365,365
DMI-30186-0,2003,91,365
DMI-30188-0,1996,296,366
DMI-30188-0,1997,365,365
DMI-30188-0,1998,365,365
DMI-30188-0,1999,365,365
DMI-30188-0,2000,366,366
DMI-30188-0,2001,365,365
DMI-30188-0,2002,365,365
DMI-30188-0,2003,208,365
DMI-30205-0,1997,120,365
DMI-30205-0,1998,91,365
DMI-30214-0,1996,296,366
DMI-30214-0,1997,365,365
DMI-30214-0,1998,365,365
DMI-30214-0,1999,365,365
DMI-30214-0,2000,366,366
DMI-30214-0,2001,365,365
DMI-30214-0,2002,365,365
DMI-30214-0,2003,365,365
DMI-30214-0,2004,366,366
DMI-30214-0,2005,365,365
DMI-30214-0,2006,365,365
DMI-30214-0,2007,365,365
DMI-30214-0,2008,366,366
DMI-30214-0,2009,365,365
DMI-30214-0,2010,365,365
DMI-30216-0,1996,296,366
DMI-30216-0,1997,365,365
DMI-30216-0,1998,365,365
DMI-30216-0,1999,365,365
DMI-30216-0,2000,366,366
DMI-30216-0,2001,32,365
DMI-30220-1,1996,296,366
DMI-30220-1,1997,182,365
DMI-30230-0,1996,296,366
DMI-30230-0,1997,365,365
DMI-30230-0,1998,365,365
DMI-30230-0,1999,365,365
DMI-30230-0,2000,366,366
DMI-30230-0,2001,365,365
DMI-30230-0,2002,365,365
DMI-30230-0,2003,365,365
DMI-30230-0,2004,366,366
DMI-30230-0,2005,365,365
DMI-30230-0,2006,365,365
DMI-30230-0,2007,365,365
DMI-30230-0,2008,366,366
DMI-30230-0,2009,365,365
DMI-30230-0,2010,1,365
DMI-30240-0,1996,296,366
DMI-30240-0,1997,365,365
DMI-30240-0,1998,365,365
DMI-30240-0,1999,365,365
DMI-30240-0,2000,366,366
DMI-30240-0,2001,365,365
DMI-30240-0,2002,365,365
DMI-30240-0,2003,365,365
DMI-30240-0,2004,366,366
DMI-30240-0,2005,365,365
DMI-30240-0,2006,335,365
DMI-30275-0,1996,296,366
DMI-30275-0,1997,365,365
DMI-30275-0,1998,211,365
DMI-30275-0,1999,365,365
DMI-30275-0,2000,366,366
DMI-30275-0,2001,365,365
DMI-30275-0,2002,365,365
DMI-30275-0,2003,365,365
DMI-30275-0,2004,366,366
DMI-30275-0,2005,365,365
DMI-30275-0,2006,365,365
DMI-30275-0,2007,365,365
DMI-30275-0,2008,366,366
DMI-30275-0,2009,365,365
DMI-30275-0,2010,213,365
DMI-30290-0,1996,296,366
DMI-30290-0,1997,365,365
DMI-30290-0,1998,365,365
DMI-30290-0,1999,365,365
DMI-30290-0,2000,366,366
DMI-30290-0,2001,365,365
DMI-30290-0,2002,365,365
DMI-30290-0,2003,365,365
DMI-30290-0,2004,366,366
DMI-30290-0,2005,365,365
DMI-30290-0,2006,365,365
DMI-30290-0,2007,1,365
DMI-30300-0,1996,296,366
DMI-30300-0,1997,365,365
DMI-30300-0,1998,365,365
DMI-30300-0,1999,365,365
DMI-30300-0,2000,366,366
DMI-30300-0,2001,365,365
DMI-30300-0,2002,365,365
DMI-30300-0,2003,365,365
DMI-30300-0,2004,366,366
DMI-30300-0,2005,60,365
DMI-30310-0,1996,296,366
DMI-30310-0,1997,365,365
DMI-30310-0,1998,365,365
DMI-30310-0,1999,365,365
DMI-30310-0,2000,366,366
DMI-30310-0,2001,365,365
DMI-30310-0,2002,365,365
DMI-30310-0,2003,365,365
DMI-30310-0,2004,366,366
DMI-30310-0,2005,365,365
DMI-30310-0,2006,365,365
DMI-30310-0,2007,1,365
DMI-30320-0,1996,296,366
DMI-30320-0,1997,365,365
DMI-30320-0,1998,365,365
DMI-30320-0,1999,365,365
DMI-30320-0,2000,366,366
DMI-30320-0,2001,365,365
DMI-30320-0,2002,365,365
DMI-30320-0,2003,365,365
DMI-30320-0,2004,366,366
DMI-30320-0,2005,365,365
DMI-30320-0,2006,365,365
DMI-30320-0,2007,1,365
DMI-30360-0,1996,296,366
DMI-30360-0,1997,365,365
DMI-30360-0,1998,365,365
DMI-30360-0,1999,365,365
DMI-30360-0,2000,366,366
DMI-30360-0,2001,365,365
DMI-30360-0,2002,365,365
DMI-30360-0,2003,365,365
DMI-30360-0,2004,366,366
DMI-30360-0,2005,365,365
DMI-30360-0,2006,365,365
DMI-30360-0,2007,365,365
DMI-30360-0,2008,366,366
DMI-30360-0,2009,91,365
DMI-30370-0,1996,296,366
DMI-30370-0,1997,365,365
DMI-30370-0,1998,365,365
DMI-30370-0,1999,365,365
DMI-30370-0,2000,366,366
DMI-30370-0,2001,365,365
DMI-30370-0,2002,365,365
DMI-30370-0,2003,365,365
DMI-30370-0,2004,366,366
DMI-30370-0,2005,365,365
DMI-30370-0,2006,365,365
DMI-30370-0,2007,365,365
DMI-30370-0,2008,366,366
DMI-30370-0,2009,365,365
DMI-30370-0,2010,365,365
DMI-30380-0,1996,296,366
DMI-30380-0,1997,182,365
DMI-30382-0,1997,120,365
DMI-30382-0,1998,365,365
DMI-30382-0,1999,365,365
DMI-30382-0,2000,366,366
DMI-30382-0,2001,365,365
DMI-30382-0,2002,365,365
DMI-30382-0,2003,365,365
DMI-30382-0,2004,366,366
DMI-30382-0,2005,365,365
DMI-30382-0,2006,365,365
DMI-30382-0,2007,365,365
DMI-30382-0,2008,366,366
DMI-30382-0,2009,365,365
DMI-30382-0,2010,1,365
DMI-30390-1,1996,296,366
DMI-30390-1,1997,365,365
DMI-30390-1,1998,365,365
DMI-30390-1,1999,365,365
DMI-30390-1,2000,366,366
DMI-30390-1,2001,365,365
DMI-30390-1,2002,365,365
DMI-30390-1,2003,365,365
DMI-30390-1,2004,366,366
DMI-30390-1,2005,365,365
DMI-30390-1,2006,365,365
DMI-30390-1,2007,1,365
DMI-30410-1,1996,22,366
DMI-30410-2,1996,275,366
DMI-30410-2,1997,365,365
DMI-30410-2,1998,365,365
DMI-30410-2,1999,365,365
DMI-30410-2,2000,366,366
DMI-30410-2,2001,365,365
DMI-30410-2,2002,365,365
DMI-30410-2,2003,365,365
DMI-30410-2,2004,366,366
DMI-30410-2,2005,365,365
DMI-30410-2,2006,365,365
DMI-30410-2,2007,365,365
DMI-30410-2,2008,366,366
DMI-30410-2,2009,91,365
DMI-30430-0,1996,296,366
DMI-30430-0,1997,365,365
DMI-30430-0,1998,365,365
DMI-30430-0,1999,365,365
DMI-30430-0,2000,366,366
DMI-30430-0,2001,365,365
DMI-30430-0,2002,365,365
DMI-30430-0,2003,365,365
DMI-30430-0,2004,366,366
DMI-30430-0,2005,306,365
DMI-30430-1,2005,60,365
DMI-30430-1,2006,365,365
DMI-30430-1,2007,1,365
DMI-30435-0,1996,296,366
DMI-30435-0,1997,365,365
DMI-30435-0,1998,365,365
DMI-30435-0,1999,365,365
DMI-30435-0,2000,366,366
DMI-30435-0,2001,365,365
DMI-30435-0,2002,365,365
DMI-30435-0,2003,365,365
DMI-30435-0,2004,366,366
DMI-30435-0,2005,91,365
DMI-30435-0,2006,212,365
DMI-30435-0,2007,365,365
DMI-30435-0,2008,1,366
DMI-30440-0,1996,296,366
DMI-30440-0,1997,365,365
DMI-30440-0,1998,365,365
DMI-30440-0,1999,365,365
DMI-30440-0,2000,366,366
DMI-30440-0,2001,365,365
DMI-30440-0,2002,365,365
DMI-30440-0,2003,365,365
DMI-30440-0,2004,366,366
DMI-30440-0,2005,60,365
DMI-30450-0,1996,296,366
DMI-30450-0,1997,365,365
DMI-30450-0,1998,365,365
DMI-30450-0,1999,365,365
DMI-30450-0,2000,366,366
DMI-30450-0,2001,365,365
DMI-30450-0,2002,365,365
DMI-30450-0,2003,365,365
DMI-30450-0,2004,366,366
DMI-30450-0,2005,365,365
DMI-30450-0,2006,365,365
DMI-30450-0,2007,365,365
DMI-30450-0,2008,366,366
DMI-30450-0,2009,365,365
DMI-30450-0,2010,213,365
DMI-30455-0,1997,120,365
DMI-30455-0,1998,365,365
DMI-30455-0,1999,365,365
DMI-30455-0,2000,366,366
DMI-30455-0,2001,365,365
DMI-30455-0,2002,365,365
DMI-30455-0,2003,213,365
DMI-30470-0,1996,296,366
DMI-30470-0,1997,365,365
DMI-30470-0,1998,365,365
DMI-30470-0,1999,365,365
DMI-30470-0,2000,366,366
DMI-30470-0,2001,365,365
DMI-30470-0,2002,365,365
DMI-30470-0,2003,365,365
DMI-30470-0,2004,366,366
DMI-30470-0,2005,365,365
DMI-30470-0,2006,365,365
DMI-30470-0,2007,1,365
DMI-30480-0,1996,296,366
DMI-30480-0,1997,365,365
DMI-30480-0,1998,365,365
DMI-30480-0,1999,365,365
DMI-30480-0,2000,366,366
DMI-30480-0,2001,365,365
DMI-30480-0,2002,365,365
DMI-30480-0,2003,365,365
DMI-30480-0,2004,366,366
DMI-30480-0,2005,365,365
DMI-30480-0,2006,365,365
DMI-30480-0,2007,365,365
DMI-30480-0,2008,366,366
DMI-30480-0,2009,91,365
DMI-30483-0,2002,90,365
DMI-30483-0,2003,125,365
DMI-30483-0,2004,366,366
DMI-30483-0,2005,365,365
DMI-30483-0,2006,365,365
DMI-30483-0,2007,365,365
DMI-30483-0,2008,32,366
DMI-30490-1,1996,296,366
DMI-30490-1,1997,365,365
DMI-30490-1,1998,365,365
DMI-30490-1,1999,272,365
DMI-30490-1,2000,366,366
DMI-30490-1,2001,365,365
DMI-30490-1,2002,365,365
DMI-30490-1,2003,365,365
DMI-30490-1,2004,366,366
DMI-30490-1,2005,335,365
DMI-30510-0,1996,296,366
DMI-30510-0,1997,365,365
DMI-30510-0,1998,365,365
DMI-30510-0,1999,365,365
DMI-30510-0,2000,366,366
DMI-30510-0,2001,365,365
DMI-30510-0,2002,365,365
DMI-30510-0,2003,365,365
DMI-30510-0,2004,366,366
DMI-30510-0,2005,365,365
DMI-30510-0,2006,365,365
DMI-30510-0,2007,1,365
DMI-31010-0,1996,296,366
DMI-31010-0,1997,365,365
DMI-31010-0,1998,365,365
DMI-31010-0,1999,365,365
DMI-31010-0,2000,366,366
DMI-31010-0,2001,365,365
DMI-31010-0,2002,365,365
DMI-31010-0,2003,365,365
DMI-31010-0,2004,214,366
DMI-31060-0,1996,296,366
DMI-31060-0,1997,365,365
DMI-31060-0,1998,365,365
DMI-31060-0,1999,365,365
DMI-31060-0,2000,366,366
DMI-31060-0,2001,365,365
DMI-31060-0,2002,365,365
DMI-31060-0,2003,365,365
DMI-31060-0,2004,366,366
DMI-31060-0,2005,365,365
DMI-31060-0,2006,365,365
DMI-31060-0,2007,1,365
DMI-31080-1,1996,296,366
DMI-31080-1,1997,365,365
DMI-31080-1,1998,365,365
DMI-31080-1,1999,365,365
DMI-31080-1,2000,366,366
DMI-31080-1,2001,365,365
DMI-31080-1,2002,365,365
DMI-31080-1,2003,365,365
DMI-31080-1,2004,366,366
DMI-31080-1,2005,365,365
DMI-31080-1,2006,365,365
DMI-31080-1,2007,365,365
DMI-31080-1,2008,366,366
DMI-31080-1,2009,365,365
DMI-31080-1,2010,365,365
DMI-31095-0,1996,213,366
DMI-31095-0,1997,365,365
DMI-31095-0,1998,365,365
DMI-31095-0,1999,365,365
DMI-31095-0,2000,366,366
DMI-31095-0,2001,365,365
DMI-31095-0,2002,365,365
DMI-31095-0,2003,365,365
DMI-31095-0,2004,366,366
DMI-31095-0,2005,365,365
DMI-31095-0,2006,365,365
DMI-31095-0,2007,1,365
DMI-31110-0,1996,296,366
DMI-31110-0,1997,365,365
DMI-31110-0,1998,365,365
DMI-31110-0,1999,365,365
DMI-31110-0,2000,366,366
DMI-31110-0,2001,365,365
DMI-31110-0,2002,213,365
DMI-31120-1,1996,296,366
DMI-31120-1,1997,365,365
DMI-31120-1,1998,365,365
DMI-31120-1,1999,365,365
DMI-31120-1,2000,366,366
DMI-31120-1,2001,365,365
DMI-31120-1,2002,365,365
DMI-31120-1,2003,365,365
DMI-31120-1,2004,366,366
DMI-31120-1,2005,365,365
DMI-31120-1,2006,244,365
DMI-31141-0,1996,296,366
DMI-31141-0,1997,365,365
DMI-31141-0,1998,365,365
DMI-31141-0,1999,365,365
DMI-31141-0,2000,366,366
DMI-31141-0,2001,365,365
DMI-31141-0,2002,365,365
DMI-31141-0,2003,365,365
DMI-31141-0,2004,366,366
DMI-31141-0,2005,365,365
DMI-31141-0,2006,365,365
DMI-31141-0,2007,1,365
DMI-31149-0,1996,296,366
DMI-31149-0,1997,365,365
DMI-31149-0,1998,365,365
DMI-31149-0,1999,365,365
DMI-31149-0,2000,366,366
DMI-31149-0,2001,365,365
DMI-31149-0,2002,365,365
DMI-31149-0,2003,365,365
DMI-31149-0,2004,366,366
DMI-31149-0,2005,365,365
DMI-31149-0,2006,365,365
DMI-31149-0,2007,1,365
DMI-31160-3,1996,296,366
DMI-31160-3,1997,365,365
DMI-31160-3,1998,365,365
DMI-31160-3,1999,365,365
DMI-31160-3,2000,366,366
DMI-31160-3,2001,365,365
DMI-31160-3,2002,365,365
DMI-31160-3,2003,365,365
DMI-31160-3,2004,366,366
DMI-31160-3,2005,365,365
DMI-31160-3,2006,365,365
DMI-31160-3,2007,365,365
DMI-31160-3,2008,366,366
DMI-31160-3,2009,91,365
DMI-31164-0,1996,296,366
DMI-31164-0,1997,365,365
DMI-31164-0,1998,365,365
DMI-31164-0,1999,365,365
DMI-31164-0,2000,366,366
DMI-31164-0,2001,365,365
DMI-31164-0,2002,365,365
DMI-31164-0,2003,335,365
DMI-31164-1,2005,156,365
DMI-31164-1,2006,365,365
DMI-31164-1,2007,365,365
DMI-31164-1,2008,366,366
DMI-31164-1,2009,91,365
DMI-31170-0,1996,296,366
DMI-31170-0,1997,365,365
DMI-31170-0,1998,365,365
DMI-31170-0,1999,365,365
DMI-31170-0,2000,366,366
DMI-31170-0,2001,365,365
DMI-31170-0,2002,365,365
DMI-31170-0,2003,365,365
DMI-31170-0,2004,366,366
DMI-31170-0,2005,33,365
DMI-31170-1,2005,150,365
DMI-31170-2,2005,120,365
DMI-31170-2,2006,365,365
DMI-31170-2,2007,365,365
DMI-31170-2,2008,366,366
DMI-31170-2,2009,365,365
DMI-31170-2,2010,1,365
DMI-31185-0,2009,155,365
DMI-31185-0,2010,365,365
DMI-31190-1,1996,266,366
DMI-31190-2,1997,332,365
DMI-31190-2,1998,365,365
DMI-31190-2,1999,275,365
DMI-31190-3,1999,91,365
DMI-31190-3,2000,1,366
DMI-31190-4,2000,165,366
DMI-31210-0,1996,296,366
DMI-31210-0,1997,365,365
DMI-31210-0,1998,365,365
DMI-31210-0,1999,365,365
DMI-31210-0,2000,366,366
DMI-31210-0,2001,365,365
DMI-31210-0,2002,365,365
DMI-31210-0,2003,365,365
DMI-31210-0,2004,366,366
DMI-31210-0,2005,365,365
DMI-31210-0,2006,365,365
DMI-31210-0,2007,1,365
DMI-31218-0,1996,296,366
DMI-31218-0,1997,365,365
DMI-31218-0,1998,365,365
DMI-31218-0,1999,365,365
DMI-31218-0,2000,366,366
DMI-31218-0,2001,365,365
DMI-31218-0,2002,365,365
DMI-31218-0,2003,365,365
DMI-31218-0,2004,366,366
DMI-31218-0,2005,365,365
DMI-31218-0,2006,365,365
DMI-31218-0,2007,1,365
DMI-31225-0,2001,273,365
DMI-31225-0,2002,92,365
DMI-31225-1,2002,274,365
DMI-31225-1,2003,365,365
DMI-31225-1,2004,366,366
DMI-31225-1,2005,365,365
DMI-31225-1,2006,365,365
DMI-31225-1,2007,365,365
DMI-31225-1,2008,366,366
DMI-31225-1,2009,91,365
DMI-31230-1,1996,296,366
DMI-31230-1,1997,365,365
DMI-31230-1,1998,365,365
DMI-31230-1,1999,365,365
DMI-31230-1,2000,366,366
DMI-31230-1,2001,365,365
DMI-31230-1,2002,365,365
DMI-31230-1,2003,244,365
DMI-31230-2,2004,344,366
DMI-31230-2,2005,365,365
DMI-31230-2,2006,365,365
DMI-31230-2,2007,1,365
DMI-31240-0,1996,296,366
DMI-31240-0,1997,365,365
DMI-31240-0,1998,365,365
DMI-31240-0,1999,365,365
DMI-31240-0,2000,366,366
DMI-31240-0,2001,365,365
DMI-31240-0,2002,365,365
DMI-31240-0,2003,365,365
DMI-31240-0,2004,366,366
DMI-31240-0,2005,365,365
DMI-31240-0,2006,365,365
DMI-31240-0,2007,1,365
DMI-31260-0,1996,296,366
DMI-31260-0,1997,365,365
DMI-31260-0,1998,213,365
DMI-31260-1,1998,59,365
DMI-31260-1,1999,365,365
DMI-31260-1,2000,215,366
DMI-31260-2,2000,152,366
DMI-31260-2,2001,365,365
DMI-31260-2,2002,365,365
DMI-31260-2,2003,365,365
DMI-31260-2,2004,366,366
DMI-31260-2,2005,91,365
DMI-31260-3,2005,156,365
DMI-31260-3,2006,365,365
DMI-31260-3,2007,365,365
DMI-31260-3,2008,366,366
DMI-31260-3,2009,365,365
DMI-31260-3,2010,365,365
DMI-31265-0,1996,296,366
DMI-31265-0,1997,365,365
DMI-31265-0,1998,365,365
DMI-31265-0,1999,365,365
DMI-31265-0,2000,366,366
DMI-31265-0,2001,365,365
DMI-31265-0,2002,365,365
DMI-31265-0,2003,365,365
DMI-31265-0,2004,366,366
DMI-31265-0,2005,365,365
DMI-31265-0,2006,365,365
DMI-31265-0,2007,365,365
DMI-31265-0,2008,336,366
DMI-31270-1,1996,296,366
DMI-31270-1,1997,365,365
DMI-31270-1,1998,365,365
DMI-31270-1,1999,365,365
DMI-31270-1,2000,366,366
DMI-31270-1,2001,365,365
DMI-31270-1,2002,345,365
DMI-31270-2,2002,21,365
DMI-31270-2,2003,365,365
DMI-31270-2,2004,366,366
DMI-31270-2,2005,365,365
DMI-31270-2,2006,365,365
DMI-31270-2,2007,1,365
DMI-31270-3,2009,58,365
DMI-31285-1,1996,296,366
DMI-31285-1,1997,365,365
DMI-31285-1,1998,365,365
DMI-31285-1,1999,365,365
DMI-31285-1,2000,366,366
DMI-31285-1,2001,365,365
DMI-31285-1,2002,365,365
DMI-31285-1,2003,365,365
DMI-31285-1,2004,366,366
DMI-31285-1,2005,365,365
DMI-31285-1,2006,365,365
DMI-31285-1,2007,365,365
DMI-31285-1,2008,366,366
DMI-31285-1,2009,365,365
DMI-31285-1,2010,365,365
DMI-31305-0,1996,296,366
DMI-31305-0,1997,365,365
DMI-31305-0,1998,365,365
DMI-31305-0,1999,365,365
DMI-31305-0,2000,366,366
DMI-31305-0,2001,365,365
DMI-31305-0,2002,365,365
DMI-31305-0,2003,365,365
DMI-31305-0,2004,366,366
DMI-31305-0,2005,365,365
DMI-31305-0,2006,365,365
DMI-31305-0,2007,365,365
DMI-31305-0,2008,366,366
DMI-31305-0,2009,365,365
DMI-31305-0,2010,1,365
DMI-31313-0,2005,59,365
DMI-31313-0,2006,365,365
DMI-31313-0,2007,1,365
DMI-31329-0,1996,296,366
DMI-31329-0,1997,365,365
DMI-31329-0,1998,365,365
DMI-31329-0,1999,365,365
DMI-31329-0,2000,366,366
DMI-31329-0,2001,365,365
DMI-31329-0,2002,365,365
DMI-31329-0,2003,365,365
DMI-31329-0,2004,366,366
DMI-31329-0,2005,365,365
DMI-31329-0,2006,365,365
DMI-31329-0,2007,365,365
DMI-31329-0,2008,366,366
DMI-31329-0,2009,365,365
DMI-31329-0,2010,365,365
DMI-31340-0,1996,205,366
DMI-31360-1,2002,90,365
DMI-31360-1,2003,365,365
DMI-31360-1,2004,366,366
DMI-31360-1,2005,365,365
DMI-31360-1,2006,365,365
DMI-31360-1,2007,1,365
DMI-31362-0,1996,296,366
DMI-31362-0,1997,365,365
DMI-31362-0,1998,365,365
DMI-31362-0,1999,365,365
DMI-31362-0,2000,366,366
DMI-31362-0,2001,365,365
DMI-31362-0,2002,1,365
DMI-31363-0,2002,273,365
DMI-31363-0,2003,365,365
DMI-31363-0,2004,366,366
DMI-31363-0,2005,365,365
DMI-31363-0,2006,365,365
DMI-31363-0,2007,365,365
DMI-31363-0,2008,366,366
DMI-31363-0,2009,91,365
DMI-31370-0,1996,296,366
DMI-31370-0,1997,365,365
DMI-31370-0,1998,365,365
DMI-31370-0,1999,365,365
DMI-31370-0,2000,366,366
DMI-31370-0,2001,365,365
DMI-31370-0,2002,365,365
DMI-31370-0,2003,365,365
DMI-31370-0,2004,366,366
DMI-31370-0,2005,365,365
DMI-31370-0,2006,365,365
DMI-31370-0,2007,365,365
DMI-31370-0,2008,366,366
DMI-31370-0,2009,91,365
DMI-31380-0,1996,296,366
DMI-31380-0,1997,365,365
DMI-31380-0,1998,365,365
DMI-31380-0,1999,365,365
DMI-31380-0,2000,366,366
DMI-31380-0,2001,365,365
DMI-31380-0,2002,365,365
DMI-31380-0,2003,365,365
DMI-31380-0,2004,366,366
DMI-31380-0,2005,365,365
DMI-31380-0,2006,365,365
DMI-31380-0,2007,365,365
DMI-31380-0,2008,366,366
DMI-31380-0,2009,365,365
DMI-31380-0,2010,1,365
DMI-31390-2,1996,296,366
DMI-31390-2,1997,365,365
DMI-31390-2,1998,365,365
DMI-31390-2,1999,365,365
DMI-31390-2,2000,366,366
DMI-31390-2,2001,365,365
DMI-31390-2,2002,244,365
DMI-31404-0,1996,296,366
DMI-31404-0,1997,365,365
DMI-31404-0,1998,365,365
DMI-31404-0,1999,365,365
DMI-31404-0,2000,366,366
DMI-31404-0,2001,365,365
DMI-31404-0,2002,365,365
DMI-31404-0,2003,365,365
DMI-31404-0,2004,366,366
DMI-31404-0,2005,365,365
DMI-31404-0,2006,365,365
DMI-31404-0,2007,1,365
DMI-31408-0,2003,303,365
DMI-31415-1,2003,194,365
DMI-31415-1,2004,366,366
DMI-31415-1,2005,365,365
DMI-31415-1,2006,365,365
DMI-31415-1,2007,365,365
DMI-31415-1,2008,366,366
DMI-31415-1,2009,91,365
DMI-31420-0,1996,296,366
DMI-31420-0,1997,365,365
DMI-31420-0,1998,365,365
DMI-31420-0,1999,365,365
DMI-31420-0,2000,366,366
DMI-31420-0,2001,365,365
DMI-31420-0,2002,365,365
DMI-31420-0,2003,365,365
DMI-31420-0,2004,366,366
DMI-31420-0,2005,365,365
DMI-31420-0,2006,365,365
DMI-31420-0,2007,365,365
DMI-31420-0,2008,366,366
DMI-31420-0,2009,365,365
DMI-31420-0,2010,1,365
DMI-31428-0,1996,296,366
DMI-31428-0,1997,365,365
DMI-31428-0,1998,365,365
DMI-31428-0,1999,365,365
DMI-31428-0,2000,366,366
DMI-31428-0,2001,365,365
DMI-31428-0,2002,365,365
DMI-31428-0,2003,152,365
DMI-31430-1,2003,194,365
DMI-31430-1,2004,366,366
DMI-31430-1,2005,365,365
DMI-31430-1,2006,365,365
DMI-31430-1,2007,1,365
DMI-31440-0,1996,296,366
DMI-31440-0,1997,365,365
DMI-31440-0,1998,365,365
DMI-31440-0,1999,365,365
DMI-31440-0,2000,366,366
DMI-31440-0,2001,365,365
DMI-31440-0,2002,365,365
DMI-31440-0,2003,365,365
DMI-31440-0,2004,366,366
DMI-31440-0,2005,365,365
DMI-31440-0,2006,365,365
DMI-31440-0,2007,1,365
DMI-31460-1,1996,296,366
DMI-31460-1,1997,365,365
DMI-31460-1,1998,365,365
DMI-31460-1,1999,365,365
DMI-31460-1,2000,366,366
DMI-31460-1,2001,365,365
DMI-31460-1,2002,365,365
DMI-31460-1,2003,365,365
DMI-31460-1,2004,366,366
DMI-31460-1,2005,365,365
DMI-31460-1,2006,365,365
DMI-31460-1,2007,365,365
DMI-31460-1,2008,366,366
DMI-31460-1,2009,335,365
DMI-31470-2,1996,296,366
DMI-31470-2,1997,365,365
DMI-31470-2,1998,365,365
DMI-31470-2,1999,365,365
DMI-31470-2,2000,366,366
DMI-31470-2,2001,365,365
DMI-31470-2,2002,365,365
DMI-31470-2,2003,169,365
DMI-31470-3,2003,197,365
DMI-31470-3,2004,183,366
DMI-31480-2,1996,296,366
DMI-31480-2,1997,365,365
DMI-31480-2,1998,365,365
DMI-31480-2,1999,365,365
DMI-31480-2,2000,366,366
DMI-31480-2,2001,365,365
DMI-31480-2,2002,365,365
DMI-31480-2,2003,365,365
DMI-31480-2,2004,366,366
DMI-31480-2,2005,365,365
DMI-31480-2,2006,365,365
DMI-31480-2,2007,365,365
DMI-31480-2,2008,366,366
DMI-31480-2,2009,91,365
DMI-31485-0,1996,296,366
DMI-31485-0,1997,365,365
DMI-31485-0,1998,365,365
DMI-31485-0,1999,365,365
DMI-31485-0,2000,366,366
DMI-31485-0,2001,365,365
DMI-31485-0,2002,365,365
DMI-31485-0,2003,152,365
DMI-31492-0,1996,296,366
DMI-31492-0,1997,365,365
DMI-31492-0,1998,365,365
DMI-31492-0,1999,365,365
DMI-31492-0,2000,366,366
DMI-31492-0,2001,285,365
DMI-31492-1,2001,81,365
DMI-31492-1,2002,365,365
DMI-31492-1,2003,365,365
DMI-31492-1,2004,366,366
DMI-31492-1,2005,365,365
DMI-31492-1,2006,365,365
DMI-31492-1,2007,1,365
DMI-31500-2,1996,296,366
DMI-31500-2,1997,365,365
DMI-31500-2,1998,365,365
DMI-31500-2,1999,365,365
DMI-31500-2,2000,366,366
DMI-31500-2,2001,365,365
DMI-31500-2,2002,365,365
DMI-31500-2,2003,169,365
DMI-31500-3,2003,197,365
DMI-31500-3,2004,366,366
DMI-31500-3,2005,365,365
DMI-31500-3,2006,365,365
DMI-31500-3,2007,365,365
DMI-31500-3,2008,366,366
DMI-31500-3,2009,365,365
DMI-31500-3,2010,213,365
DMI-31510-0,1996,296,366
DMI-31510-0,1997,365,365
DMI-31510-0,1998,365,365
DMI-31510-0,1999,365,365
DMI-31510-0,2000,366,366
DMI-31510-0,2001,275,365
DMI-31510-1,2001,91,365
DMI-31510-1,2002,365,365
DMI-31510-1,2003,365,365
DMI-31510-1,2004,366,366
DMI-31510-1,2005,365,365
DMI-31510-1,2006,365,365
DMI-31510-1,2007,365,365
DMI-31510-1,2008,366,366
DMI-31510-1,2009,91,365
DMI-31520-1,1996,296,366
DMI-31520-1,1997,365,365
DMI-31520-1,1998,365,365
DMI-31520-1,1999,365,365
DMI-31520-1,2000,366,366
DMI-31520-1,2001,365,365
DMI-31520-1,2002,365,365
DMI-31520-1,2003,365,365
DMI-31520-1,2004,366,366
DMI-31520-1,2005,365,365
DMI-31520-1,2006,365,365
DMI-31520-1,2007,1,365
DMI-31522-0,1996,296,366
DMI-31522-0,1997,365,365
DMI-31522-0,1998,365,365
DMI-31522-0,1999,365,365
DMI-31522-0,2000,366,366
DMI-31522-0,2001,365,365
DMI-31522-0,2002,365,365
DMI-31522-0,2003,91,365
DMI-31525-0,2003,195,365
DMI-31525-0,2004,366,366
DMI-31525-0,2005,365,365
DMI-31525-0,2006,365,365
DMI-31525-0,2007,1,365
DMI-31530-0,1996,296,366
DMI-31530-0,1997,365,365
DMI-31530-0,1998,365,365
DMI-31530-0,1999,365,365
DMI-31530-0,2000,154,366
DMI-31530-1,2000,213,366
DMI-31530-1,2001,365,365
DMI-31530-1,2002,365,365
DMI-31530-1,2003,152,365
DMI-31540-1,1996,296,366
DMI-31540-1,1997,365,365
DMI-31540-1,1998,365,365
DMI-31540-1,1999,365,365
DMI-31540-1,2000,366,366
DMI-31540-1,2001,365,365
DMI-31540-1,2002,365,365
DMI-31540-1,2003,274,365
DMI-31542-0,2005,155,365
DMI-31542-0,2006,365,365
DMI-31542-0,2007,365,365
DMI-31542-0,2008,366,366
DMI-31542-0,2009,365,365
DMI-31542-0,2010,1,365
DMI-31560-0,1996,296,366
DMI-31560-0,1997,365,365
DMI-31560-0,1998,365,365
DMI-31560-0,1999,365,365
DMI-31560-0,2000,366,366
DMI-31560-0,2001,365,365
DMI-31560-0,2002,365,365
DMI-31560-0,2003,365,365
DMI-31560-0,2004,366,366
DMI-31560-0,2005,365,365
DMI-31560-0,2006,365,365
DMI-31560-0,2007,1,365
DMI-31593-0,1996,296,366
DMI-31593-0,1997,365,365
DMI-31593-0,1998,365,365
DMI-31593-0,1999,365,365
DMI-31593-0,2000,366,366
DMI-31593-0,2001,365,365
DMI-31593-0,2002,365,365
DMI-31593-0,2003,365,365
DMI-31593-0,2004,366,366
DMI-31593-0,2005,365,365
DMI-31593-0,2006,365,365
DMI-31593-0,2007,365,365
DMI-31593-0,2008,366,366
DMI-31593-0,2009,91,365
DMI-31595-0,1996,205,366
DMI-31595-1,1996,92,366
DMI-31595-1,1997,365,365
DMI-31595-1,1998,365,365
DMI-31595-1,1999,365,365
DMI-31595-1,2000,366,366
DMI-31595-1,2001,365,365
DMI-31595-1,2002,365,365
DMI-31595-1,2003,152,365
DMI-31602-0,2003,195,365
DMI-31602-0,2004,366,366
DMI-31602-0,2005,365,365
DMI-31602-0,2006,365,365
DMI-31602-0,2007,1,365
DMI-31610-1,1996,296,366
DMI-31610-1,1997,365,365
DMI-31610-1,1998,365,365
DMI-31610-1,1999,365,365
DMI-31610-1,2000,366,366
DMI-31610-1,2001,365,365
DMI-31610-1,2002,365,365
DMI-31610-1,2003,365,365
DMI-31610-1,2004,366,366
DMI-31610-1,2005,365,365
DMI-31610-1,2006,365,365
DMI-31610-1,2007,1,365
DMI-31613-0,1996,296,366
DMI-31613-0,1997,365,365
DMI-31613-0,1998,335,365
DMI-31614-0,1998,29,365
DMI-31614-0,1999,365,365
DMI-31614-0,2000,366,366
DMI-31614-0,2001,365,365
DMI-31614-0,2002,365,365
DMI-31614-0,2003,365,365
DMI-31614-0,2004,366,366
DMI-31614-0,2005,60,365
DMI-31614-1,2005,225,365
DMI-31614-1,2006,365,365
DMI-31614-1,2007,1,365
DMI-31617-1,2005,218,365
DMI-31617-1,2006,365,365
DMI-31617-1,2007,365,365
DMI-31617-1,2008,366,366
DMI-31617-1,2009,91,365
DMI-31622-0,2000,213,366
DMI-31622-0,2001,365,365
DMI-31622-0,2002,365,365
DMI-31622-0,2003,365,365
DMI-31622-0,2004,366,366
DMI-31622-0,2005,365,365
DMI-31622-0,2006,365,365
DMI-31622-0,2007,130,365
DMI-31622-1,2007,192,365
DMI-31622-1,2008,366,366
DMI-31622-1,2009,365,365
DMI-31622-1,2010,365,365
DMI-31625-0,1996,296,366
DMI-31625-0,1997,365,365
DMI-31625-0,1998,365,365
DMI-31625-0,1999,365,365
DMI-31625-0,2000,366,366
DMI-31625-0,2001,365,365
DMI-31625-0,2002,365,365
DMI-31625-0,2003,365,365
DMI-31625-0,2004,1,366
DWD-00052-0,1991,365,365
DWD-00052-0,1992,366,366
DWD-00052-0,1993,365,365
DWD-00052-0,1994,365,365
DWD-00052-0,1995,365,365
DWD-00052-0,1996,366,366
DWD-00052-0,1997,365,365
DWD-00052-0,1998,365,365
DWD-00052-0,1999,365,365
DWD-00052-0,2000,366,366
DWD-00052-0,2001,365,365
DWD-00066-0,1991,365,365
DWD-00066-0,1992,366,366
DWD-00066-0,1993,365,365
DWD-00066-0,1994,365,365
DWD-00066-0,1995,365,365
DWD-00066-0,1996,366,366
DWD-00066-0,1997,365,365
DWD-00066-0,1998,365,365
DWD-00066-0,1999,365,365
DWD-00066-0,2000,366,366
DWD-00066-0,2001,365,365
DWD-00066-0,2002,365,365
DWD-00066-0,2003,365,365
DWD-00066-0,2004,366,366
DWD-00066-0,2005,120,365
DWD-00094-0,1991,275,365
DWD-00094-0,1992,366,366
DWD-00094-0,1993,365,365
DWD-00094-0,1994,365,365
DWD-00094-0,1995,365,365
DWD-00094-0,1996,366,366
DWD-00094-0,1997,365,365
DWD-00094-0,1998,365,365
DWD-00094-0,1999,365,365
DWD-00094-0,2000,366,366
DWD-00094-0,2001,365,365
DWD-00094-0,2002,365,365
DWD-00094-0,2003,365,365
DWD-00094-0,2004,366,366
DWD-00094-0,2005,365,365
DWD-00119-0,1991,365,365
DWD-00119-0,1992,366,366
DWD-00119-0,1993,365,365
DWD-00119-0,1994,365,365
DWD-00119-0,1995,365,365
DWD-00119-0,1996,366,366
DWD-00119-0,1997,365,365
DWD-00119-0,1998,365,365
DWD-00119-0,1999,365,365
DWD-00119-0,2000,366,366
DWD-00119-0,2001,365,365
DWD-00119-0,2002,365,365
DWD-00119-0,2003,365,365
DWD-00119-0,2004,366,366
DWD-00119-0,2005,365,365
DWD-00199-0,1991,365,365
DWD-00199-0,1992,366,366
DWD-00199-0,1993,365,365
DWD-00199-0,1994,365,365
DWD-00199-0,1995,365,365
DWD-00199-0,1996,366,366
DWD-00199-0,1997,365,365
DWD-00199-0,1998,365,365
DWD-00199-0,1999,365,365
DWD-00199-0,2000,366,366
DWD-00199-0,2001,365,365
DWD-00199-0,2002,365,365
DWD-00199-0,2003,365,365
DWD-00199-0,2004,366,366
DWD-00199-0,2005,365,365
DWD-00199-0,2006,365,365
DWD-00243-1,1991,181,365
DWD-00243-2,1991,184,365
DWD-00243-2,1992,366,366
DWD-00243-2,1993,365,365
DWD-00243-2,1994,365,365
DWD-00243-2,1995,365,365
DWD-00243-2,1996,366,366
DWD-00243-2,1997,365,365
DWD-00243-2,1998,365,365
DWD-00243-2,1999,365,365
DWD-00243-2,2000,366,366
DWD-00243-2,2001,365,365
DWD-00243-2,2002,365,365
DWD-00243-2,2003,365,365
DWD-00243-2,2004,366,366
DWD-00243-2,2005,365,365
DWD-00243-2,2006,365,365
DWD-00244-0,1991,365,365
DWD-00244-0,1992,366,366
DWD-00244-0,1993,365,365
DWD-00244-0,1994,365,365
DWD-00244-0,1995,365,365
DWD-00244-0,1996,366,366
DWD-00244-0,1997,365,365
DWD-00244-0,1998,365,365
DWD-00244-0,1999,365,365
DWD-00244-0,2000,366,366
DWD-00244-0,2001,365,365
DWD-00244-0,2002,365,365
DWD-00244-0,2003,365,365
DWD-00244-0,2004,366,366
DWD-00244-0,2005,365,365
DWD-00244-0,2006,365,365
DWD-00245-0,1991,365,365
DWD-00245-0,1992,366,366
DWD-00245-0,1993,365,365
DWD-00245-0,1994,365,365
DWD-00245-0,1995,365,365
DWD-00245-0,1996,366,366
DWD-00245-0,1997,365,365
DWD-00245-0,1998,365,365
DWD-00245-0,1999,365,365
DWD-00245-0,2000,366,366
DWD-00245-0,2001,365,365
DWD-00245-0,2002,365,365
DWD-00245-0,2003,365,365
DWD-00245-0,2004,366,366
DWD-00245-0,2005,365,365
DWD-00245-0,2006,365,365
DWD-00245-1,2012,153,366
DWD-00245-1,2013,365,365
DWD-00245-1,2014,365,365
DWD-00245-1,2015,365,365
DWD-00245-1,2016,366,366
DWD-00245-1,2017,365,365
DWD-00245-1,2018,365,365
DWD-00245-1,2019,365,365
DWD-00245-1,2020,366,366
DWD-00245-1,2021,365,365
DWD-00245-1,2022,365,365
DWD-00245-1,2023,365,365
DWD-00245-1,2024,366,366
DWD-00245-1,2025,365,365
DWD-00289-2,1991,365,365
DWD-00289-2,1992,366,366
DWD-00289-2,1993,365,365
DWD-00289-2,1994,365,365
DWD-00289-2,1995,365,365
DWD-00289-2,1996,366,366
DWD-00289-2,1997,365,365
DWD-00289-2,1998,365,365
DWD-00289-2,1999,365,365
DWD-00289-2,2000,366,366
DWD-00289-2,2001,365,365
DWD-00289-2,2002,365,365
DWD-00289-2,2003,365,365
DWD-00289-2,2004,366,366
DWD-00289-2,2005,365,365
DWD-00289-2,2006,365,365
DWD-00289-2,2007,365,365
DWD-00289-2,2008,366,366
DWD-00289-2,2009,365,365
DWD-00289-2,2010,365,365
DWD-00289-2,2011,365,365
DWD-00289-2,2012,366,366
DWD-00289-2,2013,365,365
DWD-00289-2,2014,365,365
DWD-00289-2,2015,365,365
DWD-00289-2,2016,366,366
DWD-00289-2,2017,365,365
DWD-00289-2,2018,365,365
DWD-00289-2,2019,365,365
DWD-00289-2,2020,366,366
DWD-00289-2,2021,365,365
DWD-00289-2,2022,365,365
DWD-00289-2,2023,365,365
DWD-00289-2,2024,366,366
DWD-00289-2,2025,365,365
DWD-00291-0,1991,365,365
DWD-00291-0,1992,366,366
DWD-00291-0,1993,365,365
DWD-00291-0,1994,365,365
DWD-00291-0,1995,365,365
DWD-00291-0,1996,366,366
DWD-00291-0,1997,365,365
DWD-00291-0,1998,365,365
DWD-00291-0,1999,365,365
DWD-00291-0,2000,366,366
DWD-00291-0,2001,365,365
DWD-00291-0,2002,365,365
DWD-00291-0,2003,365,365
DWD-00297-0,1991,365,365
DWD-00297-0,1992,366,366
DWD-00297-0,1993,365,365
DWD-00297-0,1994,365,365
DWD-00297-0,1995,365,365
DWD-00297-0,1996,366,366
DWD-00297-0,1997,365,365
DWD-00297-0,1998,365,365
DWD-00297-0,1999,365,365
DWD-00297-0,2000,366,366
DWD-00297-0,2001,365,365
DWD-00297-0,2002,90,365
DWD-00298-10,2011,119,365
DWD-00298-10,2012,366,366
DWD-00298-10,2013,365,365
DWD-00298-10,2014,365,365
DWD-00298-10,2015,365,365
DWD-00298-10,2016,366,366
DWD-00298-10,2017,123,365
DWD-00298-11,2011,119,365
DWD-00298-11,2012,366,366
DWD-00298-11,2013,365,365
DWD-00298-11,2014,365,365
DWD-00298-11,2015,365,365
DWD-00298-11,2016,366,366
DWD-00298-11,2017,365,365
DWD-00298-11,2018,267,365
DWD-00298-12,2017,242,365
DWD-00298-12,2018,365,365
DWD-00298-12,2019,359,365
DWD-00298-12,2020,366,366
DWD-00298-12,2021,365,365
DWD-00298-12,2022,365,365
DWD-00298-12,2023,365,365
DWD-00298-12,2024,358,366
DWD-00298-12,2025,365,365
DWD-00298-13,2018,95,365
DWD-00298-13,2019,359,365
DWD-00298-13,2020,251,366
DWD-00298-14,2020,115,366
DWD-00298-14,2021,365,365
DWD-00298-14,2022,365,365
DWD-00298-14,2023,365,365
DWD-00298-14,2024,358,366
DWD-00298-14,2025,365,365
DWD-00298-2,1991,57,365
DWD-00298-2,1992,333,366
DWD-00298-2,1993,183,365
DWD-00298-3,1991,57,365
DWD-00298-3,1992,333,366
DWD-00298-3,1993,183,365
DWD-00298-4,1993,164,365
DWD-00298-4,1994,365,365
DWD-00298-4,1995,365,365
DWD-00298-4,1996,366,366
DWD-00298-4,1997,365,365
DWD-00298-4,1998,365,365
DWD-00298-4,1999,365,365
DWD-00298-4,2000,366,366
DWD-00298-4,2001,365,365
DWD-00298-4,2002,365,365
DWD-00298-4,2003,365,365
DWD-00298-4,2004,366,366
DWD-00298-4,2005,365,365
DWD-00298-4,2006,365,365
DWD-00298-4,2007,130,365
DWD-00298-5,1993,164,365
DWD-00298-5,1994,365,365
DWD-00298-5,1995,365,365
DWD-00298-5,1996,366,366
DWD-00298-5,1997,365,365
DWD-00298-5,1998,365,365
DWD-00298-5,1999,365,365
DWD-00298-5,2000,366,366
DWD-00298-5,2001,365,365
DWD-00298-5,2002,365,365
DWD-00298-5,2003,365,365
DWD-00298-5,2004,366,366
DWD-00298-5,2005,365,365
DWD-00298-5,2006,365,365
DWD-00298-5,2007,130,365
DWD-00298-6,1995,236,365
DWD-00298-6,1996,366,366
DWD-00298-6,1997,365,365
DWD-00298-6,1998,365,365
DWD-00298-6,1999,365,365
DWD-00298-6,2000,366,366
DWD-00298-6,2001,365,365
DWD-00298-6,2002,365,365
DWD-00298-6,2003,365,365
DWD-00298-6,2004,366,366
DWD-00298-6,2005,365,365
DWD-00298-6,2006,365,365
DWD-00298-6,2007,130,365
DWD-00298-7,2007,235,365
DWD-00298-7,2008,366,366
DWD-00298-7,2009,299,365
DWD-00298-8,2007,235,365
DWD-00298-8,2008,366,366
DWD-00298-8,2009,365,365
DWD-00298-8,2010,365,365
DWD-00298-8,2011,246,365
DWD-00298-9,2009,62,365
DWD-00298-9,2010,365,365
DWD-00298-9,2011,246,365
DWD-00304-1,1991,365,365
DWD-00304-1,1992,366,366
DWD-00304-1,1993,365,365
DWD-00304-1,1994,365,365
DWD-00304-1,1995,335,365
DWD-00304-1,1996,366,366
DWD-00304-1,1997,365,365
DWD-00304-1,1998,365,365
DWD-00304-1,1999,365,365
DWD-00304-1,2000,366,366
DWD-00304-1,2001,365,365
DWD-00312-0,1991,365,365
DWD-00312-0,1992,366,366
DWD-00312-0,1993,365,365
DWD-00312-0,1994,365,365
DWD-00312-0,1995,365,365
DWD-00312-0,1996,366,366
DWD-00312-0,1997,365,365
DWD-00312-0,1998,365,365
DWD-00312-0,1999,365,365
DWD-00312-0,2000,366,366
DWD-00312-0,2001,365,365
DWD-00312-0,2002,365,365
DWD-00312-0,2003,365,365
DWD-00312-1,2007,214,365
DWD-00312-1,2008,366,366
DWD-00312-1,2009,365,365
DWD-00312-1,2010,365,365
DWD-00312-1,2011,365,365
DWD-00312-1,2012,366,366
DWD-00312-1,2013,365,365
DWD-00312-1,2014,364,365
DWD-00312-1,2015,364,365
DWD-00312-1,2016,366,366
DWD-00312-1,2017,332,365
DWD-00312-1,2018,364,365
DWD-00312-1,2019,289,365
DWD-00312-2,2019,76,365
DWD-00312-2,2020,366,366
DWD-00312-2,2021,365,365
DWD-00312-2,2022,365,365
DWD-00312-2,2023,365,365
DWD-00312-2,2024,366,366
DWD-00312-2,2025,365,365
DWD-00462-0,1991,365,365
DWD-00462-0,1992,366,366
DWD-00462-0,1993,365,365
DWD-00462-0,1994,365,365
DWD-00462-0,1995,365,365
DWD-00462-0,1996,366,366
DWD-00462-0,1997,365,365
DWD-00462-0,1998,365,365
DWD-00462-0,1999,365,365
DWD-00462-0,2000,366,366
DWD-00462-0,2001,365,365
DWD-00462-0,2002,365,365
DWD-00462-0,2003,365,365
DWD-00462-0,2004,366,366
DWD-00462-0,2005,365,365
DWD-00462-0,2006,365,365
DWD-00529-0,1991,365,365
DWD-00529-0,1992,366,366
DWD-00529-0,1993,365,365
DWD-00529-0,1994,365,365
DWD-00529-0,1995,365,365
DWD-00529-0,1996,366,366
DWD-00529-0,1997,365,365
DWD-00529-0,1998,365,365
DWD-00529-0,1999,365,365
DWD-00529-0,2000,366,366
DWD-00529-0,2001,365,365
DWD-00529-0,2002,365,365
DWD-00529-0,2003,365,365
DWD-00529-0,2004,366,366
DWD-00529-0,2005,365,365
DWD-00529-0,2006,365,365
DWD-00529-0,2007,365,365
DWD-00529-0,2008,366,366
DWD-00529-0,2009,365,365
DWD-00529-0,2010,365,365
DWD-00529-0,2011,365,365
DWD-00529-0,2012,366,366
DWD-00529-0,2013,365,365
DWD-00529-0,2014,365,365
DWD-00529-0,2015,365,365
DWD-00529-0,2016,365,366
DWD-00529-0,2017,181,365
DWD-00561-0,1991,365,365
DWD-00561-0,1992,366,366
DWD-00561-0,1993,365,365
DWD-00561-0,1994,365,365
DWD-00561-0,1995,365,365
DWD-00561-0,1996,366,366
DWD-00561-0,1997,365,365
DWD-00561-0,1998,365,365
DWD-00561-0,1999,365,365
DWD-00561-0,2000,366,366
DWD-00561-0,2001,365,365
DWD-00561-0,2002,365,365
DWD-00561-0,2003,365,365
DWD-00561-0,2004,366,366
DWD-00561-0,2005,273,365
DWD-00561-1,2005,92,365
DWD-00561-1,2006,365,365
DWD-00561-1,2007,365,365
DWD-00561-1,2008,366,366
DWD-00561-1,2009,365,365
DWD-00561-1,2010,365,365
DWD-00561-1,2011,365,365
DWD-00561-1,2012,366,366
DWD-00561-1,2013,365,365
DWD-00561-1,2014,365,365
DWD-00561-1,2015,365,365
DWD-00561-1,2016,170,366
DWD-00561-1,2017,365,365
DWD-00561-1,2018,365,365
DWD-00561-1,2019,365,365
DWD-00561-1,2020,293,366
DWD-00561-2,2019,265,365
DWD-00561-2,2020,365,366
DWD-00561-2,2021,365,365
DWD-00561-2,2022,327,365
DWD-00561-2,2023,365,365
DWD-00561-2,2024,365,366
DWD-00561-2,2025,365,365
DWD-00580-0,1991,245,365
DWD-00580-0,1992,366,366
DWD-00580-0,1993,365,365
DWD-00580-0,1994,365,365
DWD-00580-0,1995,365,365
DWD-00580-0,1996,366,366
DWD-00580-0,1997,365,365
DWD-00580-0,1998,365,365
DWD-00580-0,1999,365,365
DWD-00580-0,2000,366,366
DWD-00580-0,2001,365,365
DWD-00580-0,2002,365,365
DWD-00580-0,2003,365,365
DWD-00581-0,1991,365,365
DWD-00581-0,1992,366,366
DWD-00581-0,1993,365,365
DWD-00581-0,1994,365,365
DWD-00581-0,1995,365,365
DWD-00581-0,1996,366,366
DWD-00581-0,1997,365,365
DWD-00581-0,1998,365,365
DWD-00581-0,1999,31,365
DWD-00581-1,1999,214,365
DWD-00581-1,2000,366,366
DWD-00581-1,2001,365,365
DWD-00581-1,2002,365,365
DWD-00581-1,2003,365,365
DWD-00581-1,2004,366,366
DWD-00581-1,2005,365,365
DWD-00581-1,2006,365,365
DWD-00581-1,2007,365,365
DWD-00581-1,2008,366,366
DWD-00581-1,2009,365,365
DWD-00581-1,2010,365,365
DWD-00581-1,2011,365,365
DWD-00581-1,2012,366,366
DWD-00581-1,2013,365,365
DWD-00581-1,2014,365,365
DWD-00581-1,2015,181,365
DWD-00590-0,1991,365,365
DWD-00590-0,1992,366,366
DWD-00590-0,1993,365,365
DWD-00590-0,1994,365,365
DWD-00590-0,1995,365,365
DWD-00590-0,1996,273,366
DWD-00590-1,1997,120,365
DWD-00590-1,1998,365,365
DWD-00590-1,1999,365,365
DWD-00590-1,2000,366,366
DWD-00590-1,2001,365,365
DWD-00590-1,2002,365,365
DWD-00590-1,2003,365,365
DWD-00590-1,2004,366,366
DWD-00590-1,2005,365,365
DWD-00590-1,2006,365,365
DWD-00590-1,2007,365,365
DWD-00590-1,2008,366,366
DWD-00590-1,2009,365,365
DWD-00590-1,2010,365,365
DWD-00590-1,2011,365,365
DWD-00590-1,2012,366,366
DWD-00590-1,2013,365,365
DWD-00590-1,2014,365,365
DWD-00590-1,2015,365,365
DWD-00590-1,2016,366,366
DWD-00590-1,2017,365,365
DWD-00590-1,2018,365,365
DWD-00590-1,2019,365,365
DWD-00590-1,2020,366,366
DWD-00590-1,2021,365,365
DWD-00590-1,2022,365,365
DWD-00590-1,2023,365,365
DWD-00590-1,2024,366,366
DWD-00590-1,2025,31,365
DWD-00591-10,2011,119,365
DWD-00591-10,2012,366,366
DWD-00591-10,2013,365,365
DWD-00591-10,2014,365,365
DWD-00591-10,2015,365,365
DWD-00591-10,2016,364,366
DWD-00591-10,2017,365,365
DWD-00591-10,2018,365,365
DWD-00591-10,2019,204,365
DWD-00591-11,2011,119,365
DWD-00591-11,2012,366,366
DWD-00591-11,2013,365,365
DWD-00591-11,2014,365,365
DWD-00591-11,2015,365,365
DWD-00591-11,2016,364,366
DWD-00591-11,2017,365,365
DWD-00591-11,2018,365,365
DWD-00591-11,2019,364,365
DWD-00591-11,2020,366,366
DWD-00591-11,2021,365,365
DWD-00591-11,2022,365,365
DWD-00591-11,2023,365,365
DWD-00591-11,2024,366,366
DWD-00591-11,2025,364,365
DWD-00591-12,2019,160,365
DWD-00591-12,2020,366,366
DWD-00591-12,2021,365,365
DWD-00591-12,2022,365,365
DWD-00591-12,2023,365,365
DWD-00591-12,2024,366,366
DWD-00591-12,2025,364,365
DWD-00591-5,1991,57,365
DWD-00591-5,1992,352,366
DWD-00591-5,1993,365,365
DWD-00591-5,1994,365,365
DWD-00591-5,1995,365,365
DWD-00591-5,1996,366,366
DWD-00591-5,1997,365,365
DWD-00591-5,1998,365,365
DWD-00591-5,1999,365,365
DWD-00591-5,2000,366,366
DWD-00591-5,2001,365,365
DWD-00591-5,2002,365,365
DWD-00591-5,2003,365,365
DWD-00591-5,2004,366,366
DWD-00591-5,2005,365,365
DWD-00591-5,2006,365,365
DWD-00591-5,2007,241,365
DWD-00591-6,1991,57,365
DWD-00591-6,1992,352,366
DWD-00591-6,1993,365,365
DWD-00591-6,1994,365,365
DWD-00591-6,1995,365,365
DWD-00591-6,1996,366,366
DWD-00591-6,1997,365,365
DWD-00591-6,1998,365,365
DWD-00591-6,1999,365,365
DWD-00591-6,2000,366,366
DWD-00591-6,2001,365,365
DWD-00591-6,2002,365,365
DWD-00591-6,2003,365,365
DWD-00591-6,2004,366,366
DWD-00591-6,2005,365,365
DWD-00591-6,2006,365,365
DWD-00591-6,2007,241,365
DWD-00591-7,1995,199,365
DWD-00591-7,1996,366,366
DWD-00591-7,1997,365,365
DWD-00591-7,1998,365,365
DWD-00591-7,1999,365,365
DWD-00591-7,2000,366,366
DWD-00591-7,2001,365,365
DWD-00591-7,2002,365,365
DWD-00591-7,2003,365,365
DWD-00591-7,2004,366,366
DWD-00591-7,2005,365,365
DWD-00591-7,2006,365,365
DWD-00591-7,2007,241,365
DWD-00591-8,2007,124,365
DWD-00591-8,2008,366,366
DWD-00591-8,2009,365,365
DWD-00591-8,2010,365,365
DWD-00591-8,2011,246,365
DWD-00591-9,2007,124,365
DWD-00591-9,2008,366,366
DWD-00591-9,2009,365,365
DWD-00591-9,2010,365,365
DWD-00591-9,2011,246,365
DWD-00596-10,2007,140,365
DWD-00596-10,2008,366,366
DWD-00596-10,2009,365,365
DWD-00596-10,2010,365,365
DWD-00596-10,2011,365,365
DWD-00596-10,2012,366,366
DWD-00596-10,2013,365,365
DWD-00596-10,2014,365,365
DWD-00596-10,2015,364,365
DWD-00596-10,2016,366,366
DWD-00596-10,2017,365,365
DWD-00596-10,2018,365,365
DWD-00596-10,2019,365,365
DWD-00596-10,2020,366,366
DWD-00596-10,2021,365,365
DWD-00596-10,2022,365,365
DWD-00596-10,2023,364,365
DWD-00596-10,2024,366,366
DWD-00596-10,2025,365,365
DWD-00596-11,2018,188,365
DWD-00596-11,2019,365,365
DWD-00596-11,2020,366,366
DWD-00596-11,2021,365,365
DWD-00596-11,2022,365,365
DWD-00596-11,2023,364,365
DWD-00596-11,2024,366,366
DWD-00596-11,2025,365,365
DWD-00596-4,1991,105,365
DWD-00596-5,1991,260,365
DWD-00596-5,1992,366,366
DWD-00596-5,1993,365,365
DWD-00596-5,1994,365,365
DWD-00596-5,1995,365,365
DWD-00596-5,1996,366,366
DWD-00596-5,1997,365,365
DWD-00596-5,1998,339,365
DWD-00596-6,1991,260,365
DWD-00596-6,1992,366,366
DWD-00596-6,1993,365,365
DWD-00596-6,1994,365,365
DWD-00596-6,1995,365,365
DWD-00596-6,1996,366,366
DWD-00596-6,1997,365,365
DWD-00596-6,1998,339,365
DWD-00596-7,1998,23,365
DWD-00596-7,1999,365,365
DWD-00596-7,2000,366,366
DWD-00596-7,2001,365,365
DWD-00596-7,2002,365,365
DWD-00596-7,2003,365,365
DWD-00596-7,2004,366,366
DWD-00596-7,2005,365,365
DWD-00596-7,2006,365,365
DWD-00596-7,2007,225,365
DWD-00596-8,1998,23,365
DWD-00596-8,1999,365,365
DWD-00596-8,2000,366,366
DWD-00596-8,2001,365,365
DWD-00596-8,2002,365,365
DWD-00596-8,2003,365,365
DWD-00596-8,2004,366,366
DWD-00596-8,2005,365,365
DWD-00596-8,2006,365,365
DWD-00596-8,2007,225,365
DWD-00596-9,2007,140,365
DWD-00596-9,2008,366,366
DWD-00596-9,2009,365,365
DWD-00596-9,2010,365,365
DWD-00596-9,2011,365,365
DWD-00596-9,2012,366,366
DWD-00596-9,2013,365,365
DWD-00596-9,2014,365,365
DWD-00596-9,2015,364,365
DWD-00596-9,2016,366,366
DWD-00596-9,2017,365,365
DWD-00596-9,2018,177,365
DWD-00611-0,1991,365,365
DWD-00611-0,1992,366,366
DWD-00611-0,1993,365,365
DWD-00611-0,1994,365,365
DWD-00611-0,1995,365,365
DWD-00611-0,1996,366,366
DWD-00611-0,1997,365,365
DWD-00611-0,1998,365,365
DWD-00611-0,1999,365,365
DWD-00611-0,2000,366,366
DWD-00611-0,2001,365,365
DWD-00611-0,2002,365,365
DWD-00611-0,2003,365,365
DWD-00611-0,2004,366,366
DWD-00611-0,2005,365,365
DWD-00611-0,2006,365,365
DWD-00611-0,2007,365,365
DWD-00611-0,2008,366,366
DWD-00611-0,2009,365,365
DWD-00611-0,2010,365,365
DWD-00611-0,2011,365,365
DWD-00611-0,2012,366,366
DWD-00611-0,2013,365,365
DWD-00611-0,2014,365,365
DWD-00611-0,2015,364,365
DWD-00611-0,2016,366,366
DWD-00611-0,2017,365,365
DWD-00611-0,2018,365,365
DWD-00611-0,2019,365,365
DWD-00611-0,2020,366,366
DWD-00611-0,2021,365,365
DWD-00611-0,2022,365,365
DWD-00611-0,2023,365,365
DWD-00611-0,2024,366,366
DWD-00611-0,2025,365,365
DWD-00619-3,1991,365,365
DWD-00619-3,1992,366,366
DWD-00619-3,1993,365,365
DWD-00619-3,1994,365,365
DWD-00619-3,1995,365,365
DWD-00619-3,1996,366,366
DWD-00619-3,1997,365,365
DWD-00619-3,1998,365,365
DWD-00619-3,1999,365,365
DWD-00619-3,2000,366,366
DWD-00619-3,2001,365,365
DWD-00619-3,2002,365,365
DWD-00619-3,2003,365,365
DWD-00619-3,2004,366,366
DWD-00619-3,2005,365,365
DWD-00619-3,2006,59,365
DWD-00625-0,1991,365,365
DWD-00625-0,1992,366,366
DWD-00625-0,1993,365,365
DWD-00625-0,1994,365,365
DWD-00625-0,1995,365,365
DWD-00625-0,1996,366,366
DWD-00625-0,1997,365,365
DWD-00625-0,1998,365,365
DWD-00625-0,1999,365,365
DWD-00625-0,2000,366,366
DWD-00625-0,2001,365,365
DWD-00625-0,2002,365,365
DWD-00625-0,2003,365,365
DWD-00625-0,2004,366,366
DWD-00625-0,2005,365,365
DWD-00625-0,2006,365,365
DWD-00625-0,2007,365,365
DWD-00628-1,1991,365,365
DWD-00628-1,1992,366,366
DWD-00628-1,1993,365,365
DWD-00628-1,1994,365,365
DWD-00628-1,1995,365,365
DWD-00628-1,1996,366,366
DWD-00628-1,1997,365,365
DWD-00628-1,1998,365,365
DWD-00628-1,1999,365,365
DWD-00628-1,2000,366,366
DWD-00628-1,2001,365,365
DWD-00628-1,2002,365,365
DWD-00628-1,2003,365,365
DWD-00628-1,2004,366,366
DWD-00628-1,2005,365,365
DWD-00628-1,2006,365,365
DWD-00628-1,2007,365,365
DWD-00628-1,2008,366,366
DWD-00628-1,2009,365,365
DWD-00628-1,2010,365,365
DWD-00628-1,2011,365,365
DWD-00628-1,2012,366,366
DWD-00628-1,2013,365,365
DWD-00628-1,2014,365,365
DWD-00628-1,2015,364,365
DWD-00628-1,2016,366,366
DWD-00628-1,2017,365,365
DWD-00628-1,2018,365,365
DWD-00628-1,2019,365,365
DWD-00628-1,2020,366,366
DWD-00628-1,2021,365,365
DWD-00628-1,2022,365,365
DWD-00628-1,2023,365,365
DWD-00628-1,2024,366,366
DWD-00628-1,2025,365,365
DWD-00629-0,1994,365,365
DWD-00629-0,1995,365,365
DWD-00629-0,1996,366,366
DWD-00629-0,1997,365,365
DWD-00629-0,1998,365,365
DWD-00629-0,1999,365,365
DWD-00629-0,2000,366,366
DWD-00629-0,2001,365,365
DWD-00629-0,2002,365,365
DWD-00629-0,2003,365,365
DWD-00629-0,2004,366,366
DWD-00629-0,2005,365,365
DWD-00629-0,2006,365,365
DWD-00646-0,1991,365,365
DWD-00646-0,1992,366,366
DWD-00646-0,1993,365,365
DWD-00646-0,1994,365,365
DWD-00646-0,1995,365,365
DWD-00646-0,1996,366,366
DWD-00646-0,1997,215,365
DWD-00646-0,1998,365,365
DWD-00646-0,1999,365,365
DWD-00646-0,2000,366,366
DWD-00646-0,2001,365,365
DWD-00646-0,2002,365,365
DWD-00646-0,2003,365,365
DWD-00646-0,2004,366,366
DWD-00646-0,2005,365,365
DWD-00646-0,2006,365,365
DWD-00646-0,2007,151,365
DWD-00648-0,1991,365,365
DWD-00648-0,1992,366,366
DWD-00648-0,1993,365,365
DWD-00648-0,1994,365,365
DWD-00648-0,1995,365,365
DWD-00648-0,1996,366,366
DWD-00648-0,1997,365,365
DWD-00648-0,1998,365,365
DWD-00648-0,1999,365,365
DWD-00648-0,2000,366,366
DWD-00648-0,2001,365,365
DWD-00648-0,2002,365,365
DWD-00648-0,2003,365,365
DWD-00648-0,2004,366,366
DWD-00648-0,2005,365,365
DWD-00648-0,2006,365,365
DWD-00664-0,1991,365,365
DWD-00664-0,1992,366,366
DWD-00664-0,1993,365,365
DWD-00664-0,1994,365,365
DWD-00664-0,1995,365,365
DWD-00664-0,1996,366,366
DWD-00664-0,1997,365,365
DWD-00664-0,1998,365,365
DWD-00664-0,1999,365,365
DWD-00664-0,2000,366,366
DWD-00664-0,2001,365,365
DWD-00664-0,2002,365,365
DWD-00664-0,2003,365,365
DWD-00664-0,2004,366,366
DWD-00664-0,2005,365,365
DWD-00664-0,2006,365,365
DWD-00671-0,1991,365,365
DWD-00671-0,1992,366,366
DWD-00671-0,1993,365,365
DWD-00671-0,1994,365,365
DWD-00671-0,1995,365,365
DWD-00671-0,1996,366,366
DWD-00671-0,1997,365,365
DWD-00671-0,1998,365,365
DWD-00671-0,1999,365,365
DWD-00671-0,2000,366,366
DWD-00671-0,2001,365,365
DWD-00671-0,2002,365,365
DWD-00671-0,2003,365,365
DWD-00671-0,2004,366,366
DWD-00671-0,2005,365,365
DWD-00671-0,2006,365,365
DWD-00688-0,1991,365,365
DWD-00688-0,1992,366,366
DWD-00688-0,1993,365,365
DWD-00688-0,1994,365,365
DWD-00688-0,1995,365,365
DWD-00688-0,1996,366,366
DWD-00688-0,1997,365,365
DWD-00688-0,1998,365,365
DWD-00688-0,1999,365,365
DWD-00688-0,2000,366,366
DWD-00688-0,2001,365,365
DWD-00688-0,2002,365,365
DWD-00688-0,2003,365,365
DWD-00688-0,2004,366,366
DWD-00688-0,2005,365,365
DWD-00688-0,2006,365,365
DWD-00701-10,2016,108,366
DWD-00701-10,2017,341,365
DWD-00701-11,2017,13,365
DWD-00701-11,2018,365,365
DWD-00701-11,2019,365,365
DWD-00701-11,2020,366,366
DWD-00701-11,2021,365,365
DWD-00701-11,2022,365,365
DWD-00701-11,2023,358,365
DWD-00701-11,2024,366,366
DWD-00701-11,2025,365,365
DWD-00701-12,2017,5,365
DWD-00701-12,2018,365,365
DWD-00701-12,2019,365,365
DWD-00701-12,2020,366,366
DWD-00701-12,2021,365,365
DWD-00701-12,2022,365,365
DWD-00701-12,2023,358,365
DWD-00701-12,2024,366,366
DWD-00701-12,2025,365,365
DWD-00701-2,1991,365,365
DWD-00701-2,1992,366,366
DWD-00701-2,1993,365,365
DWD-00701-2,1994,365,365
DWD-00701-2,1995,365,365
DWD-00701-2,1996,366,366
DWD-00701-2,1997,365,365
DWD-00701-2,1998,160,365
DWD-00701-3,1997,43,365
DWD-00701-3,1998,160,365
DWD-00701-4,1998,205,365
DWD-00701-4,1999,365,365
DWD-00701-4,2000,366,366
DWD-00701-4,2001,365,365
DWD-00701-4,2002,365,365
DWD-00701-4,2003,365,365
DWD-00701-4,2004,366,366
DWD-00701-4,2005,129,365
DWD-00701-5,1998,205,365
DWD-00701-5,1999,365,365
DWD-00701-5,2000,366,366
DWD-00701-5,2001,365,365
DWD-00701-5,2002,365,365
DWD-00701-5,2003,365,365
DWD-00701-5,2004,366,366
DWD-00701-5,2005,263,365
DWD-00701-6,2005,236,365
DWD-00701-6,2006,365,365
DWD-00701-6,2007,365,365
DWD-00701-6,2008,366,366
DWD-00701-6,2009,365,365
DWD-00701-6,2010,365,365
DWD-00701-6,2011,365,365
DWD-00701-6,2012,366,366
DWD-00701-6,2013,365,365
DWD-00701-6,2014,365,365
DWD-00701-6,2015,35,365
DWD-00701-7,2005,102,365
DWD-00701-7,2006,365,365
DWD-00701-7,2007,365,365
DWD-00701-7,2008,366,366
DWD-00701-7,2009,365,365
DWD-00701-7,2010,365,365
DWD-00701-7,2011,365,365
DWD-00701-7,2012,366,366
DWD-00701-7,2013,365,365
DWD-00701-7,2014,365,365
DWD-00701-7,2015,35,365
DWD-00701-8,2015,330,365
DWD-00701-8,2016,246,366
DWD-00701-9,2015,330,365
DWD-00701-9,2016,360,366
DWD-00701-9,2017,338,365
DWD-00704-0,1998,301,365
DWD-00704-0,1999,348,365
DWD-00704-0,2000,336,366
DWD-00704-0,2001,325,365
DWD-00704-0,2002,135,365
DWD-00704-1,1998,301,365
DWD-00704-1,1999,348,365
DWD-00704-1,2000,336,366
DWD-00704-1,2001,325,365
DWD-00704-1,2002,135,365
DWD-00704-2,2002,205,365
DWD-00704-2,2003,295,365
DWD-00704-3,2002,205,365
DWD-00704-3,2003,345,365
DWD-00704-3,2004,346,366
DWD-00704-3,2005,355,365
DWD-00704-3,2006,182,365
DWD-00704-4,2003,50,365
DWD-00704-4,2004,346,366
DWD-00704-4,2005,355,365
DWD-00704-4,2006,361,365
DWD-00704-4,2007,365,365
DWD-00704-4,2008,366,366
DWD-00704-4,2009,365,365
DWD-00704-4,2010,365,365
DWD-00704-4,2011,365,365
DWD-00704-4,2012,366,366
DWD-00704-4,2013,365,365
DWD-00704-4,2014,365,365
DWD-00704-4,2015,365,365
DWD-00704-4,2016,366,366
DWD-00704-4,2017,365,365
DWD-00704-4,2018,209,365
DWD-00704-5,2006,179,365
DWD-00704-5,2007,365,365
DWD-00704-5,2008,366,366
DWD-00704-5,2009,365,365
DWD-00704-5,2010,365,365
DWD-00704-5,2011,365,365
DWD-00704-5,2012,366,366
DWD-00704-5,2013,365,365
DWD-00704-5,2014,365,365
DWD-00704-5,2015,365,365
DWD-00704-5,2016,366,366
DWD-00704-5,2017,365,365
DWD-00704-5,2018,349,365
DWD-00704-5,2019,365,365
DWD-00704-5,2020,363,366
DWD-00704-5,2021,365,365
DWD-00704-5,2022,364,365
DWD-00704-5,2023,365,365
DWD-00704-5,2024,366,366
DWD-00704-5,2025,365,365
DWD-00704-6,2018,140,365
DWD-00704-6,2019,365,365
DWD-00704-6,2020,363,366
DWD-00704-6,2021,365,365
DWD-00704-6,2022,364,365
DWD-00704-6,2023,365,365
DWD-00704-6,2024,366,366
DWD-00704-6,2025,365,365
DWD-00705-1,1991,365,365
DWD-00705-1,1992,366,366
DWD-00705-1,1993,365,365
DWD-00705-1,1994,365,365
DWD-00705-1,1995,365,365
DWD-00705-1,1996,366,366
DWD-00705-1,1997,365,365
DWD-00705-1,1998,365,365
DWD-00705-1,1999,365,365
DWD-00705-1,2000,366,366
DWD-00705-1,2001,365,365
DWD-00705-1,2002,365,365
DWD-00705-1,2003,365,365
DWD-00705-1,2004,366,366
DWD-00705-1,2005,365,365
DWD-00705-1,2006,365,365
DWD-00726-0,1991,365,365
DWD-00726-0,1992,366,366
DWD-00726-0,1993,365,365
DWD-00726-0,1994,365,365
DWD-00726-0,1995,365,365
DWD-00726-0,1996,366,366
DWD-00726-0,1997,365,365
DWD-00726-0,1998,365,365
DWD-00726-0,1999,365,365
DWD-00726-0,2000,366,366
DWD-00741-0,1991,365,365
DWD-00741-0,1992,366,366
DWD-00741-0,1993,365,365
DWD-00741-0,1994,365,365
DWD-00741-0,1995,365,365
DWD-00741-0,1996,366,366
DWD-00741-0,1997,365,365
DWD-00741-0,1998,365,365
DWD-00741-0,1999,365,365
DWD-00741-0,2000,366,366
DWD-00741-0,2001,365,365
DWD-00741-0,2002,365,365
DWD-00741-0,2003,365,365
DWD-00741-0,2004,366,366
DWD-00741-0,2005,365,365
DWD-00741-0,2006,365,365
DWD-00741-0,2007,365,365
DWD-00741-0,2008,366,366
DWD-00741-0,2009,365,365
DWD-00741-0,2010,365,365
DWD-00741-0,2011,365,365
DWD-00741-0,2012,366,366
DWD-00741-0,2013,365,365
DWD-00741-0,2014,365,365
DWD-00741-0,2015,365,365
DWD-00741-0,2016,366,366
DWD-00741-0,2017,365,365
DWD-00741-0,2018,365,365
DWD-00741-0,2019,365,365
DWD-00741-0,2020,366,366
DWD-00741-0,2021,365,365
DWD-00741-0,2022,365,365
DWD-00741-0,2023,365,365
DWD-00741-0,2024,366,366
DWD-00741-0,2025,365,365
DWD-00747-2,1991,365,365
DWD-00747-2,1992,366,366
DWD-00747-2,1993,365,365
DWD-00747-2,1994,365,365
DWD-00747-2,1995,365,365
DWD-00747-2,1996,91,366
DWD-00747-3,1996,153,366
DWD-00747-3,1997,365,365
DWD-00747-3,1998,365,365
DWD-00747-3,1999,365,365
DWD-00747-3,2000,366,366
DWD-00747-3,2001,365,365
DWD-00747-3,2002,365,365
DWD-00747-3,2003,365,365
DWD-00747-3,2004,366,366
DWD-00747-3,2005,365,365
DWD-00747-3,2006,365,365
DWD-00747-3,2007,365,365
DWD-00747-3,2008,366,366
DWD-00747-3,2009,365,365
DWD-00747-3,2010,365,365
DWD-00747-3,2011,365,365
DWD-00747-3,2012,366,366
DWD-00747-3,2013,365,365
DWD-00747-3,2014,365,365
DWD-00747-3,2015,363,365
DWD-00747-3,2016,356,366
DWD-00747-3,2017,365,365
DWD-00747-3,2018,352,365
DWD-00747-3,2019,347,365
DWD-00747-3,2020,349,366
DWD-00747-3,2021,351,365
DWD-00747-3,2022,365,365
DWD-00747-3,2023,343,365
DWD-00747-3,2024,328,366
DWD-00747-3,2025,363,365
DWD-00750-0,1991,365,365
DWD-00750-0,1992,366,366
DWD-00750-0,1993,365,365
DWD-00750-0,1994,365,365
DWD-00750-0,1995,365,365
DWD-00750-0,1996,366,366
DWD-00750-0,1997,365,365
DWD-00750-0,1998,365,365
DWD-00750-0,1999,365,365
DWD-00750-0,2000,366,366
DWD-00750-0,2001,365,365
DWD-00750-0,2002,365,365
DWD-00750-0,2003,365,365
DWD-00750-0,2004,366,366
DWD-00750-0,2005,365,365
DWD-00750-0,2006,365,365
DWD-00760-0,1991,365,365
DWD-00760-0,1992,366,366
DWD-00760-0,1993,365,365
DWD-00760-0,1994,365,365
DWD-00760-0,1995,365,365
DWD-00760-0,1996,366,366
DWD-00760-0,1997,365,365
DWD-00760-0,1998,365,365
DWD-00760-0,1999,365,365
DWD-00760-0,2000,366,366
DWD-00760-0,2001,365,365
DWD-00760-0,2002,365,365
DWD-00760-0,2003,365,365
DWD-00760-0,2004,152,366
DWD-00760-1,2015,184,365
DWD-00760-1,2016,366,366
DWD-00760-1,2017,334,365
DWD-00760-2,2017,31,365
DWD-00760-2,2018,365,365
DWD-00760-2,2019,365,365
DWD-00760-2,2020,245,366
DWD-00760-3,2020,121,366
DWD-00760-3,2021,365,365
DWD-00760-3,2022,365,365
DWD-00760-3,2023,365,365
DWD-00760-3,2024,366,366
DWD-00760-3,2025,365,365
DWD-00761-0,1994,262,365
DWD-00761-0,1995,365,365
DWD-00761-0,1996,366,366
DWD-00761-0,1997,365,365
DWD-00761-0,1998,365,365
DWD-00761-0,1999,365,365
DWD-00761-0,2000,366,366
DWD-00761-0,2001,365,365
DWD-00761-0,2002,365,365
DWD-00761-0,2003,365,365
DWD-00787-0,1991,181,365
DWD-00791-2,1991,365,365
DWD-00791-2,1992,366,366
DWD-00791-2,1993,365,365
DWD-00791-2,1994,365,365
DWD-00791-2,1995,365,365
DWD-00791-2,1996,366,366
DWD-00791-2,1997,365,365
DWD-00791-2,1998,365,365
DWD-00791-2,1999,365,365
DWD-00791-2,2000,366,366
DWD-00791-2,2001,365,365
DWD-00791-2,2002,365,365
DWD-00791-2,2003,365,365
DWD-00791-2,2004,366,366
DWD-00791-2,2005,365,365
DWD-00791-3,2006,365,365
DWD-00791-3,2007,365,365
DWD-00791-3,2008,366,366
DWD-00791-3,2009,365,365
DWD-00791-3,2010,365,365
DWD-00791-3,2011,365,365
DWD-00791-3,2012,366,366
DWD-00791-3,2013,365,365
DWD-00791-3,2014,365,365
DWD-00791-3,2015,365,365
DWD-00791-3,2016,366,366
DWD-00791-3,2017,365,365
DWD-00791-3,2018,365,365
DWD-00791-3,2019,365,365
DWD-00791-3,2020,366,366
DWD-00791-3,2021,365,365
DWD-00791-3,2022,171,365
DWD-00791-4,2019,232,365
DWD-00791-4,2020,366,366
DWD-00791-4,2021,365,365
DWD-00791-4,2022,365,365
DWD-00791-4,2023,365,365
DWD-00791-4,2024,366,366
DWD-00791-4,2025,365,365
DWD-00792-0,1991,365,365
DWD-00792-0,1992,366,366
DWD-00792-0,1993,365,365
DWD-00792-0,1994,365,365
DWD-00792-0,1995,365,365
DWD-00792-0,1996,366,366
DWD-00792-0,1997,365,365
DWD-00792-0,1998,365,365
DWD-00792-0,1999,243,365
DWD-00794-0,1991,365,365
DWD-00794-0,1992,366,366
DWD-00794-0,1993,365,365
DWD-00794-0,1994,365,365
DWD-00794-0,1995,365,365
DWD-00794-0,1996,366,366
DWD-00794-0,1997,365,365
DWD-00794-0,1998,365,365
DWD-00794-0,1999,365,365
DWD-00794-0,2000,366,366
DWD-00794-0,2001,365,365
DWD-00794-0,2002,365,365
DWD-00794-0,2003,365,365
DWD-00794-0,2004,366,366
DWD-00794-0,2005,365,365
DWD-00794-0,2006,365,365
DWD-00799-0,1991,365,365
DWD-00799-0,1992,366,366
DWD-00799-0,1993,365,365
DWD-00799-0,1994,365,365
DWD-00799-0,1995,365,365
DWD-00799-0,1996,91,366
DWD-00827-3,1991,365,365
DWD-00827-3,1992,366,366
DWD-00827-3,1993,365,365
DWD-00827-3,1994,365,365
DWD-00827-3,1995,365,365
DWD-00827-3,1996,366,366
DWD-00827-3,1997,365,365
DWD-00827-3,1998,365,365
DWD-00827-3,1999,365,365
DWD-00827-3,2000,366,366
DWD-00827-3,2001,365,365
DWD-00827-3,2002,365,365
DWD-00827-3,2003,365,365
DWD-00827-3,2004,366,366
DWD-00827-3,2005,365,365
DWD-00827-3,2006,365,365
DWD-00827-3,2007,365,365
DWD-00827-3,2008,366,366
DWD-00827-3,2009,365,365
DWD-00827-3,2010,365,365
DWD-00827-3,2011,365,365
DWD-00827-3,2012,366,366
DWD-00827-3,2013,365,365
DWD-00827-3,2014,365,365
DWD-00827-3,2015,365,365
DWD-00827-3,2016,366,366
DWD-00827-3,2017,365,365
DWD-00827-3,2018,365,365
DWD-00827-3,2019,365,365
DWD-00827-3,2020,366,366
DWD-00827-3,2021,365,365
DWD-00827-3,2022,365,365
DWD-00827-3,2023,365,365
DWD-00827-3,2024,366,366
DWD-00827-3,2025,365,365
DWD-00839-0,1991,365,365
DWD-00839-0,1992,366,366
DWD-00839-0,1993,365,365
DWD-00839-0,1994,365,365
DWD-00839-0,1995,365,365
DWD-00839-0,1996,366,366
DWD-00839-0,1997,365,365
DWD-00839-0,1998,365,365
DWD-00839-0,1999,365,365
DWD-00839-0,2000,366,366
DWD-00839-0,2001,365,365
DWD-00839-0,2002,365,365
DWD-00839-0,2003,365,365
DWD-00839-0,2004,121,366
DWD-00839-1,2011,365,365
DWD-00839-1,2012,366,366
DWD-00839-1,2013,365,365
DWD-00839-1,2014,365,365
DWD-00839-1,2015,365,365
DWD-00839-1,2016,366,366
DWD-00839-1,2017,365,365
DWD-00839-1,2018,365,365
DWD-00839-1,2019,365,365
DWD-00839-1,2020,163,366
DWD-00839-2,2020,203,366
DWD-00839-2,2021,365,365
DWD-00839-2,2022,365,365
DWD-00839-2,2023,365,365
DWD-00839-2,2024,366,366
DWD-00839-2,2025,365,365
DWD-00889-0,1991,365,365
DWD-00889-0,1992,366,366
DWD-00889-0,1993,181,365
DWD-00889-1,1993,184,365
DWD-00889-1,1994,365,365
DWD-00889-1,1995,365,365
DWD-00889-1,1996,366,366
DWD-00889-1,1997,365,365
DWD-00889-1,1998,365,365
DWD-00889-1,1999,365,365
DWD-00889-1,2000,366,366
DWD-00889-1,2001,365,365
DWD-00889-1,2002,365,365
DWD-00889-1,2003,334,365
DWD-00889-1,2004,366,366
DWD-00889-1,2005,365,365
DWD-00889-1,2006,365,365
DWD-00889-1,2007,365,365
DWD-00889-1,2008,366,366
DWD-00889-1,2009,365,365
DWD-00889-1,2010,365,365
DWD-00889-1,2011,365,365
DWD-00889-1,2012,366,366
DWD-00889-1,2013,365,365
DWD-00889-1,2014,365,365
DWD-00889-1,2015,365,365
DWD-00889-1,2016,366,366
DWD-00889-1,2017,365,365
DWD-00889-1,2018,31,365
DWD-00891-1,1991,365,365
DWD-00891-1,1992,366,366
DWD-00891-1,1993,365,365
DWD-00891-1,1994,365,365
DWD-00891-1,1995,365,365
DWD-00891-1,1996,366,366
DWD-00891-1,1997,365,365
DWD-00891-1,1998,365,365
DWD-00891-1,1999,365,365
DWD-00891-1,2000,130,366
DWD-00891-10,2024,119,366
DWD-00891-10,2025,321,365
DWD-00891-11,2024,119,366
DWD-00891-11,2025,343,365
DWD-00891-12,2025,21,365
DWD-00891-2,1999,247,365
DWD-00891-2,2000,366,366
DWD-00891-2,2001,365,365
DWD-00891-2,2002,365,365
DWD-00891-2,2003,365,365
DWD-00891-2,2004,366,366
DWD-00891-2,2005,365,365
DWD-00891-2,2006,365,365
DWD-00891-2,2007,365,365
DWD-00891-2,2008,366,366
DWD-00891-2,2009,365,365
DWD-00891-2,2010,365,365
DWD-00891-2,2011,365,365
DWD-00891-2,2012,366,366
DWD-00891-2,2013,365,365
DWD-00891-2,2014,365,365
DWD-00891-2,2015,365,365
DWD-00891-2,2016,366,366
DWD-00891-2,2017,261,365
DWD-00891-3,2000,236,366
DWD-00891-3,2001,365,365
DWD-00891-3,2002,365,365
DWD-00891-3,2003,365,365
DWD-00891-3,2004,366,366
DWD-00891-3,2005,365,365
DWD-00891-3,2006,365,365
DWD-00891-3,2007,365,365
DWD-00891-3,2008,366,366
DWD-00891-3,2009,365,365
DWD-00891-3,2010,365,365
DWD-00891-3,2011,365,365
DWD-00891-3,2012,366,366
DWD-00891-3,2013,144,365
DWD-00891-4,2013,216,365
DWD-00891-4,2014,365,365
DWD-00891-4,2015,365,365
DWD-00891-4,2016,366,366
DWD-00891-4,2017,363,365
DWD-00891-4,2018,365,365
DWD-00891-4,2019,146,365
DWD-00891-5,2017,95,365
DWD-00891-5,2018,365,365
DWD-00891-5,2019,364,365
DWD-00891-5,2020,26,366
DWD-00891-6,2019,195,365
DWD-00891-6,2020,366,366
DWD-00891-6,2021,365,365
DWD-00891-6,2022,365,365
DWD-00891-6,2023,354,365
DWD-00891-6,2024,247,366
DWD-00891-7,2020,340,366
DWD-00891-7,2021,365,365
DWD-00891-7,2022,365,365
DWD-00891-7,2023,354,365
DWD-00891-7,2024,247,366
DWD-00891-8,2024,119,366
DWD-00891-8,2025,321,365
DWD-00891-9,2024,119,366
DWD-00891-9,2025,321,365
DWD-00892-0,1991,365,365
DWD-00892-0,1992,366,366
DWD-00892-0,1993,365,365
DWD-00892-0,1994,365,365
DWD-00892-0,1995,365,365
DWD-00892-0,1996,366,366
DWD-00892-0,1997,334,365
DWD-00892-0,1998,365,365
DWD-00892-0,1999,365,365
DWD-00892-0,2000,366,366
DWD-00892-0,2001,365,365
DWD-00892-0,2002,365,365
DWD-00892-0,2003,365,365
DWD-00892-0,2004,366,366
DWD-00892-0,2005,365,365
DWD-00892-0,2006,365,365
DWD-00893-0,1991,365,365
DWD-00893-0,1992,366,366
DWD-00893-0,1993,365,365
DWD-00893-0,1994,365,365
DWD-00893-0,1995,365,365
DWD-00893-0,1996,366,366
DWD-00893-0,1997,365,365
DWD-00893-0,1998,365,365
DWD-00893-0,1999,365,365
DWD-00893-0,2000,366,366
DWD-00893-0,2001,365,365
DWD-00893-0,2002,365,365
DWD-00893-0,2003,365,365
DWD-00893-0,2004,366,366
DWD-00893-0,2005,365,365
DWD-00893-0,2006,365,365
DWD-00893-0,2007,365,365
DWD-00893-0,2008,366,366
DWD-00893-0,2009,365,365
DWD-00893-0,2010,365,365
DWD-00893-0,2011,222,365
DWD-00893-1,2011,143,365
DWD-00893-1,2012,366,366
DWD-00893-1,2013,365,365
DWD-00893-1,2014,365,365
DWD-00893-1,2015,364,365
DWD-00893-1,2016,366,366
DWD-00893-1,2017,365,365
DWD-00893-1,2018,365,365
DWD-00893-1,2019,365,365
DWD-00893-1,2020,366,366
DWD-00893-1,2021,365,365
DWD-00893-1,2022,365,365
DWD-00893-1,2023,365,365
DWD-00893-1,2024,336,366
DWD-00893-1,2025,365,365
DWD-00900-0,1991,365,365
DWD-00900-0,1992,366,366
DWD-00900-0,1993,365,365
DWD-00900-0,1994,365,365
DWD-00900-0,1995,365,365
DWD-00900-0,1996,366,366
DWD-00900-0,1997,365,365
DWD-00900-0,1998,365,365
DWD-00900-0,1999,365,365
DWD-00900-0,2000,366,366
DWD-00900-0,2001,365,365
DWD-00900-0,2002,365,365
DWD-00900-0,2003,365,365
DWD-00900-0,2004,366,366
DWD-00900-0,2005,365,365
DWD-00900-0,2006,365,365
DWD-00915-1,1991,365,365
DWD-00915-1,1992,366,366
DWD-00915-1,1993,365,365
DWD-00915-1,1994,365,365
DWD-00915-1,1995,365,365
DWD-00915-1,1996,366,366
DWD-00915-1,1997,365,365
DWD-00915-1,1998,365,365
DWD-00915-1,1999,365,365
DWD-00915-1,2000,366,366
DWD-00939-8,2014,275,365
DWD-00939-8,2015,365,365
DWD-00939-8,2016,366,366
DWD-00939-8,2017,365,365
DWD-00939-8,2018,365,365
DWD-00939-8,2019,365,365
DWD-00939-8,2020,366,366
DWD-00939-8,2021,365,365
DWD-00939-8,2022,365,365
DWD-00939-8,2023,365,365
DWD-00939-8,2024,366,366
DWD-00939-8,2025,365,365
DWD-00946-0,1991,365,365
DWD-00946-0,1992,366,366
DWD-00946-0,1993,365,365
DWD-00946-0,1994,365,365
DWD-00946-0,1995,365,365
DWD-00946-0,1996,366,366
DWD-00946-0,1997,365,365
DWD-00946-0,1998,365,365
DWD-00946-0,1999,365,365
DWD-00946-0,2000,366,366
DWD-00946-0,2001,365,365
DWD-00946-0,2002,365,365
DWD-00946-0,2003,365,365
DWD-00946-0,2004,366,366
DWD-00946-0,2005,365,365
DWD-00968-0,1994,334,365
DWD-00968-0,1995,365,365
DWD-00968-0,1996,366,366
DWD-00968-0,1997,365,365
DWD-00968-0,1998,365,365
DWD-00968-0,1999,365,365
DWD-00968-0,2000,366,366
DWD-00968-0,2001,365,365
DWD-00968-0,2002,365,365
DWD-00968-0,2003,365,365
DWD-00999-0,1991,365,365
DWD-00999-0,1992,366,366
DWD-00999-0,1993,365,365
DWD-00999-0,1994,365,365
DWD-00999-0,1995,365,365
DWD-00999-0,1996,366,366
DWD-00999-0,1997,365,365
DWD-00999-0,1998,365,365
DWD-00999-0,1999,365,365
DWD-00999-0,2000,366,366
DWD-00999-0,2001,365,365
DWD-00999-0,2002,365,365
DWD-00999-0,2003,365,365
DWD-00999-0,2004,366,366
DWD-00999-0,2005,365,365
DWD-01000-1,1991,365,365
DWD-01000-1,1992,366,366
DWD-01000-1,1993,365,365
DWD-01000-1,1994,365,365
DWD-01000-1,1995,365,365
DWD-01000-1,1996,366,366
DWD-01000-1,1997,243,365
DWD-01016-1,1991,365,365
DWD-01016-1,1992,366,366
DWD-01016-1,1993,365,365
DWD-01016-1,1994,365,365
DWD-01016-1,1995,365,365
DWD-01016-1,1996,366,366
DWD-01016-1,1997,365,365
DWD-01016-1,1998,365,365
DWD-01016-1,1999,365,365
DWD-01016-1,2000,366,366
DWD-01016-1,2001,365,365
DWD-01016-1,2002,365,365
DWD-01016-1,2003,365,365
DWD-01016-1,2004,366,366
DWD-01016-1,2005,365,365
DWD-01016-1,2006,365,365
DWD-01016-1,2007,365,365
DWD-01016-1,2008,31,366
DWD-01016-2,2009,275,365
DWD-01016-2,2010,365,365
DWD-01016-2,2011,365,365
DWD-01016-2,2012,366,366
DWD-01016-2,2013,365,365
DWD-01016-2,2014,365,365
DWD-01016-2,2015,365,365
DWD-01016-2,2016,366,366
DWD-01016-2,2017,365,365
DWD-01016-2,2018,365,365
DWD-01016-2,2019,365,365
DWD-01016-2,2020,366,366
DWD-01016-2,2021,365,365
DWD-01016-2,2022,365,365
DWD-01016-2,2023,365,365
DWD-01016-2,2024,366,366
DWD-01016-2,2025,365,365
DWD-01017-0,1991,365,365
DWD-01017-0,1992,366,366
DWD-01017-0,1993,365,365
DWD-01017-0,1994,365,365
DWD-01017-0,1995,365,365
DWD-01017-0,1996,366,366
DWD-01017-0,1997,365,365
DWD-01017-0,1998,365,365
DWD-01017-0,1999,365,365
DWD-01017-0,2000,366,366
DWD-01017-0,2001,365,365
DWD-01017-0,2002,365,365
DWD-01017-0,2003,365,365
DWD-01017-0,2004,366,366
DWD-01017-0,2005,365,365
DWD-01030-0,1991,334,365
DWD-01030-0,1992,323,366
DWD-01030-0,1993,365,365
DWD-01030-0,1994,365,365
DWD-01030-0,1995,365,365
DWD-01030-0,1996,366,366
DWD-01030-0,1997,365,365
DWD-01030-0,1998,365,365
DWD-01030-0,1999,365,365
DWD-01030-0,2000,366,366
DWD-01030-0,2001,365,365
DWD-01030-0,2002,365,365
DWD-01030-0,2003,365,365
DWD-01030-0,2004,366,366
DWD-01030-0,2005,59,365
DWD-01030-1,2005,306,365
DWD-01030-1,2006,365,365
DWD-01030-1,2007,365,365
DWD-01030-1,2008,366,366
DWD-01030-1,2009,365,365
DWD-01030-1,2010,365,365
DWD-01030-1,2011,365,365
DWD-01030-1,2012,366,366
DWD-01030-1,2013,365,365
DWD-01030-1,2014,365,365
DWD-01030-1,2015,365,365
DWD-01030-1,2016,364,366
DWD-01030-1,2017,365,365
DWD-01030-1,2018,365,365
DWD-01030-1,2019,365,365
DWD-01030-1,2020,148,366
DWD-01030-2,2020,218,366
DWD-01030-2,2021,365,365
DWD-01030-2,2022,365,365
DWD-01030-2,2023,365,365
DWD-01030-2,2024,366,366
DWD-01030-2,2025,365,365
DWD-01056-1,1991,365,365
DWD-01056-1,1992,366,366
DWD-01056-1,1993,365,365
DWD-01056-1,1994,365,365
DWD-01056-1,1995,365,365
DWD-01056-1,1996,366,366
DWD-01056-1,1997,365,365
DWD-01056-1,1998,365,365
DWD-01056-1,1999,365,365
DWD-01056-1,2000,366,366
DWD-01056-1,2001,365,365
DWD-01056-1,2002,365,365
DWD-01056-1,2003,365,365
DWD-01056-1,2004,366,366
DWD-01056-1,2005,334,365
DWD-01056-2,2005,31,365
DWD-01056-2,2006,365,365
DWD-01056-2,2007,365,365
DWD-01056-2,2008,366,366
DWD-01056-2,2009,365,365
DWD-01056-2,2010,365,365
DWD-01056-2,2011,365,365
DWD-01056-2,2012,366,366
DWD-01056-2,2013,365,365
DWD-01056-2,2014,365,365
DWD-01056-2,2015,365,365
DWD-01056-2,2016,366,366
DWD-01056-2,2017,365,365
DWD-01056-2,2018,319,365
DWD-01056-3,2018,47,365
DWD-01056-3,2019,365,365
DWD-01056-3,2020,366,366
DWD-01056-3,2021,365,365
DWD-01056-3,2022,365,365
DWD-01056-3,2023,365,365
DWD-01056-3,2024,366,366
DWD-01056-3,2025,365,365
DWD-01115-0,1991,365,365
DWD-01115-0,1992,366,366
DWD-01115-0,1993,365,365
DWD-01115-0,1994,365,365
DWD-01115-0,1995,365,365
DWD-01115-0,1996,366,366
DWD-01115-0,1997,365,365
DWD-01115-0,1998,365,365
DWD-01115-0,1999,365,365
DWD-01115-0,2000,366,366
DWD-01115-1,2001,306,365
DWD-01115-1,2002,365,365
DWD-01115-1,2003,365,365
DWD-01115-1,2004,366,366
DWD-01115-1,2005,365,365
DWD-01115-1,2006,365,365
DWD-01130-0,1991,365,365
DWD-01130-0,1992,366,366
DWD-01130-0,1993,365,365
DWD-01130-0,1994,365,365
DWD-01130-0,1995,365,365
DWD-01130-0,1996,366,366
DWD-01130-0,1997,365,365
DWD-01130-0,1998,365,365
DWD-01130-0,1999,365,365
DWD-01130-0,2000,366,366
DWD-01130-0,2001,365,365
DWD-01130-0,2002,365,365
DWD-01130-0,2003,334,365
DWD-01130-0,2004,194,366
DWD-01130-0,2005,17,365
DWD-01130-1,2009,184,365
DWD-01130-1,2010,365,365
DWD-01130-1,2011,365,365
DWD-01130-1,2012,366,366
DWD-01130-1,2013,365,365
DWD-01130-1,2014,365,365
DWD-01130-1,2015,365,365
DWD-01130-1,2016,366,366
DWD-01130-1,2017,365,365
DWD-01130-1,2018,365,365
DWD-01130-1,2019,365,365
DWD-01130-1,2020,366,366
DWD-01130-1,2021,365,365
DWD-01130-1,2022,173,365
DWD-01130-2,2019,230,365
DWD-01130-2,2020,366,366
DWD-01130-2,2021,365,365
DWD-01130-2,2022,365,365
DWD-01130-2,2023,365,365
DWD-01130-2,2024,358,366
DWD-01130-2,2025,365,365
DWD-01189-0,1991,365,365
DWD-01189-0,1992,366,366
DWD-01189-0,1993,365,365
DWD-01189-0,1994,365,365
DWD-01189-0,1995,365,365
DWD-01189-0,1996,366,366
DWD-01189-0,1997,365,365
DWD-01189-0,1998,365,365
DWD-01189-0,1999,365,365
DWD-01189-0,2000,366,366
DWD-01189-0,2001,365,365
DWD-01189-0,2002,365,365
DWD-01189-0,2003,365,365
DWD-01189-0,2004,366,366
DWD-01189-0,2005,365,365
DWD-01189-0,2006,365,365
DWD-01199-0,1991,365,365
DWD-01199-0,1992,366,366
DWD-01199-0,1993,365,365
DWD-01199-0,1994,365,365
DWD-01199-0,1995,365,365
DWD-01199-0,1996,366,366
DWD-01199-0,1997,365,365
DWD-01199-0,1998,365,365
DWD-01200-0,2006,334,365
DWD-01200-0,2007,365,365
DWD-01200-0,2008,366,366
DWD-01200-0,2009,365,365
DWD-01200-0,2010,365,365
DWD-01200-0,2011,365,365
DWD-01200-0,2012,366,366
DWD-01200-0,2013,70,365
DWD-01200-1,2006,334,365
DWD-01200-1,2007,365,365
DWD-01200-1,2008,366,366
DWD-01200-1,2009,365,365
DWD-01200-1,2010,365,365
DWD-01200-1,2011,365,365
DWD-01200-1,2012,366,366
DWD-01200-1,2013,365,365
DWD-01200-1,2014,365,365
DWD-01200-1,2015,365,365
DWD-01200-1,2016,366,366
DWD-01200-1,2017,365,365
DWD-01200-1,2018,281,365
DWD-01200-2,2013,295,365
DWD-01200-2,2014,365,365
DWD-01200-2,2015,365,365
DWD-01200-2,2016,366,366
DWD-01200-2,2017,365,365
DWD-01200-2,2018,365,365
DWD-01200-2,2019,176,365
DWD-01200-3,2018,84,365
DWD-01200-3,2019,365,365
DWD-01200-3,2020,366,366
DWD-01200-3,2021,363,365
DWD-01200-3,2022,365,365
DWD-01200-3,2023,365,365
DWD-01200-3,2024,365,366
DWD-01200-3,2025,365,365
DWD-01200-4,2019,184,365
DWD-01200-4,2020,366,366
DWD-01200-4,2021,363,365
DWD-01200-4,2022,365,365
DWD-01200-4,2023,365,365
DWD-01200-4,2024,365,366
DWD-01200-4,2025,365,365
DWD-01219-0,1991,365,365
DWD-01219-0,1992,366,366
DWD-01219-0,1993,365,365
DWD-01219-0,1994,365,365
DWD-01219-0,1995,365,365
DWD-01219-0,1996,366,366
DWD-01219-0,1997,181,365
DWD-01220-0,1996,184,366
DWD-01220-0,1997,365,365
DWD-01220-0,1998,365,365
DWD-01220-0,1999,365,365
DWD-01220-0,2000,366,366
DWD-01220-0,2001,365,365
DWD-01220-0,2002,365,365
DWD-01220-0,2003,365,365
DWD-01220-0,2004,366,366
DWD-01220-0,2005,365,365
DWD-01220-0,2006,365,365
DWD-01266-3,1991,365,365
DWD-01266-3,1992,366,366
DWD-01266-3,1993,365,365
DWD-01266-3,1994,5,365
DWD-01266-4,1994,360,365
DWD-01266-4,1995,365,365
DWD-01266-4,1996,366,366
DWD-01266-4,1997,365,365
DWD-01266-4,1998,365,365
DWD-01266-4,1999,365,365
DWD-01266-4,2000,366,366
DWD-01266-4,2001,365,365
DWD-01266-4,2002,365,365
DWD-01266-4,2003,365,365
DWD-01266-4,2004,152,366
DWD-01266-5,2004,214,366
DWD-01266-5,2005,365,365
DWD-01266-5,2006,365,365
DWD-01266-5,2007,365,365
DWD-01266-5,2008,366,366
DWD-01266-5,2009,365,365
DWD-01266-5,2010,365,365
DWD-01266-5,2011,365,365
DWD-01266-5,2012,366,366
DWD-01266-5,2013,365,365
DWD-01266-5,2014,365,365
DWD-01266-5,2015,365,365
DWD-01266-5,2016,366,366
DWD-01266-5,2017,365,365
DWD-01266-5,2018,365,365
DWD-01266-5,2019,268,365
DWD-01266-6,2019,286,365
DWD-01266-6,2020,366,366
DWD-01266-6,2021,365,365
DWD-01266-6,2022,365,365
DWD-01266-6,2023,365,365
DWD-01266-6,2024,366,366
DWD-01266-6,2025,365,365
DWD-01299-0,1991,365,365
DWD-01299-0,1992,366,366
DWD-01299-0,1993,365,365
DWD-01299-0,1994,365,365
DWD-01299-0,1995,365,365
DWD-01299-0,1996,366,366
DWD-01299-0,1997,365,365
DWD-01299-0,1998,365,365
DWD-01299-0,1999,304,365
DWD-01329-2,1991,365,365
DWD-01329-2,1992,366,366
DWD-01329-2,1993,365,365
DWD-01329-2,1994,365,365
DWD-01329-2,1995,365,365
DWD-01329-2,1996,366,366
DWD-01329-2,1997,365,365
DWD-01329-2,1998,365,365
DWD-01329-2,1999,365,365
DWD-01329-2,2000,366,366
DWD-01329-2,2001,365,365
DWD-01329-2,2002,365,365
DWD-01329-2,2003,365,365
DWD-01362-0,1995,61,365
DWD-01362-0,1996,366,366
DWD-01362-0,1997,365,365
DWD-01362-0,1998,365,365
DWD-01362-0,1999,365,365
DWD-01362-0,2000,366,366
DWD-01362-0,2001,365,365
DWD-01362-0,2002,365,365
DWD-01362-0,2003,304,365
DWD-01362-0,2004,366,366
DWD-01362-0,2005,365,365
DWD-01376-0,1991,365,365
DWD-01376-0,1992,366,366
DWD-01376-0,1993,365,365
DWD-01376-0,1994,365,365
DWD-01376-0,1995,365,365
DWD-01376-0,1996,366,366
DWD-01376-0,1997,365,365
DWD-01376-0,1998,365,365
DWD-01376-0,1999,365,365
DWD-01376-0,2000,366,366
DWD-01376-0,2001,365,365
DWD-01376-0,2002,365,365
DWD-01376-0,2003,365,365
DWD-01376-0,2004,366,366
DWD-01376-0,2005,365,365
DWD-01376-0,2006,365,365
DWD-01376-0,2007,365,365
DWD-01376-0,2008,366,366
DWD-01376-0,2009,365,365
DWD-01376-0,2010,365,365
DWD-01376-0,2011,365,365
DWD-01376-0,2012,366,366
DWD-01376-0,2013,365,365
DWD-01376-0,2014,365,365
DWD-01376-0,2015,365,365
DWD-01376-0,2016,366,366
DWD-01376-0,2017,365,365
DWD-01378-0,1991,365,365
DWD-01378-0,1992,366,366
DWD-01378-0,1993,365,365
DWD-01378-0,1994,365,365
DWD-01378-0,1995,365,365
DWD-01378-0,1996,366,366
DWD-01378-0,1997,365,365
DWD-01378-0,1998,365,365
DWD-01378-0,1999,365,365
DWD-01378-0,2000,366,366
DWD-01378-0,2001,365,365
DWD-01378-0,2002,365,365
DWD-01378-0,2003,365,365
DWD-01378-0,2004,366,366
DWD-01378-0,2005,365,365
DWD-01378-0,2006,365,365
DWD-01379-3,1991,365,365
DWD-01379-3,1992,366,366
DWD-01379-3,1993,365,365
DWD-01379-3,1994,365,365
DWD-01379-3,1995,365,365
DWD-01379-3,1996,366,366
DWD-01379-3,1997,365,365
DWD-01379-3,1998,365,365
DWD-01379-3,1999,365,365
DWD-01379-3,2000,366,366
DWD-01379-3,2001,365,365
DWD-01379-3,2002,365,365
DWD-01379-3,2003,365,365
DWD-01379-3,2004,366,366
DWD-01379-3,2005,365,365
DWD-01379-3,2006,151,365
DWD-01394-0,1991,365,365
DWD-01394-0,1992,366,366
DWD-01394-0,1993,365,365
DWD-01394-0,1994,365,365
DWD-01394-0,1995,90,365
DWD-01429-0,1991,365,365
DWD-01429-0,1992,366,366
DWD-01429-0,1993,365,365
DWD-01429-0,1994,365,365
DWD-01429-0,1995,365,365
DWD-01429-0,1996,366,366
DWD-01429-0,1997,365,365
DWD-01429-0,1998,275,365
DWD-01429-0,1999,365,365
DWD-01429-0,2000,366,366
DWD-01429-0,2001,365,365
DWD-01429-0,2002,365,365
DWD-01429-0,2003,365,365
DWD-01429-0,2004,366,366
DWD-01429-0,2005,365,365
DWD-01429-0,2006,365,365
DWD-01429-0,2007,365,365
DWD-01429-0,2008,366,366
DWD-01429-0,2009,365,365
DWD-01429-0,2010,365,365
DWD-01429-0,2011,365,365
DWD-01429-0,2012,366,366
DWD-01429-0,2013,365,365
DWD-01429-0,2014,365,365
DWD-01429-0,2015,365,365
DWD-01429-0,2016,366,366
DWD-01429-0,2017,365,365
DWD-01429-0,2018,365,365
DWD-01429-0,2019,364,365
DWD-01429-0,2020,366,366
DWD-01429-0,2021,365,365
DWD-01429-0,2022,365,365
DWD-01429-0,2023,365,365
DWD-01429-0,2024,366,366
DWD-01429-0,2025,353,365
DWD-01451-3,1991,365,365
DWD-01451-3,1992,366,366
DWD-01451-3,1993,365,365
DWD-01451-3,1994,365,365
DWD-01451-3,1995,365,365
DWD-01451-3,1996,366,366
DWD-01451-3,1997,365,365
DWD-01451-3,1998,365,365
DWD-01451-3,1999,365,365
DWD-01451-3,2000,366,366
DWD-01451-3,2001,365,365
DWD-01451-3,2002,365,365
DWD-01451-3,2003,365,365
DWD-01451-3,2004,152,366
DWD-01451-4,2004,214,366
DWD-01451-4,2005,365,365
DWD-01451-4,2006,365,365
DWD-01451-4,2007,365,365
DWD-01451-4,2008,366,366
DWD-01451-4,2009,365,365
DWD-01451-4,2010,365,365
DWD-01451-4,2011,365,365
DWD-01451-4,2012,366,366
DWD-01451-4,2013,365,365
DWD-01451-4,2014,365,365
DWD-01451-4,2015,365,365
DWD-01451-4,2016,366,366
DWD-01451-4,2017,365,365
DWD-01451-4,2018,365,365
DWD-01451-4,2019,365,365
DWD-01451-4,2020,112,366
DWD-01451-5,2020,254,366
DWD-01451-5,2021,365,365
DWD-01451-5,2022,365,365
DWD-01451-5,2023,365,365
DWD-01451-5,2024,366,366
DWD-01451-5,2025,352,365
DWD-01480-0,1992,214,366
DWD-01480-0,1993,365,365
DWD-01480-0,1994,365,365
DWD-01480-0,1995,365,365
DWD-01480-0,1996,366,366
DWD-01480-0,1997,365,365
DWD-01480-0,1998,365,365
DWD-01480-0,1999,365,365
DWD-01480-0,2000,366,366
DWD-01480-0,2001,334,365
DWD-01480-0,2002,365,365
DWD-01480-0,2003,365,365
DWD-01480-0,2004,366,366
DWD-01480-0,2005,365,365
DWD-01480-0,2006,365,365
DWD-01494-2,1991,273,365
DWD-01494-3,1991,92,365
DWD-01494-3,1992,366,366
DWD-01494-3,1993,365,365
DWD-01494-3,1994,365,365
DWD-01494-3,1995,365,365
DWD-01494-3,1996,366,366
DWD-01494-3,1997,365,365
DWD-01494-3,1998,365,365
DWD-01494-3,1999,365,365
DWD-01494-3,2000,366,366
DWD-01494-3,2001,365,365
DWD-01494-3,2002,365,365
DWD-01494-3,2003,365,365
DWD-01494-3,2004,366,366
DWD-01494-3,2005,365,365
DWD-01494-3,2006,365,365
DWD-01494-3,2007,365,365
DWD-01494-3,2008,366,366
DWD-01494-3,2009,31,365
DWD-01494-4,2017,184,365
DWD-01494-4,2018,365,365
DWD-01494-4,2019,365,365
DWD-01494-4,2020,366,366
DWD-01494-4,2021,365,365
DWD-01494-4,2022,365,365
DWD-01494-4,2023,365,365
DWD-01494-4,2024,366,366
DWD-01494-4,2025,365,365
DWD-01495-0,1991,365,365
DWD-01495-0,1992,366,366
DWD-01495-0,1993,365,365
DWD-01495-0,1994,365,365
DWD-01495-0,1995,365,365
DWD-01495-0,1996,366,366
DWD-01495-0,1997,365,365
DWD-01495-0,1998,365,365
DWD-01495-0,1999,365,365
DWD-01495-0,2000,366,366
DWD-01495-0,2001,365,365
DWD-01495-0,2002,365,365
DWD-01495-0,2003,365,365
DWD-01495-0,2004,274,366
DWD-01495-1,2004,92,366
DWD-01495-1,2005,365,365
DWD-01495-1,2006,365,365
DWD-01495-1,2007,365,365
DWD-01495-1,2008,366,366
DWD-01495-1,2009,365,365
DWD-01495-1,2010,365,365
DWD-01495-1,2011,365,365
DWD-01495-1,2012,366,366
DWD-01495-1,2013,365,365
DWD-01495-1,2014,365,365
DWD-01495-1,2015,365,365
DWD-01495-1,2016,366,366
DWD-01495-1,2017,327,365
DWD-01495-1,2018,354,365
DWD-01495-1,2019,336,365
DWD-01495-1,2020,70,366
DWD-01495-2,2020,296,366
DWD-01495-2,2021,352,365
DWD-01495-2,2022,365,365
DWD-01495-2,2023,365,365
DWD-01495-2,2024,366,366
DWD-01495-2,2025,365,365
DWD-01496-0,1991,365,365
DWD-01496-0,1992,366,366
DWD-01496-0,1993,365,365
DWD-01496-0,1994,365,365
DWD-01496-0,1995,365,365
DWD-01496-0,1996,366,366
DWD-01496-0,1997,365,365
DWD-01496-0,1998,365,365
DWD-01496-0,1999,365,365
DWD-01496-0,2000,366,366
DWD-01496-0,2001,365,365
DWD-01496-0,2002,365,365
DWD-01496-0,2003,243,365
DWD-01532-1,1991,365,365
DWD-01532-1,1992,366,366
DWD-01532-1,1993,365,365
DWD-01532-1,1994,365,365
DWD-01532-1,1995,365,365
DWD-01532-1,1996,366,366
DWD-01532-1,1997,365,365
DWD-01532-1,1998,365,365
DWD-01532-1,1999,365,365
DWD-01532-1,2000,366,366
DWD-01532-1,2001,365,365
DWD-01532-1,2002,365,365
DWD-01532-1,2003,365,365
DWD-01532-1,2004,366,366
DWD-01532-1,2005,365,365
DWD-01543-0,1991,365,365
DWD-01543-0,1992,366,366
DWD-01543-0,1993,365,365
DWD-01543-0,1994,365,365
DWD-01543-0,1995,365,365
DWD-01543-0,1996,244,366
DWD-01543-1,1997,184,365
DWD-01543-1,1998,365,365
DWD-01543-1,1999,365,365
DWD-01543-1,2000,366,366
DWD-01543-1,2001,365,365
DWD-01543-1,2002,365,365
DWD-01543-1,2003,365,365
DWD-01543-1,2004,366,366
DWD-01543-1,2005,365,365
DWD-01546-1,1991,365,365
DWD-01546-1,1992,366,366
DWD-01546-1,1993,365,365
DWD-01546-1,1994,365,365
DWD-01546-1,1995,365,365
DWD-01546-1,1996,366,366
DWD-01546-1,1997,365,365
DWD-01546-1,1998,365,365
DWD-01546-1,1999,365,365
DWD-01546-1,2000,366,366
DWD-01546-1,2001,365,365
DWD-01546-1,2002,365,365
DWD-01546-1,2003,365,365
DWD-01546-1,2004,366,366
DWD-01546-1,2005,365,365
DWD-01546-1,2006,365,365
DWD-01546-1,2007,365,365
DWD-01546-1,2008,366,366
DWD-01546-1,2009,365,365
DWD-01546-1,2010,365,365
DWD-01546-1,2011,365,365
DWD-01546-1,2012,366,366
DWD-01546-1,2013,365,365
DWD-01546-1,2014,365,365
DWD-01546-1,2015,365,365
DWD-01546-1,2016,366,366
DWD-01546-1,2017,365,365
DWD-01546-1,2018,365,365
DWD-01546-1,2019,365,365
DWD-01546-1,2020,366,366
DWD-01546-1,2021,365,365
DWD-01546-1,2022,365,365
DWD-01546-1,2023,365,365
DWD-01546-1,2024,366,366
DWD-01546-1,2025,365,365
DWD-01562-0,1992,288,366
DWD-01562-0,1993,365,365
DWD-01562-0,1994,365,365
DWD-01562-0,1995,365,365
DWD-01562-0,1996,366,366
DWD-01562-0,1997,365,365
DWD-01562-0,1998,365,365
DWD-01562-0,1999,365,365
DWD-01562-0,2000,366,366
DWD-01562-0,2001,365,365
DWD-01562-0,2002,365,365
DWD-01562-0,2003,365,365
DWD-01562-0,2004,366,366
DWD-01562-0,2005,365,365
DWD-01562-0,2006,365,365
DWD-01665-0,1991,365,365
DWD-01665-0,1992,366,366
DWD-01665-0,1993,365,365
DWD-01665-0,1994,365,365
DWD-01665-0,1995,365,365
DWD-01665-0,1996,366,366
DWD-01665-0,1997,365,365
DWD-01665-0,1998,365,365
DWD-01665-0,1999,365,365
DWD-01665-0,2000,366,366
DWD-01665-0,2001,365,365
DWD-01665-0,2002,365,365
DWD-01665-0,2003,365,365
DWD-01665-0,2004,366,366
DWD-01665-0,2005,365,365
DWD-01665-0,2006,365,365
DWD-01666-0,1991,365,365
DWD-01666-0,1992,366,366
DWD-01666-0,1993,365,365
DWD-01666-0,1994,365,365
DWD-01666-0,1995,365,365
DWD-01666-0,1996,366,366
DWD-01666-0,1997,365,365
DWD-01666-0,1998,365,365
DWD-01666-0,1999,365,365
DWD-01666-0,2000,366,366
DWD-01666-0,2001,363,365
DWD-01666-0,2002,365,365
DWD-01666-0,2003,365,365
DWD-01666-0,2004,366,366
DWD-01666-0,2005,365,365
DWD-01666-0,2006,365,365
DWD-01666-0,2007,365,365
DWD-01666-0,2008,366,366
DWD-01666-0,2009,308,365
DWD-01666-1,2009,57,365
DWD-01666-1,2010,365,365
DWD-01666-1,2011,365,365
DWD-01666-1,2012,366,366
DWD-01666-1,2013,365,365
DWD-01666-1,2014,365,365
DWD-01666-1,2015,364,365
DWD-01666-1,2016,366,366
DWD-01666-1,2017,361,365
DWD-01666-1,2018,136,365
DWD-01666-2,2018,229,365
DWD-01666-2,2019,365,365
DWD-01666-2,2020,366,366
DWD-01666-2,2021,362,365
DWD-01666-2,2022,364,365
DWD-01666-2,2023,362,365
DWD-01666-2,2024,364,366
DWD-01666-2,2025,359,365
DWD-01667-2,1991,365,365
DWD-01667-2,1992,366,366
DWD-01667-2,1993,365,365
DWD-01667-2,1994,365,365
DWD-01667-2,1995,365,365
DWD-01667-2,1996,366,366
DWD-01667-2,1997,365,365
DWD-01667-2,1998,365,365
DWD-01667-2,1999,365,365
DWD-01667-2,2000,366,366
DWD-01667-2,2001,365,365
DWD-01667-2,2002,365,365
DWD-01667-2,2003,365,365
DWD-01667-2,2004,366,366
DWD-01667-2,2005,365,365
DWD-01667-2,2006,365,365
DWD-01667-2,2007,365,365
DWD-01667-2,2008,366,366
DWD-01667-2,2009,365,365
DWD-01667-2,2010,365,365
DWD-01667-2,2011,365,365
DWD-01667-2,2012,366,366
DWD-01667-2,2013,365,365
DWD-01667-2,2014,365,365
DWD-01667-2,2015,365,365
DWD-01667-2,2016,366,366
DWD-01667-2,2017,325,365
DWD-01667-2,2018,365,365
DWD-01667-2,2019,365,365
DWD-01667-2,2020,366,366
DWD-01667-2,2021,203,365
DWD-01668-0,1991,365,365
DWD-01668-0,1992,366,366
DWD-01668-0,1993,365,365
DWD-01668-0,1994,365,365
DWD-01668-0,1995,365,365
DWD-01668-0,1996,366,366
DWD-01668-0,1997,365,365
DWD-01668-0,1998,365,365
DWD-01669-0,1991,365,365
DWD-01669-0,1992,366,366
DWD-01669-0,1993,365,365
DWD-01669-0,1994,365,365
DWD-01669-0,1995,365,365
DWD-01669-0,1996,366,366
DWD-01669-0,1997,365,365
DWD-01669-0,1998,365,365
DWD-01669-0,1999,365,365
DWD-01669-0,2000,366,366
DWD-01669-0,2001,365,365
DWD-01669-0,2002,365,365
DWD-01669-0,2003,365,365
DWD-01669-0,2004,366,366
DWD-01669-0,2005,365,365
DWD-01669-0,2006,304,365
DWD-01669-1,2006,61,365
DWD-01669-1,2007,346,365
DWD-01669-1,2008,366,366
DWD-01669-1,2009,365,365
DWD-01669-1,2010,365,365
DWD-01669-1,2011,365,365
DWD-01669-1,2012,366,366
DWD-01669-1,2013,365,365
DWD-01669-1,2014,365,365
DWD-01669-1,2015,334,365
DWD-01669-2,2018,92,365
DWD-01669-2,2019,365,365
DWD-01669-2,2020,366,366
DWD-01669-2,2021,365,365
DWD-01669-2,2022,365,365
DWD-01669-2,2023,365,365
DWD-01669-2,2024,366,366
DWD-01669-2,2025,365,365
DWD-01671-0,1998,61,365
DWD-01671-0,1999,365,365
DWD-01671-0,2000,366,366
DWD-01671-0,2001,365,365
DWD-01671-0,2002,365,365
DWD-01671-0,2003,365,365
DWD-01671-0,2004,366,366
DWD-01671-0,2005,365,365
DWD-01671-0,2006,365,365
DWD-01694-2,1991,47,365
DWD-01694-2,1992,249,366
DWD-01694-2,1993,294,365
DWD-01694-2,1994,272,365
DWD-01694-2,1995,318,365
DWD-01694-2,1996,314,366
DWD-01694-2,1997,315,365
DWD-01694-2,2000,114,366
DWD-01694-2,2001,334,365
DWD-01694-2,2002,360,365
DWD-01694-2,2003,356,365
DWD-01694-2,2004,357,366
DWD-01694-2,2005,359,365
DWD-01694-3,1991,47,365
DWD-01694-3,1992,249,366
DWD-01694-3,1993,294,365
DWD-01694-3,1994,272,365
DWD-01694-3,1995,318,365
DWD-01694-3,1996,314,366
DWD-01694-3,1997,315,365
DWD-01694-3,2000,114,366
DWD-01694-3,2001,334,365
DWD-01694-3,2002,360,365
DWD-01694-3,2003,356,365
DWD-01694-3,2004,357,366
DWD-01694-3,2005,359,365
DWD-01694-4,1995,195,365
DWD-01694-4,1996,314,366
DWD-01694-4,1997,315,365
DWD-01694-4,2000,114,366
DWD-01694-4,2001,334,365
DWD-01694-4,2002,360,365
DWD-01694-4,2003,356,365
DWD-01694-4,2004,357,366
DWD-01694-4,2005,359,365
DWD-01694-4,2006,184,365
DWD-01694-4,2007,365,365
DWD-01694-4,2008,366,366
DWD-01694-4,2009,365,365
DWD-01694-4,2010,365,365
DWD-01694-4,2011,246,365
DWD-01694-5,2006,184,365
DWD-01694-5,2007,365,365
DWD-01694-5,2008,366,366
DWD-01694-5,2009,365,365
DWD-01694-5,2010,365,365
DWD-01694-5,2011,246,365
DWD-01694-6,2011,119,365
DWD-01694-6,2012,365,366
DWD-01694-6,2013,365,365
DWD-01694-6,2014,365,365
DWD-01694-6,2015,364,365
DWD-01694-6,2016,207,366
DWD-01694-7,2011,119,365
DWD-01694-7,2012,365,366
DWD-01694-7,2013,365,365
DWD-01694-7,2014,365,365
DWD-01694-7,2015,364,365
DWD-01694-7,2016,366,366
DWD-01694-7,2017,290,365
DWD-01694-8,2016,159,366
DWD-01694-8,2017,364,365
DWD-01694-8,2018,365,365
DWD-01694-8,2019,365,365
DWD-01694-8,2020,365,366
DWD-01694-8,2021,365,365
DWD-01694-8,2022,365,365
DWD-01694-8,2023,352,365
DWD-01694-8,2024,366,366
DWD-01694-8,2025,365,365
DWD-01694-9,2017,74,365
DWD-01694-9,2018,365,365
DWD-01694-9,2019,365,365
DWD-01694-9,2020,365,366
DWD-01694-9,2021,365,365
DWD-01694-9,2022,365,365
DWD-01694-9,2023,352,365
DWD-01694-9,2024,366,366
DWD-01694-9,2025,365,365
DWD-01714-2,1991,365,365
DWD-01714-2,1992,366,366
DWD-01714-2,1993,365,365
DWD-01714-2,1994,365,365
DWD-01714-2,1995,365,365
DWD-01714-2,1996,366,366
DWD-01714-2,1997,365,365
DWD-01714-2,1998,304,365
DWD-01714-3,1999,334,365
DWD-01714-3,2000,366,366
DWD-01714-3,2001,365,365
DWD-01714-3,2002,365,365
DWD-01714-3,2003,365,365
DWD-01714-3,2004,366,366
DWD-01714-3,2005,365,365
DWD-01714-3,2006,365,365
DWD-01714-3,2007,365,365
DWD-01714-3,2008,366,366
DWD-01714-3,2009,365,365
DWD-01714-3,2010,365,365
DWD-01714-3,2011,365,365
DWD-01714-3,2012,366,366
DWD-01714-3,2013,365,365
DWD-01714-3,2014,365,365
DWD-01714-3,2015,365,365
DWD-01714-3,2016,366,366
DWD-01714-3,2017,365,365
DWD-01714-3,2018,365,365
DWD-01714-3,2019,364,365
DWD-01714-3,2020,366,366
DWD-01714-3,2021,365,365
DWD-01714-3,2022,365,365
DWD-01714-3,2023,365,365
DWD-01714-3,2024,366,366
DWD-01714-3,2025,365,365
DWD-01719-0,1991,365,365
DWD-01719-0,1992,366,366
DWD-01719-0,1993,365,365
DWD-01719-0,1994,365,365
DWD-01719-0,1995,365,365
DWD-01719-0,1996,366,366
DWD-01719-0,1997,365,365
DWD-01719-0,1998,365,365
DWD-01719-0,1999,365,365
DWD-01719-0,2000,366,366
DWD-01719-0,2001,365,365
DWD-01719-0,2002,365,365
DWD-01719-0,2003,365,365
DWD-01719-0,2004,366,366
DWD-01719-0,2005,365,365
DWD-01736-2,1991,365,365
DWD-01736-2,1992,366,366
DWD-01736-2,1993,365,365
DWD-01736-2,1994,365,365
DWD-01736-2,1995,365,365
DWD-01736-2,1996,366,366
DWD-01736-2,1997,365,365
DWD-01736-2,1998,365,365
DWD-01736-2,1999,365,365
DWD-01736-2,2000,366,366
DWD-01736-2,2001,365,365
DWD-01736-2,2002,181,365
DWD-01736-3,2002,184,365
DWD-01736-3,2003,365,365
DWD-01736-3,2004,366,366
DWD-01736-3,2005,365,365
DWD-01736-3,2006,365,365
DWD-01736-3,2007,365,365
DWD-01736-3,2008,366,366
DWD-01736-3,2009,365,365
DWD-01736-3,2010,365,365
DWD-01736-3,2011,365,365
DWD-01736-3,2012,366,366
DWD-01736-3,2013,365,365
DWD-01736-3,2014,365,365
DWD-01736-3,2015,365,365
DWD-01736-3,2016,366,366
DWD-01736-3,2017,365,365
DWD-01736-3,2018,365,365
DWD-01736-3,2019,122,365
DWD-01736-4,2019,243,365
DWD-01736-4,2020,366,366
DWD-01736-4,2021,365,365
DWD-01736-4,2022,365,365
DWD-01736-4,2023,365,365
DWD-01736-4,2024,366,366
DWD-01736-4,2025,365,365
DWD-01741-0,1991,365,365
DWD-01741-0,1992,366,366
DWD-01741-0,1993,365,365
DWD-01741-0,1994,365,365
DWD-01741-0,1995,365,365
DWD-01741-0,1996,366,366
DWD-01741-0,1997,365,365
DWD-01741-0,1998,365,365
DWD-01741-0,1999,365,365
DWD-01741-0,2000,366,366
DWD-01741-0,2001,365,365
DWD-01741-0,2002,365,365
DWD-01741-0,2003,365,365
DWD-01741-0,2004,366,366
DWD-01741-0,2005,365,365
DWD-01741-0,2006,365,365
DWD-01741-0,2007,365,365
DWD-01741-0,2008,366,366
DWD-01741-0,2009,365,365
DWD-01741-0,2010,365,365
DWD-01741-0,2011,365,365
DWD-01767-0,1991,365,365
DWD-01767-0,1992,366,366
DWD-01767-0,1993,365,365
DWD-01767-0,1994,365,365
DWD-01767-0,1995,365,365
DWD-01767-0,1996,366,366
DWD-01767-0,1997,365,365
DWD-01767-0,1998,365,365
DWD-01767-0,1999,365,365
DWD-01767-0,2000,366,366
DWD-01767-0,2001,365,365
DWD-01767-0,2002,365,365
DWD-01767-0,2003,365,365
DWD-01767-0,2004,366,366
DWD-01767-0,2005,365,365
DWD-01769-1,1991,365,365
DWD-01769-1,1992,366,366
DWD-01769-1,1993,365,365
DWD-01769-1,1994,365,365
DWD-01769-1,1995,365,365
DWD-01769-1,1996,366,366
DWD-01769-1,1997,334,365
DWD-01769-2,1998,184,365
DWD-01769-2,1999,365,365
DWD-01769-2,2000,366,366
DWD-01769-2,2001,181,365
DWD-01769-3,2001,184,365
DWD-01769-3,2002,365,365
DWD-01769-3,2003,365,365
DWD-01769-3,2004,274,366
DWD-01769-4,2004,92,366
DWD-01769-4,2005,365,365
DWD-01769-4,2006,365,365
DWD-01769-4,2007,365,365
DWD-01769-4,2008,366,366
DWD-01769-4,2009,365,365
DWD-01769-4,2010,365,365
DWD-01769-4,2011,365,365
DWD-01769-4,2012,366,366
DWD-01769-4,2013,365,365
DWD-01769-4,2014,365,365
DWD-01769-4,2015,365,365
DWD-01769-4,2016,366,366
DWD-01769-4,2017,365,365
DWD-01769-4,2018,365,365
DWD-01769-4,2019,365,365
DWD-01769-4,2020,161,366
DWD-01769-5,2020,205,366
DWD-01769-5,2021,365,365
DWD-01769-5,2022,365,365
DWD-01769-5,2023,365,365
DWD-01769-5,2024,355,366
DWD-01769-5,2025,365,365
DWD-01787-0,1991,365,365
DWD-01787-0,1992,366,366
DWD-01787-0,1993,365,365
DWD-01787-0,1994,365,365
DWD-01787-0,1995,365,365
DWD-01787-0,1996,366,366
DWD-01787-0,1997,365,365
DWD-01787-0,1998,365,365
DWD-01787-0,1999,365,365
DWD-01787-0,2000,366,366
DWD-01787-0,2001,365,365
DWD-01787-0,2002,365,365
DWD-01787-0,2003,365,365
DWD-01787-0,2004,366,366
DWD-01787-0,2005,365,365
DWD-01787-0,2006,365,365
DWD-01795-0,1991,31,365
DWD-01799-0,1991,365,365
DWD-01799-0,1992,366,366
DWD-01799-0,1993,365,365
DWD-01799-0,1994,365,365
DWD-01799-0,1995,365,365
DWD-01799-0,1996,366,366
DWD-01799-0,1997,365,365
DWD-01799-0,1998,365,365
DWD-01799-0,1999,365,365
DWD-01799-0,2000,366,366
DWD-01799-0,2001,365,365
DWD-01799-0,2002,365,365
DWD-01799-0,2003,365,365
DWD-01799-0,2004,366,366
DWD-01799-0,2005,365,365
DWD-01799-0,2006,365,365
DWD-01799-0,2007,365,365
DWD-01799-0,2008,366,366
DWD-01799-0,2009,365,365
DWD-01799-0,2010,365,365
DWD-01799-0,2011,365,365
DWD-01799-0,2012,366,366
DWD-01799-0,2013,365,365
DWD-01799-0,2014,365,365
DWD-01799-0,2015,365,365
DWD-01799-0,2016,366,366
DWD-01799-0,2017,365,365
DWD-01799-0,2018,181,365
DWD-01800-0,1991,365,365
DWD-01800-0,1992,366,366
DWD-01800-0,1993,365,365
DWD-01800-0,1994,365,365
DWD-01800-0,1995,365,365
DWD-01800-0,1996,366,366
DWD-01800-0,1997,365,365
DWD-01800-0,1998,365,365
DWD-01800-0,1999,365,365
DWD-01800-0,2000,366,366
DWD-01800-0,2001,365,365
DWD-01803-0,1991,365,365
DWD-01803-0,1992,335,366
DWD-01803-0,1993,365,365
DWD-01803-0,1994,365,365
DWD-01803-0,1995,365,365
DWD-01803-0,1996,366,366
DWD-01803-0,1997,365,365
DWD-01803-0,1998,365,365
DWD-01803-0,1999,365,365
DWD-01803-0,2000,366,366
DWD-01803-0,2001,365,365
DWD-01803-0,2002,365,365
DWD-01803-0,2003,365,365
DWD-01803-0,2004,91,366
DWD-01803-1,2004,122,366
DWD-01803-1,2005,365,365
DWD-01803-1,2006,365,365
DWD-01803-1,2007,365,365
DWD-01803-1,2008,366,366
DWD-01803-1,2009,365,365
DWD-01803-1,2010,365,365
DWD-01803-1,2011,365,365
DWD-01803-1,2012,366,366
DWD-01803-1,2013,365,365
DWD-01803-1,2014,365,365
DWD-01803-1,2015,365,365
DWD-01803-1,2016,364,366
DWD-01803-1,2017,365,365
DWD-01803-1,2018,365,365
DWD-01803-1,2019,231,365
DWD-01803-2,2019,134,365
DWD-01803-2,2020,366,366
DWD-01803-2,2021,341,365
DWD-01803-2,2022,365,365
DWD-01803-2,2023,365,365
DWD-01803-2,2024,366,366
DWD-01803-2,2025,365,365
DWD-01806-0,1997,184,365
DWD-01806-0,1998,365,365
DWD-01806-0,1999,365,365
DWD-01806-0,2000,366,366
DWD-01806-0,2001,365,365
DWD-01806-0,2002,365,365
DWD-01806-0,2003,365,365
DWD-01806-0,2004,366,366
DWD-01806-0,2005,365,365
DWD-01806-0,2006,365,365
DWD-01806-0,2007,365,365
DWD-01806-0,2008,366,366
DWD-01806-0,2009,365,365
DWD-01806-0,2010,89,365
DWD-01806-1,2010,276,365
DWD-01806-1,2011,273,365
DWD-01813-0,1991,365,365
DWD-01813-0,1992,366,366
DWD-01813-0,1993,365,365
DWD-01813-0,1994,365,365
DWD-01813-0,1995,365,365
DWD-01813-0,1996,366,366
DWD-01813-0,1997,365,365
DWD-01813-0,1998,365,365
DWD-01813-0,1999,365,365
DWD-01813-0,2000,366,366
DWD-01813-0,2001,365,365
DWD-01813-0,2002,365,365
DWD-01813-0,2003,365,365
DWD-01813-0,2004,366,366
DWD-01813-0,2005,365,365
DWD-01813-0,2006,365,365
DWD-01813-1,2007,365,365
DWD-01813-1,2008,366,366
DWD-01813-1,2009,365,365
DWD-01813-1,2010,365,365
DWD-01813-1,2011,365,365
DWD-01813-1,2012,366,366
DWD-01813-1,2013,365,365
DWD-01813-1,2014,363,365
DWD-01813-1,2015,365,365
DWD-01813-1,2016,366,366
DWD-01813-1,2017,365,365
DWD-01813-1,2018,365,365
DWD-01813-1,2019,365,365
DWD-01813-1,2020,366,366
DWD-01813-1,2021,365,365
DWD-01813-1,2022,181,365
DWD-01813-2,2020,241,366
DWD-01813-2,2021,365,365
DWD-01813-2,2022,354,365
DWD-01813-2,2023,365,365
DWD-01813-2,2024,366,366
DWD-01813-2,2025,364,365
DWD-01824-0,1991,365,365
DWD-01824-0,1992,366,366
DWD-01824-0,1993,365,365
DWD-01824-0,1994,365,365
DWD-01824-0,1995,365,365
DWD-01824-0,1996,366,366
DWD-01824-0,1997,365,365
DWD-01824-0,1998,365,365
DWD-01824-0,1999,365,365
DWD-01824-0,2000,366,366
DWD-01824-0,2001,365,365
DWD-01824-0,2002,365,365
DWD-01824-0,2003,365,365
DWD-01824-0,2004,366,366
DWD-01824-0,2005,365,365
DWD-01824-0,2006,365,365
DWD-01825-0,1991,365,365
DWD-01825-0,1992,366,366
DWD-01825-0,1993,365,365
DWD-01825-0,1994,365,365
DWD-01825-0,1995,365,365
DWD-01825-0,1996,366,366
DWD-01825-0,1997,365,365
DWD-01825-0,1998,365,365
DWD-01825-0,1999,365,365
DWD-01825-0,2000,366,366
DWD-01825-0,2001,365,365
DWD-01825-0,2002,365,365
DWD-01825-0,2003,365,365
DWD-01825-0,2004,366,366
DWD-01825-0,2005,365,365
DWD-01827-0,1991,365,365
DWD-01827-0,1992,366,366
DWD-01827-0,1993,365,365
DWD-01827-0,1994,365,365
DWD-01827-0,1995,365,365
DWD-01827-0,1996,366,366
DWD-01827-0,1997,365,365
DWD-01827-0,1998,365,365
DWD-01827-0,1999,365,365
DWD-01827-0,2000,366,366
DWD-01827-0,2001,365,365
DWD-01827-0,2002,365,365
DWD-01827-0,2003,365,365
DWD-01827-0,2004,366,366
DWD-01827-0,2005,365,365
DWD-01827-0,2006,365,365
DWD-01827-1,2007,365,365
DWD-01827-1,2008,366,366
DWD-01827-1,2009,365,365
DWD-01827-1,2010,365,365
DWD-01827-1,2011,365,365
DWD-01827-1,2012,365,366
DWD-01827-1,2013,365,365
DWD-01827-1,2014,365,365
DWD-01827-1,2015,365,365
DWD-01827-1,2016,366,366
DWD-01827-1,2017,365,365
DWD-01827-1,2018,365,365
DWD-01827-1,2019,298,365
DWD-01827-2,2019,308,365
DWD-01827-2,2020,366,366
DWD-01827-2,2021,365,365
DWD-01827-2,2022,365,365
DWD-01827-2,2023,365,365
DWD-01827-2,2024,366,366
DWD-01827-2,2025,359,365
DWD-01841-0,1991,365,365
DWD-01841-0,1992,366,366
DWD-01841-0,1993,365,365
DWD-01841-0,1994,365,365
DWD-01841-0,1995,365,365
DWD-01841-0,1996,366,366
DWD-01841-0,1997,365,365
DWD-01841-0,1998,365,365
DWD-01841-0,1999,365,365
DWD-01841-0,2000,366,366
DWD-01841-0,2001,365,365
DWD-01841-0,2002,365,365
DWD-01841-0,2003,365,365
DWD-01841-0,2004,366,366
DWD-01841-0,2005,365,365
DWD-01841-0,2006,59,365
DWD-01860-0,1991,365,365
DWD-01860-0,1992,366,366
DWD-01860-0,1993,365,365
DWD-01860-0,1994,365,365
DWD-01860-0,1995,365,365
DWD-01860-0,1996,366,366
DWD-01860-0,1997,365,365
DWD-01860-0,1998,365,365
DWD-01860-0,1999,365,365
DWD-01860-0,2000,366,366
DWD-01860-0,2001,243,365
DWD-01860-0,2002,181,365
DWD-01888-2,1991,365,365
DWD-01888-2,1992,366,366
DWD-01888-2,1993,365,365
DWD-01888-2,1994,365,365
DWD-01888-2,1995,365,365
DWD-01888-2,1996,366,366
DWD-01888-2,1997,365,365
DWD-01888-2,1998,365,365
DWD-01888-2,1999,365,365
DWD-01888-2,2000,366,366
DWD-01888-2,2001,365,365
DWD-01888-2,2002,365,365
DWD-01888-2,2003,365,365
DWD-01888-2,2004,366,366
DWD-01888-2,2005,31,365
DWD-01888-3,2005,334,365
DWD-01888-3,2006,365,365
DWD-01888-3,2007,365,365
DWD-01888-3,2008,366,366
DWD-01888-3,2009,365,365
DWD-01888-3,2010,365,365
DWD-01888-3,2011,365,365
DWD-01888-3,2012,366,366
DWD-01888-3,2013,365,365
DWD-01888-3,2014,365,365
DWD-01888-3,2015,365,365
DWD-01888-3,2016,366,366
DWD-01888-3,2017,365,365
DWD-01888-3,2018,364,365
DWD-01888-3,2019,210,365
DWD-01888-4,2019,153,365
DWD-01888-4,2020,366,366
DWD-01888-4,2021,365,365
DWD-01888-4,2022,365,365
DWD-01888-4,2023,365,365
DWD-01888-4,2024,366,366
DWD-01888-4,2025,365,365
DWD-01889-0,1991,365,365
DWD-01889-0,1992,366,366
DWD-01889-0,1993,365,365
DWD-01889-0,1994,365,365
DWD-01889-0,1995,365,365
DWD-01889-0,1996,366,366
DWD-01889-0,1997,365,365
DWD-01889-0,1998,365,365
DWD-01889-0,1999,90,365
DWD-01889-0,2000,122,366
DWD-01889-0,2001,365,365
DWD-01889-0,2002,365,365
DWD-01889-0,2003,365,365
DWD-01919-0,1998,275,365
DWD-01919-0,1999,365,365
DWD-01919-0,2000,366,366
DWD-01919-0,2001,365,365
DWD-01919-0,2002,365,365
DWD-01919-0,2003,365,365
DWD-01919-0,2004,335,366
DWD-01919-0,2005,153,365
DWD-01919-0,2006,334,365
DWD-01926-3,1991,365,365
DWD-01926-3,1992,366,366
DWD-01926-3,1993,365,365
DWD-01926-3,1994,365,365
DWD-01926-3,1995,365,365
DWD-01926-3,1996,366,366
DWD-01926-3,1997,365,365
DWD-01926-3,1998,365,365
DWD-01926-3,1999,365,365
DWD-01926-3,2000,366,366
DWD-01926-3,2001,365,365
DWD-01926-3,2002,365,365
DWD-01926-3,2003,365,365
DWD-01926-3,2004,366,366
DWD-01926-3,2005,365,365
DWD-01926-3,2006,365,365
DWD-01926-3,2007,365,365
DWD-01926-3,2008,366,366
DWD-01926-3,2009,365,365
DWD-01926-3,2010,365,365
DWD-01926-3,2011,365,365
DWD-01926-3,2012,366,366
DWD-01926-3,2013,365,365
DWD-01926-3,2014,365,365
DWD-01926-3,2015,365,365
DWD-01926-3,2016,366,366
DWD-01926-3,2017,365,365
DWD-01926-3,2018,365,365
DWD-01926-3,2019,335,365
DWD-01926-3,2020,366,366
DWD-01926-3,2021,365,365
DWD-01926-3,2022,365,365
DWD-01970-0,1991,365,365
DWD-01970-0,1992,366,366
DWD-01970-0,1993,365,365
DWD-01970-0,1994,365,365
DWD-01970-0,1995,365,365
DWD-01970-0,1996,366,366
DWD-01970-0,1997,365,365
DWD-01970-0,1998,365,365
DWD-01970-0,1999,365,365
DWD-01970-0,2000,366,366
DWD-01970-0,2001,365,365
DWD-01970-0,2002,365,365
DWD-01970-0,2003,365,365
DWD-01970-0,2004,366,366
DWD-01970-0,2005,365,365
DWD-01971-0,1991,365,365
DWD-01971-0,1992,366,366
DWD-01971-0,1993,365,365
DWD-01971-0,1994,365,365
DWD-01971-0,1995,365,365
DWD-01971-0,1996,366,366
DWD-01971-0,1997,365,365
DWD-01971-0,1998,365,365
DWD-01971-0,1999,365,365
DWD-01975-0,1991,365,365
DWD-01975-0,1992,366,366
DWD-01975-0,1993,365,365
DWD-01975-0,1994,365,365
DWD-01975-0,1995,247,365
DWD-01975-1,1995,26,365
DWD-01975-2,1995,92,365
DWD-01975-2,1996,366,366
DWD-01975-2,1997,365,365
DWD-01975-2,1998,365,365
DWD-01975-2,1999,365,365
DWD-01975-2,2000,366,366
DWD-01975-2,2001,365,365
DWD-01975-2,2002,365,365
DWD-01975-2,2003,365,365
DWD-01975-2,2004,366,366
DWD-01975-2,2005,365,365
DWD-01975-2,2006,365,365
DWD-01975-2,2007,365,365
DWD-01975-2,2008,152,366
DWD-01975-3,1995,92,365
DWD-01975-3,1996,366,366
DWD-01975-3,1997,365,365
DWD-01975-3,1998,365,365
DWD-01975-3,1999,365,365
DWD-01975-3,2000,366,366
DWD-01975-3,2001,365,365
DWD-01975-3,2002,365,365
DWD-01975-3,2003,365,365
DWD-01975-3,2004,366,366
DWD-01975-3,2005,365,365
DWD-01975-3,2006,365,365
DWD-01975-3,2007,365,365
DWD-01975-3,2008,152,366
DWD-01975-4,2008,15,366
DWD-01975-5,2008,15,366
DWD-01975-6,2008,199,366
DWD-01975-6,2009,365,365
DWD-01975-6,2010,365,365
DWD-01975-6,2011,365,365
DWD-01975-6,2012,366,366
DWD-01975-6,2013,365,365
DWD-01975-6,2014,365,365
DWD-01975-6,2015,365,365
DWD-01975-6,2016,366,366
DWD-01975-6,2017,365,365
DWD-01975-6,2018,163,365
DWD-01975-7,2008,199,366
DWD-01975-7,2009,365,365
DWD-01975-7,2010,365,365
DWD-01975-7,2011,365,365
DWD-01975-7,2012,366,366
DWD-01975-7,2013,365,365
DWD-01975-7,2014,365,365
DWD-01975-7,2015,365,365
DWD-01975-7,2016,366,366
DWD-01975-7,2017,365,365
DWD-01975-7,2018,365,365
DWD-01975-7,2019,365,365
DWD-01975-7,2020,366,366
DWD-01975-7,2021,365,365
DWD-01975-7,2022,365,365
DWD-01975-7,2023,356,365
DWD-01975-7,2024,366,366
DWD-01975-7,2025,365,365
DWD-01975-8,2018,202,365
DWD-01975-8,2019,365,365
DWD-01975-8,2020,366,366
DWD-01975-8,2021,365,365
DWD-01975-8,2022,365,365
DWD-01975-8,2023,356,365
DWD-01975-8,2024,366,366
DWD-01975-8,2025,365,365
DWD-01979-1,1991,365,365
DWD-01979-1,1992,366,366
DWD-01979-1,1993,365,365
DWD-01979-1,1994,365,365
DWD-01979-1,1995,365,365
DWD-01979-1,1996,366,366
DWD-01979-1,1997,365,365
DWD-01979-1,1998,365,365
DWD-01979-1,1999,365,365
DWD-01979-1,2000,366,366
DWD-01979-1,2001,365,365
DWD-01979-1,2002,365,365
DWD-01979-1,2003,365,365
DWD-01979-1,2004,366,366
DWD-01979-1,2005,365,365
DWD-01979-1,2006,365,365
DWD-01981-0,1991,365,365
DWD-01981-0,1992,366,366
DWD-01981-0,1993,365,365
DWD-01981-0,1994,365,365
DWD-01981-0,1995,365,365
DWD-01981-0,1996,366,366
DWD-01981-0,1997,365,365
DWD-01981-0,1998,365,365
DWD-01981-0,1999,365,365
DWD-01981-0,2000,366,366
DWD-01981-0,2001,365,365
DWD-01981-0,2002,365,365
DWD-01981-0,2003,365,365
DWD-01981-0,2004,366,366
DWD-01981-0,2005,59,365
DWD-01981-1,2005,306,365
DWD-01981-1,2006,365,365
DWD-01981-1,2007,365,365
DWD-01981-1,2008,366,366
DWD-01981-1,2009,365,365
DWD-01981-1,2010,365,365
DWD-01981-1,2011,365,365
DWD-01981-1,2012,366,366
DWD-01981-1,2013,365,365
DWD-01981-1,2014,365,365
DWD-01981-1,2015,365,365
DWD-01981-1,2016,366,366
DWD-01981-1,2017,365,365
DWD-01981-1,2018,365,365
DWD-01981-1,2019,141,365
DWD-01981-2,2019,224,365
DWD-01981-2,2020,366,366
DWD-01981-2,2021,365,365
DWD-01981-2,2022,365,365
DWD-01981-2,2023,365,365
DWD-01981-2,2024,366,366
DWD-01981-2,2025,348,365
DWD-01983-0,1991,365,365
DWD-01983-0,1992,366,366
DWD-01983-0,1993,365,365
DWD-01983-0,1994,365,365
DWD-01983-0,1995,365,365
DWD-01983-0,1996,366,366
DWD-01983-0,1997,365,365
DWD-01984-0,1991,365,365
DWD-01984-0,1992,366,366
DWD-01984-0,1993,365,365
DWD-01987-0,1991,365,365
DWD-01987-0,1992,366,366
DWD-01987-0,1993,365,365
DWD-01987-0,1994,365,365
DWD-01987-0,1995,365,365
DWD-01987-0,1996,183,366
DWD-01987-0,1997,365,365
DWD-01987-0,1998,365,365
DWD-01987-0,1999,365,365
DWD-01987-0,2000,60,366
DWD-01989-0,1991,365,365
DWD-01989-0,1992,366,366
DWD-01989-0,1993,365,365
DWD-01989-0,1994,365,365
DWD-01989-0,1995,365,365
DWD-01989-0,1996,366,366
DWD-01989-0,1997,365,365
DWD-01989-0,1998,365,365
DWD-01989-0,1999,365,365
DWD-01989-0,2000,366,366
DWD-01989-0,2001,181,365
DWD-01990-1,1991,365,365
DWD-01990-1,1992,366,366
DWD-01990-1,1993,365,365
DWD-01990-1,1994,365,365
DWD-01990-1,1995,365,365
DWD-01990-1,1996,366,366
DWD-01990-1,1997,365,365
DWD-01990-1,1998,365,365
DWD-01990-1,1999,365,365
DWD-01990-1,2000,366,366
DWD-01990-1,2001,365,365
DWD-01990-1,2002,365,365
DWD-01990-1,2003,365,365
DWD-01990-1,2004,366,366
DWD-01990-1,2005,365,365
DWD-01990-1,2006,365,365
DWD-02004-0,1991,365,365
DWD-02004-0,1992,366,366
DWD-02004-0,1993,365,365
DWD-02004-0,1994,365,365
DWD-02004-0,1995,365,365
DWD-02004-0,1996,366,366
DWD-02004-0,1997,365,365
DWD-02004-0,1998,365,365
DWD-02004-0,1999,365,365
DWD-02004-0,2000,366,366
DWD-02004-0,2001,365,365
DWD-02004-0,2002,365,365
DWD-02004-0,2003,365,365
DWD-02004-0,2004,366,366
DWD-02004-0,2005,365,365
DWD-02004-0,2006,120,365
DWD-02026-0,1991,365,365
DWD-02026-0,1992,366,366
DWD-02026-0,1993,365,365
DWD-02026-0,1994,365,365
DWD-02026-0,1995,365,365
DWD-02026-0,1996,366,366
DWD-02026-0,1997,365,365
DWD-02026-0,1998,365,365
DWD-02026-0,1999,365,365
DWD-02026-0,2000,366,366
DWD-02026-0,2001,365,365
DWD-02026-0,2002,365,365
DWD-02026-0,2003,365,365
DWD-02026-0,2004,366,366
DWD-02026-0,2005,365,365
DWD-02026-0,2006,365,365
DWD-02026-0,2007,365,365
DWD-02026-0,2008,366,366
DWD-02026-0,2009,365,365
DWD-02026-0,2010,365,365
DWD-02026-0,2011,365,365
DWD-02026-0,2012,366,366
DWD-02026-0,2013,365,365
DWD-02026-0,2014,365,365
DWD-02026-0,2015,304,365
DWD-02028-0,1991,365,365
DWD-02028-0,1992,366,366
DWD-02028-0,1993,365,365
DWD-02028-0,1994,365,365
DWD-02028-0,1995,365,365
DWD-02028-0,1996,366,366
DWD-02028-0,1997,365,365
DWD-02028-0,1998,365,365
DWD-02028-0,1999,365,365
DWD-02028-0,2000,366,366
DWD-02028-0,2001,365,365
DWD-02028-0,2002,365,365
DWD-02028-0,2003,365,365
DWD-02028-0,2004,366,366
DWD-02028-0,2005,365,365
DWD-02028-0,2006,365,365
DWD-02078-2,1991,365,365
DWD-02078-2,1992,366,366
DWD-02078-2,1993,365,365
DWD-02078-2,1994,365,365
DWD-02078-2,1995,365,365
DWD-02078-2,1996,366,366
DWD-02078-2,1997,365,365
DWD-02078-2,1998,365,365
DWD-02078-2,1999,365,365
DWD-02078-2,2000,366,366
DWD-02078-2,2001,365,365
DWD-02078-2,2002,181,365
DWD-02078-3,2008,30,366
DWD-02115-1,1991,365,365
DWD-02115-1,1992,366,366
DWD-02115-1,1993,365,365
DWD-02115-1,1994,365,365
DWD-02115-1,1995,365,365
DWD-02115-1,1996,353,366
DWD-02115-2,1996,70,366
DWD-02115-2,1997,365,365
DWD-02115-2,1998,365,365
DWD-02115-2,1999,365,365
DWD-02115-2,2000,366,366
DWD-02115-2,2001,365,365
DWD-02115-2,2002,365,365
DWD-02115-2,2003,365,365
DWD-02115-2,2004,366,366
DWD-02115-2,2005,365,365
DWD-02115-2,2006,211,365
DWD-02115-3,1996,70,366
DWD-02115-3,1997,365,365
DWD-02115-3,1998,365,365
DWD-02115-3,1999,365,365
DWD-02115-3,2000,366,366
DWD-02115-3,2001,365,365
DWD-02115-3,2002,365,365
DWD-02115-3,2003,365,365
DWD-02115-3,2004,366,366
DWD-02115-3,2005,365,365
DWD-02115-3,2006,211,365
DWD-02115-4,2006,154,365
DWD-02115-4,2007,365,365
DWD-02115-4,2008,366,366
DWD-02115-4,2009,365,365
DWD-02115-4,2010,365,365
DWD-02115-4,2011,365,365
DWD-02115-4,2012,366,366
DWD-02115-4,2013,365,365
DWD-02115-4,2014,365,365
DWD-02115-4,2015,231,365
DWD-02115-5,2006,154,365
DWD-02115-5,2007,365,365
DWD-02115-5,2008,366,366
DWD-02115-5,2009,365,365
DWD-02115-5,2010,365,365
DWD-02115-5,2011,365,365
DWD-02115-5,2012,366,366
DWD-02115-5,2013,365,365
DWD-02115-5,2014,365,365
DWD-02115-5,2015,231,365
DWD-02115-6,2015,134,365
DWD-02115-6,2016,366,366
DWD-02115-6,2017,365,365
DWD-02115-6,2018,136,365
DWD-02115-7,2015,134,365
DWD-02115-7,2016,366,366
DWD-02115-7,2017,365,365
DWD-02115-7,2018,365,365
DWD-02115-7,2019,365,365
DWD-02115-7,2020,366,366
DWD-02115-7,2021,336,365
DWD-02115-7,2022,365,365
DWD-02115-7,2023,365,365
DWD-02115-7,2024,365,366
DWD-02115-7,2025,364,365
DWD-02115-8,2018,229,365
DWD-02115-8,2019,365,365
DWD-02115-8,2020,366,366
DWD-02115-8,2021,336,365
DWD-02115-8,2022,365,365
DWD-02115-8,2023,365,365
DWD-02115-8,2024,365,366
DWD-02115-8,2025,364,365
DWD-02122-0,1991,365,365
DWD-02122-0,1992,366,366
DWD-02122-0,1993,365,365
DWD-02122-0,1994,365,365
DWD-02122-0,1995,365,365
DWD-02122-0,1996,366,366
DWD-02122-0,1997,365,365
DWD-02122-0,1998,365,365
DWD-02122-0,1999,365,365
DWD-02122-0,2000,366,366
DWD-02122-0,2001,365,365
DWD-02122-0,2002,151,365
DWD-02128-0,1991,365,365
DWD-02128-0,1992,366,366
DWD-02128-0,1993,365,365
DWD-02128-0,1994,365,365
DWD-02128-0,1995,365,365
DWD-02128-0,1996,366,366
DWD-02128-0,1997,365,365
DWD-02128-0,1998,365,365
DWD-02128-0,1999,365,365
DWD-02128-0,2000,366,366
DWD-02128-0,2001,365,365
DWD-02128-0,2002,365,365
DWD-02128-0,2003,365,365
DWD-02128-0,2004,366,366
DWD-02128-0,2005,365,365
DWD-02128-0,2006,365,365
DWD-02136-0,1993,276,365
DWD-02136-0,1994,365,365
DWD-02136-0,1995,365,365
DWD-02136-0,1996,366,366
DWD-02136-0,1997,365,365
DWD-02136-0,1998,365,365
DWD-02136-0,1999,365,365
DWD-02136-0,2000,366,366
DWD-02136-0,2001,365,365
DWD-02136-0,2002,365,365
DWD-02136-0,2003,365,365
DWD-02136-0,2004,366,366
DWD-02136-0,2005,365,365
DWD-02136-0,2006,365,365
DWD-02137-0,1991,365,365
DWD-02137-0,1992,366,366
DWD-02137-0,1993,365,365
DWD-02137-0,1994,365,365
DWD-02137-0,1995,365,365
DWD-02137-0,1996,366,366
DWD-02137-0,1997,365,365
DWD-02137-0,1998,365,365
DWD-02137-0,1999,365,365
DWD-02137-0,2000,366,366
DWD-02137-0,2001,365,365
DWD-02137-0,2002,365,365
DWD-02137-0,2003,365,365
DWD-02137-0,2004,366,366
DWD-02137-0,2005,365,365
DWD-02137-0,2006,365,365
DWD-02181-1,2012,182,366
DWD-02181-1,2013,365,365
DWD-02181-1,2014,365,365
DWD-02181-1,2015,365,365
DWD-02181-1,2016,366,366
DWD-02181-1,2017,365,365
DWD-02181-1,2018,365,365
DWD-02181-1,2019,365,365
DWD-02181-1,2020,366,366
DWD-02181-1,2021,365,365
DWD-02181-1,2022,365,365
DWD-02181-1,2023,365,365
DWD-02181-1,2024,366,366
DWD-02181-1,2025,365,365
DWD-02272-0,1991,365,365
DWD-02272-0,1992,366,366
DWD-02272-0,1993,365,365
DWD-02272-0,1994,365,365
DWD-02272-0,1995,365,365
DWD-02272-0,1996,366,366
DWD-02272-0,1997,365,365
DWD-02272-0,1998,365,365
DWD-02272-0,1999,214,365
DWD-02272-0,2000,366,366
DWD-02272-0,2001,365,365
DWD-02272-0,2002,365,365
DWD-02272-0,2003,365,365
DWD-02272-0,2004,366,366
DWD-02272-0,2005,365,365
DWD-02272-0,2006,365,365
DWD-02272-0,2007,365,365
DWD-02272-0,2008,366,366
DWD-02272-0,2009,334,365
DWD-02272-1,2009,31,365
DWD-02272-1,2010,365,365
DWD-02272-1,2011,365,365
DWD-02272-1,2012,366,366
DWD-02272-1,2013,365,365
DWD-02272-1,2014,365,365
DWD-02272-1,2015,365,365
DWD-02272-1,2016,366,366
DWD-02272-1,2017,365,365
DWD-02272-1,2018,356,365
DWD-02272-1,2019,365,365
DWD-02272-1,2020,71,366
DWD-02272-2,2020,295,366
DWD-02272-2,2021,365,365
DWD-02272-2,2022,365,365
DWD-02272-2,2023,365,365
DWD-02272-2,2024,366,366
DWD-02272-2,2025,365,365
DWD-02303-0,1991,365,365
DWD-02303-0,1992,366,366
DWD-02303-0,1993,365,365
DWD-02303-0,1994,365,365
DWD-02303-0,1995,365,365
DWD-02303-0,1996,366,366
DWD-02303-0,1997,365,365
DWD-02303-0,1998,365,365
DWD-02303-0,1999,365,365
DWD-02303-0,2000,366,366
DWD-02303-0,2001,365,365
DWD-02303-0,2002,365,365
DWD-02303-0,2003,365,365
DWD-02303-0,2004,366,366
DWD-02303-0,2005,365,365
DWD-02303-0,2006,365,365
DWD-02303-0,2007,90,365
DWD-02303-1,2007,275,365
DWD-02303-1,2008,366,366
DWD-02303-1,2009,365,365
DWD-02303-1,2010,365,365
DWD-02303-1,2011,365,365
DWD-02303-1,2012,355,366
DWD-02303-1,2013,364,365
DWD-02303-1,2014,361,365
DWD-02303-1,2015,365,365
DWD-02303-1,2016,366,366
DWD-02303-1,2017,104,365
DWD-02303-2,2018,223,365
DWD-02303-2,2019,365,365
DWD-02303-2,2020,364,366
DWD-02303-2,2021,365,365
DWD-02303-2,2022,363,365
DWD-02303-2,2023,364,365
DWD-02303-2,2024,354,366
DWD-02303-2,2025,360,365
DWD-02306-0,1991,365,365
DWD-02306-0,1992,366,366
DWD-02306-0,1993,365,365
DWD-02306-0,1994,365,365
DWD-02306-0,1995,365,365
DWD-02306-0,1996,366,366
DWD-02306-0,1997,365,365
DWD-02306-0,1998,365,365
DWD-02306-0,1999,365,365
DWD-02306-0,2000,366,366
DWD-02306-0,2001,365,365
DWD-02306-0,2002,365,365
DWD-02306-0,2003,365,365
DWD-02306-0,2004,366,366
DWD-02306-0,2005,212,365
DWD-02306-1,2005,153,365
DWD-02306-1,2006,365,365
DWD-02306-1,2007,365,365
DWD-02306-1,2008,366,366
DWD-02306-1,2009,365,365
DWD-02306-1,2010,365,365
DWD-02306-1,2011,365,365
DWD-02306-1,2012,366,366
DWD-02306-1,2013,365,365
DWD-02306-1,2014,365,365
DWD-02306-1,2015,365,365
DWD-02306-1,2016,366,366
DWD-02306-1,2017,365,365
DWD-02306-1,2018,365,365
DWD-02306-1,2019,365,365
DWD-02306-1,2020,161,366
DWD-02306-2,2020,205,366
DWD-02306-2,2021,365,365
DWD-02306-2,2022,365,365
DWD-02306-2,2023,365,365
DWD-02306-2,2024,366,366
DWD-02306-2,2025,365,365
DWD-02312-0,1991,365,365
DWD-02312-0,1992,366,366
DWD-02312-0,1993,365,365
DWD-02312-0,1994,365,365
DWD-02312-0,1995,365,365
DWD-02312-0,1996,366,366
DWD-02312-0,1997,365,365
DWD-02312-0,1998,365,365
DWD-02312-0,1999,365,365
DWD-02312-0,2000,366,366
DWD-02312-0,2001,365,365
DWD-02312-0,2002,365,365
DWD-02312-0,2003,365,365
DWD-02312-0,2004,366,366
DWD-02312-0,2005,365,365
DWD-02316-0,1991,365,365
DWD-02316-0,1992,366,366
DWD-02316-0,1993,365,365
DWD-02316-0,1994,365,365
DWD-02316-0,1995,365,365
DWD-02316-0,1996,366,366
DWD-02316-0,1997,365,365
DWD-02316-0,1998,365,365
DWD-02316-0,1999,365,365
DWD-02316-0,2000,366,366
DWD-02316-0,2001,365,365
DWD-02316-0,2002,365,365
DWD-02316-0,2003,365,365
DWD-02316-0,2004,366,366
DWD-02316-0,2005,365,365
DWD-02316-0,2006,365,365
DWD-02316-0,2007,365,365
DWD-02316-0,2008,366,366
DWD-02316-0,2009,365,365
DWD-02316-0,2010,365,365
DWD-02316-0,2011,365,365
DWD-02316-0,2012,366,366
DWD-02316-0,2013,365,365
DWD-02316-0,2014,365,365
DWD-02316-0,2015,365,365
DWD-02316-0,2016,366,366
DWD-02316-0,2017,365,365
DWD-02316-0,2018,120,365
DWD-02316-1,2018,245,365
DWD-02316-1,2019,365,365
DWD-02316-1,2020,366,366
DWD-02316-1,2021,365,365
DWD-02316-1,2022,365,365
DWD-02316-1,2023,365,365
DWD-02316-1,2024,366,366
DWD-02316-1,2025,365,365
DWD-02334-0,1991,365,365
DWD-02334-0,1992,366,366
DWD-02334-0,1993,365,365
DWD-02334-0,1994,365,365
DWD-02334-0,1995,365,365
DWD-02334-0,1996,366,366
DWD-02334-0,1997,365,365
DWD-02334-0,1998,365,365
DWD-02334-0,1999,365,365
DWD-02334-0,2000,366,366
DWD-02334-0,2001,365,365
DWD-02334-0,2002,365,365
DWD-02334-0,2003,90,365
DWD-02350-0,1991,365,365
DWD-02350-0,1992,366,366
DWD-02350-0,1993,365,365
DWD-02350-0,1994,365,365
DWD-02350-0,1995,365,365
DWD-02350-0,1996,366,366
DWD-02350-0,1997,365,365
DWD-02350-0,1998,365,365
DWD-02350-0,1999,365,365
DWD-02350-0,2000,366,366
DWD-02350-0,2001,273,365
DWD-02350-1,2002,334,365
DWD-02350-1,2003,365,365
DWD-02429-0,2003,184,365
DWD-02429-0,2004,366,366
DWD-02429-0,2005,114,365
DWD-02429-1,2003,184,365
DWD-02429-1,2004,366,366
DWD-02429-1,2005,365,365
DWD-02429-1,2006,365,365
DWD-02429-1,2007,9,365
DWD-02429-2,2005,251,365
DWD-02429-2,2006,365,365
DWD-02429-2,2007,365,365
DWD-02429-2,2008,366,366
DWD-02429-2,2009,365,365
DWD-02429-2,2010,365,365
DWD-02429-2,2011,365,365
DWD-02429-2,2012,366,366
DWD-02429-2,2013,365,365
DWD-02429-2,2014,365,365
DWD-02429-2,2015,365,365
DWD-02429-2,2016,366,366
DWD-02429-2,2017,306,365
DWD-02429-3,2007,356,365
DWD-02429-3,2008,366,366
DWD-02429-3,2009,365,365
DWD-02429-3,2010,365,365
DWD-02429-3,2011,365,365
DWD-02429-3,2012,366,366
DWD-02429-3,2013,365,365
DWD-02429-3,2014,365,365
DWD-02429-3,2015,365,365
DWD-02429-3,2016,366,366
DWD-02429-3,2017,365,365
DWD-02429-3,2018,365,365
DWD-02429-3,2019,365,365
DWD-02429-3,2020,366,366
DWD-02429-3,2021,365,365
DWD-02429-3,2022,365,365
DWD-02429-3,2023,365,365
DWD-02429-3,2024,366,366
DWD-02429-3,2025,365,365
DWD-02429-4,2017,48,365
DWD-02429-4,2018,365,365
DWD-02429-4,2019,365,365
DWD-02429-4,2020,366,366
DWD-02429-4,2021,365,365
DWD-02429-4,2022,365,365
DWD-02429-4,2023,365,365
DWD-02429-4,2024,366,366
DWD-02429-4,2025,365,365
DWD-02430-1,1991,365,365
DWD-02430-1,1992,366,366
DWD-02430-1,1993,365,365
DWD-02430-1,1994,365,365
DWD-02430-1,1995,365,365
DWD-02430-1,1996,366,366
DWD-02430-1,1997,365,365
DWD-02430-1,1998,365,365
DWD-02430-1,1999,365,365
DWD-02430-1,2000,366,366
DWD-02430-1,2001,365,365
DWD-02430-1,2002,365,365
DWD-02430-1,2003,365,365
DWD-02430-1,2004,366,366
DWD-02430-1,2005,365,365
DWD-02430-1,2006,365,365
DWD-02437-0,1991,365,365
DWD-02437-0,1992,366,366
DWD-02437-0,1993,365,365
DWD-02437-0,1994,365,365
DWD-02437-0,1995,365,365
DWD-02437-0,1996,366,366
DWD-02437-0,1997,365,365
DWD-02437-0,1998,365,365
DWD-02437-0,1999,365,365
DWD-02437-0,2000,366,366
DWD-02437-0,2001,365,365
DWD-02437-0,2002,365,365
DWD-02437-0,2003,365,365
DWD-02437-0,2004,366,366
DWD-02437-0,2005,365,365
DWD-02437-0,2006,364,365
DWD-02437-0,2007,365,365
DWD-02437-0,2008,366,366
DWD-02437-0,2009,243,365
DWD-02437-1,2009,122,365
DWD-02437-1,2010,365,365
DWD-02437-1,2011,365,365
DWD-02437-1,2012,366,366
DWD-02437-1,2013,356,365
DWD-02437-1,2014,364,365
DWD-02437-1,2015,359,365
DWD-02437-1,2016,358,366
DWD-02437-1,2017,364,365
DWD-02437-1,2018,14,365
DWD-02437-2,2018,245,365
DWD-02437-2,2019,363,365
DWD-02437-2,2020,365,366
DWD-02437-2,2021,365,365
DWD-02437-2,2022,364,365
DWD-02437-2,2023,365,365
DWD-02437-2,2024,362,366
DWD-02437-2,2025,363,365
DWD-02445-0,1991,365,365
DWD-02445-0,1992,366,366
DWD-02445-0,1993,365,365
DWD-02445-0,1994,365,365
DWD-02445-0,1995,365,365
DWD-02445-0,1996,366,366
DWD-02445-0,1997,365,365
DWD-02445-0,1998,365,365
DWD-02445-0,1999,365,365
DWD-02445-0,2000,366,366
DWD-02445-0,2001,365,365
DWD-02445-0,2002,365,365
DWD-02445-0,2003,85,365
DWD-02452-2,1991,365,365
DWD-02452-2,1992,366,366
DWD-02452-2,1993,365,365
DWD-02452-2,1994,365,365
DWD-02452-2,1995,365,365
DWD-02452-2,1996,366,366
DWD-02452-2,1997,365,365
DWD-02452-2,1998,365,365
DWD-02452-2,1999,365,365
DWD-02452-2,2000,366,366
DWD-02452-2,2001,365,365
DWD-02452-2,2002,365,365
DWD-02452-2,2003,365,365
DWD-02452-2,2004,366,366
DWD-02452-2,2005,365,365
DWD-02452-2,2006,365,365
DWD-02452-2,2007,365,365
DWD-02452-2,2008,366,366
DWD-02452-2,2009,365,365
DWD-02452-2,2010,365,365
DWD-02452-2,2011,365,365
DWD-02452-2,2012,366,366
DWD-02452-2,2013,365,365
DWD-02452-2,2014,365,365
DWD-02452-2,2015,365,365
DWD-02452-2,2016,305,366
DWD-02452-3,2016,61,366
DWD-02452-3,2017,364,365
DWD-02452-3,2018,365,365
DWD-02452-3,2019,365,365
DWD-02452-3,2020,366,366
DWD-02452-3,2021,365,365
DWD-02452-3,2022,365,365
DWD-02452-3,2023,365,365
DWD-02452-3,2024,366,366
DWD-02452-3,2025,365,365
DWD-02455-0,1991,365,365
DWD-02455-0,1992,366,366
DWD-02455-0,1993,365,365
DWD-02455-0,1994,365,365
DWD-02455-0,1995,365,365
DWD-02455-0,1996,366,366
DWD-02455-0,1997,365,365
DWD-02455-0,1998,365,365
DWD-02455-0,1999,365,365
DWD-02455-0,2000,366,366
DWD-02455-0,2001,365,365
DWD-02455-0,2002,365,365
DWD-02455-0,2003,365,365
DWD-02455-0,2004,366,366
DWD-02455-0,2005,365,365
DWD-02455-0,2006,365,365
DWD-02455-0,2007,365,365
DWD-02455-0,2008,366,366
DWD-02455-0,2009,365,365
DWD-02455-0,2010,90,365
DWD-02455-1,2010,184,365
DWD-02455-1,2011,365,365
DWD-02455-1,2012,334,366
DWD-02456-4,1991,365,365
DWD-02456-4,1992,366,366
DWD-02456-4,1993,365,365
DWD-02456-4,1994,212,365
DWD-02459-1,1991,365,365
DWD-02459-1,1992,366,366
DWD-02459-1,1993,365,365
DWD-02459-1,1994,365,365
DWD-02459-1,1995,365,365
DWD-02459-1,1996,366,366
DWD-02459-1,1997,365,365
DWD-02459-1,1998,365,365
DWD-02459-1,1999,365,365
DWD-02459-1,2000,366,366
DWD-02459-1,2001,365,365
DWD-02459-1,2002,365,365
DWD-02459-1,2003,365,365
DWD-02459-1,2004,366,366
DWD-02459-1,2005,365,365
DWD-02459-1,2006,365,365
DWD-02459-1,2007,365,365
DWD-02459-1,2008,366,366
DWD-02459-1,2009,365,365
DWD-02459-1,2010,365,365
DWD-02459-1,2012,245,366
DWD-02459-1,2013,365,365
DWD-02459-1,2014,365,365
DWD-02459-1,2015,365,365
DWD-02459-1,2016,366,366
DWD-02459-1,2017,365,365
DWD-02459-1,2018,294,365
DWD-02462-0,1991,365,365
DWD-02462-0,1992,366,366
DWD-02462-0,1993,365,365
DWD-02462-0,1994,365,365
DWD-02462-0,1995,365,365
DWD-02462-0,1996,366,366
DWD-02462-0,1997,365,365
DWD-02462-0,1998,365,365
DWD-02462-0,1999,365,365
DWD-02462-0,2000,366,366
DWD-02462-0,2001,365,365
DWD-02462-0,2002,365,365
DWD-02462-0,2003,365,365
DWD-02462-0,2004,335,366
DWD-02462-0,2005,365,365
DWD-02462-0,2006,365,365
DWD-02462-0,2007,365,365
DWD-02462-0,2008,366,366
DWD-02462-0,2009,365,365
DWD-02462-0,2010,365,365
DWD-02462-0,2011,365,365
DWD-02462-0,2012,366,366
DWD-02462-0,2013,365,365
DWD-02462-0,2014,365,365
DWD-02462-0,2015,365,365
DWD-02462-0,2016,365,366
DWD-02462-0,2017,365,365
DWD-02462-0,2018,365,365
DWD-02462-0,2019,365,365
DWD-02462-0,2020,366,366
DWD-02462-0,2021,365,365
DWD-02462-0,2022,365,365
DWD-02462-0,2023,365,365
DWD-02462-0,2024,366,366
DWD-02462-0,2025,365,365
DWD-02465-0,1991,365,365
DWD-02465-0,1992,366,366
DWD-02465-0,1993,365,365
DWD-02465-0,1994,365,365
DWD-02465-0,1995,365,365
DWD-02465-0,1996,366,366
DWD-02465-0,1997,365,365
DWD-02465-0,1998,365,365
DWD-02465-0,1999,365,365
DWD-02465-0,2000,366,366
DWD-02465-0,2001,365,365
DWD-02465-0,2002,181,365
DWD-02465-1,2002,184,365
DWD-02465-1,2003,365,365
DWD-02465-1,2004,366,366
DWD-02465-1,2005,365,365
DWD-02465-1,2006,365,365
DWD-02465-1,2007,365,365
DWD-02465-1,2008,366,366
DWD-02465-1,2009,365,365
DWD-02465-1,2010,365,365
DWD-02465-1,2011,365,365
DWD-02465-1,2012,366,366
DWD-02465-1,2013,365,365
DWD-02465-1,2014,365,365
DWD-02465-1,2015,365,365
DWD-02465-1,2016,366,366
DWD-02465-1,2017,365,365
DWD-02465-1,2018,365,365
DWD-02465-1,2019,219,365
DWD-02465-2,2019,146,365
DWD-02465-2,2020,366,366
DWD-02465-2,2021,365,365
DWD-02465-2,2022,365,365
DWD-02465-2,2023,365,365
DWD-02465-2,2024,366,366
DWD-02465-2,2025,365,365
DWD-02476-0,1991,216,365
DWD-02476-0,1992,366,366
DWD-02476-0,1993,365,365
DWD-02476-0,1994,365,365
DWD-02476-0,1995,365,365
DWD-02476-0,1996,366,366
DWD-02476-0,1997,365,365
DWD-02476-0,1998,365,365
DWD-02476-0,1999,365,365
DWD-02476-0,2000,366,366
DWD-02476-0,2001,365,365
DWD-02476-0,2002,365,365
DWD-02476-0,2003,365,365
DWD-02476-0,2004,366,366
DWD-02476-0,2005,365,365
DWD-02476-0,2006,365,365
DWD-02495-0,1995,184,365
DWD-02495-0,1996,366,366
DWD-02495-0,1997,365,365
DWD-02495-0,1998,365,365
DWD-02495-0,1999,365,365
DWD-02495-0,2000,366,366
DWD-02495-0,2001,365,365
DWD-02495-0,2002,365,365
DWD-02495-0,2003,365,365
DWD-02495-0,2004,366,366
DWD-02495-0,2005,334,365
DWD-02514-0,1991,365,365
DWD-02514-0,1992,366,366
DWD-02514-0,1993,365,365
DWD-02514-0,1994,365,365
DWD-02514-0,1995,365,365
DWD-02514-0,1996,366,366
DWD-02514-0,1997,365,365
DWD-02514-0,1998,365,365
DWD-02514-0,1999,365,365
DWD-02514-0,2000,366,366
DWD-02514-0,2001,365,365
DWD-02514-0,2002,365,365
DWD-02514-0,2003,365,365
DWD-02514-0,2004,366,366
DWD-02514-0,2005,365,365
DWD-02514-0,2006,365,365
DWD-02515-0,1991,365,365
DWD-02515-0,1992,366,366
DWD-02515-0,1993,365,365
DWD-02515-0,1994,365,365
DWD-02515-0,1995,365,365
DWD-02515-0,1996,366,366
DWD-02515-0,1997,365,365
DWD-02515-0,1998,365,365
DWD-02515-0,1999,365,365
DWD-02515-0,2000,366,366
DWD-02515-0,2001,365,365
DWD-02515-0,2002,365,365
DWD-02515-0,2003,365,365
DWD-02529-0,1991,365,365
DWD-02529-0,1992,366,366
DWD-02529-0,1993,365,365
DWD-02529-0,1994,365,365
DWD-02529-0,1995,365,365
DWD-02529-0,1996,366,366
DWD-02529-0,1997,365,365
DWD-02529-0,1998,365,365
DWD-02529-0,1999,365,365
DWD-02529-0,2000,366,366
DWD-02529-0,2001,365,365
DWD-02529-0,2002,365,365
DWD-02529-0,2003,365,365
DWD-02529-0,2004,366,366
DWD-02529-0,2005,365,365
DWD-02529-0,2006,365,365
DWD-02529-0,2007,365,365
DWD-02529-0,2008,366,366
DWD-02529-0,2009,365,365
DWD-02529-0,2010,365,365
DWD-02529-0,2011,365,365
DWD-02529-0,2012,366,366
DWD-02529-0,2013,365,365
DWD-02529-0,2014,365,365
DWD-02529-0,2015,365,365
DWD-02529-0,2016,366,366
DWD-02529-0,2017,365,365
DWD-02529-0,2018,365,365
DWD-02529-0,2019,335,365
DWD-02529-0,2020,366,366
DWD-02529-0,2021,365,365
DWD-02529-0,2022,365,365
DWD-02529-0,2023,365,365
DWD-02529-0,2024,366,366
DWD-02529-0,2025,365,365
DWD-02552-0,1991,365,365
DWD-02552-0,1992,366,366
DWD-02552-0,1993,365,365
DWD-02552-0,1994,365,365
DWD-02552-0,1995,365,365
DWD-02552-0,1996,366,366
DWD-02552-0,1997,365,365
DWD-02552-0,1998,365,365
DWD-02552-0,1999,365,365
DWD-02552-0,2000,366,366
DWD-02552-0,2001,365,365
DWD-02552-0,2002,365,365
DWD-02552-0,2003,365,365
DWD-02552-0,2004,366,366
DWD-02552-0,2005,365,365
DWD-02552-0,2006,365,365
DWD-02564-0,1991,365,365
DWD-02564-0,1992,366,366
DWD-02564-0,1993,365,365
DWD-02564-0,1994,365,365
DWD-02564-0,1995,365,365
DWD-02564-0,1996,366,366
DWD-02564-0,1997,365,365
DWD-02564-0,1998,365,365
DWD-02564-0,1999,365,365
DWD-02564-0,2000,366,366
DWD-02564-0,2001,364,365
DWD-02564-0,2002,365,365
DWD-02564-0,2003,365,365
DWD-02564-0,2004,363,366
DWD-02564-0,2005,365,365
DWD-02564-0,2006,365,365
DWD-02564-0,2007,365,365
DWD-02564-0,2008,365,366
DWD-02564-0,2009,321,365
DWD-02564-1,2009,44,365
DWD-02564-1,2010,365,365
DWD-02564-1,2011,365,365
DWD-02564-1,2012,354,366
DWD-02564-10,2019,105,365
DWD-02564-10,2020,366,366
DWD-02564-10,2021,365,365
DWD-02564-10,2022,365,365
DWD-02564-10,2023,365,365
DWD-02564-10,2024,364,366
DWD-02564-10,2025,365,365
DWD-02564-11,2019,105,365
DWD-02564-11,2020,366,366
DWD-02564-11,2021,365,365
DWD-02564-11,2022,365,365
DWD-02564-11,2023,365,365
DWD-02564-11,2024,364,366
DWD-02564-11,2025,365,365
DWD-02564-2,2013,244,365
DWD-02564-2,2014,365,365
DWD-02564-2,2015,365,365
DWD-02564-2,2016,366,366
DWD-02564-2,2017,365,365
DWD-02564-2,2018,365,365
DWD-02564-2,2019,260,365
DWD-02564-3,2013,244,365
DWD-02564-3,2014,365,365
DWD-02564-3,2015,365,365
DWD-02564-3,2016,366,366
DWD-02564-3,2017,365,365
DWD-02564-3,2018,365,365
DWD-02564-3,2019,260,365
DWD-02564-4,2019,105,365
DWD-02564-4,2020,366,366
DWD-02564-4,2021,365,365
DWD-02564-4,2022,365,365
DWD-02564-4,2023,365,365
DWD-02564-4,2024,364,366
DWD-02564-4,2025,365,365
DWD-02564-5,2019,105,365
DWD-02564-5,2020,366,366
DWD-02564-5,2021,365,365
DWD-02564-5,2022,365,365
DWD-02564-5,2023,365,365
DWD-02564-5,2024,364,366
DWD-02564-5,2025,365,365
DWD-02564-6,2019,105,365
DWD-02564-6,2020,366,366
DWD-02564-6,2021,365,365
DWD-02564-6,2022,365,365
DWD-02564-6,2023,365,365
DWD-02564-6,2024,364,366
DWD-02564-6,2025,365,365
DWD-02564-7,2019,105,365
DWD-02564-7,2020,366,366
DWD-02564-7,2021,365,365
DWD-02564-7,2022,365,365
DWD-02564-7,2023,365,365
DWD-02564-7,2024,364,366
DWD-02564-7,2025,365,365
DWD-02564-8,2019,105,365
DWD-02564-8,2020,366,366
DWD-02564-8,2021,365,365
DWD-02564-8,2022,365,365
DWD-02564-8,2023,365,365
DWD-02564-8,2024,364,366
DWD-02564-8,2025,365,365
DWD-02564-9,2019,105,365
DWD-02564-9,2020,366,366
DWD-02564-9,2021,365,365
DWD-02564-9,2022,365,365
DWD-02564-9,2023,365,365
DWD-02564-9,2024,364,366
DWD-02564-9,2025,365,365
DWD-02578-1,1991,365,365
DWD-02578-1,1992,366,366
DWD-02578-1,1993,365,365
DWD-02578-1,1994,365,365
DWD-02578-1,1995,365,365
DWD-02578-1,1996,366,366
DWD-02578-1,1997,365,365
DWD-02578-1,1998,365,365
DWD-02578-1,1999,365,365
DWD-02578-1,2000,366,366
DWD-02578-1,2001,365,365
DWD-02578-1,2002,365,365
DWD-02578-1,2003,365,365
DWD-02578-1,2004,182,366
DWD-02578-2,2004,184,366
DWD-02578-2,2005,365,365
DWD-02578-2,2006,365,365
DWD-02578-2,2007,365,365
DWD-02578-2,2008,366,366
DWD-02578-2,2009,365,365
DWD-02578-2,2010,365,365
DWD-02578-2,2011,365,365
DWD-02578-2,2012,366,366
DWD-02578-2,2013,365,365
DWD-02578-2,2014,365,365
DWD-02578-2,2015,365,365
DWD-02578-2,2016,366,366
DWD-02578-2,2017,365,365
DWD-02578-2,2018,365,365
DWD-02578-2,2019,163,365
DWD-02578-3,2019,202,365
DWD-02578-3,2020,366,366
DWD-02578-3,2021,365,365
DWD-02578-3,2022,365,365
DWD-02578-3,2023,365,365
DWD-02578-3,2024,366,366
DWD-02578-3,2025,365,365
DWD-02599-0,1991,365,365
DWD-02599-0,1992,366,366
DWD-02599-0,1993,365,365
DWD-02599-0,1994,365,365
DWD-02599-0,1995,365,365
DWD-02599-0,1996,366,366
DWD-02599-0,1997,365,365
DWD-02599-0,1998,365,365
DWD-02599-0,1999,365,365
DWD-02599-0,2000,366,366
DWD-02599-0,2001,365,365
DWD-02599-0,2002,365,365
DWD-02599-0,2003,365,365
DWD-02599-0,2004,366,366
DWD-02599-0,2005,151,365
DWD-02602-0,1991,365,365
DWD-02602-0,1992,366,366
DWD-02602-0,1993,365,365
DWD-02602-0,1994,365,365
DWD-02602-0,1995,365,365
DWD-02602-0,1996,366,366
DWD-02602-0,1997,365,365
DWD-02602-0,1998,365,365
DWD-02602-0,1999,365,365
DWD-02602-0,2000,366,366
DWD-02602-0,2001,365,365
DWD-02602-0,2002,365,365
DWD-02602-0,2003,365,365
DWD-02602-0,2004,366,366
DWD-02602-0,2005,365,365
DWD-02602-0,2006,365,365
DWD-02602-0,2007,365,365
DWD-02602-0,2008,182,366
DWD-02602-0,2010,92,365
DWD-02602-0,2011,365,365
DWD-02602-0,2012,121,366
DWD-02605-0,1991,365,365
DWD-02605-0,1992,366,366
DWD-02605-0,1993,365,365
DWD-02605-0,1994,365,365
DWD-02605-0,1995,365,365
DWD-02605-0,1996,366,366
DWD-02605-0,1997,365,365
DWD-02605-0,1998,365,365
DWD-02605-0,1999,365,365
DWD-02605-0,2000,366,366
DWD-02605-0,2001,365,365
DWD-02605-0,2002,365,365
DWD-02605-0,2003,365,365
DWD-02605-0,2004,366,366
DWD-02605-0,2005,365,365
DWD-02605-0,2006,365,365
DWD-02606-0,1992,212,366
DWD-02606-0,1993,365,365
DWD-02606-0,1994,365,365
DWD-02606-0,1995,365,365
DWD-02606-0,1996,366,366
DWD-02606-0,1997,365,365
DWD-02606-0,1998,365,365
DWD-02606-0,1999,365,365
DWD-02606-0,2000,366,366
DWD-02606-0,2001,365,365
DWD-02606-0,2002,365,365
DWD-02606-0,2003,365,365
DWD-02606-0,2004,366,366
DWD-02606-0,2005,365,365
DWD-02606-0,2006,365,365
DWD-02607-0,1994,92,365
DWD-02607-0,1995,365,365
DWD-02607-0,1996,366,366
DWD-02607-0,1997,365,365
DWD-02607-0,1998,365,365
DWD-02607-0,1999,365,365
DWD-02607-0,2000,366,366
DWD-02607-0,2001,365,365
DWD-02607-0,2002,365,365
DWD-02607-0,2003,365,365
DWD-02607-0,2004,366,366
DWD-02607-0,2005,365,365
DWD-02624-0,1991,365,365
DWD-02624-0,1992,366,366
DWD-02624-0,1993,365,365
DWD-02624-0,1994,365,365
DWD-02624-0,1995,365,365
DWD-02624-0,1996,366,366
DWD-02624-0,1997,365,365
DWD-02624-0,1998,365,365
DWD-02624-0,1999,365,365
DWD-02624-0,2000,366,366
DWD-02624-0,2001,365,365
DWD-02624-0,2002,365,365
DWD-02624-0,2003,365,365
DWD-02624-0,2004,366,366
DWD-02624-0,2005,365,365
DWD-02624-0,2006,365,365
DWD-02637-1,1991,275,365
DWD-02637-1,1992,366,366
DWD-02637-1,1993,365,365
DWD-02637-1,1994,365,365
DWD-02637-1,1995,365,365
DWD-02637-1,1996,366,366
DWD-02637-1,1997,365,365
DWD-02637-1,1998,365,365
DWD-02637-1,1999,365,365
DWD-02637-1,2000,366,366
DWD-02637-1,2001,365,365
DWD-02637-1,2002,365,365
DWD-02637-1,2003,365,365
DWD-02637-1,2004,366,366
DWD-02637-1,2005,365,365
DWD-02637-1,2006,365,365
DWD-02637-1,2007,365,365
DWD-02637-1,2008,366,366
DWD-02637-1,2009,365,365
DWD-02637-1,2010,365,365
DWD-02637-1,2011,365,365
DWD-02637-1,2012,274,366
DWD-02637-2,2012,92,366
DWD-02637-2,2013,365,365
DWD-02637-2,2014,365,365
DWD-02637-2,2015,365,365
DWD-02637-2,2016,366,366
DWD-02637-2,2017,365,365
DWD-02637-2,2018,365,365
DWD-02637-2,2019,365,365
DWD-02637-2,2020,366,366
DWD-02637-2,2021,365,365
DWD-02637-2,2022,365,365
DWD-02637-2,2023,365,365
DWD-02637-2,2024,366,366
DWD-02637-2,2025,365,365
DWD-02643-0,1991,365,365
DWD-02643-0,1992,366,366
DWD-02643-0,1993,365,365
DWD-02643-0,1994,365,365
DWD-02643-0,1995,335,365
DWD-02643-0,1996,366,366
DWD-02643-0,1997,365,365
DWD-02643-0,1998,365,365
DWD-02643-0,1999,365,365
DWD-02643-0,2000,366,366
DWD-02643-0,2001,365,365
DWD-02643-0,2002,365,365
DWD-02643-0,2003,365,365
DWD-02663-1,1991,365,365
DWD-02663-1,1992,366,366
DWD-02663-1,1993,365,365
DWD-02663-1,1994,365,365
DWD-02663-1,1995,365,365
DWD-02663-1,1996,366,366
DWD-02663-1,1997,334,365
DWD-02663-1,1998,365,365
DWD-02663-1,1999,365,365
DWD-02663-1,2000,366,366
DWD-02663-1,2001,365,365
DWD-02663-1,2002,365,365
DWD-02663-1,2003,365,365
DWD-02663-1,2004,366,366
DWD-02663-1,2005,365,365
DWD-02663-1,2006,365,365
DWD-02663-1,2007,365,365
DWD-02663-1,2008,366,366
DWD-02663-1,2009,365,365
DWD-02663-1,2010,365,365
DWD-02663-1,2011,347,365
DWD-02663-1,2012,366,366
DWD-02663-1,2013,365,365
DWD-02663-1,2014,365,365
DWD-02663-1,2015,365,365
DWD-02663-1,2016,366,366
DWD-02663-1,2017,365,365
DWD-02663-1,2018,365,365
DWD-02663-1,2019,365,365
DWD-02663-1,2020,366,366
DWD-02663-1,2021,365,365
DWD-02663-1,2022,365,365
DWD-02663-1,2023,365,365
DWD-02663-1,2024,366,366
DWD-02663-1,2025,365,365
DWD-02725-0,1991,275,365
DWD-02725-0,1992,366,366
DWD-02725-0,1993,365,365
DWD-02725-0,1994,365,365
DWD-02725-0,1995,365,365
DWD-02725-0,1996,366,366
DWD-02725-0,1997,184,365
DWD-02725-0,1998,365,365
DWD-02725-0,1999,365,365
DWD-02725-0,2000,366,366
DWD-02725-0,2001,365,365
DWD-02725-0,2002,365,365
DWD-02725-0,2003,365,365
DWD-02725-0,2004,366,366
DWD-02725-0,2005,365,365
DWD-02725-0,2006,365,365
DWD-02725-0,2007,365,365
DWD-02725-0,2008,366,366
DWD-02725-0,2009,365,365
DWD-02725-0,2010,365,365
DWD-02725-0,2011,365,365
DWD-02725-0,2012,366,366
DWD-02725-0,2013,365,365
DWD-02725-0,2014,365,365
DWD-02725-0,2015,365,365
DWD-02725-0,2016,366,366
DWD-02725-0,2017,365,365
DWD-02725-0,2018,365,365
DWD-02725-0,2019,365,365
DWD-02725-0,2020,366,366
DWD-02725-0,2021,365,365
DWD-02725-0,2022,365,365
DWD-02725-0,2023,365,365
DWD-02725-0,2024,366,366
DWD-02725-0,2025,365,365
DWD-02728-0,1991,365,365
DWD-02728-0,1992,366,366
DWD-02728-0,1993,365,365
DWD-02728-0,1994,365,365
DWD-02728-0,1995,365,365
DWD-02728-0,1996,366,366
DWD-02728-0,1997,365,365
DWD-02728-0,1998,365,365
DWD-02728-0,1999,365,365
DWD-02728-0,2000,366,366
DWD-02728-0,2001,365,365
DWD-02728-0,2002,365,365
DWD-02728-0,2003,365,365
DWD-02728-0,2004,366,366
DWD-02728-0,2005,365,365
DWD-02728-0,2006,365,365
DWD-02728-0,2007,365,365
DWD-02728-0,2008,366,366
DWD-02728-0,2009,365,365
DWD-02728-0,2010,365,365
DWD-02728-0,2011,365,365
DWD-02728-0,2012,366,366
DWD-02728-0,2013,365,365
DWD-02728-0,2014,364,365
DWD-02728-0,2015,364,365
DWD-02728-0,2016,366,366
DWD-02728-0,2017,365,365
DWD-02728-0,2018,365,365
DWD-02728-0,2019,364,365
DWD-02728-0,2020,366,366
DWD-02728-0,2021,365,365
DWD-02728-0,2022,365,365
DWD-02728-0,2023,365,365
DWD-02728-0,2024,366,366
DWD-02728-0,2025,344,365
DWD-02734-2,1991,365,365
DWD-02734-2,1992,366,366
DWD-02734-2,1993,365,365
DWD-02734-2,1994,151,365
DWD-02734-3,1994,199,365
DWD-02734-3,1995,365,365
DWD-02734-3,1996,366,366
DWD-02734-3,1997,365,365
DWD-02734-3,1998,365,365
DWD-02734-3,1999,365,365
DWD-02734-3,2000,366,366
DWD-02734-3,2001,365,365
DWD-02734-3,2002,365,365
DWD-02734-3,2003,365,365
DWD-02734-3,2004,366,366
DWD-02734-3,2005,365,365
DWD-02734-4,2006,365,365
DWD-02734-4,2007,365,365
DWD-02734-4,2008,366,366
DWD-02734-4,2009,365,365
DWD-02734-4,2010,365,365
DWD-02734-4,2011,365,365
DWD-02734-4,2012,366,366
DWD-02734-4,2013,365,365
DWD-02734-4,2014,365,365
DWD-02734-4,2015,365,365
DWD-02734-4,2016,366,366
DWD-02734-4,2017,365,365
DWD-02734-4,2018,365,365
DWD-02734-4,2019,162,365
DWD-02734-5,2019,246,365
DWD-02734-5,2020,366,366
DWD-02734-5,2021,365,365
DWD-02734-5,2022,365,365
DWD-02734-5,2023,364,365
DWD-02734-5,2024,366,366
DWD-02734-5,2025,365,365
DWD-02749-0,1991,365,365
DWD-02749-0,1992,366,366
DWD-02749-0,1993,365,365
DWD-02749-0,1994,365,365
DWD-02749-0,1995,365,365
DWD-02749-0,1996,366,366
DWD-02749-0,1997,365,365
DWD-02749-0,1998,365,365
DWD-02749-0,1999,365,365
DWD-02749-0,2000,305,366
DWD-02749-1,2004,153,366
DWD-02749-1,2005,365,365
DWD-02749-1,2006,365,365
DWD-02749-1,2007,365,365
DWD-02749-1,2008,366,366
DWD-02749-1,2009,365,365
DWD-02749-1,2010,365,365
DWD-02749-1,2011,365,365
DWD-02749-1,2012,366,366
DWD-02749-1,2013,365,365
DWD-02749-1,2014,365,365
DWD-02749-1,2015,364,365
DWD-02749-1,2016,366,366
DWD-02749-1,2017,365,365
DWD-02749-1,2018,365,365
DWD-02749-1,2019,176,365
DWD-02749-2,2018,69,365
DWD-02749-2,2019,365,365
DWD-02749-2,2020,366,366
DWD-02749-2,2021,365,365
DWD-02749-2,2022,365,365
DWD-02749-2,2023,365,365
DWD-02749-2,2024,361,366
DWD-02749-2,2025,345,365
DWD-02763-0,1991,365,365
DWD-02763-0,1992,366,366
DWD-02763-0,1993,365,365
DWD-02763-0,1994,365,365
DWD-02763-0,1995,365,365
DWD-02763-0,1996,366,366
DWD-02763-0,1997,365,365
DWD-02763-0,1998,365,365
DWD-02763-0,1999,365,365
DWD-02763-0,2000,366,366
DWD-02763-0,2001,365,365
DWD-02763-0,2002,365,365
DWD-02763-0,2003,59,365
DWD-02763-1,2005,31,365
DWD-02763-1,2006,184,365
DWD-02763-1,2007,365,365
DWD-02763-1,2008,366,366
DWD-02763-1,2009,365,365
DWD-02763-1,2010,365,365
DWD-02763-1,2011,365,365
DWD-02763-1,2012,366,366
DWD-02763-1,2013,365,365
DWD-02763-1,2014,365,365
DWD-02763-1,2015,365,365
DWD-02763-1,2016,366,366
DWD-02763-1,2017,365,365
DWD-02763-1,2018,365,365
DWD-02763-1,2019,260,365
DWD-02763-2,2019,105,365
DWD-02763-2,2020,366,366
DWD-02763-2,2021,365,365
DWD-02763-2,2022,365,365
DWD-02763-2,2023,365,365
DWD-02763-2,2024,366,366
DWD-02763-2,2025,365,365
DWD-02764-0,1991,365,365
DWD-02764-0,1992,366,366
DWD-02764-0,1993,365,365
DWD-02764-0,1994,365,365
DWD-02764-0,1995,365,365
DWD-02764-0,1996,366,366
DWD-02764-0,1997,365,365
DWD-02764-0,1998,365,365
DWD-02764-0,1999,365,365
DWD-02764-0,2000,366,366
DWD-02764-0,2001,365,365
DWD-02764-0,2002,365,365
DWD-02764-0,2003,365,365
DWD-02764-0,2004,366,366
DWD-02764-0,2005,365,365
DWD-02764-0,2006,365,365
DWD-02766-0,1991,365,365
DWD-02766-0,1992,91,366
DWD-02767-0,1991,365,365
DWD-02767-0,1992,366,366
DWD-02767-0,1993,365,365
DWD-02767-0,1994,365,365
DWD-02767-0,1995,365,365
DWD-02767-0,1996,366,366
DWD-02767-0,1997,365,365
DWD-02767-0,1998,365,365
DWD-02767-0,1999,365,365
DWD-02767-0,2000,366,366
DWD-02767-0,2001,365,365
DWD-02767-0,2002,365,365
DWD-02767-0,2003,365,365
DWD-02767-0,2004,366,366
DWD-02767-0,2005,365,365
DWD-02767-0,2006,304,365
DWD-02767-0,2007,365,365
DWD-02767-0,2008,366,366
DWD-02767-0,2009,245,365
DWD-02767-1,2009,120,365
DWD-02767-1,2010,365,365
DWD-02767-1,2011,365,365
DWD-02767-1,2012,366,366
DWD-02767-1,2013,365,365
DWD-02767-1,2014,365,365
DWD-02767-1,2015,365,365
DWD-02767-1,2016,366,366
DWD-02791-0,1991,365,365
DWD-02791-0,1992,366,366
DWD-02791-0,1993,365,365
DWD-02791-0,1994,365,365
DWD-02791-0,1995,365,365
DWD-02791-0,1996,366,366
DWD-02791-0,1997,365,365
DWD-02791-0,1998,365,365
DWD-02791-0,1999,365,365
DWD-02791-0,2000,366,366
DWD-02791-0,2001,365,365
DWD-02791-0,2002,365,365
DWD-02791-0,2003,365,365
DWD-02791-0,2004,366,366
DWD-02791-0,2005,365,365
DWD-02791-0,2006,365,365
DWD-02795-0,1991,365,365
DWD-02795-0,1992,366,366
DWD-02795-0,1993,365,365
DWD-02795-0,1994,365,365
DWD-02795-0,1995,365,365
DWD-02795-0,1996,366,366
DWD-02795-0,1997,365,365
DWD-02795-0,1998,365,365
DWD-02795-0,1999,365,365
DWD-02795-0,2000,91,366
DWD-02795-1,2000,61,366
DWD-02795-1,2001,365,365
DWD-02795-1,2002,365,365
DWD-02795-1,2003,90,365
DWD-02795-2,2003,275,365
DWD-02795-2,2004,366,366
DWD-02795-2,2005,365,365
DWD-02795-2,2006,365,365
DWD-02795-2,2007,365,365
DWD-02795-2,2008,366,366
DWD-02795-2,2009,365,365
DWD-02795-2,2010,365,365
DWD-02795-2,2011,365,365
DWD-02795-2,2012,366,366
DWD-02795-2,2013,365,365
DWD-02795-2,2014,365,365
DWD-02795-2,2015,365,365
DWD-02795-2,2016,366,366
DWD-02795-2,2017,365,365
DWD-02795-2,2018,365,365
DWD-02795-2,2019,365,365
DWD-02795-2,2020,366,366
DWD-02816-0,1991,365,365
DWD-02816-0,1992,366,366
DWD-02816-0,1993,365,365
DWD-02816-0,1994,365,365
DWD-02816-0,1995,365,365
DWD-02816-0,1996,366,366
DWD-02816-0,1997,365,365
DWD-02816-0,1998,365,365
DWD-02816-0,1999,365,365
DWD-02816-0,2000,366,366
DWD-02816-0,2001,365,365
DWD-02816-0,2002,365,365
DWD-02816-0,2003,365,365
DWD-02816-0,2004,366,366
DWD-02816-0,2005,365,365
DWD-02822-0,1991,365,365
DWD-02822-0,1992,366,366
DWD-02822-0,1993,365,365
DWD-02822-0,1994,365,365
DWD-02822-0,1995,365,365
DWD-02822-0,1996,366,366
DWD-02822-0,1997,365,365
DWD-02822-0,1998,365,365
DWD-02822-0,1999,365,365
DWD-02822-0,2000,366,366
DWD-02822-0,2001,365,365
DWD-02822-0,2002,365,365
DWD-02822-0,2003,365,365
DWD-02822-0,2004,274,366
DWD-02822-1,2004,92,366
DWD-02822-1,2005,365,365
DWD-02822-1,2006,365,365
DWD-02822-1,2007,365,365
DWD-02822-1,2008,366,366
DWD-02822-1,2009,365,365
DWD-02822-1,2010,365,365
DWD-02822-1,2011,365,365
DWD-02822-1,2012,366,366
DWD-02822-1,2013,365,365
DWD-02822-1,2014,365,365
DWD-02822-1,2015,365,365
DWD-02822-1,2016,366,366
DWD-02822-1,2017,365,365
DWD-02822-1,2018,365,365
DWD-02822-1,2019,365,365
DWD-02822-1,2020,132,366
DWD-02822-2,2020,254,366
DWD-02822-2,2021,365,365
DWD-02822-2,2022,365,365
DWD-02822-2,2023,365,365
DWD-02822-2,2024,366,366
DWD-02822-2,2025,365,365
DWD-02827-1,1991,365,365
DWD-02827-1,1992,366,366
DWD-02827-1,1993,365,365
DWD-02827-1,1994,365,365
DWD-02827-1,1995,365,365
DWD-02827-1,1996,366,366
DWD-02827-1,1997,365,365
DWD-02827-1,1998,365,365
DWD-02827-1,1999,365,365
DWD-02827-1,2000,366,366
DWD-02827-1,2001,365,365
DWD-02827-1,2002,365,365
DWD-02827-1,2003,365,365
DWD-02827-1,2004,366,366
DWD-02827-1,2005,365,365
DWD-02827-1,2006,365,365
DWD-02827-1,2007,365,365
DWD-02827-1,2008,366,366
DWD-02827-1,2009,365,365
DWD-02827-1,2010,365,365
DWD-02827-1,2011,365,365
DWD-02827-1,2012,366,366
DWD-02827-1,2013,365,365
DWD-02827-1,2014,365,365
DWD-02827-1,2015,365,365
DWD-02827-1,2016,366,366
DWD-02827-1,2017,365,365
DWD-02827-1,2018,365,365
DWD-02827-1,2019,365,365
DWD-02827-1,2020,366,366
DWD-02827-1,2021,365,365
DWD-02827-1,2022,365,365
DWD-02827-1,2023,365,365
DWD-02827-1,2024,366,366
DWD-02827-1,2025,365,365
DWD-02844-3,1991,365,365
DWD-02844-3,1992,366,366
DWD-02844-3,1993,365,365
DWD-02844-3,1994,365,365
DWD-02844-3,1995,365,365
DWD-02844-3,1996,366,366
DWD-02844-3,1997,365,365
DWD-02844-3,1998,365,365
DWD-02844-3,1999,365,365
DWD-02844-3,2000,366,366
DWD-02844-3,2001,365,365
DWD-02844-3,2002,365,365
DWD-02844-3,2003,365,365
DWD-02844-3,2004,366,366
DWD-02844-3,2005,365,365
DWD-02844-3,2006,365,365
DWD-02844-3,2007,273,365
DWD-02844-4,2007,92,365
DWD-02844-4,2008,366,366
DWD-02844-4,2009,365,365
DWD-02844-4,2010,365,365
DWD-02844-4,2011,365,365
DWD-02844-4,2012,366,366
DWD-02844-4,2013,365,365
DWD-02844-4,2014,365,365
DWD-02844-4,2015,365,365
DWD-02844-4,2016,366,366
DWD-02844-4,2017,365,365
DWD-02844-4,2018,365,365
DWD-02844-4,2019,142,365
DWD-02844-5,2019,222,365
DWD-02844-5,2020,366,366
DWD-02844-5,2021,365,365
DWD-02844-5,2022,365,365
DWD-02844-5,2023,365,365
DWD-02844-5,2024,366,366
DWD-02844-5,2025,365,365
DWD-02851-0,1991,365,365
DWD-02851-0,1992,366,366
DWD-02851-0,1993,365,365
DWD-02851-0,1994,365,365
DWD-02851-0,1995,365,365
DWD-02851-0,1996,366,366
DWD-02851-0,1997,365,365
DWD-02851-0,1998,365,365
DWD-02851-0,1999,365,365
DWD-02851-0,2000,366,366
DWD-02851-0,2001,365,365
DWD-02851-0,2002,365,365
DWD-02851-0,2003,365,365
DWD-02851-0,2004,366,366
DWD-02851-0,2005,365,365
DWD-02851-0,2006,365,365
DWD-02855-0,1991,365,365
DWD-02855-0,1992,366,366
DWD-02855-0,1993,365,365
DWD-02855-0,1994,365,365
DWD-02855-0,1995,365,365
DWD-02855-0,1996,366,366
DWD-02855-0,1997,365,365
DWD-02855-0,1998,273,365
DWD-02855-1,1998,92,365
DWD-02855-1,1999,365,365
DWD-02855-1,2000,366,366
DWD-02855-1,2001,365,365
DWD-02855-1,2002,365,365
DWD-02855-1,2003,365,365
DWD-02855-1,2004,366,366
DWD-02855-1,2005,365,365
DWD-02855-1,2006,365,365
DWD-02855-1,2007,365,365
DWD-02855-1,2008,366,366
DWD-02855-1,2009,365,365
DWD-02855-1,2010,365,365
DWD-02855-1,2011,365,365
DWD-02855-1,2012,366,366
DWD-02855-1,2013,365,365
DWD-02855-1,2014,365,365
DWD-02855-1,2015,365,365
DWD-02855-1,2016,31,366
DWD-02871-0,1991,365,365
DWD-02871-0,1992,366,366
DWD-02871-0,1993,365,365
DWD-02871-0,1994,365,365
DWD-02871-0,1995,334,365
DWD-02881-0,1991,365,365
DWD-02881-0,1992,366,366
DWD-02881-0,1993,365,365
DWD-02881-0,1994,365,365
DWD-02881-0,1995,365,365
DWD-02881-0,1996,366,366
DWD-02881-0,1997,365,365
DWD-02881-0,1998,365,365
DWD-02881-0,1999,365,365
DWD-02881-0,2000,366,366
DWD-02881-0,2001,365,365
DWD-02881-0,2002,365,365
DWD-02881-0,2003,365,365
DWD-02881-0,2004,366,366
DWD-02881-0,2005,365,365
DWD-02881-0,2006,365,365
DWD-02907-0,1991,365,365
DWD-02907-0,1992,366,366
DWD-02907-0,1993,365,365
DWD-02907-0,1994,365,365
DWD-02907-0,1995,365,365
DWD-02907-0,1996,366,366
DWD-02907-0,1997,365,365
DWD-02907-0,1998,365,365
DWD-02907-0,1999,31,365
DWD-02907-1,1999,126,365
DWD-02907-2,1999,334,365
DWD-02907-2,2000,360,366
DWD-02907-2,2001,180,365
DWD-02907-3,1999,208,365
DWD-02907-3,2000,360,366
DWD-02907-3,2001,180,365
DWD-02907-4,2001,169,365
DWD-02907-4,2002,355,365
DWD-02907-4,2003,361,365
DWD-02907-4,2004,350,366
DWD-02907-4,2005,358,365
DWD-02907-4,2006,112,365
DWD-02907-5,2001,169,365
DWD-02907-5,2002,355,365
DWD-02907-5,2003,361,365
DWD-02907-5,2004,350,366
DWD-02907-5,2005,358,365
DWD-02907-5,2006,362,365
DWD-02907-5,2007,365,365
DWD-02907-5,2008,366,366
DWD-02907-5,2009,365,365
DWD-02907-5,2010,365,365
DWD-02907-5,2011,365,365
DWD-02907-5,2012,366,366
DWD-02907-5,2013,365,365
DWD-02907-5,2014,365,365
DWD-02907-5,2015,365,365
DWD-02907-5,2016,366,366
DWD-02907-5,2017,365,365
DWD-02907-5,2018,365,365
DWD-02907-5,2019,322,365
DWD-02907-6,2006,250,365
DWD-02907-6,2007,365,365
DWD-02907-6,2008,366,366
DWD-02907-6,2009,365,365
DWD-02907-6,2010,365,365
DWD-02907-6,2011,365,365
DWD-02907-6,2012,366,366
DWD-02907-6,2013,365,365
DWD-02907-6,2014,365,365
DWD-02907-6,2015,365,365
DWD-02907-6,2016,366,366
DWD-02907-6,2017,365,365
DWD-02907-6,2018,365,365
DWD-02907-6,2019,365,365
DWD-02907-6,2020,366,366
DWD-02907-6,2021,365,365
DWD-02907-6,2022,365,365
DWD-02907-6,2023,365,365
DWD-02907-6,2024,366,366
DWD-02907-6,2025,356,365
DWD-02907-7,2019,43,365
DWD-02907-7,2020,366,366
DWD-02907-7,2021,365,365
DWD-02907-7,2022,365,365
DWD-02907-7,2023,365,365
DWD-02907-7,2024,366,366
DWD-02907-7,2025,356,365
DWD-02909-0,1991,365,365
DWD-02909-0,1992,366,366
DWD-02909-0,1993,365,365
DWD-02909-0,1994,365,365
DWD-02909-0,1995,365,365
DWD-02909-0,1996,366,366
DWD-02909-0,1997,365,365
DWD-02909-0,1998,365,365
DWD-02909-0,1999,365,365
DWD-02909-0,2000,366,366
DWD-02909-0,2001,365,365
DWD-02909-0,2002,365,365
DWD-02909-0,2003,365,365
DWD-02909-0,2004,366,366
DWD-02909-0,2005,365,365
DWD-02950-0,1991,365,365
DWD-02950-0,1992,366,366
DWD-02950-0,1993,365,365
DWD-02950-0,1994,365,365
DWD-02950-0,1995,365,365
DWD-02950-0,1996,366,366
DWD-02950-0,1997,365,365
DWD-02950-0,1998,365,365
DWD-02950-0,1999,365,365
DWD-02950-0,2000,366,366
DWD-02950-0,2001,365,365
DWD-02950-0,2002,365,365
DWD-02950-0,2003,365,365
DWD-02950-0,2004,366,366
DWD-02950-0,2005,365,365
DWD-02950-0,2006,365,365
DWD-03011-0,1991,365,365
DWD-03011-0,1992,366,366
DWD-03011-0,1993,365,365
DWD-03011-0,1994,365,365
DWD-03011-0,1995,365,365
DWD-03011-0,1996,366,366
DWD-03011-0,1997,365,365
DWD-03011-0,1998,365,365
DWD-03011-0,1999,365,365
DWD-03011-0,2000,366,366
DWD-03011-0,2001,365,365
DWD-03011-0,2002,365,365
DWD-03011-0,2003,365,365
DWD-03011-0,2004,366,366
DWD-03011-0,2005,365,365
DWD-03011-0,2006,365,365
DWD-03032-1,1991,365,365
DWD-03032-1,1992,366,366
DWD-03032-1,1993,365,365
DWD-03032-1,1994,365,365
DWD-03032-1,1995,334,365
DWD-03032-2,1995,31,365
DWD-03032-2,1996,366,366
DWD-03032-2,1997,365,365
DWD-03032-2,1998,365,365
DWD-03032-2,1999,365,365
DWD-03032-2,2000,366,366
DWD-03032-2,2001,365,365
DWD-03032-2,2002,232,365
DWD-03032-3,1995,31,365
DWD-03032-3,1996,366,366
DWD-03032-3,1997,365,365
DWD-03032-3,1998,365,365
DWD-03032-3,1999,365,365
DWD-03032-3,2000,366,366
DWD-03032-3,2001,365,365
DWD-03032-3,2002,365,365
DWD-03032-3,2003,365,365
DWD-03032-3,2004,366,366
DWD-03032-3,2005,365,365
DWD-03032-3,2006,365,365
DWD-03032-3,2007,365,365
DWD-03032-3,2008,366,366
DWD-03032-3,2009,272,365
DWD-03032-4,2002,133,365
DWD-03032-4,2003,365,365
DWD-03032-4,2004,366,366
DWD-03032-4,2005,365,365
DWD-03032-4,2006,365,365
DWD-03032-4,2007,365,365
DWD-03032-4,2008,366,366
DWD-03032-4,2009,321,365
DWD-03032-5,2009,49,365
DWD-03032-6,2009,44,365
DWD-03032-6,2010,365,365
DWD-03032-6,2011,365,365
DWD-03032-6,2012,366,366
DWD-03032-6,2013,365,365
DWD-03032-6,2014,365,365
DWD-03032-6,2015,365,365
DWD-03032-6,2016,366,366
DWD-03032-6,2017,365,365
DWD-03032-6,2018,316,365
DWD-03032-7,2009,44,365
DWD-03032-7,2010,365,365
DWD-03032-7,2011,365,365
DWD-03032-7,2012,366,366
DWD-03032-7,2013,365,365
DWD-03032-7,2014,365,365
DWD-03032-7,2015,365,365
DWD-03032-7,2016,366,366
DWD-03032-7,2017,365,365
DWD-03032-7,2018,365,365
DWD-03032-7,2019,365,365
DWD-03032-7,2020,366,366
DWD-03032-7,2021,365,365
DWD-03032-7,2022,364,365
DWD-03032-7,2023,365,365
DWD-03032-7,2024,358,366
DWD-03032-7,2025,365,365
DWD-03032-8,2018,49,365
DWD-03032-8,2019,365,365
DWD-03032-8,2020,366,366
DWD-03032-8,2021,365,365
DWD-03032-8,2022,364,365
DWD-03032-8,2023,365,365
DWD-03032-8,2024,358,366
DWD-03032-8,2025,365,365
DWD-03053-0,1991,365,365
DWD-03053-0,1992,366,366
DWD-03053-0,1993,365,365
DWD-03053-0,1994,365,365
DWD-03053-0,1995,365,365
DWD-03053-0,1996,366,366
DWD-03053-0,1997,365,365
DWD-03053-0,1998,365,365
DWD-03053-0,2000,275,366
DWD-03053-0,2001,365,365
DWD-03053-0,2002,365,365
DWD-03053-0,2003,365,365
DWD-03053-0,2004,366,366
DWD-03053-0,2005,365,365
DWD-03068-1,1991,365,365
DWD-03068-1,1992,366,366
DWD-03068-1,1993,365,365
DWD-03068-1,1994,365,365
DWD-03068-1,1995,365,365
DWD-03068-1,1996,366,366
DWD-03068-1,1997,365,365
DWD-03068-1,1998,365,365
DWD-03068-1,1999,365,365
DWD-03068-1,2000,366,366
DWD-03068-1,2001,365,365
DWD-03068-1,2002,365,365
DWD-03068-1,2003,365,365
DWD-03068-1,2004,31,366
DWD-03068-2,2019,153,365
DWD-03068-2,2020,366,366
DWD-03068-2,2021,365,365
DWD-03068-2,2022,365,365
DWD-03068-2,2023,365,365
DWD-03068-2,2024,366,366
DWD-03068-2,2025,365,365
DWD-03078-0,1991,365,365
DWD-03078-0,1992,366,366
DWD-03078-0,1993,365,365
DWD-03078-0,1994,365,365
DWD-03078-0,1995,365,365
DWD-03078-0,1996,91,366
DWD-03078-1,1996,275,366
DWD-03078-1,1997,365,365
DWD-03078-1,1998,365,365
DWD-03078-1,1999,365,365
DWD-03078-1,2000,366,366
DWD-03078-1,2001,365,365
DWD-03078-1,2002,365,365
DWD-03078-1,2003,243,365
DWD-03086-0,1991,365,365
DWD-03086-0,1992,366,366
DWD-03086-0,1993,365,365
DWD-03086-0,1994,365,365
DWD-03086-0,1995,365,365
DWD-03086-0,1996,199,366
DWD-03086-1,1996,167,366
DWD-03086-1,1997,365,365
DWD-03086-1,1998,365,365
DWD-03086-1,1999,365,365
DWD-03086-1,2000,366,366
DWD-03086-1,2001,365,365
DWD-03086-1,2002,361,365
DWD-03086-1,2003,283,365
DWD-03086-2,1996,167,366
DWD-03086-2,1997,365,365
DWD-03086-2,1998,365,365
DWD-03086-2,1999,365,365
DWD-03086-2,2000,366,366
DWD-03086-2,2001,365,365
DWD-03086-2,2002,361,365
DWD-03086-2,2003,352,365
DWD-03086-2,2004,358,366
DWD-03086-2,2005,362,365
DWD-03086-2,2006,88,365
DWD-03086-3,2003,69,365
DWD-03086-3,2004,358,366
DWD-03086-3,2005,362,365
DWD-03086-3,2006,88,365
DWD-03086-4,2006,275,365
DWD-03086-4,2007,365,365
DWD-03086-4,2008,366,366
DWD-03086-4,2009,365,365
DWD-03086-4,2010,365,365
DWD-03086-4,2011,88,365
DWD-03086-5,2006,275,365
DWD-03086-5,2007,365,365
DWD-03086-5,2008,366,366
DWD-03086-5,2009,365,365
DWD-03086-5,2010,365,365
DWD-03086-5,2011,365,365
DWD-03086-5,2012,366,366
DWD-03086-5,2013,365,365
DWD-03086-5,2014,365,365
DWD-03086-5,2015,365,365
DWD-03086-5,2016,366,366
DWD-03086-5,2017,365,365
DWD-03086-5,2018,365,365
DWD-03086-5,2019,134,365
DWD-03086-6,2011,277,365
DWD-03086-6,2012,366,366
DWD-03086-6,2013,365,365
DWD-03086-6,2014,365,365
DWD-03086-6,2015,365,365
DWD-03086-6,2016,366,366
DWD-03086-6,2017,365,365
DWD-03086-6,2018,365,365
DWD-03086-6,2019,362,365
DWD-03086-6,2020,366,366
DWD-03086-6,2021,365,365
DWD-03086-6,2022,365,365
DWD-03086-6,2023,365,365
DWD-03086-6,2024,358,366
DWD-03086-6,2025,365,365
DWD-03086-7,2018,40,365
DWD-03086-7,2019,362,365
DWD-03086-7,2020,366,366
DWD-03086-7,2021,365,365
DWD-03086-7,2022,365,365
DWD-03086-7,2023,365,365
DWD-03086-7,2024,358,366
DWD-03086-7,2025,365,365
DWD-03087-0,1996,184,366
DWD-03087-0,1997,335,365
DWD-03087-0,1998,365,365
DWD-03087-0,1999,365,365
DWD-03087-0,2000,366,366
DWD-03087-0,2001,365,365
DWD-03087-0,2002,365,365
DWD-03087-0,2003,334,365
DWD-03087-0,2004,366,366
DWD-03087-0,2005,334,365
DWD-03089-0,1991,275,365
DWD-03089-0,1992,366,366
DWD-03089-0,1993,365,365
DWD-03089-0,1994,365,365
DWD-03089-0,1995,365,365
DWD-03089-0,1996,366,366
DWD-03089-0,1997,181,365
DWD-03090-0,1991,365,365
DWD-03090-0,1992,366,366
DWD-03090-0,1993,365,365
DWD-03090-0,1994,365,365
DWD-03090-0,1995,365,365
DWD-03090-0,1996,366,366
DWD-03090-0,1997,365,365
DWD-03090-0,1998,365,365
DWD-03090-0,1999,365,365
DWD-03090-0,2000,366,366
DWD-03090-0,2001,365,365
DWD-03090-0,2002,365,365
DWD-03090-0,2003,365,365
DWD-03090-0,2004,366,366
DWD-03090-0,2005,365,365
DWD-03090-0,2006,365,365
DWD-03090-0,2007,365,365
DWD-03090-0,2008,366,366
DWD-03090-0,2009,365,365
DWD-03090-0,2010,365,365
DWD-03090-0,2011,365,365
DWD-03090-0,2012,366,366
DWD-03090-0,2013,365,365
DWD-03090-0,2014,365,365
DWD-03090-0,2015,365,365
DWD-03090-0,2016,366,366
DWD-03090-0,2017,365,365
DWD-03090-0,2018,365,365
DWD-03090-0,2019,365,365
DWD-03090-0,2020,366,366
DWD-03090-0,2021,365,365
DWD-03090-0,2022,365,365
DWD-03090-0,2023,365,365
DWD-03090-0,2024,366,366
DWD-03090-0,2025,365,365
DWD-03092-1,1991,365,365
DWD-03092-1,1992,366,366
DWD-03092-1,1993,365,365
DWD-03092-1,1994,365,365
DWD-03092-1,1995,365,365
DWD-03092-1,1996,366,366
DWD-03092-1,1997,365,365
DWD-03092-1,1998,365,365
DWD-03092-1,1999,365,365
DWD-03092-1,2000,366,366
DWD-03092-1,2001,365,365
DWD-03092-1,2002,365,365
DWD-03092-1,2003,365,365
DWD-03092-1,2004,366,366
DWD-03092-1,2005,365,365
DWD-03092-2,2012,366,366
DWD-03092-2,2013,365,365
DWD-03092-2,2014,365,365
DWD-03092-2,2015,365,365
DWD-03092-2,2016,366,366
DWD-03106-0,1991,365,365
DWD-03106-0,1992,366,366
DWD-03106-0,1993,365,365
DWD-03106-0,1994,365,365
DWD-03106-0,1995,365,365
DWD-03106-0,1996,366,366
DWD-03106-0,1997,365,365
DWD-03106-0,1998,365,365
DWD-03106-0,1999,365,365
DWD-03106-0,2000,366,366
DWD-03106-0,2001,365,365
DWD-03106-0,2002,365,365
DWD-03106-0,2003,365,365
DWD-03106-0,2004,366,366
DWD-03106-0,2005,365,365
DWD-03106-0,2006,365,365
DWD-03106-1,2008,153,366
DWD-03106-1,2009,365,365
DWD-03106-1,2010,365,365
DWD-03106-1,2011,365,365
DWD-03106-1,2012,366,366
DWD-03106-1,2013,365,365
DWD-03106-1,2014,365,365
DWD-03106-1,2015,365,365
DWD-03106-1,2016,365,366
DWD-03106-1,2017,365,365
DWD-03106-1,2018,365,365
DWD-03106-1,2019,365,365
DWD-03106-1,2020,366,366
DWD-03106-1,2021,365,365
DWD-03106-1,2022,365,365
DWD-03106-1,2023,365,365
DWD-03106-1,2024,366,366
DWD-03106-1,2025,365,365
DWD-03107-0,1991,365,365
DWD-03107-0,1992,366,366
DWD-03107-0,1993,365,365
DWD-03107-0,1994,365,365
DWD-03107-0,1995,365,365
DWD-03107-0,1996,366,366
DWD-03107-0,1997,365,365
DWD-03107-0,1998,365,365
DWD-03107-0,1999,365,365
DWD-03107-0,2000,366,366
DWD-03107-0,2001,365,365
DWD-03107-0,2002,365,365
DWD-03107-0,2003,365,365
DWD-03107-0,2004,366,366
DWD-03107-0,2005,365,365
DWD-03107-0,2006,90,365
DWD-03142-1,1991,365,365
DWD-03142-1,1992,366,366
DWD-03142-1,1993,365,365
DWD-03142-1,1994,365,365
DWD-03142-1,1995,365,365
DWD-03142-1,1996,366,366
DWD-03142-1,1997,365,365
DWD-03142-1,1998,365,365
DWD-03142-1,1999,365,365
DWD-03142-1,2000,366,366
DWD-03142-1,2001,365,365
DWD-03142-1,2002,365,365
DWD-03142-1,2003,365,365
DWD-03143-0,1994,275,365
DWD-03143-0,1995,365,365
DWD-03143-0,1996,366,366
DWD-03143-0,1997,365,365
DWD-03143-0,1998,365,365
DWD-03143-0,1999,365,365
DWD-03143-0,2000,366,366
DWD-03143-0,2001,365,365
DWD-03143-0,2002,365,365
DWD-03143-0,2003,365,365
DWD-03143-0,2004,366,366
DWD-03143-0,2005,365,365
DWD-03143-0,2006,365,365
DWD-03143-0,2007,365,365
DWD-03143-0,2008,366,366
DWD-03143-0,2009,365,365
DWD-03143-0,2010,365,365
DWD-03170-0,1993,184,365
DWD-03170-0,1994,365,365
DWD-03170-0,1995,365,365
DWD-03170-0,1996,366,366
DWD-03170-0,1997,59,365
DWD-03194-0,1991,365,365
DWD-03194-0,1992,366,366
DWD-03194-0,1993,365,365
DWD-03194-0,1994,365,365
DWD-03194-0,1995,365,365
DWD-03194-0,1996,366,366
DWD-03194-0,1997,365,365
DWD-03194-0,1998,365,365
DWD-03194-0,1999,365,365
DWD-03194-0,2000,366,366
DWD-03194-0,2001,365,365
DWD-03194-0,2002,365,365
DWD-03194-0,2003,365,365
DWD-03194-0,2004,366,366
DWD-03194-0,2005,365,365
DWD-03194-0,2006,365,365
DWD-03194-0,2007,365,365
DWD-03194-0,2008,366,366
DWD-03194-0,2009,365,365
DWD-03194-0,2010,365,365
DWD-03194-0,2011,365,365
DWD-03194-0,2012,182,366
DWD-03196-1,1991,365,365
DWD-03196-1,1992,184,366
DWD-03196-10,2019,15,365
DWD-03196-10,2020,295,366
DWD-03196-11,2020,71,366
DWD-03196-11,2021,365,365
DWD-03196-11,2022,365,365
DWD-03196-11,2023,108,365
DWD-03196-12,2023,257,365
DWD-03196-12,2024,366,366
DWD-03196-12,2025,355,365
DWD-03196-13,2023,257,365
DWD-03196-13,2024,366,366
DWD-03196-13,2025,355,365
DWD-03196-14,2023,257,365
DWD-03196-14,2024,366,366
DWD-03196-14,2025,355,365
DWD-03196-15,2023,257,365
DWD-03196-15,2024,366,366
DWD-03196-15,2025,355,365
DWD-03196-16,2023,257,365
DWD-03196-16,2024,366,366
DWD-03196-16,2025,355,365
DWD-03196-17,2023,257,365
DWD-03196-17,2024,366,366
DWD-03196-17,2025,355,365
DWD-03196-18,2023,257,365
DWD-03196-18,2024,366,366
DWD-03196-18,2025,355,365
DWD-03196-19,2023,257,365
DWD-03196-19,2024,366,366
DWD-03196-19,2025,355,365
DWD-03196-2,1992,181,366
DWD-03196-2,1993,345,365
DWD-03196-2,1994,365,365
DWD-03196-2,1995,365,365
DWD-03196-2,1996,366,366
DWD-03196-2,1997,365,365
DWD-03196-2,1998,365,365
DWD-03196-2,1999,365,365
DWD-03196-2,2000,366,366
DWD-03196-2,2001,365,365
DWD-03196-2,2002,365,365
DWD-03196-2,2003,365,365
DWD-03196-2,2004,366,366
DWD-03196-2,2005,365,365
DWD-03196-2,2006,94,365
DWD-03196-3,1992,181,366
DWD-03196-3,1993,345,365
DWD-03196-3,1994,365,365
DWD-03196-3,1995,365,365
DWD-03196-3,1996,366,366
DWD-03196-3,1997,365,365
DWD-03196-3,1998,365,365
DWD-03196-3,1999,365,365
DWD-03196-3,2000,366,366
DWD-03196-3,2001,365,365
DWD-03196-3,2002,365,365
DWD-03196-3,2003,365,365
DWD-03196-3,2004,366,366
DWD-03196-3,2005,365,365
DWD-03196-3,2006,94,365
DWD-03196-4,1995,195,365
DWD-03196-4,1996,366,366
DWD-03196-4,1997,365,365
DWD-03196-4,1998,365,365
DWD-03196-4,1999,365,365
DWD-03196-4,2000,366,366
DWD-03196-4,2001,365,365
DWD-03196-4,2002,365,365
DWD-03196-4,2003,365,365
DWD-03196-4,2004,366,366
DWD-03196-4,2005,365,365
DWD-03196-4,2006,365,365
DWD-03196-4,2007,365,365
DWD-03196-4,2008,366,366
DWD-03196-4,2009,365,365
DWD-03196-4,2010,365,365
DWD-03196-4,2011,246,365
DWD-03196-5,2006,271,365
DWD-03196-5,2007,365,365
DWD-03196-5,2008,366,366
DWD-03196-5,2009,365,365
DWD-03196-5,2010,365,365
DWD-03196-5,2011,246,365
DWD-03196-6,2011,119,365
DWD-03196-6,2012,366,366
DWD-03196-6,2013,365,365
DWD-03196-6,2014,340,365
DWD-03196-7,2011,119,365
DWD-03196-7,2012,366,366
DWD-03196-7,2013,365,365
DWD-03196-7,2014,365,365
DWD-03196-7,2015,364,365
DWD-03196-7,2016,366,366
DWD-03196-7,2017,365,365
DWD-03196-7,2018,365,365
DWD-03196-7,2019,343,365
DWD-03196-8,2014,21,365
DWD-03196-8,2015,364,365
DWD-03196-8,2016,277,366
DWD-03196-9,2016,89,366
DWD-03196-9,2017,365,365
DWD-03196-9,2018,365,365
DWD-03196-9,2019,365,365
DWD-03196-9,2020,366,366
DWD-03196-9,2021,365,365
DWD-03196-9,2022,365,365
DWD-03196-9,2023,108,365
DWD-03203-0,1994,209,365
DWD-03203-0,1995,365,365
DWD-03203-0,1996,366,366
DWD-03203-0,1997,365,365
DWD-03203-0,1998,365,365
DWD-03203-0,1999,365,365
DWD-03203-0,2000,366,366
DWD-03203-0,2001,365,365
DWD-03203-0,2002,365,365
DWD-03203-0,2003,365,365
DWD-03203-0,2004,366,366
DWD-03203-0,2005,365,365
DWD-03203-0,2006,365,365
DWD-03217-1,1991,365,365
DWD-03217-1,1992,366,366
DWD-03217-1,1993,365,365
DWD-03217-1,1994,365,365
DWD-03217-1,1995,365,365
DWD-03217-1,1996,366,366
DWD-03217-1,1997,365,365
DWD-03217-1,1998,365,365
DWD-03217-1,1999,365,365
DWD-03217-1,2000,366,366
DWD-03217-1,2001,365,365
DWD-03217-1,2002,365,365
DWD-03217-1,2003,365,365
DWD-03217-1,2004,366,366
DWD-03217-1,2005,365,365
DWD-03217-1,2006,212,365
DWD-03217-2,2006,153,365
DWD-03217-2,2007,365,365
DWD-03217-2,2008,366,366
DWD-03217-2,2009,365,365
DWD-03217-2,2010,365,365
DWD-03217-2,2011,365,365
DWD-03217-2,2012,366,366
DWD-03217-2,2013,365,365
DWD-03217-2,2014,365,365
DWD-03217-2,2015,365,365
DWD-03217-2,2016,366,366
DWD-03217-2,2017,365,365
DWD-03217-2,2018,365,365
DWD-03217-2,2019,365,365
DWD-03217-2,2020,51,366
DWD-03217-3,2019,230,365
DWD-03217-3,2020,366,366
DWD-03217-3,2021,342,365
DWD-03217-3,2022,365,365
DWD-03217-3,2023,365,365
DWD-03217-3,2024,366,366
DWD-03217-3,2025,365,365
DWD-03235-1,1991,365,365
DWD-03235-1,1992,366,366
DWD-03235-1,1993,365,365
DWD-03235-1,1994,365,365
DWD-03235-1,1995,365,365
DWD-03235-1,1996,366,366
DWD-03235-1,1997,365,365
DWD-03235-1,1998,243,365
DWD-03280-1,1991,365,365
DWD-03280-1,1992,366,366
DWD-03280-1,1993,365,365
DWD-03280-1,1994,365,365
DWD-03280-1,1995,365,365
DWD-03280-1,1996,366,366
DWD-03280-1,1997,365,365
DWD-03280-1,1998,365,365
DWD-03280-1,1999,365,365
DWD-03280-1,2000,366,366
DWD-03280-1,2001,365,365
DWD-03280-1,2002,365,365
DWD-03280-1,2003,365,365
DWD-03280-2,2004,184,366
DWD-03280-2,2005,365,365
DWD-03280-2,2006,365,365
DWD-03280-2,2007,365,365
DWD-03280-2,2008,366,366
DWD-03280-2,2009,365,365
DWD-03280-2,2010,365,365
DWD-03280-2,2011,365,365
DWD-03280-2,2012,366,366
DWD-03280-2,2013,365,365
DWD-03280-2,2014,365,365
DWD-03280-2,2015,364,365
DWD-03280-2,2016,366,366
DWD-03280-2,2017,365,365
DWD-03280-2,2018,364,365
DWD-03280-2,2019,184,365
DWD-03280-3,2019,181,365
DWD-03280-3,2020,365,366
DWD-03280-3,2021,365,365
DWD-03280-3,2022,365,365
DWD-03280-3,2023,365,365
DWD-03280-3,2024,366,366
DWD-03280-3,2025,365,365
DWD-03298-0,1991,365,365
DWD-03298-0,1992,366,366
DWD-03298-0,1993,365,365
DWD-03298-0,1994,365,365
DWD-03298-0,1995,365,365
DWD-03298-0,1996,366,366
DWD-03298-0,1997,365,365
DWD-03298-0,1998,365,365
DWD-03298-0,1999,365,365
DWD-03298-0,2000,366,366
DWD-03298-0,2001,365,365
DWD-03333-0,1991,365,365
DWD-03333-0,1992,366,366
DWD-03333-0,1993,365,365
DWD-03333-0,1994,365,365
DWD-03333-0,1995,365,365
DWD-03333-0,1996,366,366
DWD-03333-0,1997,365,365
DWD-03333-0,1998,365,365
DWD-03333-0,1999,365,365
DWD-03333-0,2000,366,366
DWD-03333-0,2001,365,365
DWD-03333-0,2002,365,365
DWD-03333-0,2003,365,365
DWD-03333-0,2004,366,366
DWD-03333-0,2005,365,365
DWD-03333-0,2006,365,365
DWD-03333-0,2007,365,365
DWD-03333-0,2008,366,366
DWD-03333-0,2009,365,365
DWD-03333-0,2010,365,365
DWD-03333-0,2011,365,365
DWD-03333-0,2012,366,366
DWD-03333-0,2013,365,365
DWD-03333-0,2014,365,365
DWD-03333-0,2015,365,365
DWD-03333-0,2016,366,366
DWD-03333-0,2017,365,365
DWD-03333-0,2018,365,365
DWD-03333-0,2019,365,365
DWD-03333-0,2020,366,366
DWD-03333-0,2021,365,365
DWD-03333-0,2022,365,365
DWD-03333-0,2023,365,365
DWD-03333-0,2024,366,366
DWD-03333-0,2025,357,365
DWD-03342-3,1991,365,365
DWD-03342-3,1992,366,366
DWD-03342-3,1993,365,365
DWD-03342-3,1994,365,365
DWD-03342-3,1995,212,365
DWD-03342-4,1995,122,365
DWD-03342-4,1996,366,366
DWD-03342-4,1997,365,365
DWD-03342-4,1998,365,365
DWD-03342-4,1999,365,365
DWD-03342-4,2000,366,366
DWD-03342-4,2001,365,365
DWD-03342-4,2002,365,365
DWD-03342-4,2003,365,365
DWD-03342-4,2004,366,366
DWD-03342-4,2005,59,365
DWD-03342-5,2005,306,365
DWD-03342-5,2006,365,365
DWD-03342-5,2007,365,365
DWD-03342-5,2008,366,366
DWD-03342-5,2009,365,365
DWD-03342-5,2010,365,365
DWD-03342-5,2011,365,365
DWD-03342-5,2012,362,366
DWD-03342-5,2013,365,365
DWD-03342-5,2014,365,365
DWD-03342-5,2015,365,365
DWD-03342-5,2016,366,366
DWD-03342-5,2017,365,365
DWD-03342-5,2018,365,365
DWD-03342-5,2019,365,365
DWD-03342-5,2020,147,366
DWD-03342-6,2020,219,366
DWD-03342-6,2021,365,365
DWD-03342-6,2022,365,365
DWD-03342-6,2023,354,365
DWD-03342-6,2024,358,366
DWD-03342-6,2025,365,365
DWD-03351-0,1991,365,365
DWD-03351-0,1992,366,366
DWD-03351-0,1993,365,365
DWD-03351-0,1994,365,365
DWD-03351-0,1995,365,365
DWD-03351-0,1996,184,366
DWD-03351-0,1997,181,365
DWD-03367-0,1991,365,365
DWD-03367-0,1992,366,366
DWD-03367-0,1993,365,365
DWD-03367-0,1994,365,365
DWD-03367-0,1995,365,365
DWD-03367-0,1996,366,366
DWD-03367-0,1997,365,365
DWD-03367-0,1998,365,365
DWD-03367-0,1999,365,365
DWD-03367-0,2000,366,366
DWD-03367-0,2001,365,365
DWD-03367-0,2002,365,365
DWD-03367-0,2003,365,365
DWD-03369-0,1991,365,365
DWD-03369-0,1992,366,366
DWD-03369-0,1993,365,365
DWD-03369-0,1994,365,365
DWD-03369-0,1995,365,365
DWD-03369-0,1996,366,366
DWD-03369-0,1997,365,365
DWD-03369-0,1998,365,365
DWD-03369-0,1999,365,365
DWD-03369-0,2000,366,366
DWD-03369-0,2001,365,365
DWD-03369-0,2002,365,365
DWD-03369-0,2003,365,365
DWD-03369-0,2004,366,366
DWD-03369-0,2005,365,365
DWD-03369-0,2006,365,365
DWD-03459-0,1996,153,366
DWD-03459-0,1997,365,365
DWD-03459-0,1998,365,365
DWD-03459-0,1999,365,365
DWD-03459-0,2000,366,366
DWD-03459-0,2001,365,365
DWD-03459-0,2002,365,365
DWD-03459-0,2003,365,365
DWD-03459-0,2004,366,366
DWD-03459-0,2005,365,365
DWD-03459-0,2006,365,365
DWD-03467-0,1993,214,365
DWD-03467-0,1994,365,365
DWD-03467-0,1995,365,365
DWD-03467-0,1996,366,366
DWD-03467-0,1997,365,365
DWD-03467-0,1998,365,365
DWD-03467-0,1999,365,365
DWD-03467-0,2000,366,366
DWD-03467-0,2001,365,365
DWD-03467-0,2002,365,365
DWD-03467-0,2003,365,365
DWD-03467-0,2004,366,366
DWD-03467-0,2005,365,365
DWD-03467-0,2006,365,365
DWD-03467-0,2007,365,365
DWD-03467-0,2008,366,366
DWD-03467-0,2009,365,365
DWD-03467-0,2010,365,365
DWD-03467-0,2011,365,365
DWD-03467-0,2012,366,366
DWD-03467-0,2013,365,365
DWD-03467-0,2014,365,365
DWD-03467-0,2015,365,365
DWD-03467-0,2016,366,366
DWD-03467-0,2017,365,365
DWD-03467-0,2018,365,365
DWD-03467-0,2019,365,365
DWD-03467-0,2020,366,366
DWD-03467-0,2021,365,365
DWD-03467-0,2022,365,365
DWD-03467-0,2023,365,365
DWD-03467-0,2024,366,366
DWD-03467-0,2025,365,365
DWD-03469-1,1991,365,365
DWD-03469-1,1992,366,366
DWD-03469-1,1993,365,365
DWD-03469-1,1994,365,365
DWD-03469-1,1995,365,365
DWD-03469-1,1996,366,366
DWD-03469-1,1997,365,365
DWD-03469-1,1998,181,365
DWD-03469-2,1998,184,365
DWD-03469-2,1999,365,365
DWD-03469-2,2000,366,366
DWD-03469-2,2001,365,365
DWD-03469-2,2002,365,365
DWD-03469-2,2003,365,365
DWD-03469-2,2004,366,366
DWD-03469-2,2005,365,365
DWD-03469-2,2006,365,365
DWD-03469-2,2007,365,365
DWD-03469-2,2008,366,366
DWD-03469-2,2009,365,365
DWD-03469-2,2010,365,365
DWD-03469-2,2011,365,365
DWD-03469-2,2012,366,366
DWD-03469-2,2013,365,365
DWD-03469-2,2014,365,365
DWD-03469-2,2015,365,365
DWD-03469-2,2016,366,366
DWD-03469-2,2017,365,365
DWD-03469-2,2018,365,365
DWD-03469-2,2019,365,365
DWD-03469-2,2020,366,366
DWD-03469-2,2021,365,365
DWD-03469-2,2022,365,365
DWD-03469-2,2023,365,365
DWD-03470-0,1995,131,365
DWD-03470-0,1996,365,366
DWD-03470-0,1997,299,365
DWD-03481-0,1999,214,365
DWD-03481-0,2000,366,366
DWD-03481-0,2001,365,365
DWD-03481-0,2002,365,365
DWD-03481-0,2003,365,365
DWD-03481-0,2004,366,366
DWD-03481-0,2005,365,365
DWD-03482-0,1991,365,365
DWD-03482-0,1992,366,366
DWD-03482-0,1993,365,365
DWD-03482-0,1994,365,365
DWD-03482-0,1995,365,365
DWD-03482-0,1996,366,366
DWD-03482-0,1997,365,365
DWD-03482-0,1998,365,365
DWD-03482-0,1999,181,365
DWD-03482-0,2000,366,366
DWD-03482-0,2001,365,365
DWD-03482-0,2002,365,365
DWD-03482-0,2003,365,365
DWD-03482-0,2004,366,366
DWD-03482-0,2005,365,365
DWD-03482-0,2006,365,365
DWD-03482-0,2007,365,365
DWD-03482-0,2008,366,366
DWD-03482-0,2009,365,365
DWD-03482-0,2010,365,365
DWD-03482-0,2011,181,365
DWD-03482-1,2011,192,365
DWD-03482-1,2012,366,366
DWD-03482-1,2013,365,365
DWD-03482-1,2014,365,365
DWD-03482-1,2015,365,365
DWD-03482-1,2016,366,366
DWD-03482-1,2017,365,365
DWD-03482-1,2018,365,365
DWD-03482-1,2019,365,365
DWD-03482-1,2020,366,366
DWD-03482-1,2021,365,365
DWD-03482-1,2022,365,365
DWD-03482-1,2023,365,365
DWD-03482-1,2024,366,366
DWD-03482-1,2025,365,365
DWD-03514-0,1991,365,365
DWD-03514-0,1992,366,366
DWD-03514-0,1993,365,365
DWD-03514-0,1994,365,365
DWD-03514-0,1995,365,365
DWD-03514-0,1996,366,366
DWD-03514-0,1997,365,365
DWD-03514-0,1998,365,365
DWD-03514-0,1999,365,365
DWD-03523-0,1991,365,365
DWD-03523-0,1992,366,366
DWD-03523-0,1993,365,365
DWD-03523-0,1994,365,365
DWD-03523-0,1995,365,365
DWD-03523-0,1996,366,366
DWD-03523-0,1997,365,365
DWD-03523-0,1998,365,365
DWD-03523-0,1999,365,365
DWD-03523-0,2000,366,366
DWD-03523-0,2001,365,365
DWD-03523-0,2002,365,365
DWD-03523-0,2003,365,365
DWD-03531-0,1996,275,366
DWD-03531-0,1997,365,365
DWD-03531-0,1998,365,365
DWD-03531-0,1999,365,365
DWD-03531-0,2000,366,366
DWD-03531-0,2001,365,365
DWD-03531-0,2002,365,365
DWD-03531-0,2003,365,365
DWD-03531-0,2004,335,366
DWD-03531-0,2005,365,365
DWD-03537-3,1991,365,365
DWD-03537-3,1992,366,366
DWD-03537-3,1993,365,365
DWD-03537-3,1994,365,365
DWD-03537-3,1995,365,365
DWD-03537-3,1996,366,366
DWD-03537-3,1997,365,365
DWD-03537-3,1998,365,365
DWD-03537-3,1999,365,365
DWD-03537-3,2000,366,366
DWD-03537-3,2001,365,365
DWD-03537-3,2002,365,365
DWD-03537-3,2003,365,365
DWD-03537-3,2004,366,366
DWD-03537-3,2005,365,365
DWD-03537-3,2006,365,365
DWD-03537-3,2007,243,365
DWD-03559-1,1991,365,365
DWD-03559-1,1992,366,366
DWD-03559-1,1993,365,365
DWD-03559-1,1994,365,365
DWD-03559-1,1995,365,365
DWD-03559-1,1996,366,366
DWD-03559-1,1997,365,365
DWD-03559-1,1998,365,365
DWD-03559-1,1999,365,365
DWD-03559-1,2000,366,366
DWD-03559-1,2001,365,365
DWD-03559-1,2002,365,365
DWD-03559-1,2003,365,365
DWD-03559-1,2004,366,366
DWD-03559-1,2005,365,365
DWD-03559-1,2006,365,365
DWD-03563-0,1991,365,365
DWD-03563-0,1992,366,366
DWD-03563-0,1993,365,365
DWD-03563-0,1994,365,365
DWD-03563-0,1995,334,365
DWD-03563-0,1996,275,366
DWD-03563-0,1997,365,365
DWD-03563-0,1998,365,365
DWD-03563-0,1999,365,365
DWD-03563-0,2000,366,366
DWD-03563-0,2001,365,365
DWD-03563-0,2002,365,365
DWD-03563-0,2003,365,365
DWD-03563-0,2004,366,366
DWD-03563-0,2005,365,365
DWD-03564-0,1991,334,365
DWD-03564-0,1992,366,366
DWD-03564-0,1993,365,365
DWD-03564-0,1994,365,365
DWD-03564-0,1995,365,365
DWD-03564-0,1996,366,366
DWD-03564-0,1997,365,365
DWD-03564-0,1998,365,365
DWD-03564-0,1999,365,365
DWD-03564-0,2000,366,366
DWD-03564-0,2001,365,365
DWD-03564-0,2002,365,365
DWD-03564-0,2003,365,365
DWD-03564-0,2004,366,366
DWD-03564-0,2005,31,365
DWD-03564-1,2005,334,365
DWD-03564-1,2006,365,365
DWD-03564-1,2007,357,365
DWD-03564-1,2008,366,366
DWD-03564-1,2009,365,365
DWD-03564-1,2010,365,365
DWD-03564-1,2011,365,365
DWD-03564-1,2012,366,366
DWD-03564-1,2013,365,365
DWD-03564-1,2014,365,365
DWD-03564-1,2015,365,365
DWD-03564-1,2016,366,366
DWD-03564-1,2017,365,365
DWD-03564-1,2018,365,365
DWD-03564-1,2019,94,365
DWD-03564-2,2019,270,365
DWD-03564-2,2020,366,366
DWD-03564-2,2021,365,365
DWD-03564-2,2022,365,365
DWD-03564-2,2023,365,365
DWD-03564-2,2024,366,366
DWD-03564-2,2025,365,365
DWD-03592-0,1991,365,365
DWD-03592-0,1992,366,366
DWD-03592-0,1993,365,365
DWD-03592-0,1994,365,365
DWD-03592-0,1995,365,365
DWD-03592-0,1996,366,366
DWD-03592-0,1997,365,365
DWD-03592-0,1998,365,365
DWD-03592-0,1999,365,365
DWD-03592-0,2000,366,366
DWD-03592-0,2001,59,365
DWD-03615-0,1993,365,365
DWD-03615-0,1994,365,365
DWD-03615-0,1995,365,365
DWD-03615-0,1996,366,366
DWD-03615-0,1997,365,365
DWD-03615-0,1998,365,365
DWD-03615-0,1999,365,365
DWD-03615-0,2000,366,366
DWD-03615-0,2001,365,365
DWD-03615-0,2002,365,365
DWD-03615-0,2003,365,365
DWD-03615-0,2004,366,366
DWD-03615-0,2005,365,365
DWD-03627-0,1991,365,365
DWD-03627-0,1992,366,366
DWD-03627-0,1993,365,365
DWD-03627-0,1994,365,365
DWD-03627-0,1995,365,365
DWD-03627-0,1996,366,366
DWD-03627-0,1997,365,365
DWD-03627-0,1998,365,365
DWD-03627-0,1999,365,365
DWD-03627-0,2000,366,366
DWD-03627-0,2001,304,365
DWD-03628-0,1991,365,365
DWD-03628-0,1992,366,366
DWD-03628-0,1993,365,365
DWD-03628-0,1994,365,365
DWD-03628-0,1995,365,365
DWD-03628-0,1996,366,366
DWD-03628-0,1997,365,365
DWD-03628-0,1998,365,365
DWD-03628-0,1999,365,365
DWD-03628-0,2000,366,366
DWD-03628-0,2001,365,365
DWD-03628-0,2002,365,365
DWD-03628-0,2003,365,365
DWD-03628-0,2004,366,366
DWD-03628-0,2005,365,365
DWD-03628-0,2006,365,365
DWD-03629-0,1991,365,365
DWD-03629-0,1992,366,366
DWD-03629-0,1993,365,365
DWD-03629-0,1994,365,365
DWD-03629-0,1995,365,365
DWD-03629-0,1996,366,366
DWD-03629-0,1997,365,365
DWD-03629-0,1998,365,365
DWD-03629-0,1999,90,365
DWD-03630-0,1991,365,365
DWD-03630-0,1992,366,366
DWD-03630-0,1993,365,365
DWD-03630-0,1994,365,365
DWD-03630-0,1995,365,365
DWD-03630-0,1996,366,366
DWD-03630-0,1997,365,365
DWD-03630-0,1998,90,365
DWD-03631-0,1991,365,365
DWD-03631-0,1992,366,366
DWD-03631-0,1993,257,365
DWD-03631-1,1993,108,365
DWD-03631-1,1994,365,365
DWD-03631-1,1995,365,365
DWD-03631-1,1996,366,366
DWD-03631-1,1997,365,365
DWD-03631-1,1998,365,365
DWD-03631-1,1999,365,365
DWD-03631-1,2000,366,366
DWD-03631-1,2001,365,365
DWD-03631-1,2002,365,365
DWD-03631-1,2003,308,365
DWD-03631-2,1993,108,365
DWD-03631-2,1994,365,365
DWD-03631-2,1995,365,365
DWD-03631-2,1996,366,366
DWD-03631-2,1997,365,365
DWD-03631-2,1998,365,365
DWD-03631-2,1999,365,365
DWD-03631-2,2000,366,366
DWD-03631-2,2001,365,365
DWD-03631-2,2002,365,365
DWD-03631-2,2003,308,365
DWD-03631-3,1993,108,365
DWD-03631-3,1994,365,365
DWD-03631-3,1995,365,365
DWD-03631-3,1996,366,366
DWD-03631-3,1997,365,365
DWD-03631-3,1998,365,365
DWD-03631-3,1999,365,365
DWD-03631-3,2000,366,366
DWD-03631-3,2001,365,365
DWD-03631-3,2002,365,365
DWD-03631-3,2003,365,365
DWD-03631-3,2004,366,366
DWD-03631-3,2005,365,365
DWD-03631-3,2006,94,365
DWD-03631-4,2003,57,365
DWD-03631-4,2004,366,366
DWD-03631-4,2005,365,365
DWD-03631-4,2006,365,365
DWD-03631-4,2007,365,365
DWD-03631-4,2008,366,366
DWD-03631-4,2009,365,365
DWD-03631-4,2010,365,365
DWD-03631-4,2011,365,365
DWD-03631-4,2012,366,366
DWD-03631-4,2013,365,365
DWD-03631-4,2014,365,365
DWD-03631-4,2015,365,365
DWD-03631-4,2016,366,366
DWD-03631-4,2017,365,365
DWD-03631-4,2018,85,365
DWD-03631-5,2006,271,365
DWD-03631-5,2007,365,365
DWD-03631-5,2008,366,366
DWD-03631-5,2009,365,365
DWD-03631-5,2010,365,365
DWD-03631-5,2011,365,365
DWD-03631-5,2012,366,366
DWD-03631-5,2013,365,365
DWD-03631-5,2014,365,365
DWD-03631-5,2015,365,365
DWD-03631-5,2016,366,366
DWD-03631-5,2017,365,365
DWD-03631-5,2018,365,365
DWD-03631-5,2019,365,365
DWD-03631-5,2020,366,366
DWD-03631-5,2021,365,365
DWD-03631-5,2022,365,365
DWD-03631-5,2023,170,365
DWD-03631-6,2018,280,365
DWD-03631-6,2019,365,365
DWD-03631-6,2020,366,366
DWD-03631-6,2021,365,365
DWD-03631-6,2022,365,365
DWD-03631-6,2023,170,365
DWD-03631-7,2023,195,365
DWD-03631-7,2024,366,366
DWD-03631-7,2025,365,365
DWD-03631-8,2023,195,365
DWD-03631-8,2024,366,366
DWD-03631-8,2025,365,365
DWD-03638-2,1991,365,365
DWD-03638-2,1992,366,366
DWD-03638-2,1993,365,365
DWD-03638-2,1994,365,365
DWD-03638-2,1995,365,365
DWD-03638-2,1996,366,366
DWD-03638-2,1997,365,365
DWD-03638-2,1998,365,365
DWD-03638-2,1999,365,365
DWD-03638-2,2000,366,366
DWD-03638-2,2001,365,365
DWD-03638-2,2002,365,365
DWD-03638-2,2003,365,365
DWD-03638-2,2004,366,366
DWD-03638-2,2005,365,365
DWD-03638-2,2006,365,365
DWD-03645-0,1991,365,365
DWD-03645-0,1992,366,366
DWD-03645-0,1993,365,365
DWD-03645-0,1994,365,365
DWD-03645-0,1995,365,365
DWD-03645-0,1996,366,366
DWD-03645-0,1997,365,365
DWD-03645-0,1998,365,365
DWD-03645-0,1999,365,365
DWD-03645-0,2000,366,366
DWD-03645-0,2001,365,365
DWD-03645-0,2002,365,365
DWD-03645-0,2003,365,365
DWD-03645-0,2004,366,366
DWD-03645-0,2005,365,365
DWD-03645-0,2006,365,365
DWD-03646-0,1991,365,365
DWD-03646-0,1992,366,366
DWD-03646-0,1993,365,365
DWD-03646-0,1994,365,365
DWD-03646-0,1995,365,365
DWD-03646-0,1996,366,366
DWD-03646-0,1997,365,365
DWD-03646-0,1998,365,365
DWD-03646-0,1999,365,365
DWD-03646-0,2000,366,366
DWD-03646-0,2001,365,365
DWD-03646-0,2002,365,365
DWD-03646-0,2003,365,365
DWD-03646-0,2004,366,366
DWD-03646-0,2005,365,365
DWD-03646-0,2006,365,365
DWD-03648-0,1991,365,365
DWD-03648-0,1992,366,366
DWD-03648-0,1993,365,365
DWD-03648-0,1994,365,365
DWD-03648-0,1995,365,365
DWD-03648-0,1996,366,366
DWD-03648-0,1997,365,365
DWD-03648-0,1998,365,365
DWD-03648-0,1999,365,365
DWD-03648-0,2000,366,366
DWD-03648-0,2001,365,365
DWD-03648-0,2002,365,365
DWD-03648-0,2003,120,365
DWD-03654-0,1991,365,365
DWD-03654-0,1992,366,366
DWD-03654-0,1993,365,365
DWD-03654-0,1994,365,365
DWD-03654-0,1995,365,365
DWD-03654-0,1996,366,366
DWD-03654-0,1997,365,365
DWD-03654-0,1998,365,365
DWD-03654-0,1999,365,365
DWD-03654-0,2000,366,366
DWD-03654-0,2001,365,365
DWD-03654-0,2002,365,365
DWD-03654-0,2003,365,365
DWD-03655-0,1991,356,365
DWD-03655-0,1992,366,366
DWD-03655-0,1993,365,365
DWD-03655-0,1994,365,365
DWD-03655-0,1995,365,365
DWD-03655-0,1996,366,366
DWD-03655-0,1997,365,365
DWD-03655-0,1998,365,365
DWD-03655-0,1999,365,365
DWD-03655-0,2000,366,366
DWD-03655-0,2001,365,365
DWD-03655-0,2002,365,365
DWD-03655-0,2003,365,365
DWD-03655-0,2004,366,366
DWD-03655-0,2005,365,365
DWD-03655-0,2006,365,365
DWD-03673-0,1991,365,365
DWD-03673-0,1992,366,366
DWD-03673-0,1993,365,365
DWD-03673-0,1994,365,365
DWD-03673-0,1995,365,365
DWD-03673-0,1996,366,366
DWD-03673-0,1997,365,365
DWD-03673-0,1998,365,365
DWD-03673-0,1999,365,365
DWD-03673-0,2000,366,366
DWD-03673-0,2001,365,365
DWD-03673-0,2002,365,365
DWD-03673-0,2003,365,365
DWD-03673-0,2004,366,366
DWD-03673-0,2005,365,365
DWD-03673-0,2006,365,365
DWD-03706-0,1991,365,365
DWD-03706-0,1992,366,366
DWD-03706-0,1993,365,365
DWD-03706-0,1994,365,365
DWD-03706-0,1995,365,365
DWD-03706-0,1996,366,366
DWD-03706-0,1997,365,365
DWD-03706-0,1998,365,365
DWD-03706-0,1999,181,365
DWD-03768-0,1991,365,365
DWD-03768-0,1992,366,366
DWD-03768-0,1993,365,365
DWD-03768-0,1994,365,365
DWD-03768-0,1995,365,365
DWD-03768-0,1996,366,366
DWD-03768-0,1997,365,365
DWD-03768-0,1998,365,365
DWD-03768-0,1999,365,365
DWD-03768-0,2000,366,366
DWD-03768-0,2001,365,365
DWD-03768-0,2002,365,365
DWD-03768-0,2003,181,365
DWD-03770-0,1991,365,365
DWD-03770-0,1992,366,366
DWD-03770-0,1993,365,365
DWD-03770-0,1994,365,365
DWD-03770-0,1995,334,365
DWD-03770-0,1996,366,366
DWD-03770-0,1997,365,365
DWD-03770-0,1998,365,365
DWD-03770-0,1999,365,365
DWD-03770-0,2000,366,366
DWD-03770-0,2001,365,365
DWD-03770-0,2002,365,365
DWD-03770-0,2003,365,365
DWD-03770-0,2004,366,366
DWD-03770-0,2005,365,365
DWD-03770-0,2006,365,365
DWD-03770-0,2007,365,365
DWD-03770-0,2008,366,366
DWD-03770-0,2009,365,365
DWD-03770-0,2010,365,365
DWD-03770-0,2011,365,365
DWD-03770-0,2012,366,366
DWD-03770-0,2013,365,365
DWD-03770-0,2014,365,365
DWD-03770-0,2015,365,365
DWD-03770-0,2016,366,366
DWD-03770-0,2017,365,365
DWD-03770-0,2018,365,365
DWD-03770-0,2019,365,365
DWD-03770-0,2020,366,366
DWD-03770-0,2021,365,365
DWD-03770-0,2022,365,365
DWD-03770-0,2023,365,365
DWD-03770-0,2024,366,366
DWD-03770-0,2025,365,365
DWD-03773-0,1991,365,365
DWD-03773-0,1992,366,366
DWD-03773-0,1993,365,365
DWD-03773-0,1994,365,365
DWD-03773-0,1995,365,365
DWD-03773-0,1996,366,366
DWD-03773-0,1997,365,365
DWD-03773-0,1998,365,365
DWD-03773-0,1999,365,365
DWD-03773-0,2000,366,366
DWD-03773-0,2001,365,365
DWD-03773-0,2002,365,365
DWD-03773-0,2003,365,365
DWD-03773-0,2004,366,366
DWD-03773-0,2005,365,365
DWD-03773-0,2006,365,365
DWD-03773-0,2007,365,365
DWD-03789-0,1991,365,365
DWD-03789-0,1992,366,366
DWD-03789-0,1993,365,365
DWD-03789-0,1994,365,365
DWD-03789-0,1995,365,365
DWD-03789-0,1996,366,366
DWD-03789-0,1997,181,365
DWD-03792-0,1991,365,365
DWD-03792-0,1992,366,366
DWD-03792-0,1993,365,365
DWD-03792-0,1994,365,365
DWD-03792-0,1995,365,365
DWD-03792-0,1996,366,366
DWD-03792-0,1997,365,365
DWD-03792-0,1998,365,365
DWD-03792-0,1999,365,365
DWD-03792-0,2000,366,366
DWD-03792-0,2001,365,365
DWD-03792-0,2002,365,365
DWD-03792-0,2003,365,365
DWD-03792-0,2004,366,366
DWD-03792-0,2005,365,365
DWD-03792-0,2006,365,365
DWD-03792-0,2007,365,365
DWD-03792-0,2008,366,366
DWD-03792-0,2009,365,365
DWD-03792-0,2010,365,365
DWD-03792-0,2011,365,365
DWD-03792-0,2012,366,366
DWD-03792-0,2013,365,365
DWD-03792-0,2014,365,365
DWD-03792-0,2015,365,365
DWD-03792-0,2016,366,366
DWD-03792-0,2017,365,365
DWD-03792-0,2018,365,365
DWD-03792-0,2019,365,365
DWD-03792-0,2020,366,366
DWD-03792-0,2021,365,365
DWD-03792-0,2022,365,365
DWD-03792-0,2023,365,365
DWD-03792-0,2024,366,366
DWD-03792-0,2025,365,365
DWD-03793-0,1991,365,365
DWD-03793-0,1992,366,366
DWD-03793-0,1993,365,365
DWD-03793-0,1994,365,365
DWD-03793-0,1995,365,365
DWD-03793-0,1996,366,366
DWD-03793-0,1997,365,365
DWD-03793-0,1998,365,365
DWD-03793-0,1999,365,365
DWD-03793-0,2000,366,366
DWD-03793-0,2001,365,365
DWD-03793-0,2002,365,365
DWD-03793-0,2003,365,365
DWD-03793-0,2004,366,366
DWD-03793-0,2005,365,365
DWD-03793-0,2006,365,365
DWD-03813-0,1991,365,365
DWD-03813-0,1992,366,366
DWD-03813-0,1993,365,365
DWD-03813-0,1994,365,365
DWD-03813-0,1995,365,365
DWD-03813-0,1996,366,366
DWD-03813-0,1997,365,365
DWD-03813-0,1998,365,365
DWD-03813-0,1999,365,365
DWD-03813-0,2000,366,366
DWD-03813-0,2001,365,365
DWD-03813-0,2002,365,365
DWD-03813-0,2003,365,365
DWD-03813-0,2004,366,366
DWD-03813-0,2005,365,365
DWD-03813-0,2006,365,365
DWD-03813-0,2007,365,365
DWD-03813-0,2008,366,366
DWD-03813-0,2009,365,365
DWD-03813-0,2010,365,365
DWD-03813-0,2011,365,365
DWD-03813-0,2012,366,366
DWD-03813-0,2013,365,365
DWD-03813-0,2014,365,365
DWD-03813-0,2015,365,365
DWD-03813-0,2016,366,366
DWD-03813-0,2017,365,365
DWD-03813-0,2018,360,365
DWD-03813-0,2019,365,365
DWD-03813-0,2020,366,366
DWD-03813-0,2021,365,365
DWD-03813-0,2022,345,365
DWD-03813-0,2023,355,365
DWD-03813-0,2024,358,366
DWD-03813-0,2025,342,365
DWD-03847-0,1993,365,365
DWD-03847-0,1994,365,365
DWD-03847-0,1995,365,365
DWD-03847-0,1996,366,366
DWD-03847-0,1997,365,365
DWD-03847-0,1998,365,365
DWD-03847-0,1999,365,365
DWD-03847-0,2000,366,366
DWD-03847-1,2002,334,365
DWD-03847-1,2003,365,365
DWD-03847-1,2004,366,366
DWD-03847-1,2005,365,365
DWD-03847-1,2006,337,365
DWD-03847-1,2007,365,365
DWD-03847-1,2008,366,366
DWD-03847-1,2009,365,365
DWD-03847-1,2010,365,365
DWD-03847-1,2011,365,365
DWD-03847-1,2012,366,366
DWD-03847-1,2013,365,365
DWD-03847-1,2014,365,365
DWD-03847-1,2015,120,365
DWD-03847-2,2015,245,365
DWD-03847-2,2016,366,366
DWD-03847-2,2017,288,365
DWD-03853-0,1991,365,365
DWD-03853-0,1992,366,366
DWD-03853-0,1993,365,365
DWD-03853-0,1994,365,365
DWD-03853-0,1995,365,365
DWD-03853-0,1996,366,366
DWD-03853-0,1997,364,365
DWD-03853-0,1998,365,365
DWD-03853-0,1999,365,365
DWD-03853-0,2000,366,366
DWD-03853-0,2001,335,365
DWD-03853-0,2002,365,365
DWD-03853-0,2003,365,365
DWD-03853-0,2004,60,366
DWD-03853-1,2004,245,366
DWD-03853-2,2004,61,366
DWD-03853-2,2005,365,365
DWD-03853-2,2006,365,365
DWD-03853-2,2007,365,365
DWD-03853-2,2008,366,366
DWD-03853-2,2009,365,365
DWD-03853-2,2010,365,365
DWD-03853-2,2011,365,365
DWD-03853-2,2012,359,366
DWD-03853-2,2013,365,365
DWD-03853-2,2014,365,365
DWD-03853-2,2015,365,365
DWD-03853-2,2016,366,366
DWD-03853-2,2017,365,365
DWD-03853-2,2018,365,365
DWD-03853-2,2019,261,365
DWD-03853-3,2019,104,365
DWD-03853-3,2020,366,366
DWD-03853-3,2021,365,365
DWD-03853-3,2022,365,365
DWD-03853-3,2023,365,365
DWD-03853-3,2024,366,366
DWD-03853-3,2025,365,365
DWD-03870-0,1991,365,365
DWD-03870-0,1992,366,366
DWD-03870-0,1993,365,365
DWD-03870-0,1994,365,365
DWD-03870-0,1995,365,365
DWD-03870-0,1996,366,366
DWD-03870-0,1997,365,365
DWD-03870-0,1998,242,365
DWD-03870-0,1999,365,365
DWD-03870-0,2000,366,366
DWD-03870-0,2001,365,365
DWD-03870-0,2002,365,365
DWD-03870-0,2003,365,365
DWD-03870-0,2004,366,366
DWD-03870-0,2005,365,365
DWD-03870-0,2006,365,365
DWD-03870-0,2007,365,365
DWD-03870-0,2008,366,366
DWD-03870-0,2009,365,365
DWD-03870-0,2010,365,365
DWD-03870-0,2011,365,365
DWD-03870-0,2012,366,366
DWD-03870-0,2013,365,365
DWD-03870-0,2014,365,365
DWD-03870-0,2015,365,365
DWD-03870-0,2016,365,366
DWD-03870-0,2017,365,365
DWD-03870-0,2018,365,365
DWD-03870-0,2019,365,365
DWD-03870-0,2020,366,366
DWD-03870-0,2021,365,365
DWD-03870-0,2022,365,365
DWD-03870-0,2023,365,365
DWD-03870-0,2024,366,366
DWD-03870-0,2025,365,365
DWD-03880-0,1991,337,365
DWD-03880-0,1992,366,366
DWD-03880-0,1993,365,365
DWD-03880-0,1994,365,365
DWD-03880-0,1995,365,365
DWD-03880-0,1996,366,366
DWD-03880-0,1997,365,365
DWD-03880-0,1998,365,365
DWD-03880-0,1999,365,365
DWD-03880-0,2000,366,366
DWD-03880-0,2001,365,365
DWD-03880-0,2002,365,365
DWD-03880-0,2003,365,365
DWD-03880-0,2004,366,366
DWD-03895-0,1993,184,365
DWD-03895-0,1994,365,365
DWD-03895-0,1995,365,365
DWD-03895-0,1996,366,366
DWD-03895-0,1997,365,365
DWD-03895-0,1998,365,365
DWD-03895-0,1999,365,365
DWD-03895-0,2000,366,366
DWD-03895-0,2001,365,365
DWD-03895-0,2002,365,365
DWD-03895-0,2003,365,365
DWD-03895-0,2004,366,366
DWD-03895-0,2005,365,365
DWD-03895-0,2006,365,365
DWD-03897-10,2006,136,365
DWD-03897-10,2007,365,365
DWD-03897-10,2008,366,366
DWD-03897-10,2009,365,365
DWD-03897-10,2010,365,365
DWD-03897-10,2011,365,365
DWD-03897-10,2012,366,366
DWD-03897-10,2013,365,365
DWD-03897-10,2014,360,365
DWD-03897-10,2015,365,365
DWD-03897-10,2016,366,366
DWD-03897-10,2017,365,365
DWD-03897-10,2018,212,365
DWD-03897-11,2007,308,365
DWD-03897-11,2008,366,366
DWD-03897-11,2009,365,365
DWD-03897-11,2010,365,365
DWD-03897-11,2011,365,365
DWD-03897-11,2012,366,366
DWD-03897-11,2013,365,365
DWD-03897-11,2014,360,365
DWD-03897-11,2015,365,365
DWD-03897-11,2016,366,366
DWD-03897-11,2017,365,365
DWD-03897-11,2018,365,365
DWD-03897-11,2019,365,365
DWD-03897-11,2020,366,366
DWD-03897-11,2021,365,365
DWD-03897-11,2022,354,365
DWD-03897-11,2023,365,365
DWD-03897-11,2024,366,366
DWD-03897-11,2025,100,365
DWD-03897-12,2018,153,365
DWD-03897-12,2019,365,365
DWD-03897-12,2020,366,366
DWD-03897-12,2021,365,365
DWD-03897-12,2022,354,365
DWD-03897-12,2023,365,365
DWD-03897-12,2024,366,366
DWD-03897-12,2025,100,365
DWD-03897-13,2025,265,365
DWD-03897-14,2025,265,365
DWD-03897-9,2006,136,365
DWD-03897-9,2007,57,365
DWD-03908-0,1991,365,365
DWD-03908-0,1992,366,366
DWD-03908-0,1993,365,365
DWD-03908-0,1994,365,365
DWD-03908-0,1995,365,365
DWD-03908-0,1996,366,366
DWD-03908-0,1997,365,365
DWD-03908-0,1998,365,365
DWD-03908-0,1999,365,365
DWD-03908-0,2000,366,366
DWD-03908-0,2001,365,365
DWD-03908-0,2002,365,365
DWD-03908-0,2003,365,365
DWD-03908-0,2004,366,366
DWD-03908-0,2005,365,365
DWD-03916-0,1997,275,365
DWD-03916-0,1998,365,365
DWD-03916-0,1999,365,365
DWD-03916-0,2000,366,366
DWD-03916-0,2001,90,365
DWD-03932-0,1991,365,365
DWD-03932-0,1992,366,366
DWD-03932-0,1993,365,365
DWD-03932-0,1994,365,365
DWD-03932-0,1995,365,365
DWD-03932-0,1996,366,366
DWD-03932-0,1997,365,365
DWD-03932-0,1998,365,365
DWD-03932-0,1999,365,365
DWD-03932-0,2000,366,366
DWD-03932-0,2001,365,365
DWD-03932-0,2002,365,365
DWD-03932-0,2003,365,365
DWD-03932-0,2004,366,366
DWD-03932-0,2005,365,365
DWD-03932-0,2006,365,365
DWD-03932-0,2007,365,365
DWD-03932-0,2008,366,366
DWD-03932-0,2009,365,365
DWD-03932-0,2010,365,365
DWD-03932-0,2011,365,365
DWD-03932-0,2012,366,366
DWD-03932-0,2013,274,365
DWD-03932-0,2014,365,365
DWD-03932-0,2015,365,365
DWD-03932-0,2016,366,366
DWD-03932-0,2017,365,365
DWD-03932-0,2018,365,365
DWD-03932-0,2019,365,365
DWD-03932-0,2020,366,366
DWD-03932-0,2021,365,365
DWD-03932-0,2022,365,365
DWD-03932-0,2023,365,365
DWD-03932-0,2024,366,366
DWD-03932-1,2025,365,365
DWD-03935-0,1997,61,365
DWD-03935-0,1998,365,365
DWD-03935-0,1999,365,365
DWD-03935-0,2000,366,366
DWD-03935-0,2001,365,365
DWD-03935-0,2002,365,365
DWD-03935-0,2003,365,365
DWD-03935-0,2004,366,366
DWD-03943-0,1991,365,365
DWD-03943-0,1992,366,366
DWD-03943-0,1993,365,365
DWD-03943-0,1994,365,365
DWD-03943-0,1995,365,365
DWD-03943-0,1996,366,366
DWD-03943-0,1997,365,365
DWD-03943-0,1998,365,365
DWD-03943-0,1999,365,365
DWD-03943-0,2000,366,366
DWD-03943-0,2001,365,365
DWD-03943-0,2002,365,365
DWD-03943-0,2003,365,365
DWD-03943-0,2004,366,366
DWD-03943-0,2005,365,365
DWD-03943-0,2006,365,365
DWD-03943-0,2007,365,365
DWD-03943-0,2008,366,366
DWD-03943-0,2009,365,365
DWD-03943-0,2010,365,365
DWD-03943-0,2011,365,365
DWD-03943-0,2012,366,366
DWD-03943-0,2013,365,365
DWD-03943-0,2014,364,365
DWD-03943-0,2015,365,365
DWD-03943-0,2016,365,366
DWD-03943-0,2017,365,365
DWD-03943-0,2018,365,365
DWD-03943-0,2019,365,365
DWD-03945-0,1991,243,365
DWD-03945-1,1991,122,365
DWD-03945-1,1992,366,366
DWD-03945-1,1993,365,365
DWD-03945-1,1994,365,365
DWD-03945-1,1995,365,365
DWD-03945-1,1996,366,366
DWD-03945-1,1997,365,365
DWD-03945-1,1998,365,365
DWD-03945-1,1999,365,365
DWD-03945-1,2000,366,366
DWD-03945-1,2001,365,365
DWD-03945-1,2002,365,365
DWD-03945-1,2003,365,365
DWD-03945-1,2004,366,366
DWD-03945-1,2005,59,365
DWD-03945-2,2005,306,365
DWD-03945-2,2006,365,365
DWD-03945-2,2007,365,365
DWD-03945-2,2008,366,366
DWD-03945-2,2009,365,365
DWD-03945-2,2010,365,365
DWD-03945-2,2011,365,365
DWD-03945-2,2012,366,366
DWD-03945-2,2013,365,365
DWD-03945-2,2014,365,365
DWD-03945-2,2015,365,365
DWD-03945-2,2016,366,366
DWD-03945-2,2017,365,365
DWD-03945-2,2018,365,365
DWD-03945-2,2019,155,365
DWD-03945-3,2019,210,365
DWD-03945-3,2020,366,366
DWD-03945-3,2021,365,365
DWD-03945-3,2022,365,365
DWD-03945-3,2023,365,365
DWD-03945-3,2024,365,366
DWD-03945-3,2025,365,365
DWD-03954-1,1991,365,365
DWD-03954-1,1992,366,366
DWD-03954-1,1993,365,365
DWD-03954-1,1994,365,365
DWD-03954-1,1995,365,365
DWD-03954-1,1996,366,366
DWD-03954-1,1997,32,365
DWD-03955-0,1991,31,365
DWD-03976-0,1991,365,365
DWD-03976-0,1992,366,366
DWD-03976-0,1993,365,365
DWD-03976-0,1994,365,365
DWD-03976-0,1995,365,365
DWD-03976-0,1996,366,366
DWD-03976-0,1997,365,365
DWD-03976-0,1998,365,365
DWD-03976-0,1999,365,365
DWD-03976-0,2000,366,366
DWD-03976-0,2001,365,365
DWD-03976-0,2002,365,365
DWD-03976-0,2003,365,365
DWD-03976-0,2004,366,366
DWD-03976-0,2005,365,365
DWD-03976-0,2006,365,365
DWD-03993-0,1991,365,365
DWD-03993-0,1992,366,366
DWD-03993-0,1993,365,365
DWD-03993-0,1994,365,365
DWD-03993-0,1995,365,365
DWD-03993-0,1996,366,366
DWD-03993-0,1997,365,365
DWD-03993-0,1998,365,365
DWD-03996-0,1991,365,365
DWD-03996-0,1992,366,366
DWD-03996-0,1993,365,365
DWD-03996-0,1994,365,365
DWD-03996-0,1995,365,365
DWD-03996-0,1996,366,366
DWD-03996-0,1997,365,365
DWD-03996-0,1998,365,365
DWD-03996-0,1999,365,365
DWD-03996-0,2000,366,366
DWD-03996-0,2001,365,365
DWD-04009-0,1991,365,365
DWD-04009-0,1992,366,366
DWD-04009-0,1993,365,365
DWD-04009-0,1994,365,365
DWD-04009-0,1995,365,365
DWD-04009-0,1996,366,366
DWD-04009-0,1997,365,365
DWD-04009-0,1998,365,365
DWD-04009-0,1999,365,365
DWD-04009-0,2000,31,366
DWD-04009-1,2000,275,366
DWD-04009-1,2001,365,365
DWD-04009-1,2002,365,365
DWD-04009-1,2003,365,365
DWD-04009-1,2004,152,366
DWD-04009-2,2008,306,366
DWD-04009-2,2009,365,365
DWD-04009-2,2010,365,365
DWD-04009-2,2011,365,365
DWD-04009-2,2012,366,366
DWD-04009-2,2013,365,365
DWD-04009-2,2014,365,365
DWD-04009-2,2015,364,365
DWD-04009-2,2016,366,366
DWD-04009-2,2017,365,365
DWD-04009-2,2018,365,365
DWD-04009-2,2019,365,365
DWD-04009-2,2020,366,366
DWD-04009-2,2021,365,365
DWD-04009-2,2022,365,365
DWD-04009-2,2023,365,365
DWD-04009-2,2024,366,366
DWD-04009-2,2025,365,365
DWD-04030-0,1997,365,365
DWD-04030-0,1998,365,365
DWD-04030-0,1999,365,365
DWD-04030-0,2000,366,366
DWD-04030-0,2001,365,365
DWD-04030-0,2002,365,365
DWD-04030-0,2003,365,365
DWD-04030-0,2004,366,366
DWD-04030-0,2005,365,365
DWD-04030-0,2006,365,365
DWD-04030-0,2007,150,365
DWD-04039-0,1991,365,365
DWD-04039-0,1992,366,366
DWD-04039-0,1993,365,365
DWD-04039-0,1994,365,365
DWD-04039-0,1995,365,365
DWD-04039-0,1996,37,366
DWD-04039-1,1996,23,366
DWD-04039-1,2000,171,366
DWD-04039-1,2001,354,365
DWD-04039-1,2002,315,365
DWD-04039-1,2003,132,365
DWD-04039-2,1996,23,366
DWD-04039-2,2000,171,366
DWD-04039-2,2001,354,365
DWD-04039-2,2002,315,365
DWD-04039-2,2003,330,365
DWD-04039-2,2004,351,366
DWD-04039-2,2005,355,365
DWD-04039-2,2006,361,365
DWD-04039-2,2007,365,365
DWD-04039-2,2008,366,366
DWD-04039-2,2009,365,365
DWD-04039-2,2010,325,365
DWD-04039-3,2003,198,365
DWD-04039-3,2004,351,366
DWD-04039-3,2005,355,365
DWD-04039-3,2006,361,365
DWD-04039-3,2007,365,365
DWD-04039-3,2008,366,366
DWD-04039-3,2009,365,365
DWD-04039-3,2010,365,365
DWD-04039-3,2011,365,365
DWD-04039-3,2012,366,366
DWD-04039-3,2013,365,365
DWD-04039-3,2014,365,365
DWD-04039-3,2015,365,365
DWD-04039-3,2016,366,366
DWD-04039-3,2017,365,365
DWD-04039-3,2018,303,365
DWD-04039-4,2010,40,365
DWD-04039-4,2011,365,365
DWD-04039-4,2012,366,366
DWD-04039-4,2013,365,365
DWD-04039-4,2014,365,365
DWD-04039-4,2015,365,365
DWD-04039-4,2016,366,366
DWD-04039-4,2017,365,365
DWD-04039-4,2018,364,365
DWD-04039-4,2019,365,365
DWD-04039-4,2020,366,366
DWD-04039-4,2021,365,365
DWD-04039-4,2022,365,365
DWD-04039-4,2023,364,365
DWD-04039-4,2024,365,366
DWD-04039-4,2025,365,365
DWD-04039-5,2018,173,365
DWD-04039-5,2019,365,365
DWD-04039-5,2020,366,366
DWD-04039-5,2021,365,365
DWD-04039-5,2022,365,365
DWD-04039-5,2023,364,365
DWD-04039-5,2024,365,366
DWD-04039-5,2025,365,365
DWD-04046-0,1991,365,365
DWD-04046-0,1992,366,366
DWD-04046-0,1993,365,365
DWD-04046-0,1994,365,365
DWD-04046-0,1995,365,365
DWD-04046-0,1996,366,366
DWD-04046-0,1997,365,365
DWD-04046-0,1998,365,365
DWD-04046-0,1999,365,365
DWD-04046-0,2000,335,366
DWD-04070-0,1991,365,365
DWD-04070-0,1992,366,366
DWD-04070-0,1993,365,365
DWD-04070-0,1994,365,365
DWD-04070-0,1995,365,365
DWD-04070-0,1996,366,366
DWD-04070-0,1997,365,365
DWD-04070-0,1998,365,365
DWD-04070-0,1999,365,365
DWD-04070-0,2000,366,366
DWD-04070-0,2001,365,365
DWD-04070-0,2002,365,365
DWD-04070-0,2003,365,365
DWD-04070-0,2004,366,366
DWD-04070-0,2005,365,365
DWD-04085-0,1991,365,365
DWD-04085-0,1992,366,366
DWD-04085-0,1993,365,365
DWD-04085-0,1994,365,365
DWD-04085-0,1995,365,365
DWD-04085-0,1996,366,366
DWD-04085-0,1997,365,365
DWD-04085-0,1998,365,365
DWD-04085-0,1999,304,365
DWD-04085-0,2000,366,366
DWD-04085-0,2001,365,365
DWD-04085-0,2002,365,365
DWD-04085-0,2003,365,365
DWD-04085-0,2004,366,366
DWD-04085-0,2005,365,365
DWD-04085-0,2006,365,365
DWD-04085-0,2007,365,365
DWD-04085-0,2008,366,366
DWD-04085-0,2009,365,365
DWD-04085-0,2010,243,365
DWD-04101-0,1991,365,365
DWD-04101-0,1992,366,366
DWD-04101-0,1993,365,365
DWD-04101-0,1994,365,365
DWD-04101-0,1995,365,365
DWD-04101-0,1996,366,366
DWD-04101-0,1997,365,365
DWD-04101-0,1998,365,365
DWD-04101-0,1999,273,365
DWD-04101-0,2000,275,366
DWD-04101-0,2001,365,365
DWD-04101-0,2002,365,365
DWD-04101-0,2003,365,365
DWD-04101-0,2004,213,366
DWD-04101-1,2004,153,366
DWD-04101-1,2005,365,365
DWD-04101-1,2006,365,365
DWD-04101-1,2007,365,365
DWD-04101-1,2008,366,366
DWD-04101-1,2009,365,365
DWD-04101-1,2010,365,365
DWD-04101-1,2011,365,365
DWD-04101-1,2012,366,366
DWD-04101-1,2013,365,365
DWD-04101-1,2014,365,365
DWD-04101-1,2015,364,365
DWD-04101-1,2016,366,366
DWD-04101-1,2017,364,365
DWD-04101-1,2018,365,365
DWD-04101-1,2019,90,365
DWD-04101-2,2019,275,365
DWD-04101-2,2020,366,366
DWD-04101-2,2021,363,365
DWD-04101-2,2022,359,365
DWD-04101-2,2023,365,365
DWD-04101-2,2024,366,366
DWD-04101-2,2025,357,365
DWD-04117-0,1991,365,365
DWD-04117-0,1992,366,366
DWD-04117-0,1993,365,365
DWD-04117-0,1994,365,365
DWD-04117-0,1995,365,365
DWD-04117-0,1996,366,366
DWD-04117-0,1997,365,365
DWD-04117-0,1998,365,365
DWD-04117-0,1999,365,365
DWD-04117-0,2000,366,366
DWD-04117-0,2001,365,365
DWD-04117-0,2002,365,365
DWD-04117-0,2003,365,365
DWD-04117-0,2004,366,366
DWD-04117-0,2005,365,365
DWD-04130-0,1991,365,365
DWD-04130-0,1992,366,366
DWD-04130-0,1993,365,365
DWD-04130-0,1994,365,365
DWD-04130-0,1995,365,365
DWD-04130-0,1996,366,366
DWD-04130-0,1997,365,365
DWD-04130-0,1998,365,365
DWD-04130-0,1999,365,365
DWD-04130-0,2000,366,366
DWD-04130-0,2001,365,365
DWD-04130-0,2002,365,365
DWD-04130-0,2003,365,365
DWD-04130-0,2004,366,366
DWD-04130-0,2005,365,365
DWD-04130-0,2006,365,365
DWD-04130-0,2007,365,365
DWD-04130-0,2008,366,366
DWD-04130-0,2009,365,365
DWD-04130-0,2010,365,365
DWD-04130-0,2011,304,365
DWD-04147-0,1991,365,365
DWD-04147-0,1992,366,366
DWD-04147-0,1993,365,365
DWD-04147-0,1994,365,365
DWD-04147-0,1995,365,365
DWD-04147-0,1996,366,366
DWD-04147-0,1997,365,365
DWD-04147-0,1998,365,365
DWD-04147-0,1999,365,365
DWD-04147-0,2000,366,366
DWD-04147-0,2001,365,365
DWD-04147-0,2002,365,365
DWD-04147-0,2003,365,365
DWD-04147-0,2004,366,366
DWD-04147-0,2005,365,365
DWD-04147-0,2006,365,365
DWD-04156-0,1991,365,365
DWD-04156-0,1992,366,366
DWD-04156-0,1993,365,365
DWD-04156-0,1994,365,365
DWD-04156-0,1995,365,365
DWD-04156-0,1996,366,366
DWD-04156-0,1997,365,365
DWD-04156-0,1998,59,365
DWD-04162-0,1991,365,365
DWD-04162-0,1992,366,366
DWD-04162-0,1993,90,365
DWD-04162-1,1993,275,365
DWD-04162-1,1994,365,365
DWD-04162-1,1995,365,365
DWD-04162-1,1996,366,366
DWD-04162-1,1997,365,365
DWD-04162-1,1998,365,365
DWD-04162-1,1999,365,365
DWD-04162-1,2000,366,366
DWD-04162-1,2001,365,365
DWD-04162-1,2002,365,365
DWD-04162-1,2003,365,365
DWD-04162-1,2004,366,366
DWD-04162-1,2005,365,365
DWD-04163-0,1991,365,365
DWD-04163-0,1992,366,366
DWD-04163-0,1993,365,365
DWD-04163-0,1994,365,365
DWD-04163-0,1995,365,365
DWD-04163-0,1996,366,366
DWD-04163-0,1997,365,365
DWD-04163-0,1998,365,365
DWD-04163-0,1999,365,365
DWD-04163-0,2000,366,366
DWD-04163-0,2001,365,365
DWD-04163-0,2002,243,365
DWD-04184-0,1991,365,365
DWD-04184-0,1992,366,366
DWD-04184-0,1993,365,365
DWD-04184-0,1994,365,365
DWD-04184-0,1995,365,365
DWD-04184-0,1996,366,366
DWD-04184-0,1997,365,365
DWD-04184-0,1998,365,365
DWD-04184-0,1999,365,365
DWD-04184-0,2000,366,366
DWD-04184-0,2001,365,365
DWD-04184-0,2002,365,365
DWD-04184-0,2003,365,365
DWD-04184-0,2004,366,366
DWD-04184-0,2005,365,365
DWD-04184-0,2006,365,365
DWD-04184-0,2007,365,365
DWD-04184-0,2008,366,366
DWD-04184-0,2009,365,365
DWD-04184-0,2010,365,365
DWD-04184-0,2011,365,365
DWD-04184-0,2012,366,366
DWD-04184-0,2013,365,365
DWD-04184-0,2014,365,365
DWD-04184-0,2015,365,365
DWD-04184-0,2016,366,366
DWD-04184-1,2017,245,365
DWD-04184-1,2018,365,365
DWD-04184-1,2019,365,365
DWD-04184-1,2020,366,366
DWD-04184-1,2021,365,365
DWD-04184-1,2022,365,365
DWD-04184-1,2023,365,365
DWD-04184-1,2024,366,366
DWD-04184-1,2025,365,365
DWD-04226-2,1991,365,365
DWD-04226-2,1992,366,366
DWD-04226-2,1993,365,365
DWD-04226-2,1994,365,365
DWD-04226-2,1995,365,365
DWD-04226-2,1996,366,366
DWD-04226-2,1997,365,365
DWD-04226-2,1998,365,365
DWD-04226-2,1999,365,365
DWD-04226-2,2000,366,366
DWD-04226-2,2001,365,365
DWD-04226-2,2002,365,365
DWD-04226-2,2003,365,365
DWD-04226-2,2004,366,366
DWD-04226-2,2005,365,365
DWD-04226-2,2006,365,365
DWD-04226-2,2007,365,365
DWD-04226-2,2008,13,366
DWD-04226-3,2008,353,366
DWD-04226-3,2009,365,365
DWD-04226-3,2010,365,365
DWD-04226-3,2011,365,365
DWD-04226-3,2012,366,366
DWD-04226-3,2013,90,365
DWD-04226-4,2014,153,365
DWD-04226-4,2015,365,365
DWD-04226-4,2016,366,366
DWD-04226-4,2017,365,365
DWD-04226-4,2018,365,365
DWD-04226-4,2019,365,365
DWD-04226-4,2020,366,366
DWD-04226-4,2021,365,365
DWD-04226-4,2022,365,365
DWD-04226-4,2023,365,365
DWD-04226-4,2024,366,366
DWD-04226-4,2025,365,365
DWD-04232-0,1991,365,365
DWD-04232-0,1992,366,366
DWD-04232-0,1993,365,365
DWD-04232-0,1994,365,365
DWD-04232-0,1995,365,365
DWD-04232-0,1996,366,366
DWD-04232-0,1997,365,365
DWD-04232-0,1998,365,365
DWD-04232-0,1999,365,365
DWD-04232-0,2000,366,366
DWD-04232-0,2001,365,365
DWD-04232-0,2002,365,365
DWD-04232-0,2003,365,365
DWD-04232-0,2004,366,366
DWD-04232-0,2005,365,365
DWD-04232-0,2006,365,365
DWD-04232-0,2007,365,365
DWD-04232-0,2008,366,366
DWD-04232-0,2009,365,365
DWD-04232-0,2010,365,365
DWD-04232-0,2011,365,365
DWD-04232-0,2012,366,366
DWD-04232-0,2013,365,365
DWD-04232-0,2014,365,365
DWD-04232-0,2015,365,365
DWD-04232-0,2016,366,366
DWD-04232-0,2017,364,365
DWD-04232-0,2018,365,365
DWD-04232-0,2019,365,365
DWD-04232-0,2020,366,366
DWD-04232-0,2021,365,365
DWD-04232-0,2022,365,365
DWD-04232-0,2023,365,365
DWD-04245-0,1991,365,365
DWD-04245-0,1992,366,366
DWD-04245-0,1993,365,365
DWD-04245-0,1994,365,365
DWD-04245-0,1995,365,365
DWD-04245-0,1996,366,366
DWD-04245-0,1997,365,365
DWD-04245-0,1998,365,365
DWD-04245-0,1999,365,365
DWD-04245-0,2000,366,366
DWD-04245-0,2001,365,365
DWD-04260-0,1991,365,365
DWD-04260-0,1992,366,366
DWD-04260-0,1993,365,365
DWD-04260-0,1994,365,365
DWD-04260-0,1995,365,365
DWD-04260-0,1996,366,366
DWD-04260-0,1997,365,365
DWD-04260-0,1998,120,365
DWD-04270-0,1991,90,365
DWD-04270-1,1991,275,365
DWD-04270-1,1992,366,366
DWD-04270-1,1993,365,365
DWD-04270-1,1994,365,365
DWD-04270-1,1995,365,365
DWD-04270-1,1996,366,366
DWD-04270-1,1997,365,365
DWD-04270-1,1998,365,365
DWD-04270-1,1999,365,365
DWD-04270-1,2000,366,366
DWD-04270-1,2001,365,365
DWD-04270-1,2002,365,365
DWD-04270-1,2003,365,365
DWD-04270-1,2004,366,366
DWD-04270-1,2005,365,365
DWD-04271-2,1991,365,365
DWD-04271-2,1992,366,366
DWD-04271-2,1993,365,365
DWD-04271-2,1994,365,365
DWD-04271-2,1995,365,365
DWD-04271-2,1996,366,366
DWD-04271-2,1997,365,365
DWD-04271-2,1998,365,365
DWD-04271-2,1999,365,365
DWD-04271-2,2000,366,366
DWD-04271-2,2001,365,365
DWD-04271-2,2002,365,365
DWD-04271-2,2003,365,365
DWD-04271-2,2004,366,366
DWD-04271-2,2005,365,365
DWD-04271-2,2006,365,365
DWD-04271-2,2007,365,365
DWD-04271-2,2008,114,366
DWD-04271-3,1991,365,365
DWD-04271-3,1992,366,366
DWD-04271-3,1993,365,365
DWD-04271-3,1994,365,365
DWD-04271-3,1995,365,365
DWD-04271-3,1996,366,366
DWD-04271-3,1997,365,365
DWD-04271-3,1998,365,365
DWD-04271-3,1999,365,365
DWD-04271-3,2000,366,366
DWD-04271-3,2001,365,365
DWD-04271-3,2002,365,365
DWD-04271-3,2003,365,365
DWD-04271-3,2004,366,366
DWD-04271-3,2005,365,365
DWD-04271-3,2006,365,365
DWD-04271-3,2007,365,365
DWD-04271-3,2008,114,366
DWD-04271-4,1995,216,365
DWD-04271-4,1996,366,366
DWD-04271-4,1997,365,365
DWD-04271-4,1998,365,365
DWD-04271-4,1999,365,365
DWD-04271-4,2000,366,366
DWD-04271-4,2001,365,365
DWD-04271-4,2002,365,365
DWD-04271-4,2003,365,365
DWD-04271-4,2004,366,366
DWD-04271-4,2005,365,365
DWD-04271-4,2006,365,365
DWD-04271-4,2007,365,365
DWD-04271-4,2008,366,366
DWD-04271-4,2009,365,365
DWD-04271-4,2010,365,365
DWD-04271-4,2011,21,365
DWD-04271-5,2008,252,366
DWD-04271-5,2009,365,365
DWD-04271-5,2010,365,365
DWD-04271-5,2011,365,365
DWD-04271-5,2012,366,366
DWD-04271-5,2013,365,365
DWD-04271-5,2014,365,365
DWD-04271-5,2015,365,365
DWD-04271-5,2016,366,366
DWD-04271-5,2017,364,365
DWD-04271-5,2018,365,365
DWD-04271-5,2019,365,365
DWD-04271-5,2020,280,366
DWD-04271-6,2011,39,365
DWD-04271-7,2011,300,365
DWD-04271-7,2012,366,366
DWD-04271-7,2013,365,365
DWD-04271-7,2014,365,365
DWD-04271-7,2015,365,365
DWD-04271-7,2016,366,366
DWD-04271-7,2017,364,365
DWD-04271-7,2018,365,365
DWD-04271-7,2019,365,365
DWD-04271-7,2020,366,366
DWD-04271-7,2021,364,365
DWD-04271-7,2022,365,365
DWD-04271-7,2023,365,365
DWD-04271-7,2024,366,366
DWD-04271-7,2025,362,365
DWD-04271-8,2020,86,366
DWD-04271-8,2021,364,365
DWD-04271-8,2022,365,365
DWD-04271-8,2023,365,365
DWD-04271-8,2024,366,366
DWD-04271-8,2025,362,365
DWD-04314-0,1991,365,365
DWD-04314-0,1992,366,366
DWD-04314-0,1993,365,365
DWD-04314-0,1994,365,365
DWD-04314-0,1995,365,365
DWD-04314-0,1996,366,366
DWD-04314-0,1997,365,365
DWD-04314-0,1998,365,365
DWD-04314-0,1999,365,365
DWD-04314-0,2000,366,366
DWD-04314-0,2001,365,365
DWD-04314-0,2002,365,365
DWD-04314-0,2003,365,365
DWD-04314-0,2004,366,366
DWD-04314-0,2005,365,365
DWD-04314-0,2006,365,365
DWD-04314-0,2007,365,365
DWD-04314-0,2008,366,366
DWD-04314-0,2009,365,365
DWD-04314-0,2010,365,365
DWD-04314-0,2011,365,365
DWD-04314-0,2012,366,366
DWD-04314-0,2013,365,365
DWD-04314-0,2014,365,365
DWD-04314-0,2015,365,365
DWD-04314-0,2016,366,366
DWD-04314-0,2017,365,365
DWD-04314-0,2018,365,365
DWD-04314-0,2019,365,365
DWD-04314-0,2020,366,366
DWD-04314-0,2021,365,365
DWD-04314-0,2022,365,365
DWD-04314-0,2023,365,365
DWD-04314-0,2024,366,366
DWD-04314-0,2025,365,365
DWD-04320-0,1991,365,365
DWD-04320-0,1992,274,366
DWD-04378-0,1991,365,365
DWD-04378-0,1992,366,366
DWD-04378-0,1993,365,365
DWD-04378-0,1994,365,365
DWD-04378-0,1995,365,365
DWD-04378-0,1996,366,366
DWD-04378-0,1997,365,365
DWD-04378-0,1998,365,365
DWD-04378-0,1999,365,365
DWD-04378-0,2000,366,366
DWD-04378-0,2001,365,365
DWD-04378-0,2002,365,365
DWD-04378-0,2003,365,365
DWD-04378-0,2004,366,366
DWD-04378-0,2005,365,365
DWD-04378-0,2006,365,365
DWD-04380-0,1991,365,365
DWD-04380-0,1992,366,366
DWD-04380-0,1993,365,365
DWD-04380-0,1994,365,365
DWD-04380-0,1995,365,365
DWD-04380-0,1996,366,366
DWD-04380-0,1997,365,365
DWD-04380-0,1998,365,365
DWD-04380-0,1999,365,365
DWD-04380-0,2000,366,366
DWD-04380-0,2001,365,365
DWD-04380-0,2002,365,365
DWD-04380-0,2003,365,365
DWD-04380-0,2004,366,366
DWD-04380-0,2005,365,365
DWD-04380-0,2006,365,365
DWD-04393-1,1991,365,365
DWD-04393-1,1992,366,366
DWD-04393-1,1993,365,365
DWD-04393-1,1994,365,365
DWD-04393-1,1995,365,365
DWD-04393-1,1996,366,366
DWD-04393-1,1997,365,365
DWD-04393-1,1998,365,365
DWD-04393-1,1999,333,365
DWD-04393-2,1999,32,365
DWD-04393-2,2000,366,366
DWD-04393-2,2001,365,365
DWD-04393-2,2002,365,365
DWD-04393-2,2003,365,365
DWD-04393-2,2004,366,366
DWD-04393-2,2005,365,365
DWD-04393-2,2006,183,365
DWD-04393-3,1999,32,365
DWD-04393-3,2000,366,366
DWD-04393-3,2001,365,365
DWD-04393-3,2002,365,365
DWD-04393-3,2003,365,365
DWD-04393-3,2004,366,366
DWD-04393-3,2005,365,365
DWD-04393-3,2006,365,365
DWD-04393-3,2007,365,365
DWD-04393-3,2008,366,366
DWD-04393-3,2009,365,365
DWD-04393-3,2010,365,365
DWD-04393-3,2011,365,365
DWD-04393-3,2012,366,366
DWD-04393-3,2013,365,365
DWD-04393-3,2014,365,365
DWD-04393-3,2015,365,365
DWD-04393-3,2016,366,366
DWD-04393-3,2017,365,365
DWD-04393-3,2018,309,365
DWD-04393-4,2006,182,365
DWD-04393-4,2007,365,365
DWD-04393-4,2008,366,366
DWD-04393-4,2009,365,365
DWD-04393-4,2010,365,365
DWD-04393-4,2011,365,365
DWD-04393-4,2012,366,366
DWD-04393-4,2013,365,365
DWD-04393-4,2014,365,365
DWD-04393-4,2015,365,365
DWD-04393-4,2016,366,366
DWD-04393-4,2017,365,365
DWD-04393-4,2018,365,365
DWD-04393-4,2019,365,365
DWD-04393-4,2020,366,366
DWD-04393-4,2021,365,365
DWD-04393-4,2022,365,365
DWD-04393-4,2023,363,365
DWD-04393-4,2024,366,366
DWD-04393-4,2025,359,365
DWD-04393-5,2018,56,365
DWD-04393-5,2019,365,365
DWD-04393-5,2020,366,366
DWD-04393-5,2021,365,365
DWD-04393-5,2022,365,365
DWD-04393-5,2023,363,365
DWD-04393-5,2024,366,366
DWD-04393-5,2025,359,365
DWD-04405-0,1991,365,365
DWD-04405-0,1992,366,366
DWD-04405-0,1993,365,365
DWD-04405-0,1994,365,365
DWD-04405-0,1995,365,365
DWD-04405-0,1996,366,366
DWD-04405-0,1997,365,365
DWD-04405-0,1998,365,365
DWD-04405-0,1999,365,365
DWD-04405-0,2000,366,366
DWD-04405-0,2001,365,365
DWD-04405-0,2002,365,365
DWD-04405-0,2003,365,365
DWD-04405-0,2004,366,366
DWD-04405-0,2005,151,365
DWD-04405-1,2006,306,365
DWD-04405-1,2007,365,365
DWD-04405-1,2008,366,366
DWD-04405-1,2009,365,365
DWD-04405-1,2010,365,365
DWD-04405-1,2011,74,365
DWD-04405-2,2011,245,365
DWD-04405-2,2012,366,366
DWD-04405-2,2013,365,365
DWD-04405-2,2014,365,365
DWD-04405-2,2015,365,365
DWD-04405-2,2016,366,366
DWD-04405-2,2017,365,365
DWD-04405-2,2018,365,365
DWD-04405-2,2019,189,365
DWD-04405-3,2019,215,365
DWD-04405-3,2020,366,366
DWD-04405-3,2021,365,365
DWD-04405-3,2022,365,365
DWD-04405-3,2023,365,365
DWD-04405-3,2024,366,366
DWD-04405-3,2025,365,365
DWD-04406-0,1991,365,365
DWD-04406-0,1992,366,366
DWD-04406-0,1993,365,365
DWD-04406-0,1994,365,365
DWD-04406-0,1995,365,365
DWD-04406-0,1996,366,366
DWD-04406-0,1997,365,365
DWD-04406-0,1998,365,365
DWD-04406-0,1999,365,365
DWD-04406-0,2000,366,366
DWD-04406-0,2001,365,365
DWD-04406-0,2002,365,365
DWD-04406-0,2003,365,365
DWD-04406-0,2004,366,366
DWD-04406-0,2005,365,365
DWD-04406-0,2006,365,365
DWD-04456-0,1991,365,365
DWD-04456-0,1992,366,366
DWD-04456-0,1993,365,365
DWD-04456-0,1994,365,365
DWD-04456-0,1995,365,365
DWD-04456-0,1996,366,366
DWD-04456-0,1997,365,365
DWD-04456-0,1998,365,365
DWD-04456-0,1999,365,365
DWD-04456-0,2000,366,366
DWD-04456-0,2001,365,365
DWD-04456-0,2002,365,365
DWD-04456-0,2003,365,365
DWD-04465-0,1998,153,365
DWD-04465-0,1999,365,365
DWD-04465-0,2000,366,366
DWD-04465-0,2001,365,365
DWD-04465-0,2002,365,365
DWD-04465-0,2003,365,365
DWD-04466-1,1991,106,365
DWD-04466-2,1991,259,365
DWD-04466-2,1992,366,366
DWD-04466-2,1993,365,365
DWD-04466-2,1994,365,365
DWD-04466-2,1995,365,365
DWD-04466-2,1996,366,366
DWD-04466-2,1997,365,365
DWD-04466-2,1998,20,365
DWD-04466-3,1991,259,365
DWD-04466-3,1992,366,366
DWD-04466-3,1993,365,365
DWD-04466-3,1994,365,365
DWD-04466-3,1995,365,365
DWD-04466-3,1996,366,366
DWD-04466-3,1997,365,365
DWD-04466-3,1998,365,365
DWD-04466-3,1999,365,365
DWD-04466-3,2000,366,366
DWD-04466-3,2001,365,365
DWD-04466-3,2002,365,365
DWD-04466-3,2003,365,365
DWD-04466-3,2004,366,366
DWD-04466-3,2005,365,365
DWD-04466-3,2006,365,365
DWD-04466-3,2007,365,365
DWD-04466-3,2008,366,366
DWD-04466-3,2009,365,365
DWD-04466-3,2010,365,365
DWD-04466-3,2011,365,365
DWD-04466-3,2012,366,366
DWD-04466-3,2013,365,365
DWD-04466-3,2014,41,365
DWD-04466-4,1991,259,365
DWD-04466-4,1992,366,366
DWD-04466-4,1993,365,365
DWD-04466-4,1994,365,365
DWD-04466-4,1995,365,365
DWD-04466-4,1996,366,366
DWD-04466-4,1997,365,365
DWD-04466-4,1998,20,365
DWD-04466-5,1991,259,365
DWD-04466-5,1992,366,366
DWD-04466-5,1993,365,365
DWD-04466-5,1994,365,365
DWD-04466-5,1995,365,365
DWD-04466-5,1996,366,366
DWD-04466-5,1997,365,365
DWD-04466-5,1998,365,365
DWD-04466-5,1999,365,365
DWD-04466-5,2000,366,366
DWD-04466-5,2001,365,365
DWD-04466-5,2002,365,365
DWD-04466-5,2003,365,365
DWD-04466-5,2004,366,366
DWD-04466-5,2005,365,365
DWD-04466-5,2006,365,365
DWD-04466-5,2007,365,365
DWD-04466-5,2008,366,366
DWD-04466-5,2009,365,365
DWD-04466-5,2010,365,365
DWD-04466-5,2011,365,365
DWD-04466-5,2012,366,366
DWD-04466-5,2013,365,365
DWD-04466-5,2014,41,365
DWD-04466-6,1998,345,365
DWD-04466-6,1999,365,365
DWD-04466-6,2000,366,366
DWD-04466-6,2001,365,365
DWD-04466-6,2002,260,365
DWD-04466-7,2002,105,365
DWD-04466-7,2003,365,365
DWD-04466-7,2004,366,366
DWD-04466-7,2005,365,365
DWD-04466-7,2006,365,365
DWD-04466-7,2007,365,365
DWD-04466-7,2008,366,366
DWD-04466-7,2009,365,365
DWD-04466-7,2010,365,365
DWD-04466-7,2011,365,365
DWD-04466-7,2012,366,366
DWD-04466-7,2013,365,365
DWD-04466-7,2014,365,365
DWD-04466-7,2015,365,365
DWD-04466-7,2016,366,366
DWD-04466-7,2017,346,365
DWD-04466-8,2014,324,365
DWD-04466-8,2015,365,365
DWD-04466-8,2016,366,366
DWD-04466-8,2017,365,365
DWD-04466-8,2018,365,365
DWD-04466-8,2019,365,365
DWD-04466-8,2020,366,366
DWD-04466-8,2021,365,365
DWD-04466-8,2022,365,365
DWD-04466-8,2023,365,365
DWD-04466-8,2024,366,366
DWD-04466-8,2025,365,365
DWD-04466-9,2017,33,365
DWD-04466-9,2018,365,365
DWD-04466-9,2019,365,365
DWD-04466-9,2020,366,366
DWD-04466-9,2021,365,365
DWD-04466-9,2022,365,365
DWD-04466-9,2023,365,365
DWD-04466-9,2024,366,366
DWD-04466-9,2025,365,365
DWD-04525-0,1991,365,365
DWD-04525-0,1992,366,366
DWD-04525-0,1993,365,365
DWD-04525-0,1994,365,365
DWD-04525-0,1995,365,365
DWD-04525-0,1996,366,366
DWD-04525-0,1997,365,365
DWD-04525-0,1998,365,365
DWD-04525-0,1999,365,365
DWD-04525-0,2000,366,366
DWD-04526-0,1991,365,365
DWD-04526-0,1992,366,366
DWD-04526-0,1993,365,365
DWD-04526-0,1994,365,365
DWD-04526-0,1995,365,365
DWD-04526-0,1996,366,366
DWD-04526-0,1997,365,365
DWD-04526-0,1998,365,365
DWD-04526-0,1999,365,365
DWD-04526-0,2000,366,366
DWD-04526-0,2001,365,365
DWD-04526-0,2002,365,365
DWD-04526-0,2003,365,365
DWD-04526-0,2004,366,366
DWD-04526-0,2005,365,365
DWD-04526-0,2006,365,365
DWD-04575-0,1991,365,365
DWD-04575-0,1992,366,366
DWD-04575-0,1993,365,365
DWD-04575-0,1994,365,365
DWD-04575-0,1995,365,365
DWD-04575-0,1996,366,366
DWD-04575-0,1997,365,365
DWD-04575-0,1998,365,365
DWD-04575-0,1999,365,365
DWD-04575-0,2000,366,366
DWD-04575-0,2001,365,365
DWD-04575-0,2002,365,365
DWD-04575-0,2003,365,365
DWD-04575-0,2004,366,366
DWD-04575-0,2005,365,365
DWD-04575-0,2006,365,365
DWD-04575-0,2007,365,365
DWD-04575-0,2008,366,366
DWD-04575-0,2009,365,365
DWD-04575-0,2010,365,365
DWD-04575-0,2011,365,365
DWD-04575-0,2012,366,366
DWD-04575-0,2013,365,365
DWD-04575-0,2014,365,365
DWD-04575-0,2015,365,365
DWD-04575-0,2016,366,366
DWD-04575-0,2017,365,365
DWD-04575-0,2018,365,365
DWD-04575-0,2019,365,365
DWD-04575-0,2020,366,366
DWD-04575-0,2021,365,365
DWD-04575-0,2022,365,365
DWD-04575-1,2023,171,365
DWD-04575-1,2024,356,366
DWD-04575-1,2025,365,365
DWD-04602-0,1991,365,365
DWD-04602-0,1992,366,366
DWD-04602-0,1993,365,365
DWD-04602-0,1994,365,365
DWD-04602-0,1995,365,365
DWD-04602-0,1996,366,366
DWD-04602-0,1997,365,365
DWD-04602-0,1998,365,365
DWD-04602-0,1999,365,365
DWD-04602-0,2000,366,366
DWD-04602-0,2001,365,365
DWD-04602-0,2002,365,365
DWD-04602-0,2003,365,365
DWD-04602-0,2004,366,366
DWD-04602-0,2005,365,365
DWD-04602-0,2006,365,365
DWD-04602-0,2007,365,365
DWD-04602-0,2008,335,366
DWD-04602-1,2008,31,366
DWD-04602-1,2009,365,365
DWD-04602-1,2010,365,365
DWD-04602-1,2011,365,365
DWD-04602-1,2012,366,366
DWD-04602-1,2013,365,365
DWD-04602-1,2014,365,365
DWD-04602-1,2015,365,365
DWD-04602-1,2016,366,366
DWD-04602-1,2017,365,365
DWD-04602-1,2018,302,365
DWD-04602-2,2018,63,365
DWD-04602-2,2019,365,365
DWD-04602-2,2020,366,366
DWD-04602-2,2021,365,365
DWD-04602-2,2022,365,365
DWD-04602-2,2023,365,365
DWD-04602-2,2024,366,366
DWD-04602-2,2025,365,365
DWD-04611-0,1991,365,365
DWD-04611-0,1992,366,366
DWD-04611-0,1993,365,365
DWD-04611-0,1994,365,365
DWD-04611-0,1995,365,365
DWD-04611-0,1996,366,366
DWD-04611-0,1997,365,365
DWD-04611-0,1998,365,365
DWD-04611-0,1999,365,365
DWD-04611-0,2000,366,366
DWD-04611-0,2001,365,365
DWD-04611-0,2002,365,365
DWD-04611-0,2003,365,365
DWD-04611-0,2004,366,366
DWD-04611-0,2005,365,365
DWD-04611-0,2006,365,365
DWD-04611-0,2007,365,365
DWD-04611-0,2008,244,366
DWD-04625-10,2013,322,365
DWD-04625-10,2014,365,365
DWD-04625-10,2015,365,365
DWD-04625-10,2016,366,366
DWD-04625-10,2017,364,365
DWD-04625-10,2018,365,365
DWD-04625-10,2019,365,365
DWD-04625-10,2020,366,366
DWD-04625-10,2021,365,365
DWD-04625-10,2022,365,365
DWD-04625-10,2023,365,365
DWD-04625-10,2024,366,366
DWD-04625-10,2025,365,365
DWD-04625-11,2013,322,365
DWD-04625-11,2014,365,365
DWD-04625-11,2015,365,365
DWD-04625-11,2016,366,366
DWD-04625-11,2017,364,365
DWD-04625-11,2018,365,365
DWD-04625-11,2019,135,365
DWD-04625-12,2019,230,365
DWD-04625-12,2020,366,366
DWD-04625-12,2021,365,365
DWD-04625-12,2022,365,365
DWD-04625-12,2023,365,365
DWD-04625-12,2024,366,366
DWD-04625-12,2025,365,365
DWD-04625-4,1991,365,365
DWD-04625-4,1992,366,366
DWD-04625-4,1993,365,365
DWD-04625-4,1994,365,365
DWD-04625-4,1995,365,365
DWD-04625-4,1996,366,366
DWD-04625-4,1997,365,365
DWD-04625-4,1998,365,365
DWD-04625-4,1999,365,365
DWD-04625-4,2000,366,366
DWD-04625-4,2001,365,365
DWD-04625-4,2002,365,365
DWD-04625-4,2003,365,365
DWD-04625-4,2004,366,366
DWD-04625-4,2005,365,365
DWD-04625-4,2006,365,365
DWD-04625-4,2007,365,365
DWD-04625-4,2008,273,366
DWD-04625-5,1991,365,365
DWD-04625-5,1992,366,366
DWD-04625-5,1993,365,365
DWD-04625-5,1994,365,365
DWD-04625-5,1995,365,365
DWD-04625-5,1996,366,366
DWD-04625-5,1997,365,365
DWD-04625-5,1998,365,365
DWD-04625-5,1999,365,365
DWD-04625-5,2000,366,366
DWD-04625-5,2001,365,365
DWD-04625-5,2002,365,365
DWD-04625-5,2003,365,365
DWD-04625-5,2004,366,366
DWD-04625-5,2005,365,365
DWD-04625-5,2006,365,365
DWD-04625-5,2007,365,365
DWD-04625-5,2008,273,366
DWD-04625-6,1995,237,365
DWD-04625-6,1996,366,366
DWD-04625-6,1997,365,365
DWD-04625-6,1998,365,365
DWD-04625-6,1999,365,365
DWD-04625-6,2000,366,366
DWD-04625-6,2001,365,365
DWD-04625-6,2002,365,365
DWD-04625-6,2003,365,365
DWD-04625-6,2004,366,366
DWD-04625-6,2005,365,365
DWD-04625-6,2006,365,365
DWD-04625-6,2007,365,365
DWD-04625-6,2008,366,366
DWD-04625-6,2009,26,365
DWD-04625-7,2008,93,366
DWD-04625-7,2009,365,365
DWD-04625-7,2010,365,365
DWD-04625-7,2011,365,365
DWD-04625-7,2012,29,366
DWD-04625-8,2009,339,365
DWD-04625-8,2010,365,365
DWD-04625-8,2011,365,365
DWD-04625-8,2012,366,366
DWD-04625-8,2013,43,365
DWD-04625-9,2012,335,366
DWD-04625-9,2013,43,365
DWD-04626-0,1991,365,365
DWD-04626-0,1992,366,366
DWD-04626-0,1993,365,365
DWD-04626-0,1994,365,365
DWD-04626-0,1995,365,365
DWD-04626-0,1996,366,366
DWD-04626-0,1997,365,365
DWD-04626-0,1998,365,365
DWD-04626-0,1999,365,365
DWD-04626-0,2000,366,366
DWD-04626-0,2001,365,365
DWD-04626-0,2002,365,365
DWD-04626-0,2003,365,365
DWD-04626-0,2004,366,366
DWD-04626-0,2005,365,365
DWD-04626-0,2006,365,365
DWD-04626-0,2007,365,365
DWD-04626-0,2008,366,366
DWD-04626-0,2009,365,365
DWD-04626-0,2010,365,365
DWD-04626-0,2011,365,365
DWD-04626-0,2012,366,366
DWD-04626-0,2013,365,365
DWD-04626-0,2014,365,365
DWD-04626-0,2015,365,365
DWD-04626-0,2016,366,366
DWD-04626-0,2017,365,365
DWD-04626-0,2018,365,365
DWD-04626-0,2019,365,365
DWD-04626-0,2020,366,366
DWD-04626-0,2021,31,365
DWD-04627-0,1991,275,365
DWD-04627-0,1992,366,366
DWD-04627-0,1993,365,365
DWD-04627-0,1994,365,365
DWD-04627-0,1995,365,365
DWD-04627-0,1996,366,366
DWD-04627-0,1997,243,365
DWD-04629-0,1991,365,365
DWD-04629-0,1992,366,366
DWD-04629-0,1993,365,365
DWD-04629-0,1994,365,365
DWD-04629-0,1995,304,365
DWD-04629-1,1995,61,365
DWD-04629-1,1996,366,366
DWD-04629-1,1997,365,365
DWD-04629-1,1998,365,365
DWD-04629-1,1999,334,365
DWD-04632-0,1991,365,365
DWD-04632-0,1992,366,366
DWD-04632-0,1993,365,365
DWD-04632-0,1994,365,365
DWD-04632-0,1995,365,365
DWD-04632-0,1996,366,366
DWD-04632-0,1997,365,365
DWD-04632-0,1998,365,365
DWD-04632-0,1999,365,365
DWD-04632-0,2000,366,366
DWD-04632-0,2001,365,365
DWD-04632-0,2002,365,365
DWD-04632-0,2003,365,365
DWD-04632-0,2004,366,366
DWD-04632-0,2005,365,365
DWD-04632-0,2006,365,365
DWD-04632-0,2007,365,365
DWD-04632-0,2008,366,366
DWD-04632-0,2009,365,365
DWD-04632-0,2010,365,365
DWD-04632-0,2011,304,365
DWD-04632-0,2012,275,366
DWD-04632-0,2013,365,365
DWD-04632-0,2014,365,365
DWD-04632-0,2015,365,365
DWD-04632-0,2016,366,366
DWD-04632-0,2017,365,365
DWD-04632-0,2018,365,365
DWD-04632-0,2019,365,365
DWD-04632-0,2020,366,366
DWD-04632-0,2021,365,365
DWD-04632-0,2022,365,365
DWD-04632-0,2023,357,365
DWD-04632-0,2024,366,366
DWD-04632-0,2025,365,365
DWD-04639-0,1991,365,365
DWD-04639-0,1992,366,366
DWD-04639-0,1993,365,365
DWD-04639-0,1994,181,365
DWD-04639-1,1994,153,365
DWD-04639-1,1995,365,365
DWD-04639-1,1996,366,366
DWD-04639-1,1997,365,365
DWD-04639-1,1998,365,365
DWD-04639-1,1999,365,365
DWD-04639-1,2000,366,366
DWD-04639-1,2001,365,365
DWD-04639-1,2002,365,365
DWD-04639-1,2003,365,365
DWD-04639-1,2004,366,366
DWD-04639-1,2005,365,365
DWD-04639-1,2006,365,365
DWD-04639-1,2007,365,365
DWD-04639-1,2008,366,366
DWD-04639-1,2009,275,365
DWD-04639-1,2010,365,365
DWD-04639-1,2011,365,365
DWD-04639-1,2012,366,366
DWD-04639-1,2013,365,365
DWD-04639-1,2014,365,365
DWD-04639-1,2015,365,365
DWD-04639-1,2016,366,366
DWD-04639-1,2017,365,365
DWD-04639-1,2018,365,365
DWD-04639-1,2019,343,365
DWD-04639-1,2020,366,366
DWD-04639-1,2021,365,365
DWD-04639-1,2022,365,365
DWD-04639-1,2023,365,365
DWD-04639-1,2024,366,366
DWD-04639-1,2025,365,365
DWD-04666-0,2005,214,365
DWD-04666-0,2006,365,365
DWD-04666-0,2007,365,365
DWD-04666-0,2008,366,366
DWD-04666-0,2009,365,365
DWD-04666-0,2010,365,365
DWD-04666-0,2011,365,365
DWD-04666-0,2012,366,366
DWD-04666-0,2013,365,365
DWD-04666-0,2014,365,365
DWD-04666-0,2015,365,365
DWD-04666-0,2016,366,366
DWD-04666-0,2017,365,365
DWD-04666-0,2018,365,365
DWD-04666-0,2019,280,365
DWD-04666-1,2019,99,365
DWD-04666-1,2020,366,366
DWD-04666-1,2021,365,365
DWD-04666-1,2022,365,365
DWD-04666-1,2023,365,365
DWD-04666-1,2024,366,366
DWD-04666-1,2025,365,365
DWD-04669-0,1994,122,365
DWD-04669-0,1995,365,365
DWD-04669-0,1996,366,366
DWD-04669-0,1997,365,365
DWD-04669-0,1998,365,365
DWD-04669-0,1999,365,365
DWD-04669-0,2000,366,366
DWD-04669-0,2001,365,365
DWD-04669-0,2002,365,365
DWD-04669-0,2003,365,365
DWD-04669-0,2004,366,366
DWD-04669-0,2005,90,365
DWD-04670-1,1991,365,365
DWD-04670-1,1992,366,366
DWD-04670-1,1993,365,365
DWD-04670-1,1994,365,365
DWD-04670-1,1995,365,365
DWD-04670-1,1996,366,366
DWD-04670-1,1997,365,365
DWD-04670-1,1998,365,365
DWD-04670-1,1999,365,365
DWD-04670-1,2000,366,366
DWD-04670-1,2001,365,365
DWD-04670-1,2002,365,365
DWD-04670-1,2003,365,365
DWD-04670-1,2004,366,366
DWD-04670-1,2005,365,365
DWD-04670-1,2006,365,365
DWD-04670-1,2007,365,365
DWD-04670-1,2008,366,366
DWD-04670-1,2009,31,365
DWD-04699-0,1994,214,365
DWD-04699-0,1995,365,365
DWD-04699-0,1996,366,366
DWD-04699-0,1997,365,365
DWD-04699-0,1998,365,365
DWD-04699-0,1999,365,365
DWD-04699-0,2000,366,366
DWD-04699-0,2001,365,365
DWD-04699-0,2002,365,365
DWD-04699-0,2003,365,365
DWD-04699-0,2004,366,366
DWD-04699-0,2005,365,365
DWD-04701-0,1991,365,365
DWD-04701-0,1992,366,366
DWD-04701-0,1993,365,365
DWD-04701-0,1994,365,365
DWD-04701-0,1995,365,365
DWD-04701-0,1996,366,366
DWD-04701-0,1997,365,365
DWD-04701-0,1998,365,365
DWD-04701-0,1999,365,365
DWD-04701-0,2000,366,366
DWD-04701-0,2001,365,365
DWD-04701-0,2002,365,365
DWD-04701-0,2003,365,365
DWD-04732-0,1991,365,365
DWD-04732-0,1992,366,366
DWD-04732-0,1993,365,365
DWD-04732-0,1994,365,365
DWD-04732-0,1995,365,365
DWD-04732-0,1996,366,366
DWD-04732-0,1997,365,365
DWD-04732-0,1998,365,365
DWD-04732-0,1999,365,365
DWD-04732-0,2000,366,366
DWD-04732-0,2001,365,365
DWD-04732-0,2002,365,365
DWD-04732-0,2003,365,365
DWD-04732-0,2004,366,366
DWD-04732-0,2005,365,365
DWD-04732-0,2006,365,365
DWD-04732-0,2007,365,365
DWD-04732-0,2008,366,366
DWD-04732-0,2009,365,365
DWD-04732-0,2010,365,365
DWD-04732-0,2011,365,365
DWD-04732-0,2012,366,366
DWD-04732-0,2013,365,365
DWD-04732-0,2014,365,365
DWD-04732-0,2015,365,365
DWD-04732-0,2016,366,366
DWD-04732-0,2017,365,365
DWD-04732-0,2018,365,365
DWD-04732-0,2019,365,365
DWD-04732-0,2020,366,366
DWD-04732-0,2021,365,365
DWD-04732-0,2022,365,365
DWD-04732-0,2023,365,365
DWD-04732-0,2024,366,366
DWD-04732-0,2025,365,365
DWD-04800-1,1991,365,365
DWD-04800-1,1992,366,366
DWD-04800-1,1993,365,365
DWD-04800-1,1994,365,365
DWD-04800-1,1995,365,365
DWD-04800-1,1996,366,366
DWD-04800-1,1997,365,365
DWD-04800-1,1998,365,365
DWD-04800-1,1999,365,365
DWD-04800-1,2000,366,366
DWD-04800-1,2001,365,365
DWD-04800-1,2002,365,365
DWD-04800-1,2003,181,365
DWD-04800-2,2013,245,365
DWD-04800-2,2014,365,365
DWD-04800-2,2015,365,365
DWD-04800-2,2016,366,366
DWD-04800-2,2017,365,365
DWD-04800-2,2018,365,365
DWD-04800-2,2019,365,365
DWD-04800-2,2020,366,366
DWD-04800-2,2021,365,365
DWD-04800-2,2022,365,365
DWD-04800-2,2023,365,365
DWD-04800-2,2024,366,366
DWD-04800-2,2025,365,365
DWD-04802-0,1991,365,365
DWD-04802-0,1992,366,366
DWD-04802-0,1993,365,365
DWD-04802-0,1994,365,365
DWD-04802-0,1995,365,365
DWD-04802-0,1996,366,366
DWD-04802-0,1997,365,365
DWD-04802-0,1998,365,365
DWD-04802-0,1999,365,365
DWD-04802-0,2000,366,366
DWD-04802-0,2001,365,365
DWD-04802-0,2002,365,365
DWD-04802-0,2003,365,365
DWD-04802-0,2004,366,366
DWD-04802-0,2005,365,365
DWD-04802-0,2006,365,365
DWD-04803-2,1991,365,365
DWD-04803-2,1992,366,366
DWD-04803-2,1993,365,365
DWD-04803-2,1994,365,365
DWD-04803-2,1995,365,365
DWD-04803-2,1996,366,366
DWD-04803-2,1997,365,365
DWD-04803-2,1998,365,365
DWD-04803-2,1999,365,365
DWD-04803-2,2000,366,366
DWD-04803-2,2001,365,365
DWD-04803-2,2002,90,365
DWD-04803-3,2009,122,365
DWD-04803-3,2010,365,365
DWD-04803-3,2011,365,365
DWD-04803-3,2012,366,366
DWD-04803-3,2013,365,365
DWD-04803-3,2014,365,365
DWD-04803-3,2015,365,365
DWD-04803-3,2016,366,366
DWD-04803-3,2017,365,365
DWD-04803-3,2018,365,365
DWD-04803-3,2019,100,365
DWD-04803-4,2019,174,365
DWD-04803-4,2020,360,366
DWD-04803-4,2021,365,365
DWD-04803-4,2022,365,365
DWD-04803-4,2023,365,365
DWD-04803-4,2024,366,366
DWD-04803-4,2025,365,365
DWD-04830-0,1991,365,365
DWD-04830-0,1992,366,366
DWD-04830-0,1993,365,365
DWD-04830-0,1994,365,365
DWD-04830-0,1995,365,365
DWD-04830-0,1996,366,366
DWD-04830-0,1997,365,365
DWD-04830-0,1998,365,365
DWD-04830-0,1999,365,365
DWD-04830-0,2000,366,366
DWD-04830-0,2001,365,365
DWD-04830-0,2002,365,365
DWD-04830-0,2003,365,365
DWD-04830-0,2004,366,366
DWD-04830-0,2005,365,365
DWD-04830-0,2006,365,365
DWD-04830-0,2007,365,365
DWD-04830-0,2008,366,366
DWD-04830-0,2009,365,365
DWD-04830-0,2010,365,365
DWD-04833-0,1991,365,365
DWD-04833-0,1992,366,366
DWD-04833-0,1993,365,365
DWD-04833-0,1994,365,365
DWD-04833-0,1995,365,365
DWD-04833-0,1996,366,366
DWD-04833-0,1997,365,365
DWD-04833-0,1998,365,365
DWD-04833-0,1999,365,365
DWD-04833-0,2000,366,366
DWD-04833-0,2001,90,365
DWD-04841-4,1991,365,365
DWD-04841-4,1992,366,366
DWD-04841-4,1993,365,365
DWD-04841-4,1994,365,365
DWD-04841-4,1995,365,365
DWD-04841-4,1996,366,366
DWD-04841-4,1997,365,365
DWD-04841-4,1998,365,365
DWD-04841-4,1999,365,365
DWD-04841-4,2000,366,366
DWD-04841-4,2001,365,365
DWD-04841-4,2002,365,365
DWD-04841-4,2003,365,365
DWD-04841-4,2004,182,366
DWD-04841-5,2004,184,366
DWD-04841-5,2005,365,365
DWD-04841-5,2006,365,365
DWD-04841-5,2007,365,365
DWD-04841-5,2008,366,366
DWD-04841-5,2009,365,365
DWD-04841-5,2010,365,365
DWD-04841-5,2011,365,365
DWD-04841-5,2012,366,366
DWD-04841-5,2013,365,365
DWD-04841-5,2014,365,365
DWD-04841-5,2015,365,365
DWD-04841-5,2016,366,366
DWD-04841-5,2017,365,365
DWD-04841-5,2018,365,365
DWD-04841-5,2019,365,365
DWD-04841-5,2020,97,366
DWD-04841-6,2020,269,366
DWD-04841-6,2021,365,365
DWD-04841-6,2022,360,365
DWD-04841-6,2023,365,365
DWD-04841-6,2024,366,366
DWD-04841-6,2025,364,365
DWD-04851-0,1999,365,365
DWD-04851-0,2000,366,366
DWD-04851-0,2001,120,365
DWD-04856-0,1991,365,365
DWD-04856-0,1992,366,366
DWD-04856-0,1993,365,365
DWD-04856-0,1994,365,365
DWD-04856-0,1995,365,365
DWD-04856-0,1996,366,366
DWD-04856-0,1997,365,365
DWD-04856-0,1998,365,365
DWD-04856-0,1999,365,365
DWD-04856-0,2000,366,366
DWD-04856-0,2001,365,365
DWD-04856-0,2002,365,365
DWD-04856-0,2003,365,365
DWD-04856-0,2004,365,366
DWD-04856-0,2005,365,365
DWD-04856-0,2006,365,365
DWD-04856-0,2007,365,365
DWD-04857-0,1991,365,365
DWD-04857-0,1992,366,366
DWD-04857-0,1993,365,365
DWD-04857-0,1994,365,365
DWD-04857-0,1995,365,365
DWD-04857-0,1996,366,366
DWD-04857-0,1997,365,365
DWD-04857-0,1998,365,365
DWD-04857-0,1999,365,365
DWD-04857-0,2000,366,366
DWD-04857-0,2001,365,365
DWD-04857-0,2002,365,365
DWD-04857-0,2003,365,365
DWD-04857-0,2004,213,366
DWD-04857-1,2004,122,366
DWD-04857-1,2005,365,365
DWD-04857-1,2006,365,365
DWD-04857-1,2007,365,365
DWD-04857-1,2008,366,366
DWD-04857-1,2009,365,365
DWD-04857-1,2010,365,365
DWD-04857-1,2011,365,365
DWD-04857-1,2012,366,366
DWD-04857-1,2013,365,365
DWD-04857-1,2014,365,365
DWD-04857-1,2015,365,365
DWD-04857-1,2016,366,366
DWD-04857-1,2017,365,365
DWD-04857-1,2018,2,365
DWD-04857-2,2018,61,365
DWD-04857-2,2019,365,365
DWD-04857-2,2020,366,366
DWD-04857-2,2021,357,365
DWD-04857-2,2022,365,365
DWD-04857-2,2023,365,365
DWD-04857-2,2024,366,366
DWD-04857-2,2025,365,365
DWD-04871-0,1991,365,365
DWD-04871-0,1992,366,366
DWD-04871-0,1993,365,365
DWD-04871-0,1994,365,365
DWD-04871-0,1995,365,365
DWD-04871-0,1996,366,366
DWD-04871-0,1997,365,365
DWD-04871-0,1998,365,365
DWD-04871-0,1999,365,365
DWD-04871-0,2000,366,366
DWD-04871-0,2001,365,365
DWD-04871-0,2002,365,365
DWD-04871-0,2003,365,365
DWD-04871-0,2004,366,366
DWD-04871-0,2005,151,365
DWD-04873-0,1991,365,365
DWD-04873-0,1992,366,366
DWD-04873-0,1993,365,365
DWD-04873-0,1994,365,365
DWD-04873-0,1995,365,365
DWD-04873-0,1996,366,366
DWD-04873-0,1997,365,365
DWD-04873-0,1998,365,365
DWD-04873-0,1999,59,365
DWD-04891-0,1991,365,365
DWD-04891-0,1992,366,366
DWD-04891-0,1993,365,365
DWD-04891-0,1994,365,365
DWD-04891-0,1995,365,365
DWD-04891-0,1996,366,366
DWD-04891-0,1997,365,365
DWD-04891-0,1998,365,365
DWD-04891-0,1999,365,365
DWD-04891-0,2000,366,366
DWD-04891-0,2001,365,365
DWD-04891-0,2002,365,365
DWD-04891-0,2003,365,365
DWD-04891-0,2004,366,366
DWD-04891-0,2005,365,365
DWD-04891-0,2006,365,365
DWD-04891-0,2007,365,365
DWD-04891-0,2008,366,366
DWD-04891-0,2009,365,365
DWD-04893-0,1991,365,365
DWD-04893-0,1992,366,366
DWD-04893-0,1993,365,365
DWD-04893-0,1994,365,365
DWD-04893-0,1995,365,365
DWD-04893-0,1996,366,366
DWD-04893-0,1997,365,365
DWD-04893-0,1998,365,365
DWD-04893-0,1999,365,365
DWD-04893-0,2000,366,366
DWD-04893-0,2001,365,365
DWD-04893-0,2002,365,365
DWD-04893-0,2003,365,365
DWD-04893-0,2004,366,366
DWD-04893-0,2005,365,365
DWD-04893-0,2006,365,365
DWD-04893-0,2007,365,365
DWD-04893-0,2008,366,366
DWD-04893-0,2009,365,365
DWD-04893-0,2010,365,365
DWD-04893-0,2011,365,365
DWD-04893-0,2012,366,366
DWD-04893-0,2013,365,365
DWD-04893-0,2014,365,365
DWD-04893-0,2015,105,365
DWD-04896-1,1991,365,365
DWD-04896-1,1992,366,366
DWD-04896-1,1993,365,365
DWD-04896-1,1994,365,365
DWD-04896-1,1995,365,365
DWD-04896-1,1996,366,366
DWD-04896-1,1997,59,365
DWD-04896-2,1999,365,365
DWD-04896-2,2000,366,366
DWD-04896-2,2001,365,365
DWD-04896-2,2002,365,365
DWD-04896-2,2003,365,365
DWD-04896-2,2004,366,366
DWD-04896-2,2005,181,365
DWD-04896-3,2005,184,365
DWD-04896-3,2006,365,365
DWD-04896-3,2007,365,365
DWD-04896-3,2008,366,366
DWD-04896-3,2009,365,365
DWD-04896-3,2010,365,365
DWD-04896-3,2011,365,365
DWD-04896-3,2012,366,366
DWD-04896-3,2013,365,365
DWD-04896-3,2014,365,365
DWD-04896-3,2015,365,365
DWD-04896-3,2016,366,366
DWD-04896-3,2017,365,365
DWD-04896-3,2018,365,365
DWD-04896-3,2019,311,365
DWD-04896-4,2019,98,365
DWD-04896-4,2020,366,366
DWD-04896-4,2021,365,365
DWD-04896-4,2022,334,365
DWD-04903-0,1997,184,365
DWD-04903-0,1998,365,365
DWD-04903-0,1999,365,365
DWD-04903-0,2000,366,366
DWD-04903-0,2001,365,365
DWD-04903-0,2002,365,365
DWD-04903-0,2003,365,365
DWD-04903-0,2004,366,366
DWD-04903-0,2005,365,365
DWD-04903-0,2006,365,365
DWD-04920-0,1991,365,365
DWD-04920-0,1992,366,366
DWD-04920-0,1993,365,365
DWD-04920-0,1994,365,365
DWD-04920-0,1995,274,365
DWD-04920-0,1996,366,366
DWD-04920-0,1997,365,365
DWD-04920-0,1998,365,365
DWD-04920-0,1999,365,365
DWD-04920-0,2000,366,366
DWD-04920-0,2001,365,365
DWD-04920-0,2002,365,365
DWD-04920-0,2003,365,365
DWD-04920-0,2004,366,366
DWD-04920-0,2005,365,365
DWD-04920-0,2006,365,365
DWD-04920-0,2007,365,365
DWD-04920-0,2008,366,366
DWD-04920-0,2009,243,365
DWD-04920-1,2009,14,365
DWD-04920-2,2009,122,365
DWD-04920-2,2010,365,365
DWD-04920-2,2011,365,365
DWD-04920-2,2012,366,366
DWD-04920-2,2013,365,365
DWD-04920-2,2014,365,365
DWD-04920-2,2015,356,365
DWD-04920-2,2016,366,366
DWD-04920-2,2017,365,365
DWD-04920-2,2018,365,365
DWD-04920-2,2019,183,365
DWD-04920-3,2019,223,365
DWD-04920-3,2020,366,366
DWD-04920-3,2021,365,365
DWD-04920-3,2022,365,365
DWD-04920-3,2023,365,365
DWD-04920-3,2024,366,366
DWD-04920-3,2025,365,365
DWD-04941-2,1991,365,365
DWD-04941-2,1992,366,366
DWD-04941-2,1993,365,365
DWD-04941-2,1994,365,365
DWD-04941-2,1995,365,365
DWD-04941-2,1996,366,366
DWD-04941-2,1997,365,365
DWD-04941-2,1998,365,365
DWD-04941-2,1999,365,365
DWD-04941-2,2000,366,366
DWD-04941-2,2001,365,365
DWD-04941-2,2002,365,365
DWD-04941-2,2003,365,365
DWD-04941-2,2004,366,366
DWD-04941-2,2005,365,365
DWD-04941-2,2006,365,365
DWD-04941-3,2011,306,365
DWD-04941-3,2012,366,366
DWD-04941-3,2013,365,365
DWD-04941-3,2014,365,365
DWD-04941-3,2015,365,365
DWD-04941-3,2016,366,366
DWD-04941-3,2017,365,365
DWD-04941-3,2018,365,365
DWD-04941-3,2019,365,365
DWD-04941-3,2020,366,366
DWD-04941-3,2021,365,365
DWD-04941-3,2022,365,365
DWD-04941-3,2023,365,365
DWD-04941-3,2024,366,366
DWD-04941-3,2025,365,365
DWD-04942-0,1995,276,365
DWD-04942-0,1996,366,366
DWD-04942-0,1997,365,365
DWD-04942-0,1998,365,365
DWD-04942-0,1999,365,365
DWD-04942-0,2000,366,366
DWD-04942-0,2001,365,365
DWD-04942-0,2002,243,365
DWD-04944-0,1993,61,365
DWD-04944-0,1994,365,365
DWD-04944-0,1995,365,365
DWD-04944-0,1996,366,366
DWD-04944-0,1997,365,365
DWD-04944-0,1998,365,365
DWD-04944-0,1999,365,365
DWD-04944-0,2000,366,366
DWD-04944-0,2001,365,365
DWD-04944-0,2002,365,365
DWD-04944-0,2003,365,365
DWD-04944-0,2004,366,366
DWD-04944-0,2005,365,365
DWD-05004-0,1991,365,365
DWD-05004-0,1992,366,366
DWD-05004-0,1993,365,365
DWD-05004-0,1994,365,365
DWD-05004-0,1995,365,365
DWD-05004-0,1996,366,366
DWD-05004-0,1997,365,365
DWD-05004-0,1998,365,365
DWD-05004-0,1999,365,365
DWD-05004-0,2000,366,366
DWD-05004-0,2001,365,365
DWD-05004-0,2002,365,365
DWD-05004-0,2003,181,365
DWD-05008-0,1991,365,365
DWD-05008-0,1992,366,366
DWD-05008-0,1993,365,365
DWD-05008-0,1994,365,365
DWD-05008-0,1995,365,365
DWD-05008-0,1996,366,366
DWD-05008-0,1997,365,365
DWD-05008-0,1998,365,365
DWD-05008-0,1999,365,365
DWD-05008-0,2000,366,366
DWD-05008-0,2001,365,365
DWD-05008-0,2002,365,365
DWD-05008-0,2003,365,365
DWD-05008-0,2004,366,366
DWD-05008-0,2005,365,365
DWD-05009-1,1991,70,365
DWD-05009-10,2000,204,366
DWD-05009-10,2001,344,365
DWD-05009-10,2002,355,365
DWD-05009-10,2003,358,365
DWD-05009-10,2004,178,366
DWD-05009-11,2000,27,366
DWD-05009-11,2001,344,365
DWD-05009-11,2002,355,365
DWD-05009-11,2003,358,365
DWD-05009-11,2004,178,366
DWD-05009-12,2004,184,366
DWD-05009-12,2005,365,365
DWD-05009-12,2006,365,365
DWD-05009-12,2007,365,365
DWD-05009-12,2008,366,366
DWD-05009-12,2009,365,365
DWD-05009-12,2010,365,365
DWD-05009-12,2011,365,365
DWD-05009-12,2012,366,366
DWD-05009-12,2013,365,365
DWD-05009-12,2014,365,365
DWD-05009-12,2015,365,365
DWD-05009-12,2016,366,366
DWD-05009-12,2017,365,365
DWD-05009-12,2018,365,365
DWD-05009-12,2019,157,365
DWD-05009-13,2019,202,365
DWD-05009-13,2020,366,366
DWD-05009-13,2021,365,365
DWD-05009-13,2022,365,365
DWD-05009-13,2023,365,365
DWD-05009-13,2024,366,366
DWD-05009-13,2025,365,365
DWD-05009-2,1991,295,365
DWD-05009-2,1992,366,366
DWD-05009-2,1993,365,365
DWD-05009-2,1994,365,365
DWD-05009-2,1995,365,365
DWD-05009-2,1996,366,366
DWD-05009-2,1997,151,365
DWD-05009-3,1991,295,365
DWD-05009-3,1992,366,366
DWD-05009-3,1993,365,365
DWD-05009-3,1994,365,365
DWD-05009-3,1995,365,365
DWD-05009-3,1996,366,366
DWD-05009-3,1997,151,365
DWD-05009-4,1995,158,365
DWD-05009-4,1996,366,366
DWD-05009-4,1997,209,365
DWD-05009-4,2000,175,366
DWD-05009-5,1997,29,365
DWD-05009-6,1997,29,365
DWD-05009-7,1997,29,365
DWD-05009-8,1997,29,365
DWD-05009-9,2000,204,366
DWD-05009-9,2001,344,365
DWD-05009-9,2002,355,365
DWD-05009-9,2003,358,365
DWD-05009-9,2004,178,366
DWD-05043-0,1991,365,365
DWD-05043-0,1992,366,366
DWD-05043-0,1993,365,365
DWD-05043-0,1994,365,365
DWD-05043-0,1995,365,365
DWD-05043-0,1996,366,366
DWD-05043-0,1997,365,365
DWD-05043-0,1998,365,365
DWD-05043-0,1999,365,365
DWD-05043-0,2000,366,366
DWD-05043-0,2001,365,365
DWD-05043-0,2002,365,365
DWD-05043-0,2003,365,365
DWD-05043-0,2004,366,366
DWD-05043-0,2005,365,365
DWD-05043-0,2006,365,365
DWD-05057-0,1991,365,365
DWD-05057-0,1992,366,366
DWD-05057-0,1993,365,365
DWD-05057-0,1994,365,365
DWD-05057-0,1995,365,365
DWD-05057-0,1996,366,366
DWD-05057-0,1997,365,365
DWD-05057-0,1998,365,365
DWD-05057-0,1999,365,365
DWD-05057-0,2000,366,366
DWD-05057-0,2001,365,365
DWD-05057-0,2002,365,365
DWD-05057-0,2003,365,365
DWD-05057-0,2004,366,366
DWD-05057-0,2005,212,365
DWD-05057-1,2005,153,365
DWD-05057-1,2006,365,365
DWD-05057-1,2007,365,365
DWD-05057-1,2008,366,366
DWD-05057-1,2009,365,365
DWD-05057-1,2010,365,365
DWD-05057-1,2011,365,365
DWD-05057-1,2012,366,366
DWD-05057-1,2013,365,365
DWD-05057-1,2014,365,365
DWD-05057-1,2015,365,365
DWD-05057-1,2016,366,366
DWD-05057-1,2017,365,365
DWD-05057-1,2018,365,365
DWD-05057-1,2019,365,365
DWD-05057-1,2020,174,366
DWD-05057-2,2019,278,365
DWD-05057-2,2020,362,366
DWD-05057-2,2021,365,365
DWD-05057-2,2022,365,365
DWD-05057-2,2023,365,365
DWD-05057-2,2024,366,366
DWD-05057-2,2025,365,365
DWD-05058-0,1991,365,365
DWD-05058-0,1992,366,366
DWD-05058-0,1993,365,365
DWD-05058-0,1994,365,365
DWD-05058-0,1995,365,365
DWD-05058-0,1996,366,366
DWD-05058-0,1997,365,365
DWD-05058-0,1998,365,365
DWD-05058-0,1999,365,365
DWD-05058-0,2000,366,366
DWD-05058-0,2001,365,365
DWD-05058-0,2002,365,365
DWD-05058-0,2003,365,365
DWD-05058-0,2004,366,366
DWD-05058-0,2005,334,365
DWD-05058-1,2005,31,365
DWD-05058-1,2006,365,365
DWD-05058-1,2007,365,365
DWD-05058-1,2008,366,366
DWD-05058-1,2009,365,365
DWD-05058-1,2010,365,365
DWD-05058-1,2011,365,365
DWD-05058-1,2012,366,366
DWD-05058-1,2013,365,365
DWD-05058-1,2014,365,365
DWD-05058-1,2015,365,365
DWD-05058-1,2016,366,366
DWD-05058-1,2017,365,365
DWD-05058-1,2018,365,365
DWD-05058-1,2019,94,365
DWD-05058-2,2019,271,365
DWD-05058-2,2020,366,366
DWD-05058-2,2021,365,365
DWD-05058-2,2022,365,365
DWD-05058-2,2023,365,365
DWD-05058-2,2024,366,366
DWD-05058-2,2025,365,365
DWD-05066-0,1991,365,365
DWD-05066-0,1992,366,366
DWD-05066-0,1993,365,365
DWD-05066-0,1994,365,365
DWD-05066-0,1995,365,365
DWD-05066-0,1996,366,366
DWD-05066-0,1997,365,365
DWD-05066-0,1998,365,365
DWD-05066-0,1999,365,365
DWD-05066-0,2000,366,366
DWD-05066-0,2001,365,365
DWD-05066-0,2002,365,365
DWD-05066-0,2003,365,365
DWD-05066-0,2004,366,366
DWD-05066-0,2005,365,365
DWD-05066-0,2006,365,365
DWD-05078-3,1991,365,365
DWD-05078-3,1992,366,366
DWD-05078-3,1993,365,365
DWD-05078-3,1994,365,365
DWD-05078-3,1995,365,365
DWD-05078-3,1996,366,366
DWD-05078-3,1997,365,365
DWD-05078-3,1998,365,365
DWD-05078-3,1999,365,365
DWD-05078-3,2000,274,366
DWD-05078-3,2001,273,365
DWD-05085-0,1991,365,365
DWD-05085-0,1992,366,366
DWD-05085-0,1993,365,365
DWD-05085-0,1994,365,365
DWD-05085-0,1995,365,365
DWD-05085-0,1996,366,366
DWD-05085-0,1997,365,365
DWD-05085-0,1998,365,365
DWD-05085-0,1999,365,365
DWD-05085-0,2000,366,366
DWD-05085-0,2001,365,365
DWD-05085-0,2002,365,365
DWD-05085-0,2003,365,365
DWD-05085-0,2004,366,366
DWD-05085-0,2005,365,365
DWD-05085-0,2006,365,365
DWD-05097-2,1991,365,365
DWD-05097-2,1992,366,366
DWD-05097-2,1993,365,365
DWD-05097-2,1994,365,365
DWD-05097-2,1995,365,365
DWD-05097-2,1996,366,366
DWD-05097-2,1997,365,365
DWD-05097-2,1998,365,365
DWD-05097-2,1999,365,365
DWD-05097-2,2000,366,366
DWD-05097-2,2001,365,365
DWD-05097-2,2002,365,365
DWD-05097-2,2003,365,365
DWD-05097-2,2004,366,366
DWD-05097-3,2005,365,365
DWD-05097-3,2006,365,365
DWD-05097-3,2007,365,365
DWD-05097-3,2008,366,366
DWD-05097-3,2009,365,365
DWD-05097-3,2010,365,365
DWD-05097-3,2011,365,365
DWD-05097-3,2012,366,366
DWD-05097-3,2013,365,365
DWD-05097-3,2014,365,365
DWD-05097-3,2015,365,365
DWD-05097-3,2016,366,366
DWD-05097-3,2017,340,365
DWD-05097-3,2018,363,365
DWD-05097-3,2019,74,365
DWD-05097-4,2019,280,365
DWD-05097-4,2020,365,366
DWD-05097-4,2021,365,365
DWD-05097-4,2022,365,365
DWD-05097-4,2023,365,365
DWD-05097-4,2024,366,366
DWD-05097-4,2025,360,365
DWD-05104-0,1991,365,365
DWD-05104-0,1992,366,366
DWD-05104-0,1993,365,365
DWD-05104-0,1994,365,365
DWD-05104-0,1995,365,365
DWD-05104-0,1996,366,366
DWD-05104-0,1997,365,365
DWD-05104-0,1998,365,365
DWD-05104-0,1999,365,365
DWD-05104-0,2000,366,366
DWD-05104-0,2001,365,365
DWD-05104-0,2002,365,365
DWD-05104-0,2003,365,365
DWD-05104-0,2004,366,366
DWD-05104-0,2005,365,365
DWD-05104-0,2006,365,365
DWD-05145-0,1992,11,366
DWD-05145-0,1993,365,365
DWD-05145-0,1994,365,365
DWD-05145-0,1995,365,365
DWD-05145-0,1996,366,366
DWD-05145-0,1997,365,365
DWD-05145-0,1998,365,365
DWD-05145-0,1999,365,365
DWD-05145-0,2000,366,366
DWD-05145-0,2001,365,365
DWD-05145-0,2002,365,365
DWD-05145-0,2003,365,365
DWD-05145-0,2004,366,366
DWD-05145-0,2005,365,365
DWD-05145-0,2006,365,365
DWD-05145-0,2007,365,365
DWD-05145-0,2008,366,366
DWD-05145-0,2009,365,365
DWD-05145-0,2010,365,365
DWD-05145-0,2011,365,365
DWD-05145-0,2012,366,366
DWD-05145-0,2013,365,365
DWD-05145-0,2014,365,365
DWD-05145-0,2015,333,365
DWD-05172-0,1995,61,365
DWD-05172-0,1996,366,366
DWD-05172-0,1997,365,365
DWD-05172-0,1998,365,365
DWD-05172-0,1999,365,365
DWD-05172-0,2000,366,366
DWD-05172-0,2001,365,365
DWD-05172-0,2002,365,365
DWD-05172-0,2003,365,365
DWD-05172-0,2004,366,366
DWD-05172-0,2005,365,365
DWD-05172-0,2006,365,365
DWD-05173-0,1998,275,365
DWD-05173-0,1999,365,365
DWD-05173-0,2000,366,366
DWD-05173-0,2001,365,365
DWD-05173-0,2002,365,365
DWD-05173-0,2003,365,365
DWD-05173-0,2004,366,366
DWD-05173-0,2005,90,365
DWD-05183-0,1991,365,365
DWD-05183-0,1992,366,366
DWD-05183-0,1993,365,365
DWD-05183-0,1994,365,365
DWD-05183-0,1995,365,365
DWD-05183-0,1996,366,366
DWD-05183-0,1997,365,365
DWD-05183-0,1998,120,365
DWD-05188-0,1991,365,365
DWD-05188-0,1992,366,366
DWD-05188-0,1993,365,365
DWD-05188-0,1994,365,365
DWD-05188-0,1995,365,365
DWD-05188-0,1996,366,366
DWD-05188-0,1997,365,365
DWD-05188-0,1998,365,365
DWD-05188-0,1999,365,365
DWD-05188-0,2000,366,366
DWD-05188-0,2001,365,365
DWD-05188-0,2002,365,365
DWD-05188-0,2003,365,365
DWD-05188-0,2004,366,366
DWD-05188-0,2005,365,365
DWD-05188-0,2006,365,365
DWD-05195-0,1991,365,365
DWD-05195-0,1992,366,366
DWD-05195-0,1993,365,365
DWD-05195-1,1994,365,365
DWD-05195-1,1995,365,365
DWD-05195-1,1996,366,366
DWD-05195-1,1997,365,365
DWD-05195-1,1998,365,365
DWD-05195-1,1999,365,365
DWD-05195-1,2000,366,366
DWD-05195-1,2001,365,365
DWD-05195-1,2002,365,365
DWD-05195-1,2003,365,365
DWD-05195-1,2004,366,366
DWD-05195-1,2005,365,365
DWD-05195-1,2006,365,365
DWD-05195-1,2007,365,365
DWD-05195-1,2008,366,366
DWD-05195-1,2009,365,365
DWD-05195-1,2010,365,365
DWD-05195-1,2011,365,365
DWD-05195-1,2012,366,366
DWD-05195-1,2013,365,365
DWD-05195-1,2014,365,365
DWD-05195-1,2015,365,365
DWD-05195-1,2016,366,366
DWD-05195-1,2017,365,365
DWD-05195-1,2018,365,365
DWD-05195-1,2019,365,365
DWD-05195-1,2020,366,366
DWD-05195-1,2021,365,365
DWD-05195-1,2022,365,365
DWD-05195-1,2023,365,365
DWD-05195-1,2024,366,366
DWD-05195-1,2025,365,365
DWD-05196-1,1991,365,365
DWD-05196-1,1992,366,366
DWD-05196-1,1993,365,365
DWD-05196-1,1994,365,365
DWD-05196-1,1995,365,365
DWD-05196-1,1996,31,366
DWD-05196-2,1996,184,366
DWD-05196-2,1997,365,365
DWD-05196-2,1998,365,365
DWD-05196-2,1999,304,365
DWD-05196-3,2000,275,366
DWD-05196-3,2001,365,365
DWD-05196-3,2002,365,365
DWD-05196-3,2003,365,365
DWD-05196-3,2004,366,366
DWD-05196-3,2005,365,365
DWD-05196-3,2006,365,365
DWD-05196-3,2007,365,365
DWD-05196-3,2008,366,366
DWD-05196-3,2009,365,365
DWD-05196-3,2010,365,365
DWD-05196-3,2011,365,365
DWD-05196-3,2012,366,366
DWD-05196-3,2013,365,365
DWD-05196-3,2014,365,365
DWD-05196-3,2015,365,365
DWD-05196-3,2016,366,366
DWD-05196-3,2017,365,365
DWD-05196-3,2018,365,365
DWD-05196-3,2019,365,365
DWD-05196-3,2020,366,366
DWD-05196-3,2021,365,365
DWD-05196-3,2022,365,365
DWD-05196-3,2023,365,365
DWD-05196-3,2024,366,366
DWD-05196-3,2025,365,365
DWD-05214-0,1991,365,365
DWD-05214-0,1992,366,366
DWD-05214-0,1993,365,365
DWD-05214-0,1994,365,365
DWD-05214-0,1995,365,365
DWD-05214-0,1996,366,366
DWD-05214-0,1997,273,365
DWD-05233-0,1997,245,365
DWD-05233-0,1998,365,365
DWD-05233-0,1999,365,365
DWD-05233-0,2000,366,366
DWD-05233-0,2001,365,365
DWD-05233-0,2002,365,365
DWD-05233-0,2003,365,365
DWD-05233-0,2004,366,366
DWD-05233-0,2005,365,365
DWD-05233-0,2006,365,365
DWD-05257-3,1998,275,365
DWD-05257-3,1999,365,365
DWD-05257-3,2000,366,366
DWD-05257-3,2001,365,365
DWD-05257-3,2002,365,365
DWD-05257-3,2003,365,365
DWD-05257-3,2004,366,366
DWD-05257-3,2005,365,365
DWD-05257-3,2006,365,365
DWD-05259-0,1991,365,365
DWD-05259-0,1992,366,366
DWD-05259-0,1993,365,365
DWD-05259-0,1994,365,365
DWD-05259-0,1995,365,365
DWD-05259-0,1996,366,366
DWD-05259-0,1997,365,365
DWD-05259-0,1998,365,365
DWD-05259-0,1999,365,365
DWD-05259-0,2000,366,366
DWD-05259-0,2001,365,365
DWD-05268-0,1991,365,365
DWD-05268-0,1992,366,366
DWD-05268-0,1993,365,365
DWD-05268-0,1994,365,365
DWD-05268-0,1995,365,365
DWD-05268-0,1996,366,366
DWD-05268-0,1997,365,365
DWD-05268-0,1998,181,365
DWD-05280-0,1991,365,365
DWD-05280-0,1992,366,366
DWD-05280-0,1993,365,365
DWD-05280-0,1994,365,365
DWD-05280-0,1995,365,365
DWD-05280-0,1996,366,366
DWD-05280-0,1997,365,365
DWD-05280-0,1998,365,365
DWD-05280-0,1999,365,365
DWD-05280-0,2000,366,366
DWD-05280-0,2001,365,365
DWD-05280-0,2002,365,365
DWD-05280-0,2003,365,365
DWD-05280-0,2004,366,366
DWD-05280-0,2005,365,365
DWD-05280-0,2006,365,365
DWD-05280-0,2007,59,365
DWD-05280-1,2007,306,365
DWD-05280-1,2008,366,366
DWD-05280-1,2009,365,365
DWD-05280-1,2010,365,365
DWD-05280-1,2011,365,365
DWD-05280-1,2012,366,366
DWD-05280-1,2013,365,365
DWD-05280-1,2014,365,365
DWD-05280-1,2015,365,365
DWD-05280-1,2016,366,366
DWD-05280-1,2017,365,365
DWD-05280-1,2018,365,365
DWD-05280-1,2019,217,365
DWD-05280-2,2019,148,365
DWD-05280-2,2020,366,366
DWD-05280-2,2021,365,365
DWD-05280-2,2022,365,365
DWD-05280-2,2023,365,365
DWD-05280-2,2024,366,366
DWD-05280-2,2025,365,365
DWD-05326-1,1991,365,365
DWD-05326-1,1992,366,366
DWD-05326-1,1993,365,365
DWD-05326-1,1994,365,365
DWD-05326-1,1995,365,365
DWD-05326-1,1996,366,366
DWD-05326-1,1997,365,365
DWD-05326-1,1998,365,365
DWD-05326-1,1999,365,365
DWD-05326-1,2000,366,366
DWD-05326-1,2001,365,365
DWD-05326-1,2002,365,365
DWD-05326-1,2003,365,365
DWD-05326-1,2004,366,366
DWD-05326-1,2005,365,365
DWD-05326-1,2006,365,365
DWD-05326-1,2007,365,365
DWD-05326-1,2008,366,366
DWD-05326-1,2009,365,365
DWD-05326-1,2010,365,365
DWD-05326-1,2011,365,365
DWD-05326-1,2012,366,366
DWD-05326-1,2013,365,365
DWD-05326-1,2014,365,365
DWD-05326-1,2015,365,365
DWD-05326-1,2016,366,366
DWD-05326-1,2017,365,365
DWD-05326-1,2018,365,365
DWD-05326-1,2019,365,365
DWD-05326-1,2020,366,366
DWD-05326-1,2021,365,365
DWD-05326-1,2022,365,365
DWD-05326-1,2023,365,365
DWD-05326-1,2024,366,366
DWD-05326-1,2025,365,365
DWD-05342-1,1991,365,365
DWD-05342-1,1992,366,366
DWD-05342-1,1993,365,365
DWD-05342-1,1994,365,365
DWD-05342-1,1995,365,365
DWD-05342-1,1996,366,366
DWD-05342-1,1997,365,365
DWD-05342-1,1998,365,365
DWD-05342-1,1999,365,365
DWD-05342-1,2000,366,366
DWD-05342-1,2001,365,365
DWD-05342-1,2002,365,365
DWD-05342-1,2003,365,365
DWD-05342-1,2004,366,366
DWD-05342-1,2005,365,365
DWD-05342-1,2006,365,365
DWD-05342-1,2007,365,365
DWD-05342-1,2008,366,366
DWD-05342-1,2009,365,365
DWD-05342-1,2010,365,365
DWD-05342-1,2011,365,365
DWD-05342-1,2012,366,366
DWD-05342-1,2013,365,365
DWD-05342-1,2014,365,365
DWD-05342-1,2015,365,365
DWD-05342-1,2016,366,366
DWD-05342-1,2017,365,365
DWD-05342-1,2018,365,365
DWD-05342-1,2019,365,365
DWD-05342-1,2020,366,366
DWD-05342-1,2021,365,365
DWD-05342-1,2022,365,365
DWD-05342-1,2023,365,365
DWD-05342-1,2024,366,366
DWD-05342-1,2025,365,365
DWD-05343-0,1998,275,365
DWD-05343-0,1999,365,365
DWD-05343-0,2000,366,366
DWD-05343-0,2001,365,365
DWD-05343-0,2002,365,365
DWD-05343-0,2003,365,365
DWD-05343-0,2004,366,366
DWD-05343-0,2005,365,365
DWD-05343-0,2006,365,365
DWD-05344-1,1991,273,365
DWD-05344-1,1992,366,366
DWD-05344-1,1993,365,365
DWD-05344-1,1994,365,365
DWD-05344-1,1995,365,365
DWD-05344-1,1996,366,366
DWD-05344-1,1997,365,365
DWD-05344-1,1998,365,365
DWD-05344-1,1999,365,365
DWD-05344-1,2000,366,366
DWD-05344-1,2001,365,365
DWD-05344-1,2002,365,365
DWD-05344-1,2003,365,365
DWD-05344-1,2004,366,366
DWD-05344-1,2005,365,365
DWD-05344-1,2006,365,365
DWD-05344-2,2016,61,366
DWD-05344-2,2017,365,365
DWD-05344-2,2018,304,365
DWD-05344-3,2018,61,365
DWD-05344-3,2019,365,365
DWD-05344-3,2020,366,366
DWD-05344-3,2021,365,365
DWD-05344-3,2022,365,365
DWD-05344-3,2023,365,365
DWD-05344-3,2024,366,366
DWD-05344-3,2025,365,365
DWD-05349-10,2011,119,365
DWD-05349-10,2012,366,366
DWD-05349-10,2013,365,365
DWD-05349-10,2014,188,365
DWD-05349-11,2011,45,365
DWD-05349-11,2012,366,366
DWD-05349-11,2013,365,365
DWD-05349-11,2014,188,365
DWD-05349-12,2014,175,365
DWD-05349-12,2015,363,365
DWD-05349-12,2016,222,366
DWD-05349-13,2014,175,365
DWD-05349-13,2015,363,365
DWD-05349-13,2016,366,366
DWD-05349-13,2017,365,365
DWD-05349-13,2018,246,365
DWD-05349-14,2016,144,366
DWD-05349-14,2017,365,365
DWD-05349-14,2018,365,365
DWD-05349-14,2019,364,365
DWD-05349-14,2020,366,366
DWD-05349-14,2021,365,365
DWD-05349-14,2022,365,365
DWD-05349-14,2023,365,365
DWD-05349-14,2024,366,366
DWD-05349-14,2025,365,365
DWD-05349-15,2018,119,365
DWD-05349-15,2019,364,365
DWD-05349-15,2020,366,366
DWD-05349-15,2021,365,365
DWD-05349-15,2022,365,365
DWD-05349-15,2023,365,365
DWD-05349-15,2024,366,366
DWD-05349-15,2025,365,365
DWD-05349-4,1991,247,365
DWD-05349-5,1991,118,365
DWD-05349-5,1992,366,366
DWD-05349-5,1993,319,365
DWD-05349-6,1994,328,365
DWD-05349-6,1995,349,365
DWD-05349-6,1996,355,366
DWD-05349-6,1997,364,365
DWD-05349-6,1998,365,365
DWD-05349-6,1999,365,365
DWD-05349-6,2000,366,366
DWD-05349-6,2001,365,365
DWD-05349-6,2002,365,365
DWD-05349-6,2003,365,365
DWD-05349-6,2004,366,366
DWD-05349-6,2005,365,365
DWD-05349-6,2006,365,365
DWD-05349-6,2007,365,365
DWD-05349-6,2008,273,366
DWD-05349-7,1994,328,365
DWD-05349-7,1995,349,365
DWD-05349-7,1996,355,366
DWD-05349-7,1997,364,365
DWD-05349-7,1998,365,365
DWD-05349-7,1999,365,365
DWD-05349-7,2000,366,366
DWD-05349-7,2001,365,365
DWD-05349-7,2002,365,365
DWD-05349-7,2003,365,365
DWD-05349-7,2004,366,366
DWD-05349-7,2005,365,365
DWD-05349-7,2006,365,365
DWD-05349-7,2007,365,365
DWD-05349-7,2008,273,366
DWD-05349-8,1995,129,365
DWD-05349-8,1996,355,366
DWD-05349-8,1997,364,365
DWD-05349-8,1998,365,365
DWD-05349-8,1999,365,365
DWD-05349-8,2000,366,366
DWD-05349-8,2001,365,365
DWD-05349-8,2002,365,365
DWD-05349-8,2003,365,365
DWD-05349-8,2004,366,366
DWD-05349-8,2005,365,365
DWD-05349-8,2006,365,365
DWD-05349-8,2007,365,365
DWD-05349-8,2008,366,366
DWD-05349-8,2009,365,365
DWD-05349-8,2010,365,365
DWD-05349-8,2011,246,365
DWD-05349-9,2008,93,366
DWD-05349-9,2009,365,365
DWD-05349-9,2010,365,365
DWD-05349-9,2011,311,365
DWD-05350-0,1991,365,365
DWD-05350-0,1992,366,366
DWD-05350-0,1993,365,365
DWD-05350-0,1994,365,365
DWD-05350-0,1995,365,365
DWD-05350-0,1996,366,366
DWD-05350-0,1997,365,365
DWD-05350-0,1998,365,365
DWD-05350-0,1999,365,365
DWD-05350-0,2000,366,366
DWD-05350-0,2001,365,365
DWD-05353-0,1991,365,365
DWD-05353-0,1992,366,366
DWD-05353-0,1993,365,365
DWD-05353-0,1994,365,365
DWD-05353-0,1995,365,365
DWD-05353-0,1996,366,366
DWD-05353-0,1997,365,365
DWD-05353-0,1998,365,365
DWD-05353-0,1999,365,365
DWD-05353-0,2000,366,366
DWD-05353-0,2001,365,365
DWD-05353-0,2002,365,365
DWD-05353-0,2003,365,365
DWD-05353-0,2004,366,366
DWD-05353-0,2005,365,365
DWD-05381-0,1991,365,365
DWD-05381-0,1992,366,366
DWD-05381-0,1993,365,365
DWD-05381-0,1994,365,365
DWD-05381-0,1995,365,365
DWD-05381-0,1996,366,366
DWD-05381-0,1997,365,365
DWD-05381-0,1998,365,365
DWD-05381-0,1999,365,365
DWD-05381-0,2000,366,366
DWD-05381-0,2001,365,365
DWD-05381-0,2002,365,365
DWD-05381-0,2003,365,365
DWD-05381-0,2004,366,366
DWD-05381-0,2005,365,365
DWD-05381-0,2006,365,365
DWD-05381-0,2007,365,365
DWD-05381-0,2008,366,366
DWD-05381-0,2009,365,365
DWD-05381-0,2010,365,365
DWD-05381-0,2011,365,365
DWD-05381-0,2012,366,366
DWD-05381-0,2013,365,365
DWD-05381-0,2014,365,365
DWD-05381-0,2015,365,365
DWD-05381-0,2016,366,366
DWD-05381-0,2017,365,365
DWD-05381-0,2018,365,365
DWD-05381-0,2019,365,365
DWD-05381-0,2020,366,366
DWD-05381-0,2021,365,365
DWD-05381-1,2022,365,365
DWD-05381-1,2023,365,365
DWD-05381-1,2024,366,366
DWD-05381-1,2025,365,365
DWD-05469-0,1991,365,365
DWD-05469-0,1992,366,366
DWD-05469-0,1993,365,365
DWD-05469-0,1994,365,365
DWD-05469-0,1995,365,365
DWD-05469-0,1996,366,366
DWD-05469-0,1997,365,365
DWD-05469-0,1998,365,365
DWD-05469-0,1999,365,365
DWD-05469-0,2000,366,366
DWD-05469-0,2001,365,365
DWD-05469-0,2002,365,365
DWD-05469-0,2003,365,365
DWD-05469-0,2004,366,366
DWD-05469-0,2005,365,365
DWD-05469-0,2006,365,365
DWD-05469-0,2007,365,365
DWD-05469-0,2008,366,366
DWD-05469-0,2009,365,365
DWD-05469-0,2010,181,365
DWD-05481-0,1993,365,365
DWD-05481-0,1994,365,365
DWD-05481-0,1995,365,365
DWD-05481-0,1996,366,366
DWD-05481-0,1997,365,365
DWD-05481-0,1998,365,365
DWD-05481-0,1999,365,365
DWD-05507-0,1991,365,365
DWD-05507-0,1992,366,366
DWD-05507-0,1993,365,365
DWD-05507-0,1994,365,365
DWD-05507-0,1995,365,365
DWD-05507-0,1996,366,366
DWD-05507-0,1997,365,365
DWD-05507-0,1998,365,365
DWD-05507-0,1999,365,365
DWD-05507-0,2000,366,366
DWD-05507-0,2001,365,365
DWD-05507-0,2002,365,365
DWD-05512-6,1991,365,365
DWD-05512-6,1992,366,366
DWD-05512-6,1993,365,365
DWD-05512-6,1994,365,365
DWD-05512-6,1995,365,365
DWD-05512-6,1996,366,366
DWD-05512-6,1997,365,365
DWD-05512-6,1998,365,365
DWD-05512-6,1999,365,365
DWD-05512-6,2000,366,366
DWD-05512-6,2001,365,365
DWD-05512-6,2002,365,365
DWD-05512-6,2003,365,365
DWD-05512-6,2004,366,366
DWD-05512-6,2005,365,365
DWD-05512-6,2006,365,365
DWD-05512-7,2020,92,366
DWD-05512-7,2021,365,365
DWD-05512-7,2022,365,365
DWD-05512-7,2023,365,365
DWD-05512-7,2024,366,366
DWD-05512-7,2025,365,365
DWD-05514-2,1991,365,365
DWD-05514-2,1992,366,366
DWD-05514-2,1993,365,365
DWD-05514-2,1994,365,365
DWD-05514-2,1995,365,365
DWD-05514-2,1996,366,366
DWD-05514-2,1997,365,365
DWD-05514-2,1998,365,365
DWD-05514-2,1999,365,365
DWD-05514-2,2000,366,366
DWD-05514-2,2001,365,365
DWD-05514-2,2002,181,365
DWD-05514-3,2002,184,365
DWD-05514-3,2003,365,365
DWD-05514-3,2004,366,366
DWD-05514-3,2005,365,365
DWD-05514-3,2006,365,365
DWD-05516-10,2019,307,365
DWD-05516-10,2020,366,366
DWD-05516-10,2021,363,365
DWD-05516-10,2022,365,365
DWD-05516-10,2023,108,365
DWD-05516-11,2023,257,365
DWD-05516-11,2024,366,366
DWD-05516-11,2025,365,365
DWD-05516-12,2023,257,365
DWD-05516-12,2024,366,366
DWD-05516-12,2025,365,365
DWD-05516-2,1996,153,366
DWD-05516-2,1997,365,365
DWD-05516-2,1998,365,365
DWD-05516-2,1999,365,365
DWD-05516-2,2000,366,366
DWD-05516-2,2001,365,365
DWD-05516-2,2002,205,365
DWD-05516-3,1996,153,366
DWD-05516-3,1997,365,365
DWD-05516-3,1998,365,365
DWD-05516-3,1999,365,365
DWD-05516-3,2000,366,366
DWD-05516-3,2001,365,365
DWD-05516-3,2002,365,365
DWD-05516-3,2003,365,365
DWD-05516-3,2004,366,366
DWD-05516-3,2005,365,365
DWD-05516-3,2006,173,365
DWD-05516-4,2002,160,365
DWD-05516-4,2003,365,365
DWD-05516-4,2004,366,366
DWD-05516-4,2005,365,365
DWD-05516-4,2006,173,365
DWD-05516-5,2006,192,365
DWD-05516-5,2007,181,365
DWD-05516-6,2006,192,365
DWD-05516-6,2007,181,365
DWD-05516-7,2007,184,365
DWD-05516-7,2008,366,366
DWD-05516-7,2009,365,365
DWD-05516-7,2010,339,365
DWD-05516-8,2007,184,365
DWD-05516-8,2008,366,366
DWD-05516-8,2009,365,365
DWD-05516-8,2010,365,365
DWD-05516-8,2011,365,365
DWD-05516-8,2012,366,366
DWD-05516-8,2013,365,365
DWD-05516-8,2014,365,365
DWD-05516-8,2015,365,365
DWD-05516-8,2016,366,366
DWD-05516-8,2017,365,365
DWD-05516-8,2018,365,365
DWD-05516-8,2019,58,365
DWD-05516-9,2010,26,365
DWD-05516-9,2011,365,365
DWD-05516-9,2012,366,366
DWD-05516-9,2013,365,365
DWD-05516-9,2014,365,365
DWD-05516-9,2015,365,365
DWD-05516-9,2016,366,366
DWD-05516-9,2017,365,365
DWD-05516-9,2018,365,365
DWD-05516-9,2019,365,365
DWD-05516-9,2020,366,366
DWD-05516-9,2021,363,365
DWD-05516-9,2022,365,365
DWD-05516-9,2023,108,365
DWD-05520-0,1991,365,365
DWD-05520-0,1992,366,366
DWD-05520-0,1993,31,365
DWD-05521-0,1991,365,365
DWD-05521-0,1992,366,366
DWD-05521-0,1993,365,365
DWD-05521-0,1994,365,365
DWD-05521-0,1995,365,365
DWD-05521-0,1996,366,366
DWD-05521-0,1997,365,365
DWD-05521-0,1998,365,365
DWD-05521-0,1999,365,365
DWD-05521-0,2000,366,366
DWD-05521-0,2001,365,365
DWD-05521-0,2002,365,365
DWD-05521-0,2003,365,365
DWD-05521-0,2004,366,366
DWD-05521-0,2005,365,365
DWD-05521-0,2006,365,365
DWD-05552-1,1991,365,365
DWD-05552-1,1992,366,366
DWD-05552-1,1993,365,365
DWD-05552-1,1994,365,365
DWD-05552-1,1995,365,365
DWD-05552-1,1996,366,366
DWD-05552-1,1997,365,365
DWD-05552-1,1998,365,365
DWD-05552-1,1999,365,365
DWD-05552-1,2000,366,366
DWD-05552-1,2001,365,365
DWD-05552-1,2002,365,365
DWD-05552-1,2003,365,365
DWD-05552-1,2004,366,366
DWD-05552-1,2005,365,365
DWD-05552-1,2006,365,365
DWD-05552-1,2007,365,365
DWD-05552-1,2008,366,366
DWD-05552-1,2009,365,365
DWD-05552-1,2010,365,365
DWD-05552-1,2011,365,365
DWD-05552-1,2012,366,366
DWD-05552-1,2013,365,365
DWD-05552-1,2014,365,365
DWD-05552-1,2015,365,365
DWD-05552-1,2016,366,366
DWD-05552-1,2017,365,365
DWD-05552-1,2018,365,365
DWD-05552-1,2019,365,365
DWD-05552-1,2020,366,366
DWD-05552-1,2021,361,365
DWD-05552-1,2022,365,365
DWD-05552-1,2023,365,365
DWD-05552-1,2024,366,366
DWD-05552-1,2025,365,365
DWD-05575-2,1991,365,365
DWD-05575-2,1992,91,366
DWD-05575-3,1992,275,366
DWD-05575-3,1993,365,365
DWD-05575-3,1994,365,365
DWD-05575-3,1995,365,365
DWD-05575-3,1996,366,366
DWD-05575-3,1997,365,365
DWD-05575-3,1998,181,365
DWD-05589-0,1991,365,365
DWD-05589-0,1992,366,366
DWD-05589-0,1993,365,365
DWD-05589-0,1994,365,365
DWD-05589-0,1995,365,365
DWD-05589-0,1996,366,366
DWD-05589-0,1997,365,365
DWD-05589-0,1998,365,365
DWD-05589-0,1999,365,365
DWD-05589-0,2000,366,366
DWD-05589-0,2001,365,365
DWD-05589-0,2002,365,365
DWD-05589-0,2003,365,365
DWD-05589-0,2004,366,366
DWD-05589-0,2005,365,365
DWD-05589-0,2006,365,365
DWD-05589-0,2007,365,365
DWD-05589-0,2008,366,366
DWD-05589-0,2009,365,365
DWD-05589-0,2010,365,365
DWD-05589-0,2011,365,365
DWD-05589-0,2012,366,366
DWD-05589-0,2013,365,365
DWD-05589-0,2014,365,365
DWD-05589-0,2015,365,365
DWD-05589-0,2016,366,366
DWD-05589-0,2017,365,365
DWD-05589-0,2018,365,365
DWD-05589-0,2019,365,365
DWD-05589-0,2020,366,366
DWD-05589-0,2021,365,365
DWD-05589-0,2022,365,365
DWD-05589-0,2023,364,365
DWD-05589-0,2024,366,366
DWD-05589-0,2025,365,365
DWD-05608-1,1991,365,365
DWD-05608-1,1992,366,366
DWD-05608-1,1993,365,365
DWD-05608-1,1994,365,365
DWD-05608-1,1995,365,365
DWD-05608-1,1996,366,366
DWD-05608-1,1997,365,365
DWD-05608-1,1998,365,365
DWD-05608-1,1999,365,365
DWD-05608-1,2000,366,366
DWD-05608-1,2001,365,365
DWD-05608-1,2002,365,365
DWD-05608-1,2003,365,365
DWD-05608-1,2004,366,366
DWD-05608-1,2005,365,365
DWD-05608-1,2006,365,365
DWD-05608-1,2007,365,365
DWD-05608-1,2008,366,366
DWD-05608-1,2009,365,365
DWD-05608-1,2010,365,365
DWD-05608-1,2011,365,365
DWD-05608-1,2012,366,366
DWD-05608-1,2013,365,365
DWD-05608-1,2014,365,365
DWD-05608-1,2015,299,365
DWD-05608-2,2015,66,365
DWD-05608-2,2016,366,366
DWD-05608-2,2017,365,365
DWD-05608-2,2018,365,365
DWD-05608-2,2019,365,365
DWD-05608-2,2020,366,366
DWD-05608-2,2021,365,365
DWD-05608-2,2022,365,365
DWD-05608-2,2023,365,365
DWD-05608-2,2024,366,366
DWD-05608-2,2025,365,365
DWD-05624-4,1991,365,365
DWD-05624-4,1992,366,366
DWD-05624-4,1993,365,365
DWD-05624-4,1994,365,365
DWD-05624-4,1995,365,365
DWD-05624-4,1996,366,366
DWD-05624-4,1997,181,365
DWD-05624-5,1997,61,365
DWD-05624-5,1998,365,365
DWD-05624-5,1999,365,365
DWD-05624-5,2000,366,366
DWD-05624-5,2001,365,365
DWD-05624-5,2002,365,365
DWD-05624-5,2003,365,365
DWD-05624-5,2004,366,366
DWD-05624-5,2005,365,365
DWD-05624-5,2006,365,365
DWD-05624-5,2007,365,365
DWD-05624-5,2008,366,366
DWD-05624-5,2009,365,365
DWD-05624-5,2010,365,365
DWD-05624-5,2011,365,365
DWD-05624-5,2012,366,366
DWD-05624-5,2013,365,365
DWD-05624-5,2014,90,365
DWD-05624-6,2014,275,365
DWD-05624-6,2015,365,365
DWD-05624-6,2016,366,366
DWD-05624-6,2017,365,365
DWD-05624-6,2018,365,365
DWD-05624-6,2019,365,365
DWD-05624-6,2020,364,366
DWD-05624-6,2021,365,365
DWD-05624-6,2022,365,365
DWD-05624-6,2023,365,365
DWD-05624-6,2024,366,366
DWD-05624-6,2025,365,365
DWD-05630-0,1991,365,365
DWD-05630-0,1992,366,366
DWD-05630-0,1993,365,365
DWD-05630-0,1994,365,365
DWD-05630-0,1995,365,365
DWD-05630-0,1996,366,366
DWD-05630-0,1997,365,365
DWD-05630-0,1998,365,365
DWD-05630-0,1999,365,365
DWD-05630-0,2000,366,366
DWD-05630-0,2001,365,365
DWD-05630-0,2002,365,365
DWD-05630-0,2003,365,365
DWD-05630-0,2004,305,366
DWD-05638-0,1991,365,365
DWD-05638-0,1992,366,366
DWD-05638-0,1993,365,365
DWD-05638-0,1994,365,365
DWD-05638-0,1995,365,365
DWD-05638-0,1996,366,366
DWD-05638-0,1997,365,365
DWD-05638-0,1998,365,365
DWD-05638-0,1999,365,365
DWD-05638-0,2000,366,366
DWD-05638-0,2001,365,365
DWD-05638-0,2002,365,365
DWD-05638-0,2003,365,365
DWD-05638-0,2004,366,366
DWD-05638-0,2005,365,365
DWD-05638-0,2006,365,365
DWD-05638-0,2007,365,365
DWD-05638-0,2008,366,366
DWD-05638-0,2009,365,365
DWD-05638-0,2010,365,365
DWD-05638-0,2011,365,365
DWD-05638-0,2012,366,366
DWD-05638-0,2013,365,365
DWD-05638-0,2014,90,365
DWD-05638-1,2014,275,365
DWD-05638-1,2015,365,365
DWD-05638-1,2016,366,366
DWD-05638-1,2017,365,365
DWD-05638-1,2018,365,365
DWD-05638-1,2019,365,365
DWD-05638-1,2020,366,366
DWD-05638-1,2021,365,365
DWD-05638-1,2022,365,365
DWD-05638-1,2023,365,365
DWD-05638-1,2024,366,366
DWD-05638-1,2025,365,365
DWD-05639-0,1991,365,365
DWD-05639-0,1992,366,366
DWD-05639-0,1993,365,365
DWD-05639-0,1994,365,365
DWD-05639-0,1995,365,365
DWD-05639-0,1996,366,366
DWD-05639-0,1997,365,365
DWD-05639-0,1998,365,365
DWD-05639-0,1999,365,365
DWD-05639-0,2000,366,366
DWD-05639-0,2001,365,365
DWD-05639-0,2002,365,365
DWD-05639-0,2003,365,365
DWD-05639-0,2004,366,366
DWD-05639-0,2005,365,365
DWD-05639-0,2006,365,365
DWD-05639-0,2018,61,365
DWD-05639-0,2019,365,365
DWD-05639-0,2020,366,366
DWD-05639-0,2021,365,365
DWD-05639-0,2022,365,365
DWD-05639-0,2023,358,365
DWD-05639-0,2024,366,366
DWD-05639-0,2025,365,365
DWD-05661-0,1991,365,365
DWD-05661-0,1992,366,366
DWD-05661-0,1993,365,365
DWD-05661-0,1994,365,365
DWD-05661-0,1995,365,365
DWD-05661-0,1996,366,366
DWD-05661-0,1997,365,365
DWD-05661-0,1998,365,365
DWD-05661-0,1999,365,365
DWD-05661-0,2000,366,366
DWD-05661-0,2001,365,365
DWD-05661-0,2002,365,365
DWD-05661-0,2003,365,365
DWD-05661-0,2004,366,366
DWD-05661-0,2005,365,365
DWD-05661-0,2006,365,365
DWD-05661-0,2007,365,365
DWD-05661-0,2008,366,366
DWD-05661-0,2009,365,365
DWD-05661-0,2010,365,365
DWD-05661-0,2011,365,365
DWD-05661-0,2012,366,366
DWD-05661-0,2013,365,365
DWD-05661-0,2014,365,365
DWD-05661-0,2015,365,365
DWD-05713-0,1991,365,365
DWD-05713-0,1992,366,366
DWD-05713-0,1993,365,365
DWD-05713-0,1994,365,365
DWD-05713-0,1995,365,365
DWD-05713-0,1996,366,366
DWD-05713-0,1997,365,365
DWD-05713-0,1998,365,365
DWD-05713-0,1999,365,365
DWD-05713-0,2000,366,366
DWD-05713-0,2001,365,365
DWD-05713-0,2002,365,365
DWD-05713-0,2003,365,365
DWD-05713-0,2004,366,366
DWD-05713-0,2005,365,365
DWD-05713-0,2006,365,365
DWD-05730-1,1991,365,365
DWD-05730-1,1992,366,366
DWD-05730-1,1993,365,365
DWD-05730-1,1994,365,365
DWD-05730-1,1995,365,365
DWD-05730-1,1996,366,366
DWD-05730-1,1997,365,365
DWD-05730-1,1998,365,365
DWD-05730-1,1999,365,365
DWD-05730-1,2000,366,366
DWD-05730-1,2001,365,365
DWD-05730-1,2002,365,365
DWD-05730-1,2003,365,365
DWD-05730-1,2004,366,366
DWD-05730-1,2005,365,365
DWD-05732-4,1991,365,365
DWD-05732-4,1992,366,366
DWD-05732-4,1993,365,365
DWD-05732-4,1994,365,365
DWD-05732-4,1995,365,365
DWD-05732-4,1996,366,366
DWD-05732-4,1997,365,365
DWD-05732-4,1998,365,365
DWD-05732-4,1999,365,365
DWD-05732-4,2000,366,366
DWD-05732-4,2001,365,365
DWD-05732-4,2002,365,365
DWD-05732-4,2003,181,365
DWD-05732-5,2005,184,365
DWD-05732-5,2006,365,365
DWD-05732-5,2007,365,365
DWD-05732-5,2008,366,366
DWD-05732-5,2009,365,365
DWD-05732-5,2010,365,365
DWD-05732-5,2011,365,365
DWD-05732-5,2012,366,366
DWD-05732-5,2013,365,365
DWD-05732-5,2014,365,365
DWD-05732-5,2015,365,365
DWD-05732-5,2016,366,366
DWD-05732-5,2017,365,365
DWD-05732-5,2018,365,365
DWD-05732-5,2019,365,365
DWD-05732-5,2020,366,366
DWD-05732-5,2021,125,365
DWD-05732-6,2019,229,365
DWD-05732-6,2020,366,366
DWD-05732-6,2021,365,365
DWD-05732-6,2022,365,365
DWD-05732-6,2023,365,365
DWD-05732-6,2024,366,366
DWD-05732-6,2025,330,365
DWD-05740-0,1991,365,365
DWD-05740-0,1992,366,366
DWD-05740-0,1993,365,365
DWD-05740-0,1994,365,365
DWD-05740-0,1995,365,365
DWD-05740-0,1996,366,366
DWD-05740-0,1997,365,365
DWD-05740-0,1998,365,365
DWD-05740-0,1999,365,365
DWD-05740-0,2000,366,366
DWD-05740-0,2001,365,365
DWD-05741-0,1991,365,365
DWD-05741-0,1992,366,366
DWD-05741-0,1993,365,365
DWD-05741-0,1994,365,365
DWD-05741-0,1995,365,365
DWD-05741-0,1996,366,366
DWD-05741-0,1997,365,365
DWD-05741-0,1998,365,365
DWD-05741-0,1999,365,365
DWD-05741-0,2000,366,366
DWD-05741-0,2001,365,365
DWD-05741-0,2002,365,365
DWD-05741-0,2003,365,365
DWD-05741-0,2004,366,366
DWD-05741-0,2005,365,365
DWD-05777-0,1991,365,365
DWD-05777-0,1992,366,366
DWD-05777-0,1993,365,365
DWD-05777-0,1994,365,365
DWD-05777-0,1995,365,365
DWD-05777-0,1996,366,366
DWD-05777-0,1997,365,365
DWD-05777-0,1998,334,365
DWD-05777-0,1999,365,365
DWD-05777-0,2000,366,366
DWD-05777-0,2001,365,365
DWD-05777-0,2002,365,365
DWD-05777-0,2003,365,365
DWD-05777-0,2004,366,366
DWD-05777-0,2005,365,365
DWD-05777-0,2006,365,365
DWD-05777-0,2007,365,365
DWD-05777-0,2008,366,366
DWD-05777-0,2009,365,365
DWD-05777-0,2010,365,365
DWD-05777-0,2011,365,365
DWD-05777-0,2012,366,366
DWD-05777-0,2013,365,365
DWD-05777-0,2014,365,365
DWD-05777-0,2015,365,365
DWD-05777-0,2016,366,366
DWD-05777-0,2017,365,365
DWD-05777-0,2018,365,365
DWD-05777-0,2019,365,365
DWD-05777-0,2020,366,366
DWD-05777-0,2021,365,365
DWD-05777-0,2022,365,365
DWD-05777-0,2023,365,365
DWD-05777-0,2024,366,366
DWD-05777-0,2025,365,365
DWD-05839-0,1997,184,365
DWD-05839-0,1998,365,365
DWD-05839-0,1999,365,365
DWD-05839-0,2000,366,366
DWD-05839-0,2001,365,365
DWD-05839-0,2002,365,365
DWD-05839-0,2003,365,365
DWD-05839-0,2004,6,366
DWD-05839-1,1997,184,365
DWD-05839-1,1998,365,365
DWD-05839-1,1999,365,365
DWD-05839-1,2000,366,366
DWD-05839-1,2001,365,365
DWD-05839-1,2002,365,365
DWD-05839-1,2003,365,365
DWD-05839-1,2004,366,366
DWD-05839-1,2005,365,365
DWD-05839-1,2006,102,365
DWD-05839-2,2004,360,366
DWD-05839-2,2005,365,365
DWD-05839-2,2006,102,365
DWD-05839-3,2006,263,365
DWD-05839-3,2007,365,365
DWD-05839-3,2008,366,366
DWD-05839-3,2009,365,365
DWD-05839-3,2010,365,365
DWD-05839-3,2011,269,365
DWD-05839-4,2006,263,365
DWD-05839-4,2007,365,365
DWD-05839-4,2008,366,366
DWD-05839-4,2009,365,365
DWD-05839-4,2010,365,365
DWD-05839-4,2011,365,365
DWD-05839-4,2012,366,366
DWD-05839-4,2013,365,365
DWD-05839-4,2014,365,365
DWD-05839-4,2015,365,365
DWD-05839-4,2016,366,366
DWD-05839-4,2017,365,365
DWD-05839-4,2018,205,365
DWD-05839-5,2011,96,365
DWD-05839-5,2012,366,366
DWD-05839-5,2013,365,365
DWD-05839-5,2014,365,365
DWD-05839-5,2015,365,365
DWD-05839-5,2016,366,366
DWD-05839-5,2017,365,365
DWD-05839-5,2018,365,365
DWD-05839-5,2019,365,365
DWD-05839-5,2020,366,366
DWD-05839-5,2021,365,365
DWD-05839-5,2022,365,365
DWD-05839-5,2023,360,365
DWD-05839-5,2024,366,366
DWD-05839-5,2025,351,365
DWD-05839-6,2018,160,365
DWD-05839-6,2019,365,365
DWD-05839-6,2020,366,366
DWD-05839-6,2021,365,365
DWD-05839-6,2022,365,365
DWD-05839-6,2023,360,365
DWD-05839-6,2024,366,366
DWD-05839-6,2025,351,365
DWD-05924-0,1996,184,366
DWD-05924-0,1997,365,365
DWD-05924-0,1998,365,365
DWD-05924-0,1999,365,365
DWD-05924-0,2000,366,366
DWD-05924-0,2001,365,365
DWD-05924-0,2002,365,365
DWD-05924-0,2003,365,365
DWD-05924-0,2004,182,366
DWD-05930-0,2007,86,365
DWD-05930-1,2007,86,365
DWD-05930-2,2007,98,365
DWD-05930-2,2008,366,366
DWD-05930-2,2009,365,365
DWD-05930-2,2010,365,365
DWD-05930-2,2011,365,365
DWD-05930-2,2012,366,366
DWD-05930-2,2013,365,365
DWD-05930-2,2014,365,365
DWD-05930-2,2015,365,365
DWD-05930-2,2016,366,366
DWD-05930-2,2017,365,365
DWD-05930-2,2018,234,365
DWD-05930-3,2007,98,365
DWD-05930-3,2008,366,366
DWD-05930-3,2009,365,365
DWD-05930-3,2010,365,365
DWD-05930-3,2011,365,365
DWD-05930-3,2012,366,366
DWD-05930-3,2013,365,365
DWD-05930-3,2014,365,365
DWD-05930-3,2015,365,365
DWD-05930-3,2016,366,366
DWD-05930-3,2017,365,365
DWD-05930-3,2018,365,365
DWD-05930-3,2019,176,365
DWD-05930-4,2018,131,365
DWD-05930-4,2019,365,365
DWD-05930-4,2020,366,366
DWD-05930-4,2021,365,365
DWD-05930-4,2022,365,365
DWD-05930-4,2023,360,365
DWD-05930-4,2024,283,366
DWD-05930-5,2019,176,365
DWD-05930-5,2020,366,366
DWD-05930-5,2021,365,365
DWD-05930-5,2022,365,365
DWD-05930-5,2023,360,365
DWD-05930-5,2024,283,366
DWD-05930-6,2024,83,366
DWD-05930-6,2025,364,365
DWD-05930-7,2024,83,366
DWD-05930-7,2025,364,365
DWD-05952-0,1991,365,365
DWD-05952-0,1992,366,366
DWD-05952-0,1993,365,365
DWD-05952-0,1994,365,365
DWD-05952-0,1995,365,365
DWD-05952-0,1996,366,366
DWD-05952-0,1997,365,365
DWD-05952-0,1998,365,365
DWD-05952-0,1999,365,365
DWD-05952-0,2000,366,366
DWD-05952-0,2001,365,365
DWD-05952-0,2002,365,365
DWD-05952-0,2003,365,365
DWD-05952-0,2004,366,366
DWD-05952-0,2005,365,365
DWD-05952-0,2006,181,365
DWD-05952-1,2009,306,365
DWD-05952-1,2010,365,365
DWD-05952-1,2011,365,365
DWD-05952-1,2012,366,366
DWD-05952-1,2013,365,365
DWD-05952-1,2014,365,365
DWD-05952-1,2015,365,365
DWD-05952-1,2016,366,366
DWD-06105-0,1998,214,365
DWD-06105-0,1999,365,365
DWD-06105-0,2000,366,366
DWD-06105-0,2001,365,365
DWD-06105-0,2002,365,365
DWD-06105-0,2003,365,365
DWD-06105-0,2004,121,366
DWD-06105-1,2004,245,366
DWD-06105-1,2005,365,365
DWD-06105-1,2006,365,365
DWD-06105-1,2007,365,365
DWD-06105-1,2008,366,366
DWD-06105-1,2009,365,365
DWD-06105-1,2010,365,365
DWD-06105-1,2011,365,365
DWD-06105-1,2012,366,366
DWD-06105-1,2013,365,365
DWD-06105-1,2014,365,365
DWD-06105-1,2015,365,365
DWD-06105-1,2016,366,366
DWD-06105-1,2017,365,365
DWD-06105-1,2018,207,365
DWD-06105-2,2018,118,365
DWD-06105-2,2019,365,365
DWD-06105-2,2020,366,366
DWD-06105-2,2021,365,365
DWD-06105-2,2022,365,365
DWD-06105-2,2023,365,365
DWD-06105-2,2024,366,366
DWD-06105-2,2025,365,365
DWD-06157-0,1999,334,365
DWD-06157-0,2000,366,366
DWD-06157-0,2001,365,365
DWD-06157-0,2002,365,365
DWD-06157-0,2003,273,365
DWD-06157-0,2004,335,366
DWD-06157-0,2005,365,365
DWD-06157-0,2006,365,365
DWD-06157-0,2007,273,365
DWD-06157-1,2007,92,365
DWD-06157-1,2008,366,366
DWD-06157-1,2009,365,365
DWD-06157-1,2010,365,365
DWD-06157-1,2011,365,365
DWD-06157-1,2012,366,366
DWD-06157-1,2013,365,365
DWD-06157-1,2014,365,365
DWD-06157-1,2015,365,365
DWD-06157-1,2016,366,366
DWD-06157-1,2017,365,365
DWD-06157-1,2018,365,365
DWD-06157-1,2019,232,365
DWD-06157-2,2019,133,365
DWD-06157-2,2020,350,366
DWD-06157-2,2021,354,365
DWD-06157-2,2022,365,365
DWD-06157-2,2023,365,365
DWD-06157-2,2024,366,366
DWD-06157-2,2025,365,365
DWD-06163-0,2006,46,365
DWD-06163-1,2006,91,365
DWD-06163-1,2007,365,365
DWD-06163-1,2008,366,366
DWD-06163-1,2009,365,365
DWD-06163-1,2010,365,365
DWD-06163-1,2011,365,365
DWD-06163-1,2012,366,366
DWD-06163-1,2013,365,365
DWD-06163-1,2014,365,365
DWD-06163-1,2015,365,365
DWD-06163-1,2016,366,366
DWD-06163-1,2017,365,365
DWD-06163-1,2018,364,365
DWD-06163-1,2019,176,365
DWD-06163-2,2006,45,365
DWD-06163-2,2007,365,365
DWD-06163-2,2008,366,366
DWD-06163-2,2009,365,365
DWD-06163-2,2010,365,365
DWD-06163-2,2011,365,365
DWD-06163-2,2012,366,366
DWD-06163-2,2013,365,365
DWD-06163-2,2014,365,365
DWD-06163-2,2015,365,365
DWD-06163-2,2016,366,366
DWD-06163-2,2017,365,365
DWD-06163-2,2018,210,365
DWD-06163-3,2018,154,365
DWD-06163-3,2019,365,365
DWD-06163-3,2020,366,366
DWD-06163-3,2021,365,365
DWD-06163-3,2022,365,365
DWD-06163-3,2023,194,365
DWD-06163-4,2019,184,365
DWD-06163-4,2020,366,366
DWD-06163-4,2021,365,365
DWD-06163-4,2022,365,365
DWD-06163-4,2023,357,365
DWD-06163-4,2024,364,366
DWD-06163-4,2025,364,365
DWD-06163-5,2023,161,365
DWD-06163-5,2024,364,366
DWD-06163-5,2025,364,365
DWD-06165-0,1999,31,365
DWD-06165-0,2000,366,366
DWD-06165-0,2001,365,365
DWD-06165-0,2002,365,365
DWD-06165-0,2003,365,365
DWD-06165-0,2004,366,366
DWD-06165-0,2005,365,365
DWD-06177-0,1999,31,365
DWD-06177-0,2000,366,366
DWD-06177-0,2001,365,365
DWD-06177-0,2002,365,365
DWD-06177-0,2003,365,365
DWD-06177-0,2004,366,366
DWD-06177-0,2005,365,365
DWD-06177-0,2006,365,365
DWD-06177-0,2007,365,365
DWD-06177-0,2008,366,366
DWD-06177-0,2009,365,365
DWD-06177-0,2010,365,365
DWD-06177-0,2011,365,365
DWD-06177-0,2012,366,366
DWD-06177-0,2013,365,365
DWD-06177-0,2014,365,365
DWD-06177-0,2015,365,365
DWD-06177-0,2016,366,366
DWD-06177-0,2017,365,365
DWD-06177-0,2018,365,365
DWD-06177-0,2019,365,365
DWD-06177-0,2020,366,366
DWD-06177-0,2021,365,365
DWD-06177-0,2022,365,365
DWD-06177-0,2023,365,365
DWD-06177-0,2024,366,366
DWD-06177-0,2025,365,365
DWD-07078-0,2004,61,366
DWD-07078-0,2005,365,365
DWD-07078-0,2006,365,365
DWD-07078-0,2007,365,365
DWD-07078-0,2008,366,366
DWD-07078-0,2009,365,365
DWD-07078-0,2010,365,365
DWD-07078-0,2011,365,365
DWD-07078-0,2012,366,366
DWD-07078-0,2013,365,365
DWD-07078-0,2014,365,365
DWD-07078-0,2015,365,365
DWD-07078-0,2016,366,366
DWD-07078-0,2017,365,365
DWD-07078-0,2018,365,365
DWD-07078-0,2019,348,365
DWD-07078-0,2020,169,366
DWD-07078-1,2020,197,366
DWD-07078-1,2021,365,365
DWD-07078-1,2022,365,365
DWD-07078-1,2023,365,365
DWD-07078-1,2024,366,366
DWD-07078-1,2025,365,365
DWD-07298-0,2005,184,365
DWD-07298-0,2006,365,365
DWD-07298-0,2007,365,365
DWD-07298-0,2008,366,366
DWD-07298-0,2009,365,365
DWD-07298-0,2010,365,365
DWD-07298-0,2011,365,365
DWD-07298-0,2012,366,366
DWD-07298-0,2013,365,365
DWD-07298-0,2014,365,365
DWD-07298-0,2015,365,365
DWD-07298-0,2016,366,366
DWD-07298-0,2017,365,365
DWD-07298-0,2018,365,365
DWD-07298-0,2019,115,365
DWD-07298-1,2019,250,365
DWD-07298-1,2020,366,366
DWD-07298-1,2021,365,365
DWD-07298-1,2022,365,365
DWD-07298-1,2023,365,365
DWD-07298-1,2024,366,366
DWD-07298-1,2025,365,365
DWD-07373-0,2006,306,365
DWD-07373-0,2007,365,365
DWD-07373-0,2008,366,366
DWD-07373-0,2009,365,365
DWD-07373-0,2010,365,365
DWD-07373-0,2011,365,365
DWD-07373-0,2012,366,366
DWD-07373-0,2013,365,365
DWD-07373-0,2014,365,365
DWD-07373-0,2015,365,365
DWD-07373-0,2016,366,366
DWD-07373-0,2017,365,365
DWD-07373-0,2018,365,365
DWD-07373-0,2019,365,365
DWD-07373-0,2020,126,366
DWD-07373-1,2020,240,366
DWD-07373-1,2021,365,365
DWD-07373-1,2022,365,365
DWD-07373-1,2023,365,365
DWD-07373-1,2024,366,366
DWD-07373-1,2025,365,365
DWD-07427-0,2007,122,365
DWD-07427-0,2008,366,366
DWD-07427-0,2009,365,365
DWD-07427-0,2010,365,365
DWD-07427-0,2011,365,365
DWD-07427-0,2012,366,366
DWD-07427-0,2013,365,365
DWD-07427-0,2014,365,365
DWD-07427-0,2015,365,365
DWD-07427-0,2016,366,366
DWD-07427-0,2017,365,365
DWD-07427-0,2018,365,365
DWD-07427-0,2019,365,365
DWD-07427-0,2020,119,366
DWD-07427-1,2020,247,366
DWD-07427-1,2021,365,365
DWD-07427-1,2022,365,365
DWD-07427-1,2023,365,365
DWD-07427-1,2024,366,366
DWD-07427-1,2025,365,365
DWD-13687-0,2007,61,365
DWD-13687-0,2008,366,366
DWD-13687-0,2009,365,365
DWD-13687-0,2010,365,365
DWD-13687-0,2011,365,365
DWD-13687-0,2012,357,366
DWD-13687-0,2013,365,365
DWD-13687-0,2014,365,365
DWD-13687-0,2015,365,365
DWD-13687-0,2016,364,366
DWD-13687-0,2017,365,365
DWD-13687-0,2018,365,365
DWD-13687-0,2019,365,365
DWD-13687-0,2020,366,366
DWD-13687-0,2021,293,365
DWD-13687-1,2019,217,365
DWD-13687-1,2020,366,366
DWD-13687-1,2021,365,365
DWD-13687-1,2022,365,365
DWD-13687-1,2023,365,365
DWD-13687-1,2024,366,366
DWD-13687-1,2025,365,365
DWD-13926-0,1991,365,365
DWD-13926-0,1992,366,366
DWD-13926-0,1993,365,365
DWD-13926-0,1994,365,365
DWD-13926-0,1995,365,365
DWD-13926-0,1996,366,366
DWD-13926-0,1997,365,365
DWD-13926-1,1998,365,365
DWD-13926-1,1999,365,365
DWD-13926-1,2000,366,366
DWD-13926-1,2001,365,365
DWD-13926-1,2002,365,365
DWD-13926-1,2003,365,365
DWD-13926-1,2004,366,366
DWD-13926-1,2005,365,365
DWD-13926-1,2006,365,365
DWD-13926-1,2007,365,365
DWD-13926-1,2008,366,366
DWD-13926-1,2009,365,365
DWD-13926-1,2010,365,365
DWD-13926-1,2011,365,365
DWD-13926-1,2012,366,366
DWD-13926-1,2013,365,365
DWD-13926-1,2014,365,365
DWD-13926-1,2015,365,365
DWD-13926-1,2016,366,366
DWD-13926-1,2017,365,365
DWD-13926-1,2018,365,365
DWD-13926-1,2019,212,365
DWD-14001-0,2009,245,365
DWD-14001-0,2010,181,365
DWD-15147-0,2012,245,366
DWD-15147-0,2013,365,365
DWD-15147-0,2014,365,365
DWD-15147-0,2015,363,365
DWD-15147-0,2016,365,366
DWD-15147-0,2017,365,365
DWD-15147-0,2018,365,365
DWD-15147-0,2019,365,365
DWD-15147-0,2020,366,366
DWD-15147-0,2021,365,365
DWD-15147-0,2022,365,365
DWD-15147-0,2023,365,365
DWD-15147-0,2024,366,366
DWD-15147-0,2025,365,365
DWD-15518-0,2015,184,365
DWD-15518-0,2016,366,366
DWD-15518-0,2017,365,365
DWD-15518-0,2018,365,365
DWD-15518-0,2019,359,365
DWD-15518-0,2020,366,366
DWD-15518-0,2021,273,365
DWD-15518-1,2021,92,365
DWD-15518-1,2022,365,365
DWD-15518-1,2023,365,365
DWD-15518-1,2024,366,366
DWD-15518-1,2025,365,365
DWD-15553-0,2016,275,366
DWD-15553-0,2017,365,365
DWD-15553-0,2018,365,365
DWD-15553-0,2019,365,365
DWD-15553-0,2020,366,366
DWD-15553-0,2021,365,365
DWD-15553-0,2022,365,365
DWD-15553-0,2023,365,365
DWD-15553-0,2024,366,366
DWD-15553-0,2025,365,365
DWD-15994-0,2018,92,365
DWD-15994-0,2019,365,365
DWD-15994-0,2020,366,366
DWD-15994-0,2021,365,365
DWD-15994-0,2022,365,365
DWD-15994-0,2023,365,365
DWD-15994-0,2024,366,366
DWD-15994-0,2025,365,365
DWD-16086-0,2018,92,365
DWD-16086-0,2019,365,365
DWD-16086-0,2020,366,366
DWD-16086-0,2021,365,365
DWD-16086-0,2022,365,365
DWD-16086-0,2023,365,365
DWD-16086-0,2024,360,366
DWD-16086-0,2025,347,365
DWD-19123-0,2019,184,365
DWD-19123-0,2020,366,366
DWD-19123-0,2021,365,365
DWD-19123-0,2022,365,365
DWD-19123-0,2023,365,365
DWD-19123-0,2024,366,366
DWD-19123-0,2025,352,365
DWD-19171-0,2020,122,366
DWD-19171-0,2021,365,365
DWD-19171-0,2022,365,365
DWD-19171-0,2023,365,365
DWD-19171-0,2024,366,366
DWD-19171-0,2025,365,365
DWD-19172-0,2020,122,366
DWD-19172-0,2021,365,365
DWD-19172-0,2022,365,365
DWD-19172-0,2023,365,365
DWD-19172-0,2024,366,366
DWD-19172-0,2025,365,365
DWD-19193-0,2020,306,366
DWD-19193-0,2021,365,365
DWD-19193-0,2022,365,365
DWD-19193-0,2023,365,365
DWD-19193-0,2024,366,366
DWD-19193-0,2025,365,365
DWD-19207-0,2023,275,365
DWD-19207-0,2024,366,366
DWD-19207-0,2025,365,365
DWD-19307-1,1991,365,365
DWD-19307-1,1992,366,366
DWD-19307-1,1993,365,365
DWD-19307-1,1994,365,365
DWD-19307-1,1995,365,365
DWD-19307-1,1996,366,366
DWD-19307-1,1997,365,365
DWD-19307-1,1998,365,365
DWD-19307-1,1999,365,365
DWD-19307-1,2000,366,366
DWD-19307-1,2001,365,365
DWD-19307-1,2002,365,365
DWD-19307-1,2003,365,365
DWD-19307-1,2004,366,366
DWD-19307-1,2005,151,365
DWD-19578-0,2023,365,365
DWD-19578-0,2024,366,366
DWD-19578-0,2025,365,365
DWD-19995-0,2024,153,366
DWD-19995-0,2025,365,365
