url,bytes,sha256
https://opendata.dwd.de/climate_environment/CDC/observations_germany/climate/daily/more_precip/,972,41132c4eabc040bb95dbe9e10f8b5c9932e1e5524f7f40c8751a22c91f345427
https://opendata.dwd.de/climate_environment/CDC/observations_germany/climate/daily/more_precip/BESCHREIBUNG_obsgermany-climate-daily-more_precip_de.pdf,31365,3cc4c4a642f89c51631723f56f35c8a20ccba9bd9116a186a2e0beb9d3d3f664
https://opendata.dwd.de/climate_environment/CDC/observations_germany/climate/daily/more_precip/DESCRIPTION_obsgermany-climate-daily-more_precip_en.pdf,29826,4b1ba74d4115bef5ed55d78a78e73f436df18732b93f7047ea67a04a43384991
https://opendata.dwd.de/climate_environment/CDC/observations_germany/climate/daily/more_precip/historical/,948471,32e5d7cdf8b4cb4d81135eb8b157ae630ed764ad723d9e3a1b5fff147a3525c5
https://opendata.dwd.de/climate_environment/CDC/observations_germany/climate/daily/more_precip/historical/RR_Tageswerte_Beschreibung_Stationen.txt,6641481,35c1650c1e3413e7e702ffbcb0cb0d11dfee3183e44c6eddac3de56105611ad5
https://opendata.dwd.de/climate_environment/CDC/observations_germany/climate/daily/more_precip/historical/tageswerte_RR_00052_19730101_20011231_hist.zip,48212,a020df3dbe3755d7db49143a2cf2ec89bb04a024809ce7c6f5086c16350a5533
https://opendata.dwd.de/climate_environment/CDC/observations_germany/climate/daily/more_precip/historical/tageswerte_RR_00066_19290401_20050430_hist.zip,114837,a4d0f59e89651f9e5e1ab313c7545e2cb95644480737b33c278a42d076ce9a31
https://opendata.dwd.de/climate_environment/CDC/observations_germany/climate/daily/more_precip/historical/tageswerte_RR_00094_19690101_20051231_hist.zip,27219,9259e4b297af3c6eaf52584b324c18bea9a2b20a6bbe4f04c47a97831cce0712
https://opendata.dwd.de/climate_environment/CDC/observations_germany/climate/daily/more_precip/historical/tageswerte_RR_00119_19510101_20051231_hist.zip,57493,28e30fa9ae8a475063b36a9436c3811d4c02360686cfc0e054e20dbd7aa3b5d2
https://opendata.dwd.de/climate_environment/CDC/observations_germany/climate/daily/more_precip/historical/tageswerte_RR_00199_18900101_20061231_hist.zip,164034,05958154ab0dafd6b4fecca6883f9e2b60c2f7a573904f18d1a9972d6de291f5
https://opendata.dwd.de/climate_environment/CDC/observations_germany/climate/daily/more_precip/historical/tageswerte_RR_00243_19410101_20061231_hist.zip,87979,4c0df77892d38746528269abb84e064baaabf5d6a20dfe515fe38be76eb5843b
https://opendata.dwd.de/climate_environment/CDC/observations_germany/climate/daily/more_precip/historical/tageswerte_RR_00244_19610101_20061231_hist.zip,49131,6edfc9440fd421cf39d73e0c133b64798878fb0e9bfcfa137fad9ccf5619c5fd
https://opendata.dwd.de/climate_environment/CDC/observations_germany/climate/daily/more_precip/historical/tageswerte_RR_00245_19710101_20251231_hist.zip,81904,55b81106a8338231dacf33db4a519252a27655753a380ad105365ff478a6e0ae
https://opendata.dwd.de/climate_environment/CDC/observations_germany/climate/daily/more_precip/historical/tageswerte_RR_00289_18910501_20251231_hist.zip,199696,18d5f31f409366c9898f95a941e7315ca3fcad7c3b99a3ceb0314156f5aac0ba
https://opendata.dwd.de/climate_environment/CDC/observations_germany/climate/daily/more_precip/historical/tageswerte_RR_00291_19111001_20031231_hist.zip,114563,eceed3803c408ef4868947dbcfc3ad2d986af4fce493e0eca06038e78f05f5f6
https://opendata.dwd.de/climate_environment/CDC/observations_germany/climate/daily/more_precip/historical/tageswerte_RR_00297_19740101_20020331_hist.zip,43136,c03ca06efb46541ec58811824ad34e7b146efe9f66097a2e71f652bd8d4f160c
https://opendata.dwd.de/climate_environment/CDC/observations_germany/climate/daily/more_precip/historical/tageswerte_RR_00298_19760101_20251231_hist.zip,89498,f4d053016023fbd427198228865078a4ba034b1f81195ed546dbc18ed07fe581
https://opendata.dwd.de/climate_environment/CDC/observations_germany/climate/daily/more_precip/historical/tageswerte_RR_00304_19310101_20011231_hist.zip,103131,f41f1a0d9c981fd0b4baa88a3ef8effaa75b8cac7df37ab79d41afc18ff94f6e
https://opendata.dwd.de/climate_environment/CDC/observations_germany/climate/daily/more_precip/historical/tageswerte_RR_00312_19690101_20251231_hist.zip,86669,8e0bcf03a8d68a4c27ad083eb3a333d7ddb7ed7a9e2275d7dfa5ee8e7d39b5c2
https://opendata.dwd.de/climate_environment/CDC/observations_germany/climate/daily/more_precip/historical/tageswerte_RR_00327_18931101_19961031_hist.zip,140515,88e9a4257e726b3e0e18eb77ef32c7782315c64255dc347dc31dedc93c807426
https://opendata.dwd.de/climate_environment/CDC/observations_germany/climate/daily/more_precip/historical/tageswerte_RR_00462_19410101_20061231_hist.zip,98305,1c41f8e72c7b0f9c2b7a0c57ea3ffeac62e323d6a1d252bbea0f2fbfe0e93b16
https://opendata.dwd.de/climate_environment/CDC/observations_germany/climate/daily/more_precip/historical/tageswerte_RR_00529_19460101_20170630_hist.zip,112648,f0ac030c10a75c14d13dbf177c7da720fa95e388d626e4095dc0d436e8ee6f00
https://opendata.dwd.de/climate_environment/CDC/observations_germany/climate/daily/more_precip/historical/tageswerte_RR_00561_19850201_20251231_hist.zip,69942,44adff19f377c21abb78c7ef1a1967b3589279ddf30696b404f2a1ecfb35387a
https://opendata.dwd.de/climate_environment/CDC/observations_germany/climate/daily/more_precip/historical/tageswerte_RR_00580_19690101_20031231_hist.zip,53504,846c6f02cbb534397ff51e9aa6b6e5b861c962a8ec99eb61b9d00c24d92229c9
https://opendata.dwd.de/climate_environment/CDC/observations_germany/climate/daily/more_precip/historical/tageswerte_RR_00581_19690101_20150630_hist.zip,75621,7e0ae1a0ba350e1ffdfdce7fa20377abdeac6c843f3cef6ab630d2a58a106a1d
https://opendata.dwd.de/climate_environment/CDC/observations_germany/climate/daily/more_precip/historical/tageswerte_RR_00590_19460901_20250131_hist.zip,117897,92d955b3465d90d59a169465cf4d4145f8af1b1fbc846ed96517fa4618ecc0b8
https://opendata.dwd.de/climate_environment/CDC/observations_germany/climate/daily/more_precip/historical/tageswerte_RR_00591_18880604_20251231_hist.zip,187683,b2631c9d09a93afd1259ec17f3aa059b44c86480fb7e001cb5ecbb5e689739fd
https://opendata.dwd.de/climate_environment/CDC/observations_germany/climate/daily/more_precip/historical/tageswerte_RR_00596_18880101_20251231_hist.zip,186677,63f7e79bbefcb11e0bdc6bdf3b7b26b646995336eaceabcc0f2a8bac5cb59b2d
https://opendata.dwd.de/climate_environment/CDC/observations_germany/climate/daily/more_precip/historical/tageswerte_RR_00611_18910501_20251231_hist.zip,210857,467dc3bf43211e863bc62840dd8f10f5e6c555670ee373cee3c1c649f9a0c414
https://opendata.dwd.de/climate_environment/CDC/observations_germany/climate/daily/more_precip/historical/tageswerte_RR_00619_19410101_20060228_hist.zip,104429,2efc43863c1f66546a3e3f1cd403d848914fcda654ea290cf41049fca6e52c19
https://opendata.dwd.de/climate_environment/CDC/observations_germany/climate/daily/more_precip/historical/tageswerte_RR_00625_18910607_20071231_hist.zip,173805,50c71e0b2b7da85d6e486b5e8719d79bead2f5d4e892375350a9bc4cc468b005
https://opendata.dwd.de/climate_environment/CDC/observations_germany/climate/daily/more_precip/historical/tageswerte_RR_00628_19740101_20251231_hist.zip,84829,66e9b5d837105b29ba7decf4074c3680b067a355ffeb635f9a5734cc0f14a1cb
https://opendata.dwd.de/climate_environment/CDC/observations_germany/climate/daily/more_precip/historical/tageswerte_RR_00629_19610101_20061231_hist.zip,24764,b54139a84b938352862956c85aa820e50b17f5be903d5314ee93c16106401488
https://opendata.dwd.de/climate_environment/CDC/observations_germany/climate/daily/more_precip/historical/tageswerte_RR_00642_19660101_19931031_hist.zip,50014,d144e741f52326cea6307f555637f597e552c1d359182903016a220ba22466b3
https://opendata.dwd.de/climate_environment/CDC/observations_germany/climate/daily/more_precip/historical/tageswerte_RR_00646_18910501_20070531_hist.zip,170377,64d01c66e900c57ebc2c5523d7f99fd44329cf1634200beecd58937b1ba20085
https://opendata.dwd.de/climate_environment/CDC/observations_germany/climate/daily/more_precip/historical/tageswerte_RR_00648_19630501_20061231_hist.zip,70835,2812724dc5760368b05b4bb8d6a9ed01d6bb045bc3479a6553a32f0f02e71937
https://opendata.dwd.de/climate_environment/CDC/observations_germany/climate/daily/more_precip/historical/tageswerte_RR_00664_19310101_20061231_hist.zip,123845,0e15ab6c145b47d11383621d9c31d8bd9e4433fb1bfa00770bfa5523a9d76e3a
https://opendata.dwd.de/climate_environment/CDC/observations_germany/climate/daily/more_precip/historical/tageswerte_RR_00671_18910515_20061231_hist.zip,169187,570f914cf075991284fb635f97291b17d5e85578f801a2787a26233433f05c8d
https://opendata.dwd.de/climate_environment/CDC/observations_germany/climate/daily/more_precip/historical/tageswerte_RR_00688_18910501_20061231_hist.zip,119346,7e9ad68feb4f0b673c2175d9de6781f4e1736cf0f64bcdee0781c72599948220
https://opendata.dwd.de/climate_environment/CDC/observations_germany/climate/daily/more_precip/historical/tageswerte_RR_00701_19490101_20251231_hist.zip,126010,ac9e6c56987f38d66f9a32edbf4216b26794e4ca38c1e6c117343c3ab54e63be
https://opendata.dwd.de/climate_environment/CDC/observations_germany/climate/daily/more_precip/historical/tageswerte_RR_00704_19980101_20251231_hist.zip,53783,96fc240ddc6537f686ad31b2e5a80227bbd09cf78ce08f4dede00c0df90a8843
https://opendata.dwd.de/climate_environment/CDC/observations_germany/climate/daily/more_precip/historical/tageswerte_RR_00705_19850601_20061231_hist.zip,35996,b1c7fa73290a878d415b0df90fa176831b9f530f9eabc35054cfe76dc2a51d34
https://opendata.dwd.de/climate_environment/CDC/observations_germany/climate/daily/more_precip/historical/tageswerte_RR_00726_18980901_20001231_hist.zip,137718,e9db04eeb475687e6cd942f7b856a19e28e6109e29198e4ebc9322158bc08023
https://opendata.dwd.de/climate_environment/CDC/observations_germany/climate/daily/more_precip/historical/tageswerte_RR_00741_18880501_20251231_hist.zip,194150,8ec14889f9e5b063e47cb9b1698831f125fb9f7aadde013d432521216dd44a00
https://opendata.dwd.de/climate_environment/CDC/observations_germany/climate/daily/more_precip/historical/tageswerte_RR_00747_19310101_20251231_hist.zip,144270,6f696bc13439db17fbc09a651080468d697f66c62cc7096adee833aa622bc728
https://opendata.dwd.de/climate_environment/CDC/observations_germany/climate/daily/more_precip/historical/tageswerte_RR_00750_19871001_20061231_hist.zip,32174,5f3c334e39a463dc9d6aeb521171a013315097ac40878562759ed1f15c58200b
https://opendata.dwd.de/climate_environment/CDC/observations_germany/climate/daily/more_precip/historical/tageswerte_RR_00760_19760601_20251231_hist.zip,68611,41d3a4c90622aedf129f0d1000d5d1c26f9dce25c7684ebde08086d64fbbd279
https://opendata.dwd.de/climate_environment/CDC/observations_germany/climate/daily/more_precip/historical/tageswerte_RR_00761_19900401_20031231_hist.zip,20138,0f708fe48954f02cb5fca1da538edf39f4ee4fe2e2af146dbf1cc02150a941f4
https://opendata.dwd.de/climate_environment/CDC/observations_germany/climate/daily/more_precip/historical/tageswerte_RR_00787_19610101_19910630_hist.zip,45090,4c5f391c2ff3c2c5efb99239614dcb461a691f6d3df778f157f04941feb2c7d4
https://opendata.dwd.de/climate_environment/CDC/observations_germany/climate/daily/more_precip/historical/tageswerte_RR_00788_18910501_20061231_hist.zip,91587,e5f5c1ca39a83f429c7c1aa3e01234728ca1c77cdb322dadab9bfc7fced50745
https://opendata.dwd.de/climate_environment/CDC/observations_germany/climate/daily/more_precip/historical/tageswerte_RR_00791_19510101_20251231_hist.zip,118743,75e316b791b5cfe4c2042563059926a89a25b3d4f90884c41e2f21eadbdf4072
https://opendata.dwd.de/climate_environment/CDC/observations_germany/climate/daily/more_precip/historical/tageswerte_RR_00792_19750101_19990831_hist.zip,40651,d6ad30e77d0f07bcf8b6c05f6b8d62c998c7402ee6ef8d88b8c55382c665c30d
https://opendata.dwd.de/climate_environment/CDC/observations_germany/climate/daily/more_precip/historical/tageswerte_RR_00794_18910501_20061231_hist.zip,132056,1a9c0f6b9600a735af1fd1b39cdf6ca497959ba79f5ce09c90c4f8cb744e5cf0
https://opendata.dwd.de/climate_environment/CDC/observations_germany/climate/daily/more_precip/historical/tageswerte_RR_00799_19790101_19960331_hist.zip,29159,4fc6403255ffe26387d26d7e7c790025397cde4bd1fbe03e8f4a730a9b19ac68
https://opendata.dwd.de/climate_environment/CDC/observations_germany/climate/daily/more_precip/historical/tageswerte_RR_00827_19030403_20251231_hist.zip,162977,12c68cfc4537934c230b82da048c14dda4d5b4c9a931c293f233a635c7b0c57d
https://opendata.dwd.de/climate_environment/CDC/observations_germany/climate/daily/more_precip/historical/tageswerte_RR_00839_19740101_20251231_hist.zip,73296,267589f8c465d4643d4ad973ec3e6ffb490a4bc933c62e2bb40250fe3c2b1ce3
https://opendata.dwd.de/climate_environment/CDC/observations_germany/climate/daily/more_precip/historical/tageswerte_RR_00889_19690101_20180131_hist.zip,78542,fc205562993a9c0604a51594af2eafa5c5ee4981d6c80e17cd1ce96f789d11d8
https://opendata.dwd.de/climate_environment/CDC/observations_germany/climate/daily/more_precip/historical/tageswerte_RR_00891_19460101_20251231_hist.zip,133027,8245b34effae9566e0b3e54fbe27f5351dfc3a513f89fda3b011a28896249134
https://opendata.dwd.de/climate_environment/CDC/observations_germany/climate/daily/more_precip/historical/tageswerte_RR_00892_18951020_20061231_hist.zip,115572,7de4d5468703ac96e2f69e81564989b4fe438b63bfc506a3343ebed2b9628888
https://opendata.dwd.de/climate_environment/CDC/observations_germany/climate/daily/more_precip/historical/tageswerte_RR_00893_19690101_20251231_hist.zip,89619,ce4abbcffda9246d7d7ea11f02a755654d9d1cba513d3aab103f287541578b30
https://opendata.dwd.de/climate_environment/CDC/observations_germany/climate/daily/more_precip/historical/tageswerte_RR_00900_19410101_20061231_hist.zip,97305,104e9c34a7d4bf1c90406b184bc941102762b83008bbf286db5b2cacb2ac5285
https://opendata.dwd.de/climate_environment/CDC/observations_germany/climate/daily/more_precip/historical/tageswerte_RR_00915_18880101_20001231_hist.zip,123590,1106bf3dddcc95066858dee1d04cb5a2858134d1b94d73ba21c0cab01c89d0ce
https://opendata.dwd.de/climate_environment/CDC/observations_germany/climate/daily/more_precip/historical/tageswerte_RR_00939_19140101_20251231_hist.zip,159723,9cd5c95186dce5e619a2cd3815962f53a3abb9675f672e8c19084b9ee2e1b61c
https://opendata.dwd.de/climate_environment/CDC/observations_germany/climate/daily/more_precip/historical/tageswerte_RR_00946_19690101_20051231_hist.zip,58099,c11278571693bf3f317f3842b3e27ad5c23a7d98c54ab8fa0e247c91fdf1bd89
https://opendata.dwd.de/climate_environment/CDC/observations_germany/climate/daily/more_precip/historical/tageswerte_RR_00968_19690101_20031231_hist.zip,20375,cf837773d9762b2781fc2fe5b3e0b3ab29a95185d7fc6e5eae1b4f557da1d344
https://opendata.dwd.de/climate_environment/CDC/observations_germany/climate/daily/more_precip/historical/tageswerte_RR_00999_18940501_20051231_hist.zip,160591,aee9852a68f9c8b911ae5730699f57d76d6b06f815d3e516c6ba232eee1314b1
https://opendata.dwd.de/climate_environment/CDC/observations_germany/climate/daily/more_precip/historical/tageswerte_RR_01000_19690101_19970831_hist.zip,46559,ffa100d58c053eff25716591c85ebf8d7485fd19090908011f539172caf20b1e
https://opendata.dwd.de/climate_environment/CDC/observations_germany/climate/daily/more_precip/historical/tageswerte_RR_01016_19410101_20251231_hist.zip,128119,49c6a36a1709ec4eb9fc0df000064591704632446cc3c894906cd4e7864f50f5
https://opendata.dwd.de/climate_environment/CDC/observations_germany/climate/daily/more_precip/historical/tageswerte_RR_01017_19760101_20051231_hist.zip,47222,4bdd5113895f53b86cf75cdf35a45bc471f619dc3a0821b0e7f364fe1f0d79be
https://opendata.dwd.de/climate_environment/CDC/observations_germany/climate/daily/more_precip/historical/tageswerte_RR_01030_19510101_20251231_hist.zip,107815,e881cdb76de0c56c6d70f4344730869520396245f7b7ac37f4b7f52d1e9be439
https://opendata.dwd.de/climate_environment/CDC/observations_germany/climate/daily/more_precip/historical/tageswerte_RR_01056_19510101_20251231_hist.zip,117810,4be1f29c20dc1045000079bec36b139c0b7b1c274a40e901d8b87243c57563b4
https://opendata.dwd.de/climate_environment/CDC/observations_germany/climate/daily/more_precip/historical/tageswerte_RR_01115_18910501_20061231_hist.zip,123706,df6dd39096ce9c926556841f59b6641d09bc0127aec9f0c72d7d325d8f7889db
https://opendata.dwd.de/climate_environment/CDC/observations_germany/climate/daily/more_precip/historical/tageswerte_RR_01130_19790101_20251231_hist.zip,79634,9c7bf1b68913bba60508ca9f874d10835a52bd56406dfe2a5050e4a4a51e4136
https://opendata.dwd.de/climate_environment/CDC/observations_germany/climate/daily/more_precip/historical/tageswerte_RR_01189_19780101_20061231_hist.zip,46167,49c61cfd56dca9908adea6167d48a1f2f86964b90d254b6101a463ab1bd1929c
https://opendata.dwd.de/climate_environment/CDC/observations_germany/climate/daily/more_precip/historical/tageswerte_RR_01199_19740101_19981231_hist.zip,40870,9c0aa4756e35179f2a585e65525261c637638d530151947a1f6ac3606c19705c
https://opendata.dwd.de/climate_environment/CDC/observations_germany/climate/daily/more_precip/historical/tageswerte_RR_01200_20060201_20251231_hist.zip,39369,6e8207aa50acf70ee80278e14167320ae6c4c09a77850366a0dd741aced3764b
https://opendata.dwd.de/climate_environment/CDC/observations_germany/climate/daily/more_precip/historical/tageswerte_RR_01219_19470101_19970630_hist.zip,52599,1ff5f91cc6985b930e054d22fe60905334278f324d21a9790a1b85c2fd8bf00f
https://opendata.dwd.de/climate_environment/CDC/observations_germany/climate/daily/more_precip/historical/tageswerte_RR_01220_19310101_20061231_hist.zip,44961,7b42baba2e7487608c68d9e337fcbfd37bcd1170505a35881bec0704e1faae16
https://opendata.dwd.de/climate_environment/CDC/observations_germany/climate/daily/more_precip/historical/tageswerte_RR_01266_18910623_20251231_hist.zip,164232,c4cd537b2e63cd4e78e515487306914723191fded3715c9e55c9aa1e0dfb2237
https://opendata.dwd.de/climate_environment/CDC/observations_germany/climate/daily/more_precip/historical/tageswerte_RR_01299_19410101_19991031_hist.zip,46003,4c951e14337a897a53b7963bd1464ec67ffa285210ccd82a507ac5ac549f53fa
https://opendata.dwd.de/climate_environment/CDC/observations_germany/climate/daily/more_precip/historical/tageswerte_RR_01329_19310101_20031231_hist.zip,115569,a24c9fdef792f24722573f5e887143bcf782b1f5b2351517da4555829aff9068
https://opendata.dwd.de/climate_environment/CDC/observations_germany/climate/daily/more_precip/historical/tageswerte_RR_01362_19740101_20051231_hist.zip,20445,bb34cd649b905b68a11985031f53ef5ad3987eb09eea0fcbd9b3094fc66f2748
https://opendata.dwd.de/climate_environment/CDC/observations_germany/climate/daily/more_precip/historical/tageswerte_RR_01376_19610101_20171231_hist.zip,93732,8f4d4ee9db7140b96f467206e751ec0b8861a38bdf669f817843cf4b086a0b0a
https://opendata.dwd.de/climate_environment/CDC/observations_germany/climate/daily/more_precip/historical/tageswerte_RR_01378_19850701_20061231_hist.zip,36976,ebda0ef5a4bacb871b326aa5422fb621432506d09881b0ecfcde87c53fc8b081
https://opendata.dwd.de/climate_environment/CDC/observations_germany/climate/daily/more_precip/historical/tageswerte_RR_01379_19570101_20061231_hist.zip,85724,47aebb89a625fb52d3960500fc98fcd2f810d3879b39268cc78a791f7ee817c0
https://opendata.dwd.de/climate_environment/CDC/observations_germany/climate/daily/more_precip/historical/tageswerte_RR_01394_19781001_19950331_hist.zip,15370,0f5cc5a4fdeba341b244315b590ebfbbd75bce8f1ee180bfed2eea91a12fc5dc
https://opendata.dwd.de/climate_environment/CDC/observations_germany/climate/daily/more_precip/historical/tageswerte_RR_01429_18970501_20251231_hist.zip,137479,3cdaa8b31f107909844c5c50420ad6eb5e5d5c29b2cc2ae6d4262d90f9c01437
https://opendata.dwd.de/climate_environment/CDC/observations_germany/climate/daily/more_precip/historical/tageswerte_RR_01451_19701101_20251231_hist.zip,91550,4fdc945fa284765b27ac26e0b51ed2d15af0d4b25705cda1bbfd7713bc3571b0
https://opendata.dwd.de/climate_environment/CDC/observations_germany/climate/daily/more_precip/historical/tageswerte_RR_01480_18931101_20061231_hist.zip,102013,aa5c3ac55b68e2c10c98c5616e57bcdfc94bdaee001f5a2570c5da42f4c8a5db
https://opendata.dwd.de/climate_environment/CDC/observations_germany/climate/daily/more_precip/historical/tageswerte_RR_01494_18901115_20251231_hist.zip,167823,e8f0def4640f6184c0add528cb119a52cac7ff33dfae2ddb6bdc7e0773425ea1
https://opendata.dwd.de/climate_environment/CDC/observations_germany/climate/daily/more_precip/historical/tageswerte_RR_01495_19690101_20251231_hist.zip,89029,25698d2352400c7a78784ef117fc16552523500e65a9015e33ec500b3715a99e
https://opendata.dwd.de/climate_environment/CDC/observations_germany/climate/daily/more_precip/historical/tageswerte_RR_01496_18910601_20030831_hist.zip,132158,504aba068e2565d8344cee026729551c503b5ad74680cc078e1649809c8cf192
https://opendata.dwd.de/climate_environment/CDC/observations_germany/climate/daily/more_precip/historical/tageswerte_RR_01532_18880101_20051231_hist.zip,167028,a2787724dce85664054fe312dfc000a7c659279a2e49dc0aa705be39544d51ab
https://opendata.dwd.de/climate_environment/CDC/observations_germany/climate/daily/more_precip/historical/tageswerte_RR_01543_19510101_20051231_hist.zip,70604,b424d2ea77d1c67eba144b1d565062870bb4333311c6d6ec2cd05412bd30af63
https://opendata.dwd.de/climate_environment/CDC/observations_germany/climate/daily/more_precip/historical/tageswerte_RR_01546_19610101_20251231_hist.zip,102304,fa96b3f2eaa62706163ce68a868b5af11729f5b98a36b1430474a68695dc6283
https://opendata.dwd.de/climate_environment/CDC/observations_germany/climate/daily/more_precip/historical/tageswerte_RR_01562_19410101_20061231_hist.zip,37814,b52fa55369e99c4a0eec8066973c7dffe11631b95eadfe76e9a9050843ef6a25
https://opendata.dwd.de/climate_environment/CDC/observations_germany/climate/daily/more_precip/historical/tageswerte_RR_01665_18970901_20061231_hist.zip,147637,070de6d4d8b296bac64147febb6255b884741557834dff0503bb4efb23adbf3f
https://opendata.dwd.de/climate_environment/CDC/observations_germany/climate/daily/more_precip/historical/tageswerte_RR_01666_19880401_20251231_hist.zip,63296,c54350908cc8eb49de15aa1ed56a8d2024753fb8ff455d7d7031608ef66f62f4
https://opendata.dwd.de/climate_environment/CDC/observations_germany/climate/daily/more_precip/historical/tageswerte_RR_01667_18970601_20210723_hist.zip,185943,e410bc1323e30e2d5b66bee793e3124c53eb0dc92f94b7ff8160a02827e8d552
https://opendata.dwd.de/climate_environment/CDC/observations_germany/climate/daily/more_precip/historical/tageswerte_RR_01668_19810801_19981231_hist.zip,29328,823ee1aa647998f620aa02a32805517e9be44e052b5cca87c6c9d05d8166dbd5
https://opendata.dwd.de/climate_environment/CDC/observations_germany/climate/daily/more_precip/historical/tageswerte_RR_01669_19690101_20251231_hist.zip,87189,b4a31adf434d88d1a88c4d7e894533621756cb22b4aef1534d1b9964ec570f7e
https://opendata.dwd.de/climate_environment/CDC/observations_germany/climate/daily/more_precip/historical/tageswerte_RR_01671_19710101_20061231_hist.zip,18339,c90f0f15181c22d1a6b580490c976f9c582d25a3d4750b40ae36f39176c6b6ad
https://opendata.dwd.de/climate_environment/CDC/observations_germany/climate/daily/more_precip/historical/tageswerte_RR_01694_18880101_20251231_hist.zip,206955,866eebce7af73e94e609ad3e270142b7f12220bf7b8b66e2e7846feed227ce87
https://opendata.dwd.de/climate_environment/CDC/observations_germany/climate/daily/more_precip/historical/tageswerte_RR_01714_18950101_20251231_hist.zip,171847,05f145e7c420f176d857f8ea76d74193c02d806a94532a2641b9b686142321b2
https://opendata.dwd.de/climate_environment/CDC/observations_germany/climate/daily/more_precip/historical/tageswerte_RR_01719_19700101_20051231_hist.zip,54792,17c0869505673e63cf8b71220dbc18e5cbd04e8418a870cf51c4caa0bd63c4c2
https://opendata.dwd.de/climate_environment/CDC/observations_germany/climate/daily/more_precip/historical/tageswerte_RR_01736_19510101_20251231_hist.zip,107768,2d7ed96d2def4804a3f7786a83b78759149893616f9786c67ec12c9b471b38a8
https://opendata.dwd.de/climate_environment/CDC/observations_germany/climate/daily/more_precip/historical/tageswerte_RR_01741_19690701_20111231_hist.zip,54224,d506d15eeaad5cb877b2632f24bf215cd3a258bae6bbc34914dcb5fb0564f649
https://opendata.dwd.de/climate_environment/CDC/observations_germany/climate/daily/more_precip/historical/tageswerte_RR_01767_19510101_20051231_hist.zip,57371,19afc783b285288a20c2f5113df5ed20b751b5310ebe218e03edf985522f9141
https://opendata.dwd.de/climate_environment/CDC/observations_germany/climate/daily/more_precip/historical/tageswerte_RR_01769_19071101_20251231_hist.zip,156564,7796898a0c04f8445a4722d5ac91509887252a9b31fc07ea64814f9b0689e54c
https://opendata.dwd.de/climate_environment/CDC/observations_germany/climate/daily/more_precip/historical/tageswerte_RR_01787_19610101_20061231_hist.zip,70659,66f180970d40e388a156a42b2e202e68af4bb885790135f6a8e0838a09d613c5
https://opendata.dwd.de/climate_environment/CDC/observations_germany/climate/daily/more_precip/historical/tageswerte_RR_01795_19690101_19910131_hist.zip,36337,4e93c9bcd14439be23f0f05f0673a20f73ae20713efe0070544b93f415d5631e
https://opendata.dwd.de/climate_environment/CDC/observations_germany/climate/daily/more_precip/historical/tageswerte_RR_01799_19690101_20180630_hist.zip,78127,d451878a3b14d5139cedcf683bff6016452052c79807b6334a556013f444bfd9
https://opendata.dwd.de/climate_environment/CDC/observations_germany/climate/daily/more_precip/historical/tageswerte_RR_01800_19690101_20011231_hist.zip,32751,8f310610ce44fffb63daa049c4015a6daa7af2fd3153c2f52d4b6f092c116b8c
https://opendata.dwd.de/climate_environment/CDC/observations_germany/climate/daily/more_precip/historical/tageswerte_RR_01803_19490701_20251231_hist.zip,121739,491c282b7d0c9e40a020317cc3efeeddf8d8af9b027507ac2b6b23d0704457c7
https://opendata.dwd.de/climate_environment/CDC/observations_germany/climate/daily/more_precip/historical/tageswerte_RR_01806_19690101_20110930_hist.zip,27548,c29d07af44897828a99197abd944ad09ec49aafae042e1ba3e817471401525a8
https://opendata.dwd.de/climate_environment/CDC/observations_germany/climate/daily/more_precip/historical/tageswerte_RR_01813_19171101_20251231_hist.zip,174697,09ea0cd745ca081c40a370975ea2d08dd91b928882c6b30396beb2b2c5bdd72a
https://opendata.dwd.de/climate_environment/CDC/observations_germany/climate/daily/more_precip/historical/tageswerte_RR_01824_19310101_20061231_hist.zip,112432,6962c4320166e249986f6eb69020e620fb414608ccc5e3a5e9b426c5dc015c37
https://opendata.dwd.de/climate_environment/CDC/observations_germany/climate/daily/more_precip/historical/tageswerte_RR_01825_19760101_20051231_hist.zip,43376,07dfc3f99eb760a2f50bca9b6b81b9463b0dd7464cf344dcae0eb2fafa84d1b7
https://opendata.dwd.de/climate_environment/CDC/observations_germany/climate/daily/more_precip/historical/tageswerte_RR_01827_19150501_20251231_hist.zip,168570,e01f89823aae055ff59f2a1f22efd87eb022c74d7c777afe6af12ef247e1599f
https://opendata.dwd.de/climate_environment/CDC/observations_germany/climate/daily/more_precip/historical/tageswerte_RR_01841_19310101_20060228_hist.zip,110274,3b8e7cb18a4c31ca27dd812e666aac6abbf0f09556e9e49d4ebb4a3f189de585
https://opendata.dwd.de/climate_environment/CDC/observations_germany/climate/daily/more_precip/historical/tageswerte_RR_01860_18931101_20020630_hist.zip,132665,ee118551af3a19716f82a1203685ca9fa6a32cdf4f25ce600c06851b438c934d
https://opendata.dwd.de/climate_environment/CDC/observations_germany/climate/daily/more_precip/historical/tageswerte_RR_01888_19510101_20251231_hist.zip,89459,eaacf9a2d6385266db6d20b7c9250e7be2f4788dd3f0eeeff4aa9bcb53aa9fdb
https://opendata.dwd.de/climate_environment/CDC/observations_germany/climate/daily/more_precip/historical/tageswerte_RR_01889_18880115_20031231_hist.zip,56791,b9d750f9296c397a74273dbfa479e3d4b61534807da597878a2127e13f9a378e
https://opendata.dwd.de/climate_environment/CDC/observations_germany/climate/daily/more_precip/historical/tageswerte_RR_01919_19310101_20061130_hist.zip,41716,524ad9c176b5916f6bc5c43cc90209c007ac0b6687eed9b2584f0462d5c78989
https://opendata.dwd.de/climate_environment/CDC/observations_germany/climate/daily/more_precip/historical/tageswerte_RR_01926_18880101_20230101_hist.zip,180229,ab3854dcdd92e6395636739f64419e906f35853f664dbb3bf724caf0f5abb14e
https://opendata.dwd.de/climate_environment/CDC/observations_germany/climate/daily/more_precip/historical/tageswerte_RR_01970_19510101_20051231_hist.zip,83594,e3ea6cf4bb8e4a15a59f7315c5022ff1ae14c9b6e094b052075bc268f30ddf08
https://opendata.dwd.de/climate_environment/CDC/observations_germany/climate/daily/more_precip/historical/tageswerte_RR_01971_19310101_19991231_hist.zip,113158,3bf440ab6b88d7c5a2126afd76f17996d1cf9e84983b698ff8091a17c5f719f1
https://opendata.dwd.de/climate_environment/CDC/observations_germany/climate/daily/more_precip/historical/tageswerte_RR_01975_19360101_20251231_hist.zip,149595,6ef5c9921dd89eb5d5745294e1982186f5d5f6ad91618f046667b40787687d91
https://opendata.dwd.de/climate_environment/CDC/observations_germany/climate/daily/more_precip/historical/tageswerte_RR_01979_19510101_20061231_hist.zip,71107,91674270ddeb91959456c1d238de368585080d3520c80b8b0314a4fc3eacac76
https://opendata.dwd.de/climate_environment/CDC/observations_germany/climate/daily/more_precip/historical/tageswerte_RR_01981_19620501_20251231_hist.zip,103475,f9e866167e93c16add19645385fac5cf23a58575d0931be7be2e5d260cd8fac8
https://opendata.dwd.de/climate_environment/CDC/observations_germany/climate/daily/more_precip/historical/tageswerte_RR_01983_19510101_19971231_hist.zip,72086,3a48eba0b9250c44722434d7d362a991f1207a2f66089b87b607a0843b0aa3ff
https://opendata.dwd.de/climate_environment/CDC/observations_germany/climate/daily/more_precip/historical/tageswerte_RR_01984_19510101_19931231_hist.zip,67555,d034b6961bde2e98e6f4f2be48d0875ba81d5b7e790dca5212a0e55dfc5754f3
https://opendata.dwd.de/climate_environment/CDC/observations_germany/climate/daily/more_precip/historical/tageswerte_RR_01987_19560101_20000229_hist.zip,73909,97867968215ea97265d484f03d8153b9d7b03451de386b7fa751defb4abeca43
https://opendata.dwd.de/climate_environment/CDC/observations_germany/climate/daily/more_precip/historical/tageswerte_RR_01989_19830901_20010630_hist.zip,32313,1aef74d910045064148ab400a750084274ab2c5e8d2d2f69d56c2a224eeead66
https://opendata.dwd.de/climate_environment/CDC/observations_germany/climate/daily/more_precip/historical/tageswerte_RR_01990_19510101_20061231_hist.zip,89339,71b54ff9c0891bf8162ec070d02e6fe61579da45dd87485abfa9c99096fb97eb
https://opendata.dwd.de/climate_environment/CDC/observations_germany/climate/daily/more_precip/historical/tageswerte_RR_02004_18910501_20060430_hist.zip,177235,b3a19e3ff1b2c66c37d13564b0b7fdbc2a9befb4e873ab79be8ec5b9cb80a7a5
https://opendata.dwd.de/climate_environment/CDC/observations_germany/climate/daily/more_precip/historical/tageswerte_RR_02026_19310101_20151031_hist.zip,73838,76fe7c7e6e81ac0c045a564de285504bd8a7092fd5874c74f3ca3a75c61a6d68
https://opendata.dwd.de/climate_environment/CDC/observations_germany/climate/daily/more_precip/historical/tageswerte_RR_02028_19510101_20061231_hist.zip,85472,3ee407adf4f5135ed7ee568e53e8cec50dbacad487d245d4eb0cc7e1a4e1cf58
https://opendata.dwd.de/climate_environment/CDC/observations_germany/climate/daily/more_precip/historical/tageswerte_RR_02078_19011001_20080430_hist.zip,137709,33675b3c3df9f9b67a9e1f9fb7ba7555527ec50bf2fe943eddad2564a6b6742e
https://opendata.dwd.de/climate_environment/CDC/observations_germany/climate/daily/more_precip/historical/tageswerte_RR_02115_19520501_20251231_hist.zip,119358,93f1d7bd3d35b4ccd9d1c2d0d45c253ce2099c62234d759c5cb7cf1336b8305f
https://opendata.dwd.de/climate_environment/CDC/observations_germany/climate/daily/more_precip/historical/tageswerte_RR_02122_19310101_20020531_hist.zip,80718,a07da1b0946a42190e88d9680d45de3557b2c69ed4d868a13f87de78e6a5cbdf
https://opendata.dwd.de/climate_environment/CDC/observations_germany/climate/daily/more_precip/historical/tageswerte_RR_02128_18951111_20061231_hist.zip,161419,da1e2d71c0f02d90258695604468893338a5341611b9c83bc2662c3e321642f6
https://opendata.dwd.de/climate_environment/CDC/observations_germany/climate/daily/more_precip/historical/tageswerte_RR_02136_19410101_20061231_hist.zip,37253,cf2ea1d768fd43932c0a0be955b5670b1c3251f592ebe690696032db6dbf8f85
https://opendata.dwd.de/climate_environment/CDC/observations_germany/climate/daily/more_precip/historical/tageswerte_RR_02137_18980521_20061231_hist.zip,154789,7f67c67331a038b2d47f917fd44a05559f0d236a2a43ac3e798a902aef1876a3
https://opendata.dwd.de/climate_environment/CDC/observations_germany/climate/daily/more_precip/historical/tageswerte_RR_02181_19780101_20251231_hist.zip,67104,1c21d874e57ec55ee3bdc1426232ec9ec7fba512f433d9bb389bd9f732a4894a
https://opendata.dwd.de/climate_environment/CDC/observations_germany/climate/daily/more_precip/historical/tageswerte_RR_02272_18980901_20251231_hist.zip,165585,22c605086429390c703dc680b5037abf1f57a6aa52aa98cc5c35d9bc0a108e66
https://opendata.dwd.de/climate_environment/CDC/observations_germany/climate/daily/more_precip/historical/tageswerte_RR_02297_18920501_19951130_hist.zip,68378,e97362ee43f94210a2ee662c94a82513d170b4cf6f9fa55cc55153bcdc69f099
https://opendata.dwd.de/climate_environment/CDC/observations_germany/climate/daily/more_precip/historical/tageswerte_RR_02303_19811001_20251231_hist.zip,85015,819aec7ccdced5fdfa7ef751899de79f4573391a9da53e766032752e42c76ab5
https://opendata.dwd.de/climate_environment/CDC/observations_germany/climate/daily/more_precip/historical/tageswerte_RR_02306_19771101_20251231_hist.zip,80786,23eeaaa584a6d3405ac3cd4dacbd6f089d37aec2952293f60754e8f700a81e8e
https://opendata.dwd.de/climate_environment/CDC/observations_germany/climate/daily/more_precip/historical/tageswerte_RR_02312_19690101_20051231_hist.zip,33287,f0b8d8f485bead0266e9f7b63dff1c8acb3800b54867850c9f0e77ea03b9a5ad
https://opendata.dwd.de/climate_environment/CDC/observations_germany/climate/daily/more_precip/historical/tageswerte_RR_02316_19610101_20251231_hist.zip,102817,17688a9ffa512967c47b2b1cbdc2f3b02d6a9af6a1eb7bda8f7677ff7e49a252
https://opendata.dwd.de/climate_environment/CDC/observations_germany/climate/daily/more_precip/historical/tageswerte_RR_02334_19610101_20030331_hist.zip,50514,e7b483f443dbf58b01be873f3bd5ad221a0626756ff0557a33f711b3d48afacb
https://opendata.dwd.de/climate_environment/CDC/observations_germany/climate/daily/more_precip/historical/tageswerte_RR_02350_19310101_20031231_hist.zip,117205,c5425e5e6fe71ca606d50f3a38d5c030b6d8e67110c919d7bf6e6149e6d00461
https://opendata.dwd.de/climate_environment/CDC/observations_germany/climate/daily/more_precip/historical/tageswerte_RR_02429_20030602_20251231_hist.zip,44010,d975380724d115936d26705e2fac431d16e9875656e88c01c6e428b1267b6d45
https://opendata.dwd.de/climate_environment/CDC/observations_germany/climate/daily/more_precip/historical/tageswerte_RR_02430_18910501_20061231_hist.zip,139245,5734ebc7b575d4d4648dda7e7d54127cd0c1a6a9a96e4b5476f2ef1ed05e337e
https://opendata.dwd.de/climate_environment/CDC/observations_germany/climate/daily/more_precip/historical/tageswerte_RR_02437_19880401_20251231_hist.zip,81872,1d857b0044ce9f6abd3c8db27e009a2b0c642a6d05f0ceae6d461536caa327b8
https://opendata.dwd.de/climate_environment/CDC/observations_germany/climate/daily/more_precip/historical/tageswerte_RR_02445_19690101_20030331_hist.zip,52119,cc6aa6ffbecd095ffdeb30aa4c1f54b7d66cf499d99afd89f6fb7a2b1c6f6fc3
https://opendata.dwd.de/climate_environment/CDC/observations_germany/climate/daily/more_precip/historical/tageswerte_RR_02452_19310101_20251231_hist.zip,142027,ec2a9f721d588c1507b6fddeb8536b26365d076aabefd68b771b13f979864304
https://opendata.dwd.de/climate_environment/CDC/observations_germany/climate/daily/more_precip/historical/tageswerte_RR_02455_19610101_20121130_hist.zip,50252,fbb95eb0a7d323508b5251efead9df4980d716fc10eccfd301a28aeb3b9947e4
https://opendata.dwd.de/climate_environment/CDC/observations_germany/climate/daily/more_precip/historical/tageswerte_RR_02456_19310101_20050825_hist.zip,122734,992a8679e37f96c52d3b5c1a150658f11d55c1928889a80f1c7f8a9b3922f901
https://opendata.dwd.de/climate_environment/CDC/observations_germany/climate/daily/more_precip/historical/tageswerte_RR_02459_19470101_20181022_hist.zip,109243,ac2ef7f6d942b03864280652cc2a488e41b22fcad7a87d240fff29a59b5deb40
https://opendata.dwd.de/climate_environment/CDC/observations_germany/climate/daily/more_precip/historical/tageswerte_RR_02462_19310101_20251231_hist.zip,143509,fcc5022a6dab43c9c45b9306d9795d11b379d125ea027cf231dca533d2ec0c4f
https://opendata.dwd.de/climate_environment/CDC/observations_germany/climate/daily/more_precip/historical/tageswerte_RR_02465_19010101_20251231_hist.zip,187076,c89699bf03b6248e0a3f3c3bdac745786bb1c81406464421b1b361a73096de09
https://opendata.dwd.de/climate_environment/CDC/observations_germany/climate/daily/more_precip/historical/tageswerte_RR_02476_19510101_20061231_hist.zip,28003,9dca3997e90ba00e38412969e1c596da7c1bd7594c25741b6529bab269e9fe2d
https://opendata.dwd.de/climate_environment/CDC/observations_germany/climate/daily/more_precip/historical/tageswerte_RR_02495_19510101_20051130_hist.zip,20930,372e89962913c5d12a0a89ecf918ce9190423df780019496355a2240d2859315
https://opendata.dwd.de/climate_environment/CDC/observations_germany/climate/daily/more_precip/historical/tageswerte_RR_02514_18880101_20061231_hist.zip,112388,e1435e3333d3f7563a35bd102644a932f94942300bfcd51f1deb57919d39c5d7
https://opendata.dwd.de/climate_environment/CDC/observations_germany/climate/daily/more_precip/historical/tageswerte_RR_02515_19410101_20031231_hist.zip,90681,f4aec3c09b1f81f78b1314fbdf62c44fe4778ee8c47a795eb7be631eacfbe920
https://opendata.dwd.de/climate_environment/CDC/observations_germany/climate/daily/more_precip/historical/tageswerte_RR_02529_19690101_20251231_hist.zip,90859,1060bb74889eedd919a1562289c48f08d84f658b136cbda1a50b04f6bdfba2fd
https://opendata.dwd.de/climate_environment/CDC/observations_germany/climate/daily/more_precip/historical/tageswerte_RR_02552_18951112_20061231_hist.zip,64617,3df523e1e2a7548cfa7c6326ba0a757f0c11064058d8f493de3886c4d482288c
https://opendata.dwd.de/climate_environment/CDC/observations_germany/climate/daily/more_precip/historical/tageswerte_RR_02564_19860601_20251231_hist.zip,69004,d93f7ddb0bc3c33f12a1618a1d3b1411c6714e0d70ce72011e96082bc2886242
https://opendata.dwd.de/climate_environment/CDC/observations_germany/climate/daily/more_precip/historical/tageswerte_RR_02578_18650101_20251231_hist.zip,217697,a43666e9bbf26b30f17138ea2231421c714ee4ae12fac9ace187579a28460ca7
https://opendata.dwd.de/climate_environment/CDC/observations_germany/climate/daily/more_precip/historical/tageswerte_RR_02599_19410101_20050531_hist.zip,54393,0408e7fef5d0bde21e5ec37973018363ccebbb12bc9a0c92be3e64f3dd0f70f9
https://opendata.dwd.de/climate_environment/CDC/observations_germany/climate/daily/more_precip/historical/tageswerte_RR_02602_19080801_20120430_hist.zip,155493,3bbfdfbb987b744b89f42a6af0655865ff5a4249ed761570abf32e36d6cf88ad
https://opendata.dwd.de/climate_environment/CDC/observations_germany/climate/daily/more_precip/historical/tageswerte_RR_02605_19030201_20061231_hist.zip,115204,52f9d8d1b886b7c98d2150f0fa113fff43be4051207509d9262a2163c731e3af
https://opendata.dwd.de/climate_environment/CDC/observations_germany/climate/daily/more_precip/historical/tageswerte_RR_02606_19710101_20061231_hist.zip,27680,7247bb2325201a62723bf2db4d25233319843d690e9b3ae302681b1776ee2364
https://opendata.dwd.de/climate_environment/CDC/observations_germany/climate/daily/more_precip/historical/tageswerte_RR_02607_19730101_20051231_hist.zip,22334,2d1c2ff32c1ec7e97d938c4ae6a8d2b30cf354c0d267b411fcd4cd7b81d423be
https://opendata.dwd.de/climate_environment/CDC/observations_germany/climate/daily/more_precip/historical/tageswerte_RR_02624_18910501_20061231_hist.zip,166273,f45c6de72dbd1ff4cec4a9730da2d5a50a5da81b5fed8f0b62402ecb164fc46f
https://opendata.dwd.de/climate_environment/CDC/observations_germany/climate/daily/more_precip/historical/tageswerte_RR_02637_18870101_20251231_hist.zip,157613,5c120a6c485918406e211448a3e771825304f27c5e4d174548efdbcafc8bae55
https://opendata.dwd.de/climate_environment/CDC/observations_germany/climate/daily/more_precip/historical/tageswerte_RR_02643_19470701_20031231_hist.zip,86164,f5e64fdf5d36edfa1385f1a5cac14c4c8d5e896388fa834e036fb92e01915864
https://opendata.dwd.de/climate_environment/CDC/observations_germany/climate/daily/more_precip/historical/tageswerte_RR_02663_18910601_20251231_hist.zip,197698,db24ad4497dcfc1cfc42c439eba6b5b2a5812daef1bb83abe5e3fa180f748ac4
https://opendata.dwd.de/climate_environment/CDC/observations_germany/climate/daily/more_precip/historical/tageswerte_RR_02725_19510101_20251231_hist.zip,114023,13ecc6a241d428dc62ffd2f4c12226ee1a414a564b65eed9e58e124e324958ae
https://opendata.dwd.de/climate_environment/CDC/observations_germany/climate/daily/more_precip/historical/tageswerte_RR_02727_19790101_19910630_hist.zip,22902,6edd347359f51ed128255432a6f8229776a8a376b2b2aeace23a418011220a39
https://opendata.dwd.de/climate_environment/CDC/observations_germany/climate/daily/more_precip/historical/tageswerte_RR_02728_19690101_20251231_hist.zip,88654,388d3e8ca0651ec793847ca6a7a81db9c8b40aef0d5cf0f39a010cd7ce36b119
https://opendata.dwd.de/climate_environment/CDC/observations_germany/climate/daily/more_precip/historical/tageswerte_RR_02734_19070901_20251231_hist.zip,136871,595cc4fda29ad4760f61a19472b3364d29c38ac395bf2330be19481703b92947
https://opendata.dwd.de/climate_environment/CDC/observations_germany/climate/daily/more_precip/historical/tageswerte_RR_02749_19690301_20251231_hist.zip,85563,2236742446156fda6c9a24ef00cf6cf91210549fa50387a32c6cae738ad468a7
https://opendata.dwd.de/climate_environment/CDC/observations_germany/climate/daily/more_precip/historical/tageswerte_RR_02763_19410101_20251231_hist.zip,125983,14e44acf4b9803b605264ba4b5de51c798e6f6e9d20805f0bad5f0b0da3d15ce
https://opendata.dwd.de/climate_environment/CDC/observations_germany/climate/daily/more_precip/historical/tageswerte_RR_02764_19510101_20061231_hist.zip,30195,66cf71d65a582787406ee3db6b93b8365643a6dea2d58d460477f1600a227839
https://opendata.dwd.de/climate_environment/CDC/observations_germany/climate/daily/more_precip/historical/tageswerte_RR_02766_19690101_19920331_hist.zip,38884,14c4f69f8a9b74ac5840e7e5b3a8b3f57cbc37b8437ab6032c886bdbc785132f
https://opendata.dwd.de/climate_environment/CDC/observations_germany/climate/daily/more_precip/historical/tageswerte_RR_02767_19510101_20161231_hist.zip,101468,a45eda5da064b40f18f47e54d57ac6dcc882c5b82eebc67f3068032029cc7ae1
https://opendata.dwd.de/climate_environment/CDC/observations_germany/climate/daily/more_precip/historical/tageswerte_RR_02791_19310101_20061231_hist.zip,77012,561326fa00b5689269ec6c955eb70b35462f87bc7814322fdcd17da890f2c7f8
https://opendata.dwd.de/climate_environment/CDC/observations_germany/climate/daily/more_precip/historical/tageswerte_RR_02795_18880101_20210101_hist.zip,148664,6aabe5a78ce0ac1e15dc7f849845799d948cb085e0ecd1aa9b388644451b8efb
https://opendata.dwd.de/climate_environment/CDC/observations_germany/climate/daily/more_precip/historical/tageswerte_RR_02816_19690101_20051231_hist.zip,27711,952ccde0109627162508e0ad7f5014270c0f66e27a785ab261e9723634cf75a3
https://opendata.dwd.de/climate_environment/CDC/observations_germany/climate/daily/more_precip/historical/tageswerte_RR_02822_19310101_20251231_hist.zip,144559,7a6bc3dd355c7ff96b701a71a1c51dbbe63fa5853b9769ff05a5ec412f96e9e6
https://opendata.dwd.de/climate_environment/CDC/observations_germany/climate/daily/more_precip/historical/tageswerte_RR_02827_19610101_20251231_hist.zip,98808,f3156926b05fea187f03014a13ae19ba1135420b65a116ab6fa6c1265a306b4b
https://opendata.dwd.de/climate_environment/CDC/observations_germany/climate/daily/more_precip/historical/tageswerte_RR_02844_19360101_20251231_hist.zip,137874,bac0b81b59ab18c2f6a312fd6ce6367a1f2f96a44d9016ad0089bfc1056ab1a7
https://opendata.dwd.de/climate_environment/CDC/observations_germany/climate/daily/more_precip/historical/tageswerte_RR_02851_18910505_20061231_hist.zip,143777,15d5e09bda5416b47f6bcd3b7de15ec20cf4c6bd630ea4e0debde7d9be28f4df
https://opendata.dwd.de/climate_environment/CDC/observations_germany/climate/daily/more_precip/historical/tageswerte_RR_02855_19610101_20160131_hist.zip,86320,83fd9dfdc1dde02dc2548d254f3890892a0a962647d5f63d37a44d8dfbb7d451
https://opendata.dwd.de/climate_environment/CDC/observations_germany/climate/daily/more_precip/historical/tageswerte_RR_02861_19410101_19940930_hist.zip,81384,ea0490f1bb6513688533fe7aafe4949db78d8b7e96182f396994f35b60fce005
https://opendata.dwd.de/climate_environment/CDC/observations_germany/climate/daily/more_precip/historical/tageswerte_RR_02871_19250501_19951130_hist.zip,99753,9d5c7b5b64ff18da8622f0dfd5c4c9ecc6d362595634fdd31e7f2b14ca0d47ee
https://opendata.dwd.de/climate_environment/CDC/observations_germany/climate/daily/more_precip/historical/tageswerte_RR_02881_18910801_20061231_hist.zip,168597,8ec1d2008ecd16abbdf44280ce5d5812ebbd271416868f14c3576486cebbdf04
https://opendata.dwd.de/climate_environment/CDC/observations_germany/climate/daily/more_precip/historical/tageswerte_RR_02907_19741101_20251231_hist.zip,88088,842ac1906c2edd154b0d717c9cfb861bfb917c9a9ae89c4e92ec51a618549ed3
https://opendata.dwd.de/climate_environment/CDC/observations_germany/climate/daily/more_precip/historical/tageswerte_RR_02909_19690101_20051231_hist.zip,56013,ae84154b7346b919c5f5a80d8e6af14c6a6032b5f8d7ddb777b819875ba61120
https://opendata.dwd.de/climate_environment/CDC/observations_germany/climate/daily/more_precip/historical/tageswerte_RR_02950_19010607_20061231_hist.zip,156074,017fab47504a760437a6cb7b6dc1440b45654df81709b094db4dbe0642ee3d29
https://opendata.dwd.de/climate_environment/CDC/observations_germany/climate/daily/more_precip/historical/tageswerte_RR_03011_19510101_20061231_hist.zip,54017,51323f190e4c2eb3bdeb820b040987e1730a14b4709c690228641c6308f654b4
https://opendata.dwd.de/climate_environment/CDC/observations_germany/climate/daily/more_precip/historical/tageswerte_RR_03032_19310101_20251231_hist.zip,145622,b866023b6bb3db20fb33fba72db7911f8f9c796789d3412d236fd044e194a8c1
https://opendata.dwd.de/climate_environment/CDC/observations_germany/climate/daily/more_precip/historical/tageswerte_RR_03053_19510101_20051231_hist.zip,80326,1e2b1363b6e8b6e2f811de9cebb11855ace0ca6c02715db037309b284e04e92a
https://opendata.dwd.de/climate_environment/CDC/observations_germany/climate/daily/more_precip/historical/tageswerte_RR_03068_19310101_20251231_hist.zip,126395,d4d9bcd15f7c978cfb82ce5b5c93c4e41b2eabc5c5561eab3ad81d9cea953b9e
https://opendata.dwd.de/climate_environment/CDC/observations_germany/climate/daily/more_precip/historical/tageswerte_RR_03078_19690101_20030831_hist.zip,54535,2adef078005e84843084617af375cf6be6734b2c7a8d8cce6423b5f46842617e
https://opendata.dwd.de/climate_environment/CDC/observations_germany/climate/daily/more_precip/historical/tageswerte_RR_03086_19850301_20251231_hist.zip,69579,c79ec8a06cd1cf5e031bc46643328ee4ce2dc15e3ffad120d5fc11715a043f30
https://opendata.dwd.de/climate_environment/CDC/observations_germany/climate/daily/more_precip/historical/tageswerte_RR_03087_19780101_20051130_hist.zip,19835,dc1c4350570dd105487c39d4d63479f79e574e6da3c12015e1dc27b51b6e59c7
https://opendata.dwd.de/climate_environment/CDC/observations_germany/climate/daily/more_precip/historical/tageswerte_RR_03089_19510101_19970630_hist.zip,14540,60c04bf968a983ad0e7f5f329ba42f336ebdc811b6be9f8240f00ee34f2f5aeb
https://opendata.dwd.de/climate_environment/CDC/observations_germany/climate/daily/more_precip/historical/tageswerte_RR_03090_19690101_20251231_hist.zip,90366,eb49730fc0a505e99ccdac7d96f6569158bc0bf510dc13c787be17cba7f77485
https://opendata.dwd.de/climate_environment/CDC/observations_germany/climate/daily/more_precip/historical/tageswerte_RR_03092_19110901_20161231_hist.zip,101296,1a804bcfbc8d0a33c632b5eefceb31a189ef3a50e4f40be3c124633b095a34ea
https://opendata.dwd.de/climate_environment/CDC/observations_germany/climate/daily/more_precip/historical/tageswerte_RR_03106_19410101_20251231_hist.zip,126264,97c2f5876a90793624eb0dc6cc1e5ccb4dfce0242dcb2125144f8ce6e52bc497
https://opendata.dwd.de/climate_environment/CDC/observations_germany/climate/daily/more_precip/historical/tageswerte_RR_03107_19710101_20060331_hist.zip,52292,25bd226db23007e630279f30474c42b3655a0eb132a938842744f9f12bbc29e7
https://opendata.dwd.de/climate_environment/CDC/observations_germany/climate/daily/more_precip/historical/tageswerte_RR_03142_19690101_20031231_hist.zip,53948,071f071cdbdaf8282057403ede43f8e78f5a85b8f82baa9efca39297d51ab645
https://opendata.dwd.de/climate_environment/CDC/observations_germany/climate/daily/more_precip/historical/tageswerte_RR_03143_19690101_20101231_hist.zip,31128,409b15a414aa1fcf17fd68d1b5711e6898ca3347ab1a60b67b5e67cebfa7b382
https://opendata.dwd.de/climate_environment/CDC/observations_germany/climate/daily/more_precip/historical/tageswerte_RR_03170_19610101_19970228_hist.zip,35495,3173cd5b62fab5390b822dced0c01dee7f0890751b976f87575837dfcdf21ec9
https://opendata.dwd.de/climate_environment/CDC/observations_germany/climate/daily/more_precip/historical/tageswerte_RR_03194_18880601_20120630_hist.zip,159533,aba206289629b9f83ffa3eeac1d674a2f177c436ac956f023da4c47c49458d42
https://opendata.dwd.de/climate_environment/CDC/observations_germany/climate/daily/more_precip/historical/tageswerte_RR_03196_19020101_20251231_hist.zip,177461,7a6e283bcc149070750b581c909580ca42a449f1aceb1092f082a01a5aa43a97
https://opendata.dwd.de/climate_environment/CDC/observations_germany/climate/daily/more_precip/historical/tageswerte_RR_03203_19510101_20061231_hist.zip,23869,4a15a32c3765366e1e502242e801e35b19fec3b65e62f71122b9b447ce0c0b02
https://opendata.dwd.de/climate_environment/CDC/observations_germany/climate/daily/more_precip/historical/tageswerte_RR_03217_18910701_20251231_hist.zip,198238,51062c7262d84ea8f2c631553d26f54ca689d338fe7e1b065f46452f01095da6
https://opendata.dwd.de/climate_environment/CDC/observations_germany/climate/daily/more_precip/historical/tageswerte_RR_03235_19260516_19980831_hist.zip,106986,a108430a07584a3f1a4eb180de0677fcc76721bd017cd6c891d6066788a33932
https://opendata.dwd.de/climate_environment/CDC/observations_germany/climate/daily/more_precip/historical/tageswerte_RR_03280_18900201_20251231_hist.zip,193558,a8f94ca5677cff9667fdf67097a564c8ffd37d420f8e171db9eb2b68d1cab926
https://opendata.dwd.de/climate_environment/CDC/observations_germany/climate/daily/more_precip/historical/tageswerte_RR_03298_19690101_20011231_hist.zip,34529,b3420483894b87b238574daaa7663bbbfc0f594f3957c59e710c8c920e1ffe8f
https://opendata.dwd.de/climate_environment/CDC/observations_germany/climate/daily/more_precip/historical/tageswerte_RR_03333_19310101_20251231_hist.zip,141342,418e4bbf3f14e8a683f16dafa79ef454efeace4e772f618cf78f580a856a6333
https://opendata.dwd.de/climate_environment/CDC/observations_germany/climate/daily/more_precip/historical/tageswerte_RR_03342_19410101_20251231_hist.zip,122371,2c0143ffeece43941dc1e29bef8f0a944cc5ad43c1f925307a4ae38d6058cd4c
https://opendata.dwd.de/climate_environment/CDC/observations_germany/climate/daily/more_precip/historical/tageswerte_RR_03351_19410101_19970630_hist.zip,75583,2c1c3dee14abb51b8f4f6b225ae2fcf0f1ca4283f36cca9e8ce269dab008465e
https://opendata.dwd.de/climate_environment/CDC/observations_germany/climate/daily/more_precip/historical/tageswerte_RR_03367_19510101_20031231_hist.zip,79856,ddf1b77e9168961a09005fc9e9f364bd8270152ff7c891a26275c4a9f39f97af
https://opendata.dwd.de/climate_environment/CDC/observations_germany/climate/daily/more_precip/historical/tageswerte_RR_03369_19780101_20061231_hist.zip,47496,8fb843e88f74cfe87867fb63d4d90ad31ad54eca23d114a4cd8de88ffb3f3fff
https://opendata.dwd.de/climate_environment/CDC/observations_germany/climate/daily/more_precip/historical/tageswerte_RR_03459_19410101_20061231_hist.zip,31026,1bce755d467a988345f60cdb2a06c01e3935588aa8da3fb326a24419959c2a7e
https://opendata.dwd.de/climate_environment/CDC/observations_germany/climate/daily/more_precip/historical/tageswerte_RR_03467_19930601_20251231_hist.zip,55391,c856b153938c7e011ad550cd74101446753a85b383e080a3579d17cd0df2ae2b
https://opendata.dwd.de/climate_environment/CDC/observations_germany/climate/daily/more_precip/historical/tageswerte_RR_03469_18880301_20240101_hist.zip,196606,38495e99ed68b4356e411ef09c07b56e6bb011a40d1024c17c12cdbc409d1990
https://opendata.dwd.de/climate_environment/CDC/observations_germany/climate/daily/more_precip/historical/tageswerte_RR_03470_19760101_19971031_hist.zip,9379,4ab169d78609990873547b3ddba75d9a965c3ffbafe706f6a2ba207abda7a2e5
https://opendata.dwd.de/climate_environment/CDC/observations_germany/climate/daily/more_precip/historical/tageswerte_RR_03481_19510101_20051231_hist.zip,15884,e8f49dd14fbd4e621b15fef1d7ad722c17a9c4d4927f141996b9274a033c8868
https://opendata.dwd.de/climate_environment/CDC/observations_germany/climate/daily/more_precip/historical/tageswerte_RR_03482_19510101_20251231_hist.zip,114560,78dd4a39739b9aa0dbc4b3dc94d23da56498f87fa0268b090995f40c45edb559
https://opendata.dwd.de/climate_environment/CDC/observations_germany/climate/daily/more_precip/historical/tageswerte_RR_03514_19310101_20000630_hist.zip,76726,1fd3e8744bc745491d65ebb3bc60e94381ea6d3df1ae13857b208cb50904286c
https://opendata.dwd.de/climate_environment/CDC/observations_germany/climate/daily/more_precip/historical/tageswerte_RR_03523_19690901_20031231_hist.zip,26358,9802ee2b7b4cc01fc38346b9b7876842d157d192dcf003e7fc77474d2390c91e
https://opendata.dwd.de/climate_environment/CDC/observations_germany/climate/daily/more_precip/historical/tageswerte_RR_03531_19510101_20051231_hist.zip,20141,597ae28daba037a1c45e6bd1fec21f2848f78f604496b897d0fd35719febfa7f
https://opendata.dwd.de/climate_environment/CDC/observations_germany/climate/daily/more_precip/historical/tageswerte_RR_03537_18880101_20070831_hist.zip,183460,ca705bb68c9ac8119d23f673a12ce4909a292231744f1910748df262fa1d5698
https://opendata.dwd.de/climate_environment/CDC/observations_germany/climate/daily/more_precip/historical/tageswerte_RR_03559_18970801_20061231_hist.zip,92044,2914a4d68ec67f0263c996341f1d9b5867d253751e182148c29729f1be2f061c
https://opendata.dwd.de/climate_environment/CDC/observations_germany/climate/daily/more_precip/historical/tageswerte_RR_03563_19660818_20051231_hist.zip,58313,10391812e112e6da5932408bb95e05fd6103cee692547f13a81ec2368759698d
https://opendata.dwd.de/climate_environment/CDC/observations_germany/climate/daily/more_precip/historical/tageswerte_RR_03564_18880101_20251231_hist.zip,201229,ad695a391040b5122036a829e8be12e18ad5ec14af449c87881434be162fe152
https://opendata.dwd.de/climate_environment/CDC/observations_germany/climate/daily/more_precip/historical/tageswerte_RR_03592_19410101_20010228_hist.zip,69803,aa3e1b924db4ca03f5be5c6854a45c01c0b6c40831de18d373df97fc9f64e675
https://opendata.dwd.de/climate_environment/CDC/observations_germany/climate/daily/more_precip/historical/tageswerte_RR_03615_19691201_20051231_hist.zip,24737,4eda28eb692679f1e7f2bf830d41fa8168020fad2cce9434837791bd7ac9a6b7
https://opendata.dwd.de/climate_environment/CDC/observations_germany/climate/daily/more_precip/historical/tageswerte_RR_03627_19010101_20011031_hist.zip,92373,9406bd3a1011c09518a80a59303cd81580804d82174a654f42cc59aa3427fa7e
https://opendata.dwd.de/climate_environment/CDC/observations_germany/climate/daily/more_precip/historical/tageswerte_RR_03628_18910523_20061231_hist.zip,173592,ac693294333ecd02d8e2f01168047ab09836a4ef847948e49bee0ef0d06545b7
https://opendata.dwd.de/climate_environment/CDC/observations_germany/climate/daily/more_precip/historical/tageswerte_RR_03629_19410101_19990331_hist.zip,35159,2ce6fe59f6aa5d39140f6fe7c48160158bd1f31a52662d6b74f6b6247b536252
https://opendata.dwd.de/climate_environment/CDC/observations_germany/climate/daily/more_precip/historical/tageswerte_RR_03630_19030405_19980331_hist.zip,119426,301f0835330bb9a7e1dcc5355884f1ba236934d958dfb5270abe8996cced3b93
https://opendata.dwd.de/climate_environment/CDC/observations_germany/climate/daily/more_precip/historical/tageswerte_RR_03631_18970901_20251231_hist.zip,195574,fbd91b4104de0616f7ae7d129b3f0a8c782f6dc102703fb9610f48f3e5396a53
https://opendata.dwd.de/climate_environment/CDC/observations_germany/climate/daily/more_precip/historical/tageswerte_RR_03638_19310101_20061231_hist.zip,112080,28ec5e1cbf382784e33bb470f36aac521d612e66678aa1b18091f64698f9c1e7
https://opendata.dwd.de/climate_environment/CDC/observations_germany/climate/daily/more_precip/historical/tageswerte_RR_03645_19310101_20061231_hist.zip,54893,e07bde68fb4abeebae981cacdcb3660e9ba4108d866cac29b3efe479724276c0
https://opendata.dwd.de/climate_environment/CDC/observations_germany/climate/daily/more_precip/historical/tageswerte_RR_03646_19510101_20061231_hist.zip,83170,7f503fa3889b4d71ed5b9cc45879cd6ca86c19b266cec5059562015f87310b35
https://opendata.dwd.de/climate_environment/CDC/observations_germany/climate/daily/more_precip/historical/tageswerte_RR_03648_19020101_20030430_hist.zip,123316,feb127dfdd03699ccd9427f79b26d62b9bde8aa11be64dbc7065c1aa3a0642ea
https://opendata.dwd.de/climate_environment/CDC/observations_germany/climate/daily/more_precip/historical/tageswerte_RR_03654_19690101_20031231_hist.zip,54529,5ec77cd790b0bec29319a60f04bec2cfc1b8336f9d9a6be6034c66963e8d72ed
https://opendata.dwd.de/climate_environment/CDC/observations_germany/climate/daily/more_precip/historical/tageswerte_RR_03655_19510101_20061231_hist.zip,28997,a139eb67305c4119ee396b22b4b8f95d704d7f005ff500f90a4e784926c6ba6a
https://opendata.dwd.de/climate_environment/CDC/observations_germany/climate/daily/more_precip/historical/tageswerte_RR_03673_18880501_20061231_hist.zip,173164,e63dbe18fbbf73ab4e5412ef620b68d4524032c26ec7076bb408c3f1549aa3aa
https://opendata.dwd.de/climate_environment/CDC/observations_germany/climate/daily/more_precip/historical/tageswerte_RR_03706_19410101_19990630_hist.zip,30149,4a382c570444013bfee15245e4e5ca32afc547ec96afaa1e36b3fca4febef93e
https://opendata.dwd.de/climate_environment/CDC/observations_germany/climate/daily/more_precip/historical/tageswerte_RR_03768_19080706_20030630_hist.zip,135669,b6b84fc20d3c7fea95c66acb2055f2368cdaba559aa4911521c58143678c2e61
https://opendata.dwd.de/climate_environment/CDC/observations_germany/climate/daily/more_precip/historical/tageswerte_RR_03770_19470516_20251231_hist.zip,119842,9e24b29030e0b7bd1cf7b180d0a1ff157801ba70c2ba9f9f0bb2e76cce7adb46
https://opendata.dwd.de/climate_environment/CDC/observations_germany/climate/daily/more_precip/historical/tageswerte_RR_03773_19780101_20071231_hist.zip,43362,18057ef88b3ade48fda2d7c9c9840f235e4abea066d3a55c8d719db52e53f822
https://opendata.dwd.de/climate_environment/CDC/observations_germany/climate/daily/more_precip/historical/tageswerte_RR_03789_18910501_19970630_hist.zip,153160,16ca0c97932a33c8689bc06ebb69fcc0a2c98b0b926d8503222884a8dd680eb3
https://opendata.dwd.de/climate_environment/CDC/observations_germany/climate/daily/more_precip/historical/tageswerte_RR_03792_19801001_20251231_hist.zip,72375,e17cd872bbde8cf476627cadc4626df7e675b58d24a058f2a89d5d77aed98f97
https://opendata.dwd.de/climate_environment/CDC/observations_germany/climate/daily/more_precip/historical/tageswerte_RR_03793_19310101_20061231_hist.zip,70029,b00d1855bc2eeed3d3576bb4a77d567afe17827eab2dead839c6261ea4ee7250
https://opendata.dwd.de/climate_environment/CDC/observations_germany/climate/daily/more_precip/historical/tageswerte_RR_03813_18910510_20251231_hist.zip,182213,fef7ce4e03354624411c7ca9e7e607466121a778990efe32d971e1fa741b53d7
https://opendata.dwd.de/climate_environment/CDC/observations_germany/climate/daily/more_precip/historical/tageswerte_RR_03847_19410101_20171016_hist.zip,53791,251654f159e5c55a5807270e838198063c8323326d7b46523088bdc7fe8c892e
https://opendata.dwd.de/climate_environment/CDC/observations_germany/climate/daily/more_precip/historical/tageswerte_RR_03853_19030501_20251231_hist.zip,177960,0b10218e0294498c92ad0338966031d21b6c481baa9060431957a3160db4aad4
https://opendata.dwd.de/climate_environment/CDC/observations_germany/climate/daily/more_precip/historical/tageswerte_RR_03870_19340110_20251231_hist.zip,118355,09678dcc726c8928a6cf3e076307e44317f8485e4ab441e9849f0c29ecdb243b
https://opendata.dwd.de/climate_environment/CDC/observations_germany/climate/daily/more_precip/historical/tageswerte_RR_03880_18980801_20041231_hist.zip,108328,54bfcac764b26f414fa324c0dff65223dfe526446cf0c94d63c05b947cc08308
https://opendata.dwd.de/climate_environment/CDC/observations_germany/climate/daily/more_precip/historical/tageswerte_RR_03895_19310101_20061231_hist.zip,50421,d5f72bc30895edd1d2c86eecc248402bc646307e6d8d7560a41e1e8329b5ef44
https://opendata.dwd.de/climate_environment/CDC/observations_germany/climate/daily/more_precip/historical/tageswerte_RR_03897_19410101_20251231_hist.zip,92702,1bed67f8df5f428450d1d918a6af2b212c5fafed1cf08dc58519ae3d669f6580
https://opendata.dwd.de/climate_environment/CDC/observations_germany/climate/daily/more_precip/historical/tageswerte_RR_03908_19690101_20051231_hist.zip,40213,9fbc5e620e02a7f0bcddbfe19424a79c8ac08f55d4ff79f95a82a2f29fb69b68
https://opendata.dwd.de/climate_environment/CDC/observations_germany/climate/daily/more_precip/historical/tageswerte_RR_03916_19510101_20010331_hist.zip,12209,79984c4fd5abd28c6525785e6888e2988521472ec9cf86f66dcbf95218cc1e28
https://opendata.dwd.de/climate_environment/CDC/observations_germany/climate/daily/more_precip/historical/tageswerte_RR_03932_19510101_20251231_hist.zip,114423,035852c0b38dd22bfafb888bd79487b1c6f227e308bd14537f98177b1f7ea231
https://opendata.dwd.de/climate_environment/CDC/observations_germany/climate/daily/more_precip/historical/tageswerte_RR_03935_19310101_20041231_hist.zip,54268,4ebecd45d6007004c4a627d4f21d0c18dbcff6060a16236a38c20948bf0b7860
https://opendata.dwd.de/climate_environment/CDC/observations_germany/climate/daily/more_precip/historical/tageswerte_RR_03943_19780101_20191231_hist.zip,70229,ce87acc1d4ee715311bc75b90aa51c8cc50114d3ab014258cc9428e23f7126d8
https://opendata.dwd.de/climate_environment/CDC/observations_germany/climate/daily/more_precip/historical/tageswerte_RR_03945_19690701_20251231_hist.zip,89525,ad4ca2f2b0da768f69ac12c8046b14126c2d4bbd68df4db113122338e72f7cbb
https://opendata.dwd.de/climate_environment/CDC/observations_germany/climate/daily/more_precip/historical/tageswerte_RR_03954_18910601_19981231_hist.zip,154240,f9b9dfc8e4092193de8722d0231b857ad49f4978a8c3760dd239b86360ff09d8
https://opendata.dwd.de/climate_environment/CDC/observations_germany/climate/daily/more_precip/historical/tageswerte_RR_03955_19500101_19970131_hist.zip,77017,5905affc32f9ae0596c5a59b55b58c39f32a401249d3f53ca72bab3b2e90f71d
https://opendata.dwd.de/climate_environment/CDC/observations_germany/climate/daily/more_precip/historical/tageswerte_RR_03976_19410101_20061231_hist.zip,67948,e9d5f9738912501ee042dc7eea67cadbeb108a3f3b9610b94d93379139b2f0d4
https://opendata.dwd.de/climate_environment/CDC/observations_germany/climate/daily/more_precip/historical/tageswerte_RR_03993_19251121_19981231_hist.zip,109401,26dc1fc59bd588830f7ddfda699901648b4b6daed87ab6e55bdf9e0a84ff29ee
https://opendata.dwd.de/climate_environment/CDC/observations_germany/climate/daily/more_precip/historical/tageswerte_RR_03996_19510101_20011231_hist.zip,77082,773ef0d2c745a69cf7d2b06783d46c82a770cec52bc49ad1204e93819aeb2f25
https://opendata.dwd.de/climate_environment/CDC/observations_germany/climate/daily/more_precip/historical/tageswerte_RR_04009_19841001_20251231_hist.zip,62922,76a158ce3bbff7472e4721348c5494ff86961089cbfd473e7180f1973e9b8e8b
https://opendata.dwd.de/climate_environment/CDC/observations_germany/climate/daily/more_precip/historical/tageswerte_RR_04030_19740101_20070531_hist.zip,21084,023b31de75ad6ba6a40b0d0b6ca2d355e7d3fcf2ccbd61c67204a7300fb0d3e4
https://opendata.dwd.de/climate_environment/CDC/observations_germany/climate/daily/more_precip/historical/tageswerte_RR_04039_19741201_20251231_hist.zip,79074,989bc0ef913b78de5b6516dba614e79e5120e393012afae5f1fad3703533d11e
https://opendata.dwd.de/climate_environment/CDC/observations_germany/climate/daily/more_precip/historical/tageswerte_RR_04046_19310101_20001130_hist.zip,101703,b73f8575286972a04b71586f2b0be24364f5926fcff6643ee607d4a6bc9a292a
https://opendata.dwd.de/climate_environment/CDC/observations_germany/climate/daily/more_precip/historical/tageswerte_RR_04070_19690101_20051231_hist.zip,44399,1342e0823d44b5af8ad460b5b7d29b5ae614c286d9e02135055820fdb1fea263
https://opendata.dwd.de/climate_environment/CDC/observations_germany/climate/daily/more_precip/historical/tageswerte_RR_04085_19310101_20100831_hist.zip,125781,c71ea96c731fce8ef6b6c982120de99cb454999ec1406fa0358fc311c7a04e81
https://opendata.dwd.de/climate_environment/CDC/observations_germany/climate/daily/more_precip/historical/tageswerte_RR_04101_19690101_20251231_hist.zip,90411,861772817a6d97fa7226039d36d1479f5e065f109056219af92e28a42ac82f2a
https://opendata.dwd.de/climate_environment/CDC/observations_germany/climate/daily/more_precip/historical/tageswerte_RR_04117_18881027_20051231_hist.zip,84956,9e97d64b07477407b11cdd4573df8ca795a65aac26c52a7840ae628667c998f9
https://opendata.dwd.de/climate_environment/CDC/observations_germany/climate/daily/more_precip/historical/tageswerte_RR_04130_19310101_20111031_hist.zip,104476,5f653a8e5f1a234c42f032b6c865e0f831086fd6d70d740bd998f02b96cded30
https://opendata.dwd.de/climate_environment/CDC/observations_germany/climate/daily/more_precip/historical/tageswerte_RR_04147_19410101_20061231_hist.zip,98190,42c9038863d50ce3f6ade0475d00a5bdca74d174c374d4e533db8347dec0256e
https://opendata.dwd.de/climate_environment/CDC/observations_germany/climate/daily/more_precip/historical/tageswerte_RR_04156_19310101_19980228_hist.zip,68412,a2d84b485c2652ecab355e8b16489b6608a028bd36917e1f16652b76e50e089e
https://opendata.dwd.de/climate_environment/CDC/observations_germany/climate/daily/more_precip/historical/tageswerte_RR_04162_18880101_20051231_hist.zip,117858,437ceb49a0138dfd6b987378c617925f5429847cbc2a8b50058f8a35f9a4a5a3
https://opendata.dwd.de/climate_environment/CDC/observations_germany/climate/daily/more_precip/historical/tageswerte_RR_04163_19690101_20020831_hist.zip,51637,4ec61061c2301621063953cb98b02b72ef07653d7c052f44520f277749af5c47
https://opendata.dwd.de/climate_environment/CDC/observations_germany/climate/daily/more_precip/historical/tageswerte_RR_04184_19470101_20251231_hist.zip,121018,3d49bf9f7c7814965ede276840f763470bf57f22e0e707766adf4cde8c05899b
https://opendata.dwd.de/climate_environment/CDC/observations_germany/climate/daily/more_precip/historical/tageswerte_RR_04226_19110701_20251231_hist.zip,146746,74591b21cba31d5d0a97a43fb387830c55970a5eee30da370dd2f0e413e60ea4
https://opendata.dwd.de/climate_environment/CDC/observations_germany/climate/daily/more_precip/historical/tageswerte_RR_04232_19690101_20240101_hist.zip,86833,4994ced59691d425199835c9f3c578f81be16d8e2ff8cdd2d8c7327fe55cbae8
https://opendata.dwd.de/climate_environment/CDC/observations_germany/climate/daily/more_precip/historical/tageswerte_RR_04245_19690101_20011231_hist.zip,53037,2eb4adb90e236ef92c6caa051c440835e830a8000b49e5d376c57c98873f0a41
https://opendata.dwd.de/climate_environment/CDC/observations_germany/climate/daily/more_precip/historical/tageswerte_RR_04260_19510101_19980430_hist.zip,74181,b8edfd919ca61adc139ca462a32a4688050a7241a5540294dc9c8320143b6f4b
https://opendata.dwd.de/climate_environment/CDC/observations_germany/climate/daily/more_precip/historical/tageswerte_RR_04270_19000101_20051231_hist.zip,143081,0a3de816825c5951fd14a83cea40c3756bbcf3f89c5416e7925039246ce5e140
https://opendata.dwd.de/climate_environment/CDC/observations_germany/climate/daily/more_precip/historical/tageswerte_RR_04271_19200101_20251231_hist.zip,142080,bb0f4135d3e9076b2304945270d889b40b609d0dfb823a5b73efd847be2a0819
https://opendata.dwd.de/climate_environment/CDC/observations_germany/climate/daily/more_precip/historical/tageswerte_RR_04314_19690101_20251231_hist.zip,88379,70c1a74e53548422fdf85116a189f6aacbe5a3ac05bf6a24fb014d3e9266dd05
https://opendata.dwd.de/climate_environment/CDC/observations_germany/climate/daily/more_precip/historical/tageswerte_RR_04320_19880601_19920930_hist.zip,10791,5ad11067b6c5533de4f50e2bb8ffb29854936dff4ce1de0169e3246a4a12f145
https://opendata.dwd.de/climate_environment/CDC/observations_germany/climate/daily/more_precip/historical/tageswerte_RR_04378_19610101_20061231_hist.zip,70973,df6fa32c1e2aef4fb04569b878e7a3e97775b51c8bc63a2a287f54fcbcc1f1d8
https://opendata.dwd.de/climate_environment/CDC/observations_germany/climate/daily/more_precip/historical/tageswerte_RR_04380_19310101_20061231_hist.zip,57258,72e99765642949f63d256ddc269857407e166f9169bcee061845be612c8ac265
https://opendata.dwd.de/climate_environment/CDC/observations_germany/climate/daily/more_precip/historical/tageswerte_RR_04393_19510101_20251231_hist.zip,127452,25434d975f39976327fc29fa8db93b83443888dd0d603e33a9bce22ebc20dd9e
https://opendata.dwd.de/climate_environment/CDC/observations_germany/climate/daily/more_precip/historical/tageswerte_RR_04405_19410101_20251231_hist.zip,132675,f596d61cb2c5f3775fecd40b527a8d611bab236697624633b83f1679749ababd
https://opendata.dwd.de/climate_environment/CDC/observations_germany/climate/daily/more_precip/historical/tageswerte_RR_04406_18940101_20061231_hist.zip,178084,d8dd5a4c5583ff6fdbaf3430ab14a1b01584290d55bd087942343b5b123eb1a7
https://opendata.dwd.de/climate_environment/CDC/observations_germany/climate/daily/more_precip/historical/tageswerte_RR_04456_19750101_20031231_hist.zip,45509,773dc917ef7a70eec8eeb0ad7425ab1ec88a5a7b60ba513a3016487f98298800
https://opendata.dwd.de/climate_environment/CDC/observations_germany/climate/daily/more_precip/historical/tageswerte_RR_04465_19690101_20031231_hist.zip,14238,2b8155f7d2521cd80bf4c4503920ef8adac7107cf60deb12c542d0f994377caa
https://opendata.dwd.de/climate_environment/CDC/observations_germany/climate/daily/more_precip/historical/tageswerte_RR_04466_19470101_20251231_hist.zip,133120,3afecf439b86ac0bb59f2d24285861fd8aae7f5fa58e2e874ab2eeae2f857653
https://opendata.dwd.de/climate_environment/CDC/observations_germany/climate/daily/more_precip/historical/tageswerte_RR_04525_18911101_20001231_hist.zip,117109,d8ced4971df7c0f9b7f240caf916cbfde1b04c39a8accd04ce637a37a85458eb
https://opendata.dwd.de/climate_environment/CDC/observations_germany/climate/daily/more_precip/historical/tageswerte_RR_04526_19310101_20061231_hist.zip,119886,81b7f1ab8bb5ba388eb72c2053dfabb1562747eaf338a5a5fde392efe155143c
https://opendata.dwd.de/climate_environment/CDC/observations_germany/climate/daily/more_precip/historical/tageswerte_RR_04575_19790101_20251231_hist.zip,75815,ccb4ebe12cdc8b45454414527ad0ea23bf7418000d4288abade3d23a782ca285
https://opendata.dwd.de/climate_environment/CDC/observations_germany/climate/daily/more_precip/historical/tageswerte_RR_04602_19850701_20251231_hist.zip,69429,9d7c8adb2764b1dd3f7738c9d0227edd95d8b062c744e0657c2400ff8e0648af
https://opendata.dwd.de/climate_environment/CDC/observations_germany/climate/daily/more_precip/historical/tageswerte_RR_04611_18970501_20080831_hist.zip,174496,9ba064bda8c06b1d575d9840e3d7300fdd5231c3dbe42d8ea8521383ec5a2d54
https://opendata.dwd.de/climate_environment/CDC/observations_germany/climate/daily/more_precip/historical/tageswerte_RR_04625_18900101_20251231_hist.zip,201078,b2d1c26b2e531f6404b67194ae997c8aa7d15672b88a84141daa42e869203760
https://opendata.dwd.de/climate_environment/CDC/observations_germany/climate/daily/more_precip/historical/tageswerte_RR_04626_19690101_20210131_hist.zip,83124,83e58564a4a58a7ef95e036a88be05554285826fb04e96d05bf4afd3afd8afb5
https://opendata.dwd.de/climate_environment/CDC/observations_germany/climate/daily/more_precip/historical/tageswerte_RR_04627_19690101_19970831_hist.zip,15213,d240b8603c8a6e8a6d07080003d9119a9129468cb2bf6acaf24c5d432b06ec98
https://opendata.dwd.de/climate_environment/CDC/observations_germany/climate/daily/more_precip/historical/tageswerte_RR_04629_19740701_19991130_hist.zip,43310,c9dbb395761ad404a6b8e91efb9affcd0472e783380553743cd95dfc2220d688
https://opendata.dwd.de/climate_environment/CDC/observations_germany/climate/daily/more_precip/historical/tageswerte_RR_04632_19510101_20251231_hist.zip,113009,ecd67e26eba28f19bd599456be0108b7c8180dd49ccc1ea9689a1d57ccdc0e14
https://opendata.dwd.de/climate_environment/CDC/observations_germany/climate/daily/more_precip/historical/tageswerte_RR_04639_19510101_20251231_hist.zip,117005,c8728f9cc0628264390023cae294bbce4b6bb536bd8b0394ebf6ec67d1143eb7
https://opendata.dwd.de/climate_environment/CDC/observations_germany/climate/daily/more_precip/historical/tageswerte_RR_04666_20050601_20251231_hist.zip,39719,84077f7941facc2666e83974710739efdd68d2ec9b7a2707ab500d1243ec85d5
https://opendata.dwd.de/climate_environment/CDC/observations_germany/climate/daily/more_precip/historical/tageswerte_RR_04669_19820101_20050331_hist.zip,19551,7f09853b550a30396ce1020d2babec67eeca08c2f15a823cfc71bc1d7438b1df
https://opendata.dwd.de/climate_environment/CDC/observations_germany/climate/daily/more_precip/historical/tageswerte_RR_04670_19310101_20090131_hist.zip,123346,bf7865448631f71da7ede239892634d2eef6bede54ece26b50ba1ae039259530
https://opendata.dwd.de/climate_environment/CDC/observations_germany/climate/daily/more_precip/historical/tageswerte_RR_04699_19690101_20051231_hist.zip,22788,98dffa9f87ee4d6e3a661d4a813b3ed4183f863714f15abeeb70b0deaedf6af2
https://opendata.dwd.de/climate_environment/CDC/observations_germany/climate/daily/more_precip/historical/tageswerte_RR_04701_19690101_20031231_hist.zip,34283,1f4bbdd48d2ba832e200951a62093c5ea3feb13512009d9a2ff11e9633c8104f
https://opendata.dwd.de/climate_environment/CDC/observations_germany/climate/daily/more_precip/historical/tageswerte_RR_04732_19510101_20251231_hist.zip,117840,8a5c0fd9eec3972ab4d5d56353ded519dc13426f6e08dcbc3692b489ce18ddf6
https://opendata.dwd.de/climate_environment/CDC/observations_germany/climate/daily/more_precip/historical/tageswerte_RR_04800_19510101_20251231_hist.zip,103857,40201c72ea8ce6b292945653eb0b68a31a868cac39f3bdd9ada1344c7ebea99d
https://opendata.dwd.de/climate_environment/CDC/observations_germany/climate/daily/more_precip/historical/tageswerte_RR_04802_19510101_20061231_hist.zip,71603,12c6a60602227c3e34d253b9b3170c3e14406450b8de771bf9a6a4c16f31139e
https://opendata.dwd.de/climate_environment/CDC/observations_germany/climate/daily/more_precip/historical/tageswerte_RR_04803_19220601_20251231_hist.zip,128721,1d8e17e2599f2aa3af1aa03ad37e093cc3e59f05dc1c15e3e9a32a4743e432a4
https://opendata.dwd.de/climate_environment/CDC/observations_germany/climate/daily/more_precip/historical/tageswerte_RR_04830_19180901_20101231_hist.zip,111956,ec843eb6ef5589109cd8de52c7bc3db7aee33650f0532dc3b3a6fb7105caac36
https://opendata.dwd.de/climate_environment/CDC/observations_germany/climate/daily/more_precip/historical/tageswerte_RR_04833_19310101_20010331_hist.zip,84021,cc3130293963174b79fe21b38d9da7f059a72683266082ecbdbb32ee72a794fb
https://opendata.dwd.de/climate_environment/CDC/observations_germany/climate/daily/more_precip/historical/tageswerte_RR_04841_19310101_20251231_hist.zip,141969,ee6029245a8f637041325bb4019f469914a84646563dd01398b27838b1184761
https://opendata.dwd.de/climate_environment/CDC/observations_germany/climate/daily/more_precip/historical/tageswerte_RR_04851_19690101_20010430_hist.zip,9898,2f17deabcc4c3fa0d655d2f515aed09720484c696e8429d5ae8594ab9b5f89fe
https://opendata.dwd.de/climate_environment/CDC/observations_germany/climate/daily/more_precip/historical/tageswerte_RR_04856_19510101_20071231_hist.zip,59168,464eb29b37a0c67b067bdfa8f31ecf84cd2d109bcfda71f3c0c55d8b48d3b69a
https://opendata.dwd.de/climate_environment/CDC/observations_germany/climate/daily/more_precip/historical/tageswerte_RR_04857_19901101_20251231_hist.zip,60962,a5d63209ab2445ee5fafcb694277ee3d26c6807504c7166d80bec8d561bbc072
https://opendata.dwd.de/climate_environment/CDC/observations_germany/climate/daily/more_precip/historical/tageswerte_RR_04871_19690101_20050531_hist.zip,54841,700cbfb0a847432e30e7451f1413062f25ca7f50fd2627b04eb8fd0c294ceda8
https://opendata.dwd.de/climate_environment/CDC/observations_germany/climate/daily/more_precip/historical/tageswerte_RR_04873_19710101_19990228_hist.zip,45669,246f2ca682e502cb3e32f3f51110ea5d4d675456d1e90b4cf2e78e132fa83fd5
https://opendata.dwd.de/climate_environment/CDC/observations_germany/climate/daily/more_precip/historical/tageswerte_RR_04891_19780101_20091231_hist.zip,42643,1e33bf2bfdde5ccedbdd0cdfbce06e88b897cf4815564043582b195864b467a5
https://opendata.dwd.de/climate_environment/CDC/observations_germany/climate/daily/more_precip/historical/tageswerte_RR_04893_19690101_20150430_hist.zip,65024,840df4aa2cf68ee30203b0e5a36a0304d95850e0a7a703c1ac3347b8823fdbbf
https://opendata.dwd.de/climate_environment/CDC/observations_germany/climate/daily/more_precip/historical/tageswerte_RR_04896_19741201_20221130_hist.zip,79098,b51a6e7c7c588ae88f42585e8fe58bc3663e9adf7f0b8ca355a913aad6423ffe
https://opendata.dwd.de/climate_environment/CDC/observations_germany/climate/daily/more_precip/historical/tageswerte_RR_04903_19510101_20061231_hist.zip,19707,ac93b336b3b0cf381ef8785b775351b86c12c6c29eb0677bf55ae166fff046c7
https://opendata.dwd.de/climate_environment/CDC/observations_germany/climate/daily/more_precip/historical/tageswerte_RR_04920_19410101_20251231_hist.zip,129069,100c4c8830521cf1830481276e83e9e0c6060766a380651b721097870a4e9a9a
https://opendata.dwd.de/climate_environment/CDC/observations_germany/climate/daily/more_precip/historical/tageswerte_RR_04941_18910501_20251231_hist.zip,168549,6dfdac27f630d7822f74e01e8161f8517f4767d9fd3db1d1e04415809ea0fe04
https://opendata.dwd.de/climate_environment/CDC/observations_germany/climate/daily/more_precip/historical/tageswerte_RR_04942_19410101_20020831_hist.zip,27615,11384256ad2c4d867c72545085bf4238dabde3e8489098a89f8582433a347e9d
https://opendata.dwd.de/climate_environment/CDC/observations_germany/climate/daily/more_precip/historical/tageswerte_RR_04944_19690101_20051231_hist.zip,21776,085449e9f0118820925688c234f2c37e73c7c0d2ed4cffaf940f5d76419be1c2
https://opendata.dwd.de/climate_environment/CDC/observations_germany/climate/daily/more_precip/historical/tageswerte_RR_05004_19310101_20030630_hist.zip,64830,6746521063fd442f72e7069a8abb56d7deaaaab62e40c2bbc52f6e4bc6d64670
https://opendata.dwd.de/climate_environment/CDC/observations_germany/climate/daily/more_precip/historical/tageswerte_RR_05008_19110901_20051231_hist.zip,92294,83b6e739304033d4eeabefd8230665840dba5c6d26cb1d71ac04d8cde7174363
https://opendata.dwd.de/climate_environment/CDC/observations_germany/climate/daily/more_precip/historical/tageswerte_RR_05009_18900301_20251231_hist.zip,200167,6e08dc225c8034d4669ca6317522e535745c644137ba3856bd22c9f4ea7f3cea
https://opendata.dwd.de/climate_environment/CDC/observations_germany/climate/daily/more_precip/historical/tageswerte_RR_05043_19710101_20061231_hist.zip,56488,3ab950e30b2aa48cc8bccef1bde3faed42f1f07624c21dad1e7c636809640359
https://opendata.dwd.de/climate_environment/CDC/observations_germany/climate/daily/more_precip/historical/tageswerte_RR_05057_19510101_20251231_hist.zip,120545,58b57237357a2e360945c549dd5879fbe5dc4d51fbaceb6b48e612cdc4568082
https://opendata.dwd.de/climate_environment/CDC/observations_germany/climate/daily/more_precip/historical/tageswerte_RR_05058_19780101_20251231_hist.zip,80878,14fb83dd6f6e3ed9449d91df043bd864ddb9a93f6cbe7cd33fbb0ee3e3a8aff9
https://opendata.dwd.de/climate_environment/CDC/observations_germany/climate/daily/more_precip/historical/tageswerte_RR_05066_19510101_20061231_hist.zip,86033,164bd868a7e8a1a8fc74abdf571241b3a1dc5fe3dd5dbaff75381d4f7fdefae5
https://opendata.dwd.de/climate_environment/CDC/observations_germany/climate/daily/more_precip/historical/tageswerte_RR_05078_19400101_20010930_hist.zip,97178,e2724b8b1a4206fbb3c348b8e671b48d83c2a0f1db02b6c0aa345662455fffc7
https://opendata.dwd.de/climate_environment/CDC/observations_germany/climate/daily/more_precip/historical/tageswerte_RR_05085_19140521_20061231_hist.zip,126874,825b595310e9569661a1b644c220d366bafcb6ffa6138da3aaf7d7a2e390baf3
https://opendata.dwd.de/climate_environment/CDC/observations_germany/climate/daily/more_precip/historical/tageswerte_RR_05097_19510101_20251231_hist.zip,116988,79bee0051485bf1eda609cdb185907e7e2b2936b617788649f3529d4804e439f
https://opendata.dwd.de/climate_environment/CDC/observations_germany/climate/daily/more_precip/historical/tageswerte_RR_05104_18910607_20061231_hist.zip,166111,dfb161e74475a21e5b1b1ed29b36e2292773b88aeee51d024e462f2832404973
https://opendata.dwd.de/climate_environment/CDC/observations_germany/climate/daily/more_precip/historical/tageswerte_RR_05145_19710101_20151130_hist.zip,42222,058790f708657d8a652a9910e396b1e753a225d4fad16eaa513eda43d4a97dcf
https://opendata.dwd.de/climate_environment/CDC/observations_germany/climate/daily/more_precip/historical/tageswerte_RR_05172_19901201_20061231_hist.zip,20638,80505cf6fb3c4f695abb6822f7ec31bdb7c999b83ae7ce0cf8687ab42fb326db
https://opendata.dwd.de/climate_environment/CDC/observations_germany/climate/daily/more_precip/historical/tageswerte_RR_05173_19610101_20050331_hist.zip,16294,1888889afa251188cca82736055754c2de8160e188010ca4f46df3ea05684d1c
https://opendata.dwd.de/climate_environment/CDC/observations_germany/climate/daily/more_precip/historical/tageswerte_RR_05183_19510101_19980430_hist.zip,35289,14d85a98e58f98529d12fd3e51f3550b411382800f713ca37d491d0c99b61f0c
https://opendata.dwd.de/climate_environment/CDC/observations_germany/climate/daily/more_precip/historical/tageswerte_RR_05188_19410101_20061231_hist.zip,44111,c72250c072751f71567f5ae76184874d1b35bf32efae7fd251818acd128131a0
https://opendata.dwd.de/climate_environment/CDC/observations_germany/climate/daily/more_precip/historical/tageswerte_RR_05195_19690101_20251231_hist.zip,88296,af8d8bf2e2db1949d6aeeaae5c2d198a2f1d38c77c7507c0c53b0ddfee589bd2
https://opendata.dwd.de/climate_environment/CDC/observations_germany/climate/daily/more_precip/historical/tageswerte_RR_05196_19030501_20251231_hist.zip,191947,f57f2e4e1b6b1fa3272014d9325a47a8485151e74413411dd6d32a8fca4a4472
https://opendata.dwd.de/climate_environment/CDC/observations_germany/climate/daily/more_precip/historical/tageswerte_RR_05214_19890301_19970930_hist.zip,16409,d7e2edd7ed27d8c76666211cc44acce9189eaecbad9689cc489cf3d00e2396b4
https://opendata.dwd.de/climate_environment/CDC/observations_germany/climate/daily/more_precip/historical/tageswerte_RR_05233_19610101_20061231_hist.zip,20699,e7bfd4f24aa2d73ca6bdff02cdaf79caa945bd4dbd257c610c058832c873c31b
https://opendata.dwd.de/climate_environment/CDC/observations_germany/climate/daily/more_precip/historical/tageswerte_RR_05257_19310101_20061231_hist.zip,42454,ebe55e67633f40194e523dde89657eea27a31481f1c8125a9bb2f0fe0b5a2ad4
https://opendata.dwd.de/climate_environment/CDC/observations_germany/climate/daily/more_precip/historical/tageswerte_RR_05259_19690101_20011231_hist.zip,50866,d979b7a9d6b1503213da22f99657bee9ef188118b593a21eaa8e6d2e82039843
https://opendata.dwd.de/climate_environment/CDC/observations_germany/climate/daily/more_precip/historical/tageswerte_RR_05268_19510101_19980630_hist.zip,70499,d8c3136ad35eb7959a34d4814986f993876c246fdb7c7841d5b4c86a8679da31
https://opendata.dwd.de/climate_environment/CDC/observations_germany/climate/daily/more_precip/historical/tageswerte_RR_05280_19810401_20251231_hist.zip,77319,feff7bb731631896be74dbc41798b4ffcdeb460d82a9876fda42bfdb9fd57550
https://opendata.dwd.de/climate_environment/CDC/observations_germany/climate/daily/more_precip/historical/tageswerte_RR_05326_19510101_20251231_hist.zip,116110,dfc59340b981ce82620189c0119376d20e79daa2ff42f4ef85483d4c1ec8f302
https://opendata.dwd.de/climate_environment/CDC/observations_germany/climate/daily/more_precip/historical/tageswerte_RR_05342_19030401_20251231_hist.zip,188688,a2c0f4cc59e14c5c681d22ac938fbf3e6a9e348172206be17907fb15426e3cb8
https://opendata.dwd.de/climate_environment/CDC/observations_germany/climate/daily/more_precip/historical/tageswerte_RR_05343_19510101_20061231_hist.zip,19242,74ec52bc8fab2227ddde6b75e7b31c293eb59b39d5738e81e2128ce88a90af15
https://opendata.dwd.de/climate_environment/CDC/observations_germany/climate/daily/more_precip/historical/tageswerte_RR_05344_18850601_20251231_hist.zip,194469,1df0bed8c318638fac1c7cef1a634c4a7e6e123006f2dbb69f78e678ceb206d8
https://opendata.dwd.de/climate_environment/CDC/observations_germany/climate/daily/more_precip/historical/tageswerte_RR_05349_18890701_20251231_hist.zip,204581,dd4c2676a2c8291f192e4a1874315bd927b9d15a50cce84a7a8ee7928bfb2122
https://opendata.dwd.de/climate_environment/CDC/observations_germany/climate/daily/more_precip/historical/tageswerte_RR_05350_19690101_20011231_hist.zip,50995,e4e42afc670a7faba26fd6349dc3c91f9646a75382554a282fc1d172f6e2e782
https://opendata.dwd.de/climate_environment/CDC/observations_germany/climate/daily/more_precip/historical/tageswerte_RR_05353_19690101_20051231_hist.zip,43059,11d8abe22d6021c44d68d5bea12a099e90f54ff0001aee2fc10c6e6b74b4d359
https://opendata.dwd.de/climate_environment/CDC/observations_germany/climate/daily/more_precip/historical/tageswerte_RR_05381_19890101_20251231_hist.zip,62383,049c89ea336d412facbe4031b0f496ccbaa98b6cded834c276f0ed465a2b142c
https://opendata.dwd.de/climate_environment/CDC/observations_germany/climate/daily/more_precip/historical/tageswerte_RR_05469_19700101_20100630_hist.zip,61625,355571931aca81e5ee70c9c56014d078b191a7db0c762e919dd4b7ff58c229af
https://opendata.dwd.de/climate_environment/CDC/observations_germany/climate/daily/more_precip/historical/tageswerte_RR_05481_19510101_19991231_hist.zip,16108,6055c7f0aed363ecd2425ebe682e6b2b404d43205b331687c03502fcd949c4a4
https://opendata.dwd.de/climate_environment/CDC/observations_germany/climate/daily/more_precip/historical/tageswerte_RR_05507_19610101_20021231_hist.zip,64662,03757b61500f1a798f0d3e32dbffb202d562d7c44be5185a7e52dcd95f90c081
https://opendata.dwd.de/climate_environment/CDC/observations_germany/climate/daily/more_precip/historical/tageswerte_RR_05512_18910601_20251231_hist.zip,179536,35d8c478614bfe23b3672da6d5927c2cb18e8839746a90607723be4f76799dc4
https://opendata.dwd.de/climate_environment/CDC/observations_germany/climate/daily/more_precip/historical/tageswerte_RR_05514_19360101_20061231_hist.zip,107397,8c35c8776b8808f3d8551ffd0211fc66d557cefdc62a169a69b9c6d0306fd2b9
https://opendata.dwd.de/climate_environment/CDC/observations_germany/climate/daily/more_precip/historical/tageswerte_RR_05516_19410101_20251231_hist.zip,119979,1fac90af61bd7794945d9d982c3edca9256854317274010f099b05c9a51400bc
https://opendata.dwd.de/climate_environment/CDC/observations_germany/climate/daily/more_precip/historical/tageswerte_RR_05520_19871001_19930131_hist.zip,13234,49184e608de6915470be67abf77a2e55c9061c57ae1173baf0bd95c6d7fb5576
https://opendata.dwd.de/climate_environment/CDC/observations_germany/climate/daily/more_precip/historical/tageswerte_RR_05521_19020607_20061231_hist.zip,149936,226842c4571e478aabdbaf811ab3fbb1772f029870343575878a5839377161e1
https://opendata.dwd.de/climate_environment/CDC/observations_germany/climate/daily/more_precip/historical/tageswerte_RR_05552_19310101_20251231_hist.zip,144132,46d63c6466a64e690970bf2428614ccdf267bf32b49a298425e4a5d8eec6fae7
https://opendata.dwd.de/climate_environment/CDC/observations_germany/climate/daily/more_precip/historical/tageswerte_RR_05575_18800101_19980630_hist.zip,178659,b344e8b967080d2c40b7798f46996828546afba5021143d591d5e77c7c50b785
https://opendata.dwd.de/climate_environment/CDC/observations_germany/climate/daily/more_precip/historical/tageswerte_RR_05589_18970501_20251231_hist.zip,135756,8b3edc7ec9e8a8d7d0dc986de002a1a66a86f3499678cf85c56297120bc6d7e4
https://opendata.dwd.de/climate_environment/CDC/observations_germany/climate/daily/more_precip/historical/tageswerte_RR_05608_19510101_20251231_hist.zip,116410,11ff9d0335da00d5eac1f35ed154f54df81fe4e427a84e441ee169e67d6984cb
https://opendata.dwd.de/climate_environment/CDC/observations_germany/climate/daily/more_precip/historical/tageswerte_RR_05624_19200101_20251231_hist.zip,117022,e7652571434b98821d8715d47d397bfff2ce2943ccaa67452a2d80840746cbb4
https://opendata.dwd.de/climate_environment/CDC/observations_germany/climate/daily/more_precip/historical/tageswerte_RR_05630_19510101_20041031_hist.zip,30768,19863a6c9e8152b1dca230afe1b12654d1d0c014ca13fb10af1bde9e1d3efb70
https://opendata.dwd.de/climate_environment/CDC/observations_germany/climate/daily/more_precip/historical/tageswerte_RR_05638_19410101_20251231_hist.zip,128454,f18d33718bddc6dbb8345ff1126bac7da08eb041c5f18893ed3105df4572eb73
https://opendata.dwd.de/climate_environment/CDC/observations_germany/climate/daily/more_precip/historical/tageswerte_RR_05639_19410101_20251231_hist.zip,111164,2b4b0bc847f93152d12efe6210290ec35855821415232ca60b80ca005dbfd267
https://opendata.dwd.de/climate_environment/CDC/observations_germany/climate/daily/more_precip/historical/tageswerte_RR_05661_19510101_20151231_hist.zip,53487,5a05b6a440495595c15c2147ce9cc17211f5daf2245e8ba37f60d0c6977d354f
https://opendata.dwd.de/climate_environment/CDC/observations_germany/climate/daily/more_precip/historical/tageswerte_RR_05713_19510101_20061231_hist.zip,84589,24107b697a5f4c214b67a47cef764551a2610f204e45dcc7b7d65e65032fb4c7
https://opendata.dwd.de/climate_environment/CDC/observations_germany/climate/daily/more_precip/historical/tageswerte_RR_05730_19221001_20051231_hist.zip,76722,ad215247b70a96dd288436960f876c8c93a0e7c6d7a7dcd0b72e7f90f22bd1b9
https://opendata.dwd.de/climate_environment/CDC/observations_germany/climate/daily/more_precip/historical/tageswerte_RR_05732_18870701_20251231_hist.zip,207212,b25a8be18ac441ac664789a53d4d83619459d5fbb267b634ebd9673ae1b88d09
https://opendata.dwd.de/climate_environment/CDC/observations_germany/climate/daily/more_precip/historical/tageswerte_RR_05740_19690101_20011231_hist.zip,50324,0f08837d3f1e08c7d0f15259b6734ce71c205f01acc70bb7405f320a1d77175c
https://opendata.dwd.de/climate_environment/CDC/observations_germany/climate/daily/more_precip/historical/tageswerte_RR_05741_18880101_20051231_hist.zip,133345,22faadfab1df85a07b746397732e1daf51014705a82867bce799875573aa066c
https://opendata.dwd.de/climate_environment/CDC/observations_germany/climate/daily/more_precip/historical/tageswerte_RR_05777_18941001_20251231_hist.zip,188517,9304ddf53b2e464e9c555119b2093ddae693302ec447a03dc5da3667fcb6c5f6
https://opendata.dwd.de/climate_environment/CDC/observations_germany/climate/daily/more_precip/historical/tageswerte_RR_05839_19970701_20251231_hist.zip,54057,257d58407730875e16cb7438580524361b4e49a9c669471c2a83a4f9437c7242
https://opendata.dwd.de/climate_environment/CDC/observations_germany/climate/daily/more_precip/historical/tageswerte_RR_05924_19710101_20040630_hist.zip,17850,99b49aa827d77d58ea94826de03c18e9d16fb15ecd488b16ea697b2f490df2ec
https://opendata.dwd.de/climate_environment/CDC/observations_germany/climate/daily/more_precip/historical/tageswerte_RR_05930_20070701_20251231_hist.zip,37421,5e06c6d82c3794e4fbd23379642a4cffa86c8b0ccc43f443851c6a8a7b28a953
https://opendata.dwd.de/climate_environment/CDC/observations_germany/climate/daily/more_precip/historical/tageswerte_RR_05952_19610101_20161231_hist.zip,88264,6cb72d588af0ba749ea6352ffc69dca816911939c5bc1a7a6d96a02566422756
https://opendata.dwd.de/climate_environment/CDC/observations_germany/climate/daily/more_precip/historical/tageswerte_RR_06105_19980601_20251231_hist.zip,50973,48809f80f4d4b2bd2cfb069e2d03008b576355b878892f4fb9b695b45f6ca12a
https://opendata.dwd.de/climate_environment/CDC/observations_germany/climate/daily/more_precip/historical/tageswerte_RR_06157_19990201_20251231_hist.zip,49580,4a30babbff071c06b9540255c2352fa9188f9980a19384a5cf7e63bab75eff14
https://opendata.dwd.de/climate_environment/CDC/observations_germany/climate/daily/more_precip/historical/tageswerte_RR_06163_20061001_20251231_hist.zip,39538,d119e8f88a968893ad7199ed5ba6b11796867e8fbab9274e1111c488c39d100f
https://opendata.dwd.de/climate_environment/CDC/observations_germany/climate/daily/more_precip/historical/tageswerte_RR_06165_19991201_20051231_hist.zip,13049,1869397718274c0fba1daefd857a98a7200d634e80c8cc41e25feb97b47eb9ef
https://opendata.dwd.de/climate_environment/CDC/observations_germany/climate/daily/more_precip/historical/tageswerte_RR_06177_19991201_20251231_hist.zip,46135,cfaea24cbd946b125d29abba5fbc517167ecc4a66e34394aaf21f02f65c6f035
https://opendata.dwd.de/climate_environment/CDC/observations_germany/climate/daily/more_precip/historical/tageswerte_RR_07078_20041101_20251231_hist.zip,40079,b754ccbda900b3ebdae257a0d77dde1ade09db593dd102271577f01b12def2a6
https://opendata.dwd.de/climate_environment/CDC/observations_germany/climate/daily/more_precip/historical/tageswerte_RR_07298_20050701_20251231_hist.zip,39611,23656eebedba34889b2279242fb28706b03b169cea3824236af271e096053cb6
https://opendata.dwd.de/climate_environment/CDC/observations_germany/climate/daily/more_precip/historical/tageswerte_RR_07373_20060301_20251231_hist.zip,38613,42f4e78ab633ae20d41f096dafaaf6a6de66122675e08a0b672ba1b637ada82d
https://opendata.dwd.de/climate_environment/CDC/observations_germany/climate/daily/more_precip/historical/tageswerte_RR_07427_20070901_20251231_hist.zip,36782,aea2e4df09296fcb8fc78ed61bf95c63e0f2285d164d755de5bdda88ecac7977
https://opendata.dwd.de/climate_environment/CDC/observations_germany/climate/daily/more_precip/historical/tageswerte_RR_13687_20071101_20251231_hist.zip,36886,30f22122faa2c2eb98e682a352a80310fb1e079ce4248a5066e67ef06404b46b
https://opendata.dwd.de/climate_environment/CDC/observations_germany/climate/daily/more_precip/historical/tageswerte_RR_13926_19690101_20190731_hist.zip,81114,f0073ca5a4a2f3c930a1212655d450f05347aeb9b80ff18806a0b571ab951a34
https://opendata.dwd.de/climate_environment/CDC/observations_germany/climate/daily/more_precip/historical/tageswerte_RR_14001_20090501_20100630_hist.zip,9207,bdfe109ac919f271a333df5a9f768dac937ef911a6fa26a7d54c14aad7fc70a3
https://opendata.dwd.de/climate_environment/CDC/observations_germany/climate/daily/more_precip/historical/tageswerte_RR_15147_20120501_20251231_hist.zip,29277,7d22e1b9a60bf1058bddee4c5f87bf557de317851a3f1b167c3f7f27a0479ba5
https://opendata.dwd.de/climate_environment/CDC/observations_germany/climate/daily/more_precip/historical/tageswerte_RR_15518_20150701_20251231_hist.zip,23698,59518600b6ef8badc59942e14a948224eb3a8af78f02373c4f5dce3850d5da5e
https://opendata.dwd.de/climate_environment/CDC/observations_germany/climate/daily/more_precip/historical/tageswerte_RR_15553_20160401_20251231_hist.zip,21420,a662b01d05a76c41467675f20a5583881bae7451c99e9f942a53d127a8178beb
https://opendata.dwd.de/climate_environment/CDC/observations_germany/climate/daily/more_precip/historical/tageswerte_RR_15994_20181001_20251231_hist.zip,17416,dc7587513149d94e6b8c21e5efb3a33218789abdd292d306b2acd34526bd8c45
https://opendata.dwd.de/climate_environment/CDC/observations_germany/climate/daily/more_precip/historical/tageswerte_RR_16086_20181001_20251231_hist.zip,19498,de4436d8a45f39e58b9f40f55e7d30ee56c4f279572175a42718b6936168afcb
https://opendata.dwd.de/climate_environment/CDC/observations_germany/climate/daily/more_precip/historical/tageswerte_RR_19123_20190701_20251231_hist.zip,18066,fd3666e9218245bec1f45221a9c4a378064f834548ae8c3c6732a16871923012
https://opendata.dwd.de/climate_environment/CDC/observations_germany/climate/daily/more_precip/historical/tageswerte_RR_19171_20200901_20251231_hist.zip,12063,2b1460ae3d3afacd8723f25744946cea230ce4b87da6e64a2d92f14e9a699cc1
https://opendata.dwd.de/climate_environment/CDC/observations_germany/climate/daily/more_precip/historical/tageswerte_RR_19172_20200901_20251231_hist.zip,12119,93c3d52a3f768f18e5def32c3adadeddba2d86948a7f8e1da8029513598e528d
https://opendata.dwd.de/climate_environment/CDC/observations_germany/climate/daily/more_precip/historical/tageswerte_RR_19193_20200301_20251231_hist.zip,15464,95b4e92f196154c03dd18562cb35d2e1c6526d2684a28e25267b6ea07b979f55
https://opendata.dwd.de/climate_environment/CDC/observations_germany/climate/daily/more_precip/historical/tageswerte_RR_19207_20230401_20251231_hist.zip,12960,0166c958aa5ac7203f227756881504c99fd5772946269539f019f74469e49578
https://opendata.dwd.de/climate_environment/CDC/observations_germany/climate/daily/more_precip/historical/tageswerte_RR_19307_19160401_20050531_hist.zip,130980,145f111ec932a53f82a34281a194fb57988cf926d6bc14ecd5d539b32701155a
https://opendata.dwd.de/climate_environment/CDC/observations_germany/climate/daily/more_precip/historical/tageswerte_RR_19578_20230101_20251231_hist.zip,11547,f70531d3a0a4c737dfda757a499598c5e227a5c2ba984301ff6313e9e9b1167f
https://opendata.dwd.de/climate_environment/CDC/observations_germany/climate/daily/more_precip/historical/tageswerte_RR_19995_20240801_20251231_hist.zip,9196,a8b0ba7fd2275a25f80a6c6d1bbe91ff334387880639e95967202aa6e5017a45
https://opendata.dwd.de/climate_environment/CDC/observations_germany/climate/daily/more_precip/recent/,313774,bb7fee7e0e11f0e5aa85b10856a75106a743a728343607170f6378b9db9aa55a
https://opendata.dwd.de/climate_environment/CDC/observations_germany/climate/daily/more_precip/recent/tageswerte_RR_00245_akt.zip,10263,e75b43b45d80f688f7c6bcc1920fb2c6c8a15159d82f2c0f184c959d5613afcd
https://opendata.dwd.de/climate_environment/CDC/observations_germany/climate/daily/more_precip/recent/tageswerte_RR_00289_akt.zip,10779,8a7cdc9351d8870192ad4081205b0ec00ea001c033d245b196c8321eba17a684
https://opendata.dwd.de/climate_environment/CDC/observations_germany/climate/daily/more_precip/recent/tageswerte_RR_00298_akt.zip,13295,9853049ce92b07636870864b193df0a11a94aa276d793c98905f70134545d93b
https://opendata.dwd.de/climate_environment/CDC/observations_germany/climate/daily/more_precip/recent/tageswerte_RR_00312_akt.zip,12353,10f8902fe36524429dadc8a23f0dad61e84479f3310e8011afd1d9c0289c9443
https://opendata.dwd.de/climate_environment/CDC/observations_germany/climate/daily/more_precip/recent/tageswerte_RR_00561_akt.zip,12372,6b5e187f61134a24e04b3745862cb0f555ec1bb3809d4e54392a6009cbf5d1c2
https://opendata.dwd.de/climate_environment/CDC/observations_germany/climate/daily/more_precip/recent/tageswerte_RR_00590_akt.zip,8203,574089dbc2747afc512d91c660d760b6b048dfccc3bf24802f9113d2f9249686
https://opendata.dwd.de/climate_environment/CDC/observations_germany/climate/daily/more_precip/recent/tageswerte_RR_00591_akt.zip,14684,c343c45785895a673cde9b7a918d94e8192a9eedeb66c1f7a46fc8134898237a
https://opendata.dwd.de/climate_environment/CDC/observations_germany/climate/daily/more_precip/recent/tageswerte_RR_00596_akt.zip,14767,32b3291e42f0bec4a7851199608522c07b18053b740c7ffb6cdf2fe1b0c66718
https://opendata.dwd.de/climate_environment/CDC/observations_germany/climate/daily/more_precip/recent/tageswerte_RR_00611_akt.zip,10271,153d837610b260c4fd090942e35b4f2ac3f882d40b69719c689b48c2227101c2
https://opendata.dwd.de/climate_environment/CDC/observations_germany/climate/daily/more_precip/recent/tageswerte_RR_00628_akt.zip,10124,609007ea8b99114aa3a2cac6890acc8689ceedc67a71352845a256416ad6e6d5
https://opendata.dwd.de/climate_environment/CDC/observations_germany/climate/daily/more_precip/recent/tageswerte_RR_00701_akt.zip,14556,1d63c93fb391553141330ed27b469e1b800eddee8fd83f8597794b50c020a614
https://opendata.dwd.de/climate_environment/CDC/observations_germany/climate/daily/more_precip/recent/tageswerte_RR_00704_akt.zip,14204,244fafd8e01b7c91c5331ee5540a9b263e6431c4c80baf2a9bc1e9c895cb7100
https://opendata.dwd.de/climate_environment/CDC/observations_germany/climate/daily/more_precip/recent/tageswerte_RR_00741_akt.zip,10835,d901e7f991df91489e87cbfde3084db4dde3f8aa0c6443f84b4649885d154a30
https://opendata.dwd.de/climate_environment/CDC/observations_germany/climate/daily/more_precip/recent/tageswerte_RR_00747_akt.zip,10396,5207c8f7666a92b7933895b915de06db096e75ab761579f94385de53db9dd41b
https://opendata.dwd.de/climate_environment/CDC/observations_germany/climate/daily/more_precip/recent/tageswerte_RR_00760_akt.zip,12520,510c4ae8495aa1e4a8b487ab24139f9320efd2636f3fb2fb42c622b16dc71661
https://opendata.dwd.de/climate_environment/CDC/observations_germany/climate/daily/more_precip/recent/tageswerte_RR_00791_akt.zip,12056,d43168675a6bdfdbc985f8d52a522d089766a09e977a6052e4c93c10cadd3b8b
https://opendata.dwd.de/climate_environment/CDC/observations_germany/climate/daily/more_precip/recent/tageswerte_RR_00827_akt.zip,11304,0f72e3400395fb548f544e2a154952d9347c63b7278cbdc8599f5619e2fbef94
https://opendata.dwd.de/climate_environment/CDC/observations_germany/climate/daily/more_precip/recent/tageswerte_RR_00839_akt.zip,10372,2f2e638e19081faf8a3e1ea3b7e651c67c169659529f5d96f31ca679a199845a
https://opendata.dwd.de/climate_environment/CDC/observations_germany/climate/daily/more_precip/recent/tageswerte_RR_00891_akt.zip,14462,18843cde0556aec1b0e15e1066fb5d4e69bbb3776f7cc95c9ee96341e6a174d6
https://opendata.dwd.de/climate_environment/CDC/observations_germany/climate/daily/more_precip/recent/tageswerte_RR_00893_akt.zip,11797,58d48661448ee48d76d5ac5596d367ac5d8afc18936e467ad761b18e82443028
https://opendata.dwd.de/climate_environment/CDC/observations_germany/climate/daily/more_precip/recent/tageswerte_RR_00939_akt.zip,11084,016f439f3b69a0aa198e3eb19d493172c35a595be9de4abef2410009a2dc4b01
https://opendata.dwd.de/climate_environment/CDC/observations_germany/climate/daily/more_precip/recent/tageswerte_RR_01016_akt.zip,10382,4aeb6d4fcefdc2fd02224b6037d24d3ca28819bede8e231246a860595d720262
https://opendata.dwd.de/climate_environment/CDC/observations_germany/climate/daily/more_precip/recent/tageswerte_RR_01030_akt.zip,11860,d57162e9ba837fa9c0bbcd3ccebeecb2fa3426e2db7acc25b7fbd9008459d912
https://opendata.dwd.de/climate_environment/CDC/observations_germany/climate/daily/more_precip/recent/tageswerte_RR_01056_akt.zip,11977,51aeeed031f0540ed0dbee82fd493db90e56eae960eee9bc5afbc66a9cf03c75
https://opendata.dwd.de/climate_environment/CDC/observations_germany/climate/daily/more_precip/recent/tageswerte_RR_01130_akt.zip,12375,c246e2e97944c68f8d6fbb366427a2188ee9c5f6343995080828d34d041d938a
https://opendata.dwd.de/climate_environment/CDC/observations_germany/climate/daily/more_precip/recent/tageswerte_RR_01200_akt.zip,11678,354967dab06d081aab706f4a42eaebd25426a8c716c2977f8cb9ea0ae9c195f4
https://opendata.dwd.de/climate_environment/CDC/observations_germany/climate/daily/more_precip/recent/tageswerte_RR_01266_akt.zip,12745,cb690994a11b3566e4faa0e791f1c9f500522ecaf1837c24218948d1c4f15d85
https://opendata.dwd.de/climate_environment/CDC/observations_germany/climate/daily/more_precip/recent/tageswerte_RR_01429_akt.zip,12224,404aa86730c0c70da83f41b3ec73eda1f78b072bfb5692af0346c9989b22c728
https://opendata.dwd.de/climate_environment/CDC/observations_germany/climate/daily/more_precip/recent/tageswerte_RR_01451_akt.zip,12763,73245d3938fdfb844b1ca8953685584ab686f35176d5c7820622980f63a329a5
https://opendata.dwd.de/climate_environment/CDC/observations_germany/climate/daily/more_precip/recent/tageswerte_RR_01494_akt.zip,10700,a150cc1d52267c460071cb0080dae89ae86fd56c43a6e68a6a2c520ddc0385c9
https://opendata.dwd.de/climate_environment/CDC/observations_germany/climate/daily/more_precip/recent/tageswerte_RR_01495_akt.zip,10362,d9163852f3914dde2e68563d5d615852084caf8e4f1793e0515d053e51db1bd3
https://opendata.dwd.de/climate_environment/CDC/observations_germany/climate/daily/more_precip/recent/tageswerte_RR_01546_akt.zip,8902,7735cbb8731ccf013b3066ae46094aa970f62818c2f04b73b84df13917b0ab26
https://opendata.dwd.de/climate_environment/CDC/observations_germany/climate/daily/more_precip/recent/tageswerte_RR_01666_akt.zip,12079,df18fec024649e8b9d28ba0f572f87cb07cc2888e606df122368836b91bec882
https://opendata.dwd.de/climate_environment/CDC/observations_germany/climate/daily/more_precip/recent/tageswerte_RR_01669_akt.zip,12600,8b9fbd8357b475b8a5b3e7ff0f676185a02b3d446492ebace6d7d2eac939ca69
https://opendata.dwd.de/climate_environment/CDC/observations_germany/climate/daily/more_precip/recent/tageswerte_RR_01694_akt.zip,14761,acd1724aa591c883bdcd52392560b644716fc5c76d0e7d51b49c3990e9de3570
https://opendata.dwd.de/climate_environment/CDC/observations_germany/climate/daily/more_precip/recent/tageswerte_RR_01714_akt.zip,10951,3f0efa3967abddff29944e8b1efec0632f0cf6b34529893f3520716363faf4c4
https://opendata.dwd.de/climate_environment/CDC/observations_germany/climate/daily/more_precip/recent/tageswerte_RR_01736_akt.zip,12107,c9a2b69258a3fe9f6690ed17bcc1f9a95aeec51f74984e4cb8e673308dc4bf12
https://opendata.dwd.de/climate_environment/CDC/observations_germany/climate/daily/more_precip/recent/tageswerte_RR_01769_akt.zip,10787,959e9b126a383ad7ad4f960874e62b717e92ad9f1eef6ecb76d3918034dca815
https://opendata.dwd.de/climate_environment/CDC/observations_germany/climate/daily/more_precip/recent/tageswerte_RR_01803_akt.zip,12460,52d2c92a4a390fc2467b2f25cd1f4557084e004c39440ee8e11860e1182c06a9
https://opendata.dwd.de/climate_environment/CDC/observations_germany/climate/daily/more_precip/recent/tageswerte_RR_01813_akt.zip,12980,a3e4af462b24f1c4bc05a674f602263b6fee899648fa4d8e31cd5496c3b585c4
https://opendata.dwd.de/climate_environment/CDC/observations_germany/climate/daily/more_precip/recent/tageswerte_RR_01827_akt.zip,12506,2f0c444d7ce0f41a240e8170d6aa4ab1039dc29fd990af5d4aaf0f6e28ccd477
https://opendata.dwd.de/climate_environment/CDC/observations_germany/climate/daily/more_precip/recent/tageswerte_RR_01888_akt.zip,12390,b3f7165d1ae2d44b743be44605a397abcdb1df8ed464619fbc0a1dce28111c69
https://opendata.dwd.de/climate_environment/CDC/observations_germany/climate/daily/more_precip/recent/tageswerte_RR_01975_akt.zip,12793,394c50120b31ea258ac5b60fdee2dff164f24925766b0a6636c5ba662bbc4eb4
https://opendata.dwd.de/climate_environment/CDC/observations_germany/climate/daily/more_precip/recent/tageswerte_RR_01981_akt.zip,12076,3568ba2c6d031c2463c3f899f5b9892acc3b2c0c5f9d3d44a29dc88e6256a431
https://opendata.dwd.de/climate_environment/CDC/observations_germany/climate/daily/more_precip/recent/tageswerte_RR_02115_akt.zip,14612,876ee92680b8216dc1f096aa34f40d9d0889e49dcdcd362de05fa305bb222af3
https://opendata.dwd.de/climate_environment/CDC/observations_germany/climate/daily/more_precip/recent/tageswerte_RR_02181_akt.zip,10136,424f9118c790f62bd73fe3972a615aab688917a50d347eaecb1c683c34f8f997
https://opendata.dwd.de/climate_environment/CDC/observations_germany/climate/daily/more_precip/recent/tageswerte_RR_02272_akt.zip,12703,363b4b3312e18f857216aa46c75b8863cae5dcda847da04e769279cf1de89b21
https://opendata.dwd.de/climate_environment/CDC/observations_germany/climate/daily/more_precip/recent/tageswerte_RR_02303_akt.zip,12334,98fd083aa0e270da669f231d6ff14c07d4062a2e4c58a6ace2dc935308370aa4
https://opendata.dwd.de/climate_environment/CDC/observations_germany/climate/daily/more_precip/recent/tageswerte_RR_02306_akt.zip,11833,e75cd52f1ea309d77864ad5e014585b9aba82f1eefb6a3c185f35da5df3b161c
https://opendata.dwd.de/climate_environment/CDC/observations_germany/climate/daily/more_precip/recent/tageswerte_RR_02316_akt.zip,10180,41889acd8960a7a26cdfef2e77a28ab29299bf11f4a1f4e5e3717ae616e523c7
https://opendata.dwd.de/climate_environment/CDC/observations_germany/climate/daily/more_precip/recent/tageswerte_RR_02429_akt.zip,12915,de7e649aa914a9fdd9ddf6b8371a73b7be3f2116a9f30883b2ab615f7692a480
https://opendata.dwd.de/climate_environment/CDC/observations_germany/climate/daily/more_precip/recent/tageswerte_RR_02437_akt.zip,12648,b9939d4394f43f345d0b258b333b901086a25148104c85cc128e9cc7632a52da
https://opendata.dwd.de/climate_environment/CDC/observations_germany/climate/daily/more_precip/recent/tageswerte_RR_02452_akt.zip,10383,9248f56074b12e221b40f107fc25fb2ea4710df7b4b463b675cd78816c7c143d
https://opendata.dwd.de/climate_environment/CDC/observations_germany/climate/daily/more_precip/recent/tageswerte_RR_02462_akt.zip,9993,57b4dbd835156f1d0568cc0aa3d6475f2fec53dee72d75e5d8b36099d762ba77
https://opendata.dwd.de/climate_environment/CDC/observations_germany/climate/daily/more_precip/recent/tageswerte_RR_02465_akt.zip,12033,123be35f5ab75490eb424424985b5e7712fb5f7e962fe126d6993409d5abdade
https://opendata.dwd.de/climate_environment/CDC/observations_germany/climate/daily/more_precip/recent/tageswerte_RR_02529_akt.zip,10310,906f88f891bf50b2a002a6c797014aeb26344d583fba109b1735af2bed336fd9
https://opendata.dwd.de/climate_environment/CDC/observations_germany/climate/daily/more_precip/recent/tageswerte_RR_02564_akt.zip,12031,6d6b3ca24208723d62ace00799c4ca851f8c3ae97ee7eafa56167d772bf8c4fa
https://opendata.dwd.de/climate_environment/CDC/observations_germany/climate/daily/more_precip/recent/tageswerte_RR_02578_akt.zip,12428,2a10ecb4fde51470f71bc9505dc919971138e420d2c845ce829f742981491925
https://opendata.dwd.de/climate_environment/CDC/observations_germany/climate/daily/more_precip/recent/tageswerte_RR_02637_akt.zip,10651,d407e56b08fb8916f5db06f4f8e4216748959eb5719ba90dbeae922868f511c1
https://opendata.dwd.de/climate_environment/CDC/observations_germany/climate/daily/more_precip/recent/tageswerte_RR_02663_akt.zip,10409,d7f860770aa210221e746a0a7ae9a6dbcc6ac5f3125ac69d0df89056feadbd1f
https://opendata.dwd.de/climate_environment/CDC/observations_germany/climate/daily/more_precip/recent/tageswerte_RR_02725_akt.zip,10184,07ca94296347a9ec51c6f03d5a9938de657be86ed4cff26dbd344091a615454d
https://opendata.dwd.de/climate_environment/CDC/observations_germany/climate/daily/more_precip/recent/tageswerte_RR_02728_akt.zip,11065,590479dc425e016e4d8373c95ea6d882c66997634032430a79de949ea371f924
https://opendata.dwd.de/climate_environment/CDC/observations_germany/climate/daily/more_precip/recent/tageswerte_RR_02734_akt.zip,13025,ea9df0b5088a05a58e9cfcd8a457524faa64202103b2bab456d507594dccd7ea
https://opendata.dwd.de/climate_environment/CDC/observations_germany/climate/daily/more_precip/recent/tageswerte_RR_02749_akt.zip,12232,19519595412e06ca6d1eaa2ab67e2e20153d7354c0fe01eda07c329956c2d6a3
https://opendata.dwd.de/climate_environment/CDC/observations_germany/climate/daily/more_precip/recent/tageswerte_RR_02763_akt.zip,12598,dc369adbf79b5ed4659beb523edd6a0413ab62bb5b8ccbced20b3ee9b460c17e
https://opendata.dwd.de/climate_environment/CDC/observations_germany/climate/daily/more_precip/recent/tageswerte_RR_02822_akt.zip,12144,01d81d423405de30308eb36f735955ddc0782b97d27f09dfff7a82cfe4404f8f
https://opendata.dwd.de/climate_environment/CDC/observations_germany/climate/daily/more_precip/recent/tageswerte_RR_02827_akt.zip,10559,aed91c34fbf4e9a5e03c70d377b968949ccabf866643606ac9a1da31db87ff6b
https://opendata.dwd.de/climate_environment/CDC/observations_germany/climate/daily/more_precip/recent/tageswerte_RR_02844_akt.zip,12647,db2fc91cef635db1af930b78a8577de39f1e4109846dae453df79697d8466a82
https://opendata.dwd.de/climate_environment/CDC/observations_germany/climate/daily/more_precip/recent/tageswerte_RR_02907_akt.zip,13956,ca67a6b618baadabed972fd7bcc03926741c808d88a9f270a1aa032ee6a073aa
https://opendata.dwd.de/climate_environment/CDC/observations_germany/climate/daily/more_precip/recent/tageswerte_RR_03032_akt.zip,14322,980feabca945341303d3c0008543a5fba8c98624d581682a2e42c92e5bd298ff
https://opendata.dwd.de/climate_environment/CDC/observations_germany/climate/daily/more_precip/recent/tageswerte_RR_03068_akt.zip,12155,555fc87ffdb5aa26b6b9fb60bc2515f9a480622a4c2ac4845480257357f8d7e0
https://opendata.dwd.de/climate_environment/CDC/observations_germany/climate/daily/more_precip/recent/tageswerte_RR_03086_akt.zip,14291,c3b28d7614c998059cb076e3fa06aeb141bd046c35ae552fbfa6833c4bd83ea1
https://opendata.dwd.de/climate_environment/CDC/observations_germany/climate/daily/more_precip/recent/tageswerte_RR_03090_akt.zip,10155,8fe15f45560f05a5f444636bbd9401ad5ce5a37b0f1e993f436e73df8cb19cf4
https://opendata.dwd.de/climate_environment/CDC/observations_germany/climate/daily/more_precip/recent/tageswerte_RR_03106_akt.zip,10474,99361932bb0f69e5b8be0aefc506e9e6f7f5fbdbb64fb6c6f0509200bcd8b346
https://opendata.dwd.de/climate_environment/CDC/observations_germany/climate/daily/more_precip/recent/tageswerte_RR_03196_akt.zip,15019,b1ba81ba7ae95da42770b0b4ab7581cd6f3af072b5d8aba48f226641c2018e71
https://opendata.dwd.de/climate_environment/CDC/observations_germany/climate/daily/more_precip/recent/tageswerte_RR_03217_akt.zip,13083,bec4d08e9a1feea07032b0e7f2d2c9867fdafc484937e84af386a24abeb42620
https://opendata.dwd.de/climate_environment/CDC/observations_germany/climate/daily/more_precip/recent/tageswerte_RR_03280_akt.zip,12477,edce731a0e0e8431c3d2086752d78eb567ababadd8ae785737eca8a341452c53
https://opendata.dwd.de/climate_environment/CDC/observations_germany/climate/daily/more_precip/recent/tageswerte_RR_03333_akt.zip,10097,397e54b5cfaa35615c953c5274ce87d5e3f1f06abc3025f49266bf5fc366f3b8
https://opendata.dwd.de/climate_environment/CDC/observations_germany/climate/daily/more_precip/recent/tageswerte_RR_03342_akt.zip,12467,c346a13e73d0c99bf49c0034bb24b48615887921d394d92af3d3590124a0044e
https://opendata.dwd.de/climate_environment/CDC/observations_germany/climate/daily/more_precip/recent/tageswerte_RR_03467_akt.zip,9693,d881cef1be4892834777f8aa832cc382da45a20d90a57cd9cd5c0e417af1c5bc
https://opendata.dwd.de/climate_environment/CDC/observations_germany/climate/daily/more_precip/recent/tageswerte_RR_03469_akt.zip,8204,ccae880840aed120c8517b0c02fa0cf92416ab3f5f84708028d1021019138592
https://opendata.dwd.de/climate_environment/CDC/observations_germany/climate/daily/more_precip/recent/tageswerte_RR_03482_akt.zip,10690,b9786b916fa97d965e0d0e3c1f95a777e80e886af10bd6c9ab427d9f02bc9aa0
https://opendata.dwd.de/climate_environment/CDC/observations_germany/climate/daily/more_precip/recent/tageswerte_RR_03564_akt.zip,12745,3c6ce555769ffacc5c4681417e64ed945d2f682a23be2c52a84bfc9b4f64d84a
https://opendata.dwd.de/climate_environment/CDC/observations_germany/climate/daily/more_precip/recent/tageswerte_RR_03631_akt.zip,14726,f5e9ad7a28beb74947ba05747f9f99717700e6be064f83b261f3347cdf91cd7e
https://opendata.dwd.de/climate_environment/CDC/observations_germany/climate/daily/more_precip/recent/tageswerte_RR_03770_akt.zip,10610,5a2af215f554a5e30c72d20eb9e675e868b73aea8d7503e13ead88a2f0a2f883
https://opendata.dwd.de/climate_environment/CDC/observations_germany/climate/daily/more_precip/recent/tageswerte_RR_03792_akt.zip,9993,7995f04df2a75e8c17613728dc7c6d6a5d2330c890d6f9c3ff687d23de7e3b20
https://opendata.dwd.de/climate_environment/CDC/observations_germany/climate/daily/more_precip/recent/tageswerte_RR_03813_akt.zip,10754,1158f179d1094f362e30e9f0cda49c786af2866008b47d0a787b040f658ef11c
https://opendata.dwd.de/climate_environment/CDC/observations_germany/climate/daily/more_precip/recent/tageswerte_RR_03853_akt.zip,12292,499a1104a281bae6efda86e9eda90c102f8d72de9389b1b81b1cde169953e67a
https://opendata.dwd.de/climate_environment/CDC/observations_germany/climate/daily/more_precip/recent/tageswerte_RR_03870_akt.zip,10444,d0f93f476058058c9eddc97a190db43a2a1f01ad0f9eb44abe14bbe460bb5769
https://opendata.dwd.de/climate_environment/CDC/observations_germany/climate/daily/more_precip/recent/tageswerte_RR_03897_akt.zip,12498,50451612c5f6774cf752ddcfadb78aa08342a66017509b4237c43412de30c968
https://opendata.dwd.de/climate_environment/CDC/observations_germany/climate/daily/more_precip/recent/tageswerte_RR_03932_akt.zip,11830,495422df50232dd0241a1abdfa36822e35dea37edaddc39d315145f3ef1b4fbd
https://opendata.dwd.de/climate_environment/CDC/observations_germany/climate/daily/more_precip/recent/tageswerte_RR_03945_akt.zip,12266,a01653a4f661769fd1f0e06b793d8fc7102c29c8f146a1fe46f5a5247f699bf4
https://opendata.dwd.de/climate_environment/CDC/observations_germany/climate/daily/more_precip/recent/tageswerte_RR_04009_akt.zip,11777,fbb49f4d46069e7952398948eb34a9c25e2cb754accfb4199e7bbae20d9af5a9
https://opendata.dwd.de/climate_environment/CDC/observations_germany/climate/daily/more_precip/recent/tageswerte_RR_04039_akt.zip,14301,2595dd106193bd301234c7a47e34d2e11a5bdf6d2c14745a68f1d59972a5493f
https://opendata.dwd.de/climate_environment/CDC/observations_germany/climate/daily/more_precip/recent/tageswerte_RR_04101_akt.zip,12050,c8ae81933033202e56a63b04b05e6513ed7d7943e429227baca3c2c0842981e3
https://opendata.dwd.de/climate_environment/CDC/observations_germany/climate/daily/more_precip/recent/tageswerte_RR_04184_akt.zip,10462,b42062036b0ac0ed42ed73df6a38130773a7ced931906649183b5630739b7776
https://opendata.dwd.de/climate_environment/CDC/observations_germany/climate/daily/more_precip/recent/tageswerte_RR_04226_akt.zip,10700,d1146224ec4abaeceb4d4c265e6d4fec33a5cee44531d680c90fb3cda1563c22
https://opendata.dwd.de/climate_environment/CDC/observations_germany/climate/daily/more_precip/recent/tageswerte_RR_04232_akt.zip,7985,eb1c561871c53d2a8fdf4952c92c2a8e8a00e5b8f7a501b587ff64c99fe2628f
https://opendata.dwd.de/climate_environment/CDC/observations_germany/climate/daily/more_precip/recent/tageswerte_RR_04271_akt.zip,14096,0b1f72ca96c2b15f05a0e04c2b9d1b33e3a592c2fb8f2d7a21024b2ccc81b0b1
https://opendata.dwd.de/climate_environment/CDC/observations_germany/climate/daily/more_precip/recent/tageswerte_RR_04314_akt.zip,9963,a4ba0c5fa38bc89e385568f86a0619283b89c852fc3460b864230b38bd464c54
https://opendata.dwd.de/climate_environment/CDC/observations_germany/climate/daily/more_precip/recent/tageswerte_RR_04393_akt.zip,13837,39e16143b0a779510e753942fec3889242afcc18cebae1fa3b1ef2762304783c
https://opendata.dwd.de/climate_environment/CDC/observations_germany/climate/daily/more_precip/recent/tageswerte_RR_04405_akt.zip,12158,0953602e65b36b30078e80690a04a6d71327f40d42bdb15eac969ab79c2736e3
https://opendata.dwd.de/climate_environment/CDC/observations_germany/climate/daily/more_precip/recent/tageswerte_RR_04466_akt.zip,13991,03b3eab0a52d52a45f1b3b29dd0409dd57a3492c912dc8443976c3badfb0c85c
https://opendata.dwd.de/climate_environment/CDC/observations_germany/climate/daily/more_precip/recent/tageswerte_RR_04575_akt.zip,11883,383dc46f223ac5f13656351a2806624a4e7ee6cfc66bb2dcd3c5d0f9935efeef
https://opendata.dwd.de/climate_environment/CDC/observations_germany/climate/daily/more_precip/recent/tageswerte_RR_04602_akt.zip,12624,6dc9c857b278f5a28d790b8191c85f637a3afb6e0a3eb30c0be3e1d7628e64b6
https://opendata.dwd.de/climate_environment/CDC/observations_germany/climate/daily/more_precip/recent/tageswerte_RR_04625_akt.zip,15177,dba4797f7bffe3706500eec2e1428d05a7a83a46ffe12d2541f0a896c7fc771a
https://opendata.dwd.de/climate_environment/CDC/observations_germany/climate/daily/more_precip/recent/tageswerte_RR_04632_akt.zip,10341,87046dfe8c6a5832b4c8e7d1c02d788f9d685c13c8d3bb4d61ac8ea3b3d3cb06
https://opendata.dwd.de/climate_environment/CDC/observations_germany/climate/daily/more_precip/recent/tageswerte_RR_04639_akt.zip,10515,bad9831e86a5a36eb3363ad16c0577ecf0fa99a077410c4d67b4da8911bd4305
https://opendata.dwd.de/climate_environment/CDC/observations_germany/climate/daily/more_precip/recent/tageswerte_RR_04666_akt.zip,11239,1184f8e3b71c25a420e5ed461c241cf6f5fd484a4d847684748c6ddc96016461
https://opendata.dwd.de/climate_environment/CDC/observations_germany/climate/daily/more_precip/recent/tageswerte_RR_04732_akt.zip,9914,2c32fe7f899d647608df0b978ec694c632adcda448ebda4f1e7ba12d3df07c78
https://opendata.dwd.de/climate_environment/CDC/observations_germany/climate/daily/more_precip/recent/tageswerte_RR_04800_akt.zip,10320,d086fa600496973a4494b185c3ea0a6434a97c3f9f1553108a3675b50bf5c57d
https://opendata.dwd.de/climate_environment/CDC/observations_germany/climate/daily/more_precip/recent/tageswerte_RR_04803_akt.zip,12589,ba06785280d6fae517c824a4bbe2f9414b3953d1b4ff6687e4a89b4fd3497786
https://opendata.dwd.de/climate_environment/CDC/observations_germany/climate/daily/more_precip/recent/tageswerte_RR_04841_akt.zip,12541,5160f8fc72d915409af8925f78c6ea6863560ec5968c5a4a109c1c31f1d67564
https://opendata.dwd.de/climate_environment/CDC/observations_germany/climate/daily/more_precip/recent/tageswerte_RR_04857_akt.zip,12137,a4162dde65881000f85afc8f7d5d0733c556563a8a5a0ca38389dffcff9951cd
https://opendata.dwd.de/climate_environment/CDC/observations_germany/climate/daily/more_precip/recent/tageswerte_RR_04920_akt.zip,12414,2f509e4f0c79d072d3406698d9280be778bd971791ad4acddd5460ff6509bc58
https://opendata.dwd.de/climate_environment/CDC/observations_germany/climate/daily/more_precip/recent/tageswerte_RR_04941_akt.zip,10498,ae0d790811958637d0c20e1cce6a22f55c824d6fedb4d97d008754e2cbdf517e
https://opendata.dwd.de/climate_environment/CDC/observations_germany/climate/daily/more_precip/recent/tageswerte_RR_05009_akt.zip,14243,f3cd94bf26b2acce2e9786bdbf0ff53091ee1469cbac3d91ead0d1710fcf24de
https://opendata.dwd.de/climate_environment/CDC/observations_germany/climate/daily/more_precip/recent/tageswerte_RR_05057_akt.zip,12254,abd29a13973175aef3f9dce997f6939faf8a33c90b2e496e2485e347982c4f39
https://opendata.dwd.de/climate_environment/CDC/observations_germany/climate/daily/more_precip/recent/tageswerte_RR_05058_akt.zip,11995,1f1c3458171b6ecf4b05a6689043ef4370e87d34f58fe8b27e852ffcd2c05e9c
https://opendata.dwd.de/climate_environment/CDC/observations_germany/climate/daily/more_precip/recent/tageswerte_RR_05097_akt.zip,12512,e1ab0bdf4441a4eece8f3fc10b62866c6b820aa261481642f4ebf61f8d8b5031
https://opendata.dwd.de/climate_environment/CDC/observations_germany/climate/daily/more_precip/recent/tageswerte_RR_05195_akt.zip,10295,64ca26d75d191716f24e53938db7d328eac61965d56b4b1fa60c68b4de6a0c34
https://opendata.dwd.de/climate_environment/CDC/observations_germany/climate/daily/more_precip/recent/tageswerte_RR_05196_akt.zip,10707,80df6eb1d538ed5f4c1717872e037b45c9d472fbe478a187cc24ca30a6e708f6
https://opendata.dwd.de/climate_environment/CDC/observations_germany/climate/daily/more_precip/recent/tageswerte_RR_05280_akt.zip,11882,2f9410564ec29a90523d9e0cce4ca7c3b38633dba3fd6422e6198b4fc5ade90d
https://opendata.dwd.de/climate_environment/CDC/observations_germany/climate/daily/more_precip/recent/tageswerte_RR_05326_akt.zip,10151,18c529986e3923bc5f069cf241928b032d94ab0c825a8b89c2fafcbe529e8974
https://opendata.dwd.de/climate_environment/CDC/observations_germany/climate/daily/more_precip/recent/tageswerte_RR_05342_akt.zip,10422,3dcb6e078b54e8ece4737715ce7056ccf65c5b0581fc8d0addd49061e77c0b27
https://opendata.dwd.de/climate_environment/CDC/observations_germany/climate/daily/more_precip/recent/tageswerte_RR_05344_akt.zip,10840,a471ffbfb938d08f18d6b902c7833830e5bd44fe23a2a7bbfab302b9911bb742
https://opendata.dwd.de/climate_environment/CDC/observations_germany/climate/daily/more_precip/recent/tageswerte_RR_05349_akt.zip,13007,ff5bef8dd105593727e732988466a943da60d560718ce17d591025a201021a84
https://opendata.dwd.de/climate_environment/CDC/observations_germany/climate/daily/more_precip/recent/tageswerte_RR_05381_akt.zip,10133,91a80105494655b45cc182928bd8b3fadaccd5327e6aeeed080adc4907ed332a
https://opendata.dwd.de/climate_environment/CDC/observations_germany/climate/daily/more_precip/recent/tageswerte_RR_05512_akt.zip,10639,b5934289c50a490b2ba970ddb6d7ea9a93327101cec525d175ea2258e2b94564
https://opendata.dwd.de/climate_environment/CDC/observations_germany/climate/daily/more_precip/recent/tageswerte_RR_05516_akt.zip,12477,37014b0ac4066d933d448af762811c6929b82db14cce4f4a77b8bd7c0fa2c8dd
https://opendata.dwd.de/climate_environment/CDC/observations_germany/climate/daily/more_precip/recent/tageswerte_RR_05552_akt.zip,9953,b4535b07e77acc66d321f400d1be3a5239df258d3fa2197313c799475b549466
https://opendata.dwd.de/climate_environment/CDC/observations_germany/climate/daily/more_precip/recent/tageswerte_RR_05589_akt.zip,10538,6a4d6af686541a24a6635a62515d3f824fe25b1b3bbb5878ba53d8decb825617
https://opendata.dwd.de/climate_environment/CDC/observations_germany/climate/daily/more_precip/recent/tageswerte_RR_05608_akt.zip,10238,674288854587de0bc61a7191e04c152f3d762a75ea1dc409b9b709560cebdcea
https://opendata.dwd.de/climate_environment/CDC/observations_germany/climate/daily/more_precip/recent/tageswerte_RR_05624_akt.zip,10705,b6ed3d4dc3dd0d81f5e8ce694b8ecc1a06a8fce24421f216cbf0213dfa376875
https://opendata.dwd.de/climate_environment/CDC/observations_germany/climate/daily/more_precip/recent/tageswerte_RR_05638_akt.zip,10436,5e7c604eea80fcbcbd8298917d17205193e85e369ec4267c4f517457f3871d0e
https://opendata.dwd.de/climate_environment/CDC/observations_germany/climate/daily/more_precip/recent/tageswerte_RR_05639_akt.zip,10670,b620df20e825fd4370e6cd8ec16f72150f476e06447e72b4033ecc30d32ff121
https://opendata.dwd.de/climate_environment/CDC/observations_germany/climate/daily/more_precip/recent/tageswerte_RR_05732_akt.zip,13226,9147b180f5fe8658b588583fe873c445d6358dfaf50aa784a5eb717a07ce6362
https://opendata.dwd.de/climate_environment/CDC/observations_germany/climate/daily/more_precip/recent/tageswerte_RR_05777_akt.zip,10577,a11e35c2d29274d65c6f835b562008c164045448724d4c2615349da9f8393680
https://opendata.dwd.de/climate_environment/CDC/observations_germany/climate/daily/more_precip/recent/tageswerte_RR_05839_akt.zip,13639,e79d0f020f992de07a5fffd82ffbcd124134f570df5e1c61dadd118411c77447
https://opendata.dwd.de/climate_environment/CDC/observations_germany/climate/daily/more_precip/recent/tageswerte_RR_05930_akt.zip,11898,5d610fe54c008de92be1032988600fbe55e9f8ed4e6e3a76bcf7154ee8fb04e7
https://opendata.dwd.de/climate_environment/CDC/observations_germany/climate/daily/more_precip/recent/tageswerte_RR_06105_akt.zip,11845,7e0e3f200f947f92b7ad6db83e85fb7b7c3b6bec60dc6fbf5f7f01a145cad8d9
https://opendata.dwd.de/climate_environment/CDC/observations_germany/climate/daily/more_precip/recent/tageswerte_RR_06157_akt.zip,12329,8417141f809938de9158c8cbbbe77fd07b05c132aafd55b557498a339fa05a94
https://opendata.dwd.de/climate_environment/CDC/observations_germany/climate/daily/more_precip/recent/tageswerte_RR_06163_akt.zip,11813,c08b4a9c45c1f1a2175946f71f2e2bf0a49e47682071e66e5fd9a2911eb656ab
https://opendata.dwd.de/climate_environment/CDC/observations_germany/climate/daily/more_precip/recent/tageswerte_RR_06177_akt.zip,9941,87d19eab4dc7fd2c875993f48db866ad942da0fb7e67cef698ecc234bcb6fab3
https://opendata.dwd.de/climate_environment/CDC/observations_germany/climate/daily/more_precip/recent/tageswerte_RR_07078_akt.zip,9556,aa389885eccb86e87f61e3d4285cb72f7136250221d81e20a8e20e528bdf6bcb
https://opendata.dwd.de/climate_environment/CDC/observations_germany/climate/daily/more_precip/recent/tageswerte_RR_07298_akt.zip,11248,6b94074ddd3b77f3ecfd8b4dd3713555e889966e3ec69739a436ee9234fa2760
https://opendata.dwd.de/climate_environment/CDC/observations_germany/climate/daily/more_precip/recent/tageswerte_RR_07373_akt.zip,11754,bb6f2571109044da11cff2fc0e1976d009c9cffcbbe2778251afeb119e5f9f46
https://opendata.dwd.de/climate_environment/CDC/observations_germany/climate/daily/more_precip/recent/tageswerte_RR_07427_akt.zip,11517,f87a942ca008d888a65b59d494b15fa65d64803094c4080c9879d32d5299f713
https://opendata.dwd.de/climate_environment/CDC/observations_germany/climate/daily/more_precip/recent/tageswerte_RR_13687_akt.zip,11365,74df2172273827decc54f4e87084e27187d0138f7b8bbfdcc99a079b849680f1
https://opendata.dwd.de/climate_environment/CDC/observations_germany/climate/daily/more_precip/recent/tageswerte_RR_15147_akt.zip,9550,ae02612d31821b2d75e8f1a83e0eedbd80987972314ecaf86cc7316d0f86fc82
https://opendata.dwd.de/climate_environment/CDC/observations_germany/climate/daily/more_precip/recent/tageswerte_RR_15518_akt.zip,9556,ff30940d7673f33f2f159bcecc9be5ef45af94c300dd0558688a08b2a5cffca3
https://opendata.dwd.de/climate_environment/CDC/observations_germany/climate/daily/more_precip/recent/tageswerte_RR_15553_akt.zip,11124,5c5181188446c7a19a6a9f4970343ba8f73f14bfbf1a12dc48b7d12f91755e6c
https://opendata.dwd.de/climate_environment/CDC/observations_germany/climate/daily/more_precip/recent/tageswerte_RR_15994_akt.zip,9355,6fb9c29ebd50a2aaf1c30bd139ece8bdfa01826cb75277246f10c106466e89ef
https://opendata.dwd.de/climate_environment/CDC/observations_germany/climate/daily/more_precip/recent/tageswerte_RR_16086_akt.zip,11268,b1552b5767cb9e42ff46ef739d552f2c3cb011024639619682d5a37b95a61898
https://opendata.dwd.de/climate_environment/CDC/observations_germany/climate/daily/more_precip/recent/tageswerte_RR_19123_akt.zip,9389,af41d2c97a59e1fafd9dd11e447c5dd359c115ac51ba08579df7401242ad807b
https://opendata.dwd.de/climate_environment/CDC/observations_germany/climate/daily/more_precip/recent/tageswerte_RR_19171_akt.zip,8132,fdeac67e79278527dac4f6d8e8a6365adb30456aa7dde8258d48a43a3b19a62f
https://opendata.dwd.de/climate_environment/CDC/observations_germany/climate/daily/more_precip/recent/tageswerte_RR_19172_akt.zip,6553,9113a8e1cfdaf41d3aba39108665ffbccd7e953acf3a86990dfe33afc0fc9fd3
https://opendata.dwd.de/climate_environment/CDC/observations_germany/climate/daily/more_precip/recent/tageswerte_RR_19193_akt.zip,9355,63994d9f9f6d1e6e3cf074927d8771ba5eecc35faa903e70e4c9db4196b43588
https://opendata.dwd.de/climate_environment/CDC/observations_germany/climate/daily/more_precip/recent/tageswerte_RR_19207_akt.zip,11212,dc78052faf766e638a880207754ea47254d2aef77ad0fb3d1ac1f7b36626c67e
https://opendata.dwd.de/climate_environment/CDC/observations_germany/climate/daily/more_precip/recent/tageswerte_RR_19578_akt.zip,9327,59dbee90f7a4a0012d3f85b08175ba5ffdf1ba53f6af043b00483a1e23b9a0d1
https://opendata.dwd.de/climate_environment/CDC/observations_germany/climate/daily/more_precip/recent/tageswerte_RR_19995_akt.zip,9387,a0b09ab8f6ca07f3b1a59bde0461dd6c0093726e709e531bbd6dba3de3493fdb
"https://opendataapi.dmi.dk/v2/climateData/collections/station/items?bbox=4.5,53.3,13.0,57.9&limit=10000",3042041,73409c4d7b372f6115ff47f76e8da1625a46e5534b67b43d153de33eba2511d1
https://opendataapi.dmi.dk/v2/climateData/collections/stationValue/items?stationId=05005&parameterId=acc_precip&timeResolution=day&datetime=1991-01-01T00:00:00Z/2026-01-01T00:00:00Z&limit=300000,2445071,58dd72d011d91804e14487d82b6b4c7b4b638f2f5a03a0200885e9d33e9684cb
https://opendataapi.dmi.dk/v2/climateData/collections/stationValue/items?stationId=05009&parameterId=acc_precip&timeResolution=day&datetime=1991-01-01T00:00:00Z/2026-01-01T00:00:00Z&limit=300000,2439574,455be8a6be546cada34b9eaf618e4d67baf51903f2b4a73c7c82abfeef3ea749
https://opendataapi.dmi.dk/v2/climateData/collections/stationValue/items?stationId=05015&parameterId=acc_precip&timeResolution=day&datetime=1991-01-01T00:00:00Z/2026-01-01T00:00:00Z&limit=300000,2445095,bed757989ba22ca50a7a9fecfd348bbc52ddb238fd3f26130693fe88d0cd84db
https://opendataapi.dmi.dk/v2/climateData/collections/stationValue/items?stationId=05031&parameterId=acc_precip&timeResolution=day&datetime=1991-01-01T00:00:00Z/2026-01-01T00:00:00Z&limit=300000,2445015,e529b4efcbf27e4129f1ebb32b44f13a7e98032802616de3c635855a265eb720
https://opendataapi.dmi.dk/v2/climateData/collections/stationValue/items?stationId=05035&parameterId=acc_precip&timeResolution=day&datetime=1991-01-01T00:00:00Z/2026-01-01T00:00:00Z&limit=300000,2439563,3a7ac84e4160da34f843f1b6bd99c5ad0cd50f420bdd532539e764a0fc086de4
https://opendataapi.dmi.dk/v2/climateData/collections/stationValue/items?stationId=05042&parameterId=acc_precip&timeResolution=day&datetime=1991-01-01T00:00:00Z/2026-01-01T00:00:00Z&limit=300000,1821014,9d1f40cd75e32d42667226056dffc8acc4bac33295e2ab6e8f74d863c4885a36
https://opendataapi.dmi.dk/v2/climateData/collections/stationValue/items?stationId=05065&parameterId=acc_precip&timeResolution=day&datetime=1991-01-01T00:00:00Z/2026-01-01T00:00:00Z&limit=300000,2434447,5914b02139184fd0322fe0a8eae09d8e2e620eb66886afbd5d47893d00eeb606
https://opendataapi.dmi.dk/v2/climateData/collections/stationValue/items?stationId=05070&parameterId=acc_precip&timeResolution=day&datetime=1991-01-01T00:00:00Z/2026-01-01T00:00:00Z&limit=300000,2445012,c073e874b8b5a1d2a688dac415875c9cf4ea1710d13a249b9336c80b98d1f5cb
https://opendataapi.dmi.dk/v2/climateData/collections/stationValue/items?stationId=05075&parameterId=acc_precip&timeResolution=day&datetime=1991-01-01T00:00:00Z/2026-01-01T00:00:00Z&limit=300000,2439581,58e430bf3abc054349cbe824f331bafc2537f40eadcfbaece693c5ab170fc76d
https://opendataapi.dmi.dk/v2/climateData/collections/stationValue/items?stationId=05081&parameterId=acc_precip&timeResolution=day&datetime=1991-01-01T00:00:00Z/2026-01-01T00:00:00Z&limit=300000,2434116,c29a87b371bb99e4d8cf06004628021e4db89521c5cc188eb54667f3dabb0050
https://opendataapi.dmi.dk/v2/climateData/collections/stationValue/items?stationId=05085&parameterId=acc_precip&timeResolution=day&datetime=1991-01-01T00:00:00Z/2026-01-01T00:00:00Z&limit=300000,2439556,0dabdbb9d45618bf768933389e386d1d5717597d2d62b8f4b126e047eeef3d14
https://opendataapi.dmi.dk/v2/climateData/collections/stationValue/items?stationId=05089&parameterId=acc_precip&timeResolution=day&datetime=1991-01-01T00:00:00Z/2026-01-01T00:00:00Z&limit=300000,2439640,c5f50398bfc4a18d98a0544401cb73acb0ad78c7f7402bddbc4b78cef9ee675c
https://opendataapi.dmi.dk/v2/climateData/collections/stationValue/items?stationId=05095&parameterId=acc_precip&timeResolution=day&datetime=1991-01-01T00:00:00Z/2026-01-01T00:00:00Z&limit=300000,2434221,08eb41faf2aecc2f66c54f9da4be12de95391b755d35eecb9763bf47ae4e3080
https://opendataapi.dmi.dk/v2/climateData/collections/stationValue/items?stationId=05105&parameterId=acc_precip&timeResolution=day&datetime=1991-01-01T00:00:00Z/2026-01-01T00:00:00Z&limit=300000,2439622,6aaf4e1115a9050a38b9c0bb9dcb774d1a4b557b2cfef54ccaa5753c15e4f91e
https://opendataapi.dmi.dk/v2/climateData/collections/stationValue/items?stationId=05109&parameterId=acc_precip&timeResolution=day&datetime=1991-01-01T00:00:00Z/2026-01-01T00:00:00Z&limit=300000,2439610,627d25b12fdef62301203a0cfb842bab87267e968cee56c4b4a2d2c70bf2f6de
https://opendataapi.dmi.dk/v2/climateData/collections/stationValue/items?stationId=05135&parameterId=acc_precip&timeResolution=day&datetime=1991-01-01T00:00:00Z/2026-01-01T00:00:00Z&limit=300000,2439593,9f77dbf18143e332d643623cb886aabe9426c10abc064dd26f5aca60b9bfc535
https://opendataapi.dmi.dk/v2/climateData/collections/stationValue/items?stationId=05140&parameterId=acc_precip&timeResolution=day&datetime=1991-01-01T00:00:00Z/2026-01-01T00:00:00Z&limit=300000,2445031,df251918779ccce9504b84f6510dac331f18a7ffb97ca2c70b2cac269d0d98d5
https://opendataapi.dmi.dk/v2/climateData/collections/stationValue/items?stationId=05150&parameterId=acc_precip&timeResolution=day&datetime=1991-01-01T00:00:00Z/2026-01-01T00:00:00Z&limit=300000,2444983,6708427e00f5ecc734fa8ce8503f0847a9c873bb0248e0204c4cf7dd9905897f
https://opendataapi.dmi.dk/v2/climateData/collections/stationValue/items?stationId=05160&parameterId=acc_precip&timeResolution=day&datetime=1991-01-01T00:00:00Z/2026-01-01T00:00:00Z&limit=300000,2444942,826b1c4f87963c603c66bdffbd05764dcbab804f1e56ebebe5b2946adf0d18a9
https://opendataapi.dmi.dk/v2/climateData/collections/stationValue/items?stationId=05165&parameterId=acc_precip&timeResolution=day&datetime=1991-01-01T00:00:00Z/2026-01-01T00:00:00Z&limit=300000,2421740,5813f419f1defde54d6fcb6e29cbc6574857b1b7af292e0397f814cfdb1d7c68
https://opendataapi.dmi.dk/v2/climateData/collections/stationValue/items?stationId=05169&parameterId=acc_precip&timeResolution=day&datetime=1991-01-01T00:00:00Z/2026-01-01T00:00:00Z&limit=300000,2443932,5be90bb12787af5c0731a22538c44fe1a675e6236044279e8071803c25db98ab
https://opendataapi.dmi.dk/v2/climateData/collections/stationValue/items?stationId=05185&parameterId=acc_precip&timeResolution=day&datetime=1991-01-01T00:00:00Z/2026-01-01T00:00:00Z&limit=300000,2248226,a4dbf6a58b21cb80192f089b6141b410ba13dad5b943c2a4762d21b77d95310d
https://opendataapi.dmi.dk/v2/climateData/collections/stationValue/items?stationId=05199&parameterId=acc_precip&timeResolution=day&datetime=1991-01-01T00:00:00Z/2026-01-01T00:00:00Z&limit=300000,1892709,e6cc541c0ab61c9f3f78cc2ba6089fba93505517b1ad76dbbfa49ce75f34794d
https://opendataapi.dmi.dk/v2/climateData/collections/stationValue/items?stationId=05202&parameterId=acc_precip&timeResolution=day&datetime=1991-01-01T00:00:00Z/2026-01-01T00:00:00Z&limit=300000,2310605,d1a4cb2edf47d38f31ccaf6f74e05583ef2dd190c314a195d8bd09922e2748b8
https://opendataapi.dmi.dk/v2/climateData/collections/stationValue/items?stationId=05205&parameterId=acc_precip&timeResolution=day&datetime=1991-01-01T00:00:00Z/2026-01-01T00:00:00Z&limit=300000,2434114,66c7afe8781f40981962a32e844b87ada0185d5852600e79545e52ad6d3a10ea
https://opendataapi.dmi.dk/v2/climateData/collections/stationValue/items?stationId=05220&parameterId=acc_precip&timeResolution=day&datetime=1991-01-01T00:00:00Z/2026-01-01T00:00:00Z&limit=300000,2439534,d10a0015848a77dca7e6d85748b08118d0d95eb6497d71e02d9c3d63a640c236
https://opendataapi.dmi.dk/v2/climateData/collections/stationValue/items?stationId=05225&parameterId=acc_precip&timeResolution=day&datetime=1991-01-01T00:00:00Z/2026-01-01T00:00:00Z&limit=300000,2439632,8d2ea89fb852495f4a0f1a03cf268d14c5118bcf622c0757f01ed1022c3d4de5
https://opendataapi.dmi.dk/v2/climateData/collections/stationValue/items?stationId=05269&parameterId=acc_precip&timeResolution=day&datetime=1991-01-01T00:00:00Z/2026-01-01T00:00:00Z&limit=300000,2439719,da31290a09cd6b7dd7f95cae2646bd43127da1a05b9cd2c8e79fd73746ad9671
https://opendataapi.dmi.dk/v2/climateData/collections/stationValue/items?stationId=05272&parameterId=acc_precip&timeResolution=day&datetime=1991-01-01T00:00:00Z/2026-01-01T00:00:00Z&limit=300000,2310641,7e97208640806f355f0b193c32a1fb37c81082a61825a1d93be283a91737d833
https://opendataapi.dmi.dk/v2/climateData/collections/stationValue/items?stationId=05276&parameterId=acc_precip&timeResolution=day&datetime=1991-01-01T00:00:00Z/2026-01-01T00:00:00Z&limit=300000,2208242,c2af91ab53cc081b403cd864cdf2b24361f5c4f0672aca559dafd930bc801c05
https://opendataapi.dmi.dk/v2/climateData/collections/stationValue/items?stationId=05277&parameterId=acc_precip&timeResolution=day&datetime=1991-01-01T00:00:00Z/2026-01-01T00:00:00Z&limit=300000,2310645,42fcaa3dbe164d4610b52249b1df2f0571fc0bc0c5a6f55ba006b83e01ea1555
https://opendataapi.dmi.dk/v2/climateData/collections/stationValue/items?stationId=05290&parameterId=acc_precip&timeResolution=day&datetime=1991-01-01T00:00:00Z/2026-01-01T00:00:00Z&limit=300000,2439637,af8890f5b0029e56783d0fb5ac7b624867a235c32517314f8dce93f7faf19750
https://opendataapi.dmi.dk/v2/climateData/collections/stationValue/items?stationId=05296&parameterId=acc_precip&timeResolution=day&datetime=1991-01-01T00:00:00Z/2026-01-01T00:00:00Z&limit=300000,2204182,5e03bc4f29ca289847e5cd04bef1b6ad930f33b82cc810156d9b6206a132d2c1
https://opendataapi.dmi.dk/v2/climateData/collections/stationValue/items?stationId=05298&parameterId=acc_precip&timeResolution=day&datetime=1991-01-01T00:00:00Z/2026-01-01T00:00:00Z&limit=300000,104145,91d60b87f02c35726fb980eab8d462e34a4dee2f8d893b996349ae0ee5ec8f78
https://opendataapi.dmi.dk/v2/climateData/collections/stationValue/items?stationId=05300&parameterId=acc_precip&timeResolution=day&datetime=1991-01-01T00:00:00Z/2026-01-01T00:00:00Z&limit=300000,2439647,2f97892db2e943f92e92caec62546fcf9ebd6612853847743dd7c1a3427af0ed
https://opendataapi.dmi.dk/v2/climateData/collections/stationValue/items?stationId=05305&parameterId=acc_precip&timeResolution=day&datetime=1991-01-01T00:00:00Z/2026-01-01T00:00:00Z&limit=300000,2439762,c28435f7811d841134eae4b7d307e45e5ef1e3bfe87f98efa476b741dcd3e8ab
https://opendataapi.dmi.dk/v2/climateData/collections/stationValue/items?stationId=05320&parameterId=acc_precip&timeResolution=day&datetime=1991-01-01T00:00:00Z/2026-01-01T00:00:00Z&limit=300000,2439679,0ecc6068a9edf036b5e0f3d7f6b194f1424bf1ece80b2c3a9f54547ade28b844
https://opendataapi.dmi.dk/v2/climateData/collections/stationValue/items?stationId=05329&parameterId=acc_precip&timeResolution=day&datetime=1991-01-01T00:00:00Z/2026-01-01T00:00:00Z&limit=300000,2434893,9fd5f2571d4ebcf0cfd7b14fd7ca19866ebf245494e9fdfd79f4193cd0d0a9ce
https://opendataapi.dmi.dk/v2/climateData/collections/stationValue/items?stationId=05343&parameterId=acc_precip&timeResolution=day&datetime=1991-01-01T00:00:00Z/2026-01-01T00:00:00Z&limit=300000,2023136,2738def6850502e67f0f619cc35dec8898d51b665e7df937b68d700d75af487f
https://opendataapi.dmi.dk/v2/climateData/collections/stationValue/items?stationId=05345&parameterId=acc_precip&timeResolution=day&datetime=1991-01-01T00:00:00Z/2026-01-01T00:00:00Z&limit=300000,2434461,bf7d8a8656384db0ef3ecc4992e7b42feb9f6cb9616cd7c4c0cffef5dd6bdf8b
https://opendataapi.dmi.dk/v2/climateData/collections/stationValue/items?stationId=05350&parameterId=acc_precip&timeResolution=day&datetime=1991-01-01T00:00:00Z/2026-01-01T00:00:00Z&limit=300000,2439703,c11056d9e61cdf87a2a97f6db56b50f06ee7f4812c60aa13cb92828026c92f5d
https://opendataapi.dmi.dk/v2/climateData/collections/stationValue/items?stationId=05355&parameterId=acc_precip&timeResolution=day&datetime=1991-01-01T00:00:00Z/2026-01-01T00:00:00Z&limit=300000,2439628,085e2ceb2eb94e1ad7488ec9a99bba98f19dce280e8c991c33f67936ae650d26
https://opendataapi.dmi.dk/v2/climateData/collections/stationValue/items?stationId=05365&parameterId=acc_precip&timeResolution=day&datetime=1991-01-01T00:00:00Z/2026-01-01T00:00:00Z&limit=300000,2439683,917336c26a5910088ab9393233dff8c30c2cc859e96f1d2488945b1cd7c9828c
https://opendataapi.dmi.dk/v2/climateData/collections/stationValue/items?stationId=05375&parameterId=acc_precip&timeResolution=day&datetime=1991-01-01T00:00:00Z/2026-01-01T00:00:00Z&limit=300000,2429129,105a1e44043483b93c4e2036af99f8a8a1927a3561fd3c35d0496fa48646fdce
https://opendataapi.dmi.dk/v2/climateData/collections/stationValue/items?stationId=05381&parameterId=acc_precip&timeResolution=day&datetime=1991-01-01T00:00:00Z/2026-01-01T00:00:00Z&limit=300000,2434208,f8e7d82913dfca2a72b93740acf13f07cf42a33809634b5c7e69f8607058e02e
https://opendataapi.dmi.dk/v2/climateData/collections/stationValue/items?stationId=05384&parameterId=acc_precip&timeResolution=day&datetime=1991-01-01T00:00:00Z/2026-01-01T00:00:00Z&limit=300000,188062,ce763898d257ddd5d11308e117eb43841adb736c03df86b9a8673bea633663fc
https://opendataapi.dmi.dk/v2/climateData/collections/stationValue/items?stationId=05395&parameterId=acc_precip&timeResolution=day&datetime=1991-01-01T00:00:00Z/2026-01-01T00:00:00Z&limit=300000,2439591,e4652f20783db9938e8590dbf7dd73a2ccbd77e42af0b04a569079009b56ab91
https://opendataapi.dmi.dk/v2/climateData/collections/stationValue/items?stationId=05400&parameterId=acc_precip&timeResolution=day&datetime=1991-01-01T00:00:00Z/2026-01-01T00:00:00Z&limit=300000,2439546,60465bb713b4e94ead22d760ad8693c476ab59455e7e14e084994446c9643397
https://opendataapi.dmi.dk/v2/climateData/collections/stationValue/items?stationId=05406&parameterId=acc_precip&timeResolution=day&datetime=1991-01-01T00:00:00Z/2026-01-01T00:00:00Z&limit=300000,1817768,664db2f1f6e8d3f4793a0844786921cad13d473ddf681b4567288d0a6b716d7b
https://opendataapi.dmi.dk/v2/climateData/collections/stationValue/items?stationId=05408&parameterId=acc_precip&timeResolution=day&datetime=1991-01-01T00:00:00Z/2026-01-01T00:00:00Z&limit=300000,1157281,8b33c9fd35d797cfd29aa3a286751355121b72c0952f7d7d4b0c29a38de3d15d
https://opendataapi.dmi.dk/v2/climateData/collections/stationValue/items?stationId=05435&parameterId=acc_precip&timeResolution=day&datetime=1991-01-01T00:00:00Z/2026-01-01T00:00:00Z&limit=300000,2444975,5289c5cdbe80036287ab4429669d1b41f3331281eb50f519da985b9a63de8751
https://opendataapi.dmi.dk/v2/climateData/collections/stationValue/items?stationId=05440&parameterId=acc_precip&timeResolution=day&datetime=1991-01-01T00:00:00Z/2026-01-01T00:00:00Z&limit=300000,2445049,c340fdf30e8e721c50ef4ae46415f59a183d45f1aa193e2df7f1d420652bdde2
https://opendataapi.dmi.dk/v2/climateData/collections/stationValue/items?stationId=05450&parameterId=acc_precip&timeResolution=day&datetime=1991-01-01T00:00:00Z/2026-01-01T00:00:00Z&limit=300000,2444962,effc1987db81cedc1f1a07dc13a35d8dfb32f4dc44a828a4fa71c28869515999
https://opendataapi.dmi.dk/v2/climateData/collections/stationValue/items?stationId=05455&parameterId=acc_precip&timeResolution=day&datetime=1991-01-01T00:00:00Z/2026-01-01T00:00:00Z&limit=300000,2444981,710d1749001222c0da26ce7d48a5f8fe9095ea5efc8cb6011108810be16e3e42
https://opendataapi.dmi.dk/v2/climateData/collections/stationValue/items?stationId=05469&parameterId=acc_precip&timeResolution=day&datetime=1991-01-01T00:00:00Z/2026-01-01T00:00:00Z&limit=300000,2443246,2a21c13c8c8995c809bf27380600d53b19f192c7253f47aa5b594e8cd76352fe
https://opendataapi.dmi.dk/v2/climateData/collections/stationValue/items?stationId=05499&parameterId=acc_precip&timeResolution=day&datetime=1991-01-01T00:00:00Z/2026-01-01T00:00:00Z&limit=300000,2444981,74b4465892752764810ef2b2b8ffee8ff2cf35543ce7936dd575a39769f89ff6
https://opendataapi.dmi.dk/v2/climateData/collections/stationValue/items?stationId=05505&parameterId=acc_precip&timeResolution=day&datetime=1991-01-01T00:00:00Z/2026-01-01T00:00:00Z&limit=300000,2128588,cbd62f2dacebc03d003b48c5e608f270d774b0763ccad8d5358b8c665e0bfd47
https://opendataapi.dmi.dk/v2/climateData/collections/stationValue/items?stationId=05510&parameterId=acc_precip&timeResolution=day&datetime=1991-01-01T00:00:00Z/2026-01-01T00:00:00Z&limit=300000,2444685,996fde337bac625e2155e0a84e2fddf854d6c82299ed81b811b159d73bd1fbc2
https://opendataapi.dmi.dk/v2/climateData/collections/stationValue/items?stationId=05529&parameterId=acc_precip&timeResolution=day&datetime=1991-01-01T00:00:00Z/2026-01-01T00:00:00Z&limit=300000,2444961,751339e76e343d5ca0739a5401b6ddebd271924e64debf9cc11c60068b916699
https://opendataapi.dmi.dk/v2/climateData/collections/stationValue/items?stationId=05537&parameterId=acc_precip&timeResolution=day&datetime=1991-01-01T00:00:00Z/2026-01-01T00:00:00Z&limit=300000,2254987,5914fc037740cca14305631411492eadcbf032a44e99d874ad53a76bf826fe73
https://opendataapi.dmi.dk/v2/climateData/collections/stationValue/items?stationId=05545&parameterId=acc_precip&timeResolution=day&datetime=1991-01-01T00:00:00Z/2026-01-01T00:00:00Z&limit=300000,2444986,db1529159a04b0a1b6cd33d241918baae00c148e1e770e6bfd4bbca35f9e05b9
https://opendataapi.dmi.dk/v2/climateData/collections/stationValue/items?stationId=05575&parameterId=acc_precip&timeResolution=day&datetime=1991-01-01T00:00:00Z/2026-01-01T00:00:00Z&limit=300000,2444740,a6f9bd0c668c9d0d2355eb61141a2f7c8ee0cc3ac8922f948c7c806655ef8eb9
https://opendataapi.dmi.dk/v2/climateData/collections/stationValue/items?stationId=05735&parameterId=acc_precip&timeResolution=day&datetime=1991-01-01T00:00:00Z/2026-01-01T00:00:00Z&limit=300000,2445005,eea1bd1285e9d640b58b5e80e1689386b7feb649cbf7834de422d110a65412c0
https://opendataapi.dmi.dk/v2/climateData/collections/stationValue/items?stationId=05880&parameterId=acc_precip&timeResolution=day&datetime=1991-01-01T00:00:00Z/2026-01-01T00:00:00Z&limit=300000,2444950,fa9e22cfc9aa9ae7b7d9e23427d3dda0a199db63c0c785075eecb1a08774282c
https://opendataapi.dmi.dk/v2/climateData/collections/stationValue/items?stationId=05889&parameterId=acc_precip&timeResolution=day&datetime=1991-01-01T00:00:00Z/2026-01-01T00:00:00Z&limit=300000,2444828,be78f77026bf1c58d477c3dcc46bc77b29bdc8c2931ea441ab7d464156607baf
https://opendataapi.dmi.dk/v2/climateData/collections/stationValue/items?stationId=05935&parameterId=acc_precip&timeResolution=day&datetime=1991-01-01T00:00:00Z/2026-01-01T00:00:00Z&limit=300000,2444970,6506a14b682dbce4b39951dd28a978040063a5f6caa9f49c4c0a619f682b5d15
https://opendataapi.dmi.dk/v2/climateData/collections/stationValue/items?stationId=05945&parameterId=acc_precip&timeResolution=day&datetime=1991-01-01T00:00:00Z/2026-01-01T00:00:00Z&limit=300000,2434868,d1f015107803196bb29151168c4d78f536609880478e8660951a4d00cfc17757
https://opendataapi.dmi.dk/v2/climateData/collections/stationValue/items?stationId=05960&parameterId=acc_precip&timeResolution=day&datetime=1991-01-01T00:00:00Z/2026-01-01T00:00:00Z&limit=300000,1354244,6d80535c6a3a80c29f1c5e1ba2fde230e8549ff60960a3b0f582328da7f761d8
https://opendataapi.dmi.dk/v2/climateData/collections/stationValue/items?stationId=05970&parameterId=acc_precip&timeResolution=day&datetime=1991-01-01T00:00:00Z/2026-01-01T00:00:00Z&limit=300000,2444947,c0dc047e524f1a4153ea926a504cadc43d1cad1a88f75375e3d45ef79e4b8696
https://opendataapi.dmi.dk/v2/climateData/collections/stationValue/items?stationId=05981&parameterId=acc_precip&timeResolution=day&datetime=1991-01-01T00:00:00Z/2026-01-01T00:00:00Z&limit=300000,465264,a31500b6e9199fb8797f97b8aafb44cc73accb268d071604b5329f147a2e83ed
https://opendataapi.dmi.dk/v2/climateData/collections/stationValue/items?stationId=05986&parameterId=acc_precip&timeResolution=day&datetime=1991-01-01T00:00:00Z/2026-01-01T00:00:00Z&limit=300000,2435120,123a4a03ddef064470c8ad6e00231b4654b454a27e04b7b32872b367421b2953
https://opendataapi.dmi.dk/v2/climateData/collections/stationValue/items?stationId=06019&parameterId=acc_precip&timeResolution=day&datetime=1991-01-01T00:00:00Z/2026-01-01T00:00:00Z&limit=300000,2428695,19fe885d559a5ad3bfdbbb6117f15cbc84225e918a3821b3dc65f2fd2e7237ad
https://opendataapi.dmi.dk/v2/climateData/collections/stationValue/items?stationId=06030&parameterId=acc_precip&timeResolution=day&datetime=1991-01-01T00:00:00Z/2026-01-01T00:00:00Z&limit=300000,2439541,e7c93a0d9cb10693c247e06a806c9f2dbb35f2415cef16272727e55bced63202
https://opendataapi.dmi.dk/v2/climateData/collections/stationValue/items?stationId=06031&parameterId=acc_precip&timeResolution=day&datetime=1991-01-01T00:00:00Z/2026-01-01T00:00:00Z&limit=300000,2439585,a96baf62f0e4030003ca75900ec5f1283b0cdf8e481bc4fcc7a566baa7d84f7d
https://opendataapi.dmi.dk/v2/climateData/collections/stationValue/items?stationId=06039&parameterId=acc_precip&timeResolution=day&datetime=1991-01-01T00:00:00Z/2026-01-01T00:00:00Z&limit=300000,16244,b47996ec8929dbd1da6f0ceadf4c2c9164116e0edc0d4249a6ae8d8fbe95fc25
https://opendataapi.dmi.dk/v2/climateData/collections/stationValue/items?stationId=06041&parameterId=acc_precip&timeResolution=day&datetime=1991-01-01T00:00:00Z/2026-01-01T00:00:00Z&limit=300000,2445020,021fd5d857d5f4836b052cdcc768d0f154a7ff7734d7d09f5170e117cc83c6a5
https://opendataapi.dmi.dk/v2/climateData/collections/stationValue/items?stationId=06049&parameterId=acc_precip&timeResolution=day&datetime=1991-01-01T00:00:00Z/2026-01-01T00:00:00Z&limit=300000,379,e72b5dacf9050e46971922fecb2c3c88d05896629a139944737518ea588bce46
https://opendataapi.dmi.dk/v2/climateData/collections/stationValue/items?stationId=06051&parameterId=acc_precip&timeResolution=day&datetime=1991-01-01T00:00:00Z/2026-01-01T00:00:00Z&limit=300000,2439631,ca25024e331bc48eded605b0046c45b8a6813ffd31f31b7066eeeafc82a73d11
https://opendataapi.dmi.dk/v2/climateData/collections/stationValue/items?stationId=06052&parameterId=acc_precip&timeResolution=day&datetime=1991-01-01T00:00:00Z/2026-01-01T00:00:00Z&limit=300000,2434116,16e72d17ee021c6ee979a1a066241776a7c51860896aa2bfe29377ed4d484236
https://opendataapi.dmi.dk/v2/climateData/collections/stationValue/items?stationId=06058&parameterId=acc_precip&timeResolution=day&datetime=1991-01-01T00:00:00Z/2026-01-01T00:00:00Z&limit=300000,2439646,323e475cec14dd4811f12facd48f9f2f1ae84ea0f7d6fb8d034082bf16c04c02
https://opendataapi.dmi.dk/v2/climateData/collections/stationValue/items?stationId=06060&parameterId=acc_precip&timeResolution=day&datetime=1991-01-01T00:00:00Z/2026-01-01T00:00:00Z&limit=300000,2439650,b252b1d47720b6585cdfb9ab83edfc913c0fefe742d16d1e59793a235409d6d0
https://opendataapi.dmi.dk/v2/climateData/collections/stationValue/items?stationId=06065&parameterId=acc_precip&timeResolution=day&datetime=1991-01-01T00:00:00Z/2026-01-01T00:00:00Z&limit=300000,2439563,ece155cd882e524e562b2d3d901b4bc3e63bf2669da66e5f8fec2bef278b53ec
https://opendataapi.dmi.dk/v2/climateData/collections/stationValue/items?stationId=06068&parameterId=acc_precip&timeResolution=day&datetime=1991-01-01T00:00:00Z/2026-01-01T00:00:00Z&limit=300000,2439645,640152fbc7c4ac9fc19062e783b2623a57845583d9206d43bff49631489fbda7
https://opendataapi.dmi.dk/v2/climateData/collections/stationValue/items?stationId=06069&parameterId=acc_precip&timeResolution=day&datetime=1991-01-01T00:00:00Z/2026-01-01T00:00:00Z&limit=300000,2439578,28e185094ff56f1a3f2d2163e228489ad6d92ba63da042631371d54ec338e58d
https://opendataapi.dmi.dk/v2/climateData/collections/stationValue/items?stationId=06070&parameterId=acc_precip&timeResolution=day&datetime=1991-01-01T00:00:00Z/2026-01-01T00:00:00Z&limit=300000,2445043,aeb8f43245c4ba65b17758c5150451198ce663b491431a00b596cb46bf8a2b56
https://opendataapi.dmi.dk/v2/climateData/collections/stationValue/items?stationId=06072&parameterId=acc_precip&timeResolution=day&datetime=1991-01-01T00:00:00Z/2026-01-01T00:00:00Z&limit=300000,2445034,4e5dbaf47529ccce125b23473c65d7ae56f89e7121c82b009fb15537440b26bd
https://opendataapi.dmi.dk/v2/climateData/collections/stationValue/items?stationId=06074&parameterId=acc_precip&timeResolution=day&datetime=1991-01-01T00:00:00Z/2026-01-01T00:00:00Z&limit=300000,2407112,6380be62c6b312940d741821a9240a6204db1c5ca3486089c6699386dd490f7d
https://opendataapi.dmi.dk/v2/climateData/collections/stationValue/items?stationId=06079&parameterId=acc_precip&timeResolution=day&datetime=1991-01-01T00:00:00Z/2026-01-01T00:00:00Z&limit=300000,2444963,c8eae89c3f9b98f14ce87a40132af2e4aed4d42dda33326509792df0eb32977c
https://opendataapi.dmi.dk/v2/climateData/collections/stationValue/items?stationId=06080&parameterId=acc_precip&timeResolution=day&datetime=1991-01-01T00:00:00Z/2026-01-01T00:00:00Z&limit=300000,1032337,0178be19655b6ac7a2d51eec847dc3e00bb8cfa3255790195d421187e697e992
https://opendataapi.dmi.dk/v2/climateData/collections/stationValue/items?stationId=06082&parameterId=acc_precip&timeResolution=day&datetime=1991-01-01T00:00:00Z/2026-01-01T00:00:00Z&limit=300000,2439686,f378266163c62387599e27b63e212cead362e6a1e33078dba8fd3a361b3fae68
https://opendataapi.dmi.dk/v2/climateData/collections/stationValue/items?stationId=06088&parameterId=acc_precip&timeResolution=day&datetime=1991-01-01T00:00:00Z/2026-01-01T00:00:00Z&limit=300000,2425788,836c2e2e1f48d06370eb3ea414cff7eb62c5bf4b4a89af4161265ca4f149e917
https://opendataapi.dmi.dk/v2/climateData/collections/stationValue/items?stationId=06102&parameterId=acc_precip&timeResolution=day&datetime=1991-01-01T00:00:00Z/2026-01-01T00:00:00Z&limit=300000,2434479,dbb27ecda9d388bd7dce28290dc9761bf205d725953fbcb6495606d0ec430576
https://opendataapi.dmi.dk/v2/climateData/collections/stationValue/items?stationId=06104&parameterId=acc_precip&timeResolution=day&datetime=1991-01-01T00:00:00Z/2026-01-01T00:00:00Z&limit=300000,2439739,aa50cba95865b7416579b13596435069b507efecaf105d2628103582b1f97ece
https://opendataapi.dmi.dk/v2/climateData/collections/stationValue/items?stationId=06109&parameterId=acc_precip&timeResolution=day&datetime=1991-01-01T00:00:00Z/2026-01-01T00:00:00Z&limit=300000,2439736,bfcd5849ac61c4b22b1b3f601acd5ebbcecc93db95887e4356a3443125fff33d
https://opendataapi.dmi.dk/v2/climateData/collections/stationValue/items?stationId=06110&parameterId=acc_precip&timeResolution=day&datetime=1991-01-01T00:00:00Z/2026-01-01T00:00:00Z&limit=300000,2439646,c7a32c9d59b63fae8b2570b8053708e5f4fa78cc6ce53c4e51b944c26535afdc
https://opendataapi.dmi.dk/v2/climateData/collections/stationValue/items?stationId=06116&parameterId=acc_precip&timeResolution=day&datetime=1991-01-01T00:00:00Z/2026-01-01T00:00:00Z&limit=300000,2439689,1195e7b5d75df01afafde8a79547c066b54a38220de0ae721b6c070fce345e7b
https://opendataapi.dmi.dk/v2/climateData/collections/stationValue/items?stationId=06119&parameterId=acc_precip&timeResolution=day&datetime=1991-01-01T00:00:00Z/2026-01-01T00:00:00Z&limit=300000,2434347,1c068248e788bb68ad033fd926dd640d64fa9479fbad7bfef3288519a1bdcbbb
https://opendataapi.dmi.dk/v2/climateData/collections/stationValue/items?stationId=06120&parameterId=acc_precip&timeResolution=day&datetime=1991-01-01T00:00:00Z/2026-01-01T00:00:00Z&limit=300000,1285737,64c821083f9c6805185580b7b84a5cac9bc035b5f46569dee1d25220b34abe85
https://opendataapi.dmi.dk/v2/climateData/collections/stationValue/items?stationId=06126&parameterId=acc_precip&timeResolution=day&datetime=1991-01-01T00:00:00Z/2026-01-01T00:00:00Z&limit=300000,2445005,e30911fd2715c212ab90df3556368eeb1a879e3179bedb5e49ecd9ac52705031
https://opendataapi.dmi.dk/v2/climateData/collections/stationValue/items?stationId=06134&parameterId=acc_precip&timeResolution=day&datetime=1991-01-01T00:00:00Z/2026-01-01T00:00:00Z&limit=300000,32264,6b0440f79def82d1d55fe8c1d1f01eec2c31e1d41f7a8ceacc219e8ef0d1c092
https://opendataapi.dmi.dk/v2/climateData/collections/stationValue/items?stationId=06135&parameterId=acc_precip&timeResolution=day&datetime=1991-01-01T00:00:00Z/2026-01-01T00:00:00Z&limit=300000,2444957,0dae46c6f987ce1cf336a68c076d98242027a149b5d95083036db951e95c0f62
https://opendataapi.dmi.dk/v2/climateData/collections/stationValue/items?stationId=06136&parameterId=acc_precip&timeResolution=day&datetime=1991-01-01T00:00:00Z/2026-01-01T00:00:00Z&limit=300000,2444955,0cbb2bc7400bd363d44d08417b05e62fd396bc835ade78ca2a58888b85c35916
https://opendataapi.dmi.dk/v2/climateData/collections/stationValue/items?stationId=06138&parameterId=acc_precip&timeResolution=day&datetime=1991-01-01T00:00:00Z/2026-01-01T00:00:00Z&limit=300000,2444954,55a1fff61458cb5a275f440cac35e087073f08898359f8767d6761b0362fa7b8
https://opendataapi.dmi.dk/v2/climateData/collections/stationValue/items?stationId=06141&parameterId=acc_precip&timeResolution=day&datetime=1991-01-01T00:00:00Z/2026-01-01T00:00:00Z&limit=300000,2444960,56592bf6147bb853edbf590fd65c3cee422c34473e3d369b1c2dbe413981277e
https://opendataapi.dmi.dk/v2/climateData/collections/stationValue/items?stationId=06147&parameterId=acc_precip&timeResolution=day&datetime=1991-01-01T00:00:00Z/2026-01-01T00:00:00Z&limit=300000,2439460,926c29d4438a1310f75772cc57c7031a864425d11e166c057513142d28ea9bf0
https://opendataapi.dmi.dk/v2/climateData/collections/stationValue/items?stationId=06149&parameterId=acc_precip&timeResolution=day&datetime=1991-01-01T00:00:00Z/2026-01-01T00:00:00Z&limit=300000,2444919,42b5d7804090d139813410e7dca06efaac1df999dd99e5b7211243687ef4a4ae
https://opendataapi.dmi.dk/v2/climateData/collections/stationValue/items?stationId=06154&parameterId=acc_precip&timeResolution=day&datetime=1991-01-01T00:00:00Z/2026-01-01T00:00:00Z&limit=300000,2444992,f2e926667f73786aa79b52e9ee4e9709f2f6ff1b35e7f1641e7cc99fa9e58049
https://opendataapi.dmi.dk/v2/climateData/collections/stationValue/items?stationId=06156&parameterId=acc_precip&timeResolution=day&datetime=1991-01-01T00:00:00Z/2026-01-01T00:00:00Z&limit=300000,2444972,0ad5bec74c4bdc6705ebe8b4340515123ebb4545283b467685601ee5992be901
https://opendataapi.dmi.dk/v2/climateData/collections/stationValue/items?stationId=06159&parameterId=acc_precip&timeResolution=day&datetime=1991-01-01T00:00:00Z/2026-01-01T00:00:00Z&limit=300000,2444949,18e4295b3cb0ae94fed39f9d27833dab367c002ad016d0b58221e8fcb5bcdde5
https://opendataapi.dmi.dk/v2/climateData/collections/stationValue/items?stationId=06169&parameterId=acc_precip&timeResolution=day&datetime=1991-01-01T00:00:00Z/2026-01-01T00:00:00Z&limit=300000,2444938,7c194aa8ced04b2d8b64d9e11c8388daf948fd756924e4d4c4fe920abfa1f30a
https://opendataapi.dmi.dk/v2/climateData/collections/stationValue/items?stationId=06170&parameterId=acc_precip&timeResolution=day&datetime=1991-01-01T00:00:00Z/2026-01-01T00:00:00Z&limit=300000,2444972,152a4e9767747490bd66a4f4c4613ace0e0335a1095170b23a5391d881a5e2ef
https://opendataapi.dmi.dk/v2/climateData/collections/stationValue/items?stationId=06174&parameterId=acc_precip&timeResolution=day&datetime=1991-01-01T00:00:00Z/2026-01-01T00:00:00Z&limit=300000,2439486,5292c4493b46f4d3c1f1cb72d909c156572ef18d1c7984faf8adf70c67b3fd2c
https://opendataapi.dmi.dk/v2/climateData/collections/stationValue/items?stationId=06180&parameterId=acc_precip&timeResolution=day&datetime=1991-01-01T00:00:00Z/2026-01-01T00:00:00Z&limit=300000,2439499,003877946272ce61b26270913ded29e54c836d43f205998dc86d399c4789ea47
https://opendataapi.dmi.dk/v2/climateData/collections/stationValue/items?stationId=06188&parameterId=acc_precip&timeResolution=day&datetime=1991-01-01T00:00:00Z/2026-01-01T00:00:00Z&limit=300000,2445014,e0763c4d8a92aeac085b8cf9d57aa6eec5aa1de922a10673ddcb1de8ed4c6ed4
https://opendataapi.dmi.dk/v2/climateData/collections/stationValue/items?stationId=20000&parameterId=acc_precip&timeResolution=day&datetime=1991-01-01T00:00:00Z/2026-01-01T00:00:00Z&limit=300000,3080638,6baea61d3304b9a0f0e29c713535089021b7d7f633a5864146926faf8b2d1057
https://opendataapi.dmi.dk/v2/climateData/collections/stationValue/items?stationId=20010&parameterId=acc_precip&timeResolution=day&datetime=1991-01-01T00:00:00Z/2026-01-01T00:00:00Z&limit=300000,2144746,3cadcf1658fa41c3c7b69a8ce424ac0444861524f4738b2fe20a9d5d10c63146
https://opendataapi.dmi.dk/v2/climateData/collections/stationValue/items?stationId=20014&parameterId=acc_precip&timeResolution=day&datetime=1991-01-01T00:00:00Z/2026-01-01T00:00:00Z&limit=300000,379,fda58eb5ad6fed35e520a60ee86f25b32430e5e32b45865e5c920234f953e27e
https://opendataapi.dmi.dk/v2/climateData/collections/stationValue/items?stationId=20020&parameterId=acc_precip&timeResolution=day&datetime=1991-01-01T00:00:00Z/2026-01-01T00:00:00Z&limit=300000,2120119,e6720a49ae48767e28212f0726bf2a12cdb326fa6dbac6d777b98b43baebbe21
https://opendataapi.dmi.dk/v2/climateData/collections/stationValue/items?stationId=20025&parameterId=acc_precip&timeResolution=day&datetime=1991-01-01T00:00:00Z/2026-01-01T00:00:00Z&limit=300000,379,c83a7d8b4a8adc0852e09cd2499732ebb632d3fef7ee681fe7e211cfa103a4a3
https://opendataapi.dmi.dk/v2/climateData/collections/stationValue/items?stationId=20030&parameterId=acc_precip&timeResolution=day&datetime=1991-01-01T00:00:00Z/2026-01-01T00:00:00Z&limit=300000,2922677,e032a51a8cab5ee87f17209d60b3ad4b9e75d1ee2d44dffbee298132b67b76d7
https://opendataapi.dmi.dk/v2/climateData/collections/stationValue/items?stationId=20050&parameterId=acc_precip&timeResolution=day&datetime=1991-01-01T00:00:00Z/2026-01-01T00:00:00Z&limit=300000,1750746,3344a12ef34af95a7f767f8e2765f2c2fec4bdaa0a9a4417ea47c1b3d9501a76
https://opendataapi.dmi.dk/v2/climateData/collections/stationValue/items?stationId=20052&parameterId=acc_precip&timeResolution=day&datetime=1991-01-01T00:00:00Z/2026-01-01T00:00:00Z&limit=300000,1748088,1e7736671a616aee56b795ae4712fbc30666becc740856da2107d175737becb8
https://opendataapi.dmi.dk/v2/climateData/collections/stationValue/items?stationId=20055&parameterId=acc_precip&timeResolution=day&datetime=1991-01-01T00:00:00Z/2026-01-01T00:00:00Z&limit=300000,2922640,71f4550e5343002bc439d428a348721e9b8becd64221e108290fe0476e7d8a45
https://opendataapi.dmi.dk/v2/climateData/collections/stationValue/items?stationId=20058&parameterId=acc_precip&timeResolution=day&datetime=1991-01-01T00:00:00Z/2026-01-01T00:00:00Z&limit=300000,1147428,2fb85ca40aad87f2be200ab0170ce09de5e0b400eca1f2378aee565b44ed0072
https://opendataapi.dmi.dk/v2/climateData/collections/stationValue/items?stationId=20059&parameterId=acc_precip&timeResolution=day&datetime=1991-01-01T00:00:00Z/2026-01-01T00:00:00Z&limit=300000,454656,144a062ee0fb26e953fbcc74214ce063a2a5412cdeade5a5db3c79b74f852fcf
https://opendataapi.dmi.dk/v2/climateData/collections/stationValue/items?stationId=20060&parameterId=acc_precip&timeResolution=day&datetime=1991-01-01T00:00:00Z/2026-01-01T00:00:00Z&limit=300000,2336820,d7fd8aa217e2ce69cec460c37ebd7529a7334deee51748b5310402605e1320a4
https://opendataapi.dmi.dk/v2/climateData/collections/stationValue/items?stationId=20065&parameterId=acc_precip&timeResolution=day&datetime=1991-01-01T00:00:00Z/2026-01-01T00:00:00Z&limit=300000,1754726,4a4d942788f5719006cbceb8222b7fec58ab6dee638ac3e26197d1e26cc20fd5
https://opendataapi.dmi.dk/v2/climateData/collections/stationValue/items?stationId=20079&parameterId=acc_precip&timeResolution=day&datetime=1991-01-01T00:00:00Z/2026-01-01T00:00:00Z&limit=300000,1550855,862a5475cf4163aaaf64fca46cbf082fd80e6d73fa807934efd6a3a72ff239d4
https://opendataapi.dmi.dk/v2/climateData/collections/stationValue/items?stationId=20085&parameterId=acc_precip&timeResolution=day&datetime=1991-01-01T00:00:00Z/2026-01-01T00:00:00Z&limit=300000,2885609,e2452e2fec671a5516e2987a74e7be49ad2ce86db093b68f8bb582f2b5c67a65
https://opendataapi.dmi.dk/v2/climateData/collections/stationValue/items?stationId=20090&parameterId=acc_precip&timeResolution=day&datetime=1991-01-01T00:00:00Z/2026-01-01T00:00:00Z&limit=300000,379,01926b41312cb8cbf63dedaeda656edc532aebc5cb171a704448deae121baeea
https://opendataapi.dmi.dk/v2/climateData/collections/stationValue/items?stationId=20100&parameterId=acc_precip&timeResolution=day&datetime=1991-01-01T00:00:00Z/2026-01-01T00:00:00Z&limit=300000,2336812,b5cf4fe66cb13705c5bd7e90c13f7c253872696c1b9f5bc0b3cc48699cff350c
https://opendataapi.dmi.dk/v2/climateData/collections/stationValue/items?stationId=20110&parameterId=acc_precip&timeResolution=day&datetime=1991-01-01T00:00:00Z/2026-01-01T00:00:00Z&limit=300000,379,b71ad34bca8f8879167f042587ec06ed3675e85ee123c2d5cd85101de2cf2db8
https://opendataapi.dmi.dk/v2/climateData/collections/stationValue/items?stationId=20120&parameterId=acc_precip&timeResolution=day&datetime=1991-01-01T00:00:00Z/2026-01-01T00:00:00Z&limit=300000,1984807,4bbfb9e0d5e857ce03e5385108acce992c4f11ebf9ea2b8f8ea15c291432f1b3
https://opendataapi.dmi.dk/v2/climateData/collections/stationValue/items?stationId=20125&parameterId=acc_precip&timeResolution=day&datetime=1991-01-01T00:00:00Z/2026-01-01T00:00:00Z&limit=300000,379,ab92b2a75e6a20b4f786a1431a6f861c83d5cbd5801cafb20c796fa130ef79d2
https://opendataapi.dmi.dk/v2/climateData/collections/stationValue/items?stationId=20127&parameterId=acc_precip&timeResolution=day&datetime=1991-01-01T00:00:00Z/2026-01-01T00:00:00Z&limit=300000,1754704,2939f038b9729e3c419dea0caa74ee1a9c39e37612f4e32a0799a62e196b93bc
https://opendataapi.dmi.dk/v2/climateData/collections/stationValue/items?stationId=20140&parameterId=acc_precip&timeResolution=day&datetime=1991-01-01T00:00:00Z/2026-01-01T00:00:00Z&limit=300000,1754748,c8435017ec46b10df2c0ba435db77cffc115cd421b6cce52a37bead50541a27a
https://opendataapi.dmi.dk/v2/climateData/collections/stationValue/items?stationId=20147&parameterId=acc_precip&timeResolution=day&datetime=1991-01-01T00:00:00Z/2026-01-01T00:00:00Z&limit=300000,379,fc39a7d9f5951fcdbace440b5c8cb84c9a74d1ab9e0cc128bfe7da8b0d905c45
https://opendataapi.dmi.dk/v2/climateData/collections/stationValue/items?stationId=20150&parameterId=acc_precip&timeResolution=day&datetime=1991-01-01T00:00:00Z/2026-01-01T00:00:00Z&limit=300000,2229263,3840507356fe834986755834b3d8400881da66bad0037a45448f00a06acc668a
https://opendataapi.dmi.dk/v2/climateData/collections/stationValue/items?stationId=20153&parameterId=acc_precip&timeResolution=day&datetime=1991-01-01T00:00:00Z/2026-01-01T00:00:00Z&limit=300000,1564705,429949e51db5d63b5a20ddd1f3225715374a762f9e7b8243ee28bbbaac18b69c
https://opendataapi.dmi.dk/v2/climateData/collections/stationValue/items?stationId=20160&parameterId=acc_precip&timeResolution=day&datetime=1991-01-01T00:00:00Z/2026-01-01T00:00:00Z&limit=300000,2115302,fab85585c3341180771375de11d98b856e85f703043be2a973788a83c85f197c
https://opendataapi.dmi.dk/v2/climateData/collections/stationValue/items?stationId=20182&parameterId=acc_precip&timeResolution=day&datetime=1991-01-01T00:00:00Z/2026-01-01T00:00:00Z&limit=300000,2115340,7b393897532024feba28d82122c4e7fa9065c384bdbc3928dcfb475077551e0c
https://opendataapi.dmi.dk/v2/climateData/collections/stationValue/items?stationId=20195&parameterId=acc_precip&timeResolution=day&datetime=1991-01-01T00:00:00Z/2026-01-01T00:00:00Z&limit=300000,2326456,b152a6ba6b267d7f1f33f414ca7013f17f22bb9d88c7acef6d7f9593ea97bad5
https://opendataapi.dmi.dk/v2/climateData/collections/stationValue/items?stationId=20199&parameterId=acc_precip&timeResolution=day&datetime=1991-01-01T00:00:00Z/2026-01-01T00:00:00Z&limit=300000,1750189,d20042307403fe59839ddea84d6f3a72c48933bf763e12e52c6b275b2e1b90ef
https://opendataapi.dmi.dk/v2/climateData/collections/stationValue/items?stationId=20200&parameterId=acc_precip&timeResolution=day&datetime=1991-01-01T00:00:00Z/2026-01-01T00:00:00Z&limit=300000,379,588c993ec3f42aa0a3900ca08938542961603f0e6a99c6081757ea1274531112
https://opendataapi.dmi.dk/v2/climateData/collections/stationValue/items?stationId=20210&parameterId=acc_precip&timeResolution=day&datetime=1991-01-01T00:00:00Z/2026-01-01T00:00:00Z&limit=300000,2115303,ca4c79936ec678e3ba35005c9c38cfe434e5cf05447626c3670ebf04525ef76a
https://opendataapi.dmi.dk/v2/climateData/collections/stationValue/items?stationId=20213&parameterId=acc_precip&timeResolution=day&datetime=1991-01-01T00:00:00Z/2026-01-01T00:00:00Z&limit=300000,2237756,9ad3dc16e2b01a8a0d324975b56eac29d081ba0caa07827fb218441a36ba871f
https://opendataapi.dmi.dk/v2/climateData/collections/stationValue/items?stationId=20219&parameterId=acc_precip&timeResolution=day&datetime=1991-01-01T00:00:00Z/2026-01-01T00:00:00Z&limit=300000,662321,cffb7d8d7cd877306f6e8a7d904e1ac63356edc04b2e8eff65fa60e618754907
https://opendataapi.dmi.dk/v2/climateData/collections/stationValue/items?stationId=20220&parameterId=acc_precip&timeResolution=day&datetime=1991-01-01T00:00:00Z/2026-01-01T00:00:00Z&limit=300000,939976,6d94e94ff4227f8addcd6664556ea76466bdb68a6b66d45b83d4f189503b67b6
https://opendataapi.dmi.dk/v2/climateData/collections/stationValue/items?stationId=20223&parameterId=acc_precip&timeResolution=day&datetime=1991-01-01T00:00:00Z/2026-01-01T00:00:00Z&limit=300000,569072,19df568695a80f0af3b301760c365ef4f2f098ad7b6ed1edeb1c7e5f360f4b74
https://opendataapi.dmi.dk/v2/climateData/collections/stationValue/items?stationId=20225&parameterId=acc_precip&timeResolution=day&datetime=1991-01-01T00:00:00Z/2026-01-01T00:00:00Z&limit=300000,1185001,e35ed5b4e388b0355043c78537ec4b5d07f57c6e732c4a84c9908235028626c7
https://opendataapi.dmi.dk/v2/climateData/collections/stationValue/items?stationId=20228&parameterId=acc_precip&timeResolution=day&datetime=1991-01-01T00:00:00Z/2026-01-01T00:00:00Z&limit=300000,2922661,74c4c5e4ab4ce982baef6c572ddd7ab6103ed9b0706957d74eb8889d8f8d30d5
https://opendataapi.dmi.dk/v2/climateData/collections/stationValue/items?stationId=20230&parameterId=acc_precip&timeResolution=day&datetime=1991-01-01T00:00:00Z/2026-01-01T00:00:00Z&limit=300000,379,d2bc298609f3f7a41c74d2b7425bad69a02f3bfc82c0ae395dc848ff40f1bccd
https://opendataapi.dmi.dk/v2/climateData/collections/stationValue/items?stationId=20240&parameterId=acc_precip&timeResolution=day&datetime=1991-01-01T00:00:00Z/2026-01-01T00:00:00Z&limit=300000,2117981,93cbf1ecb835747e6d96c04706b55d4e1b9c2aa3ee87a4a57c3d233c0595ad0f
https://opendataapi.dmi.dk/v2/climateData/collections/stationValue/items?stationId=20270&parameterId=acc_precip&timeResolution=day&datetime=1991-01-01T00:00:00Z/2026-01-01T00:00:00Z&limit=300000,1345652,20c8958432f226f407cbadfb1de39a5cf007381fed425283bf2f7230b101cf81
https://opendataapi.dmi.dk/v2/climateData/collections/stationValue/items?stationId=20272&parameterId=acc_precip&timeResolution=day&datetime=1991-01-01T00:00:00Z/2026-01-01T00:00:00Z&limit=300000,2333582,b4d90d668f4f0b094578c71b45480b5f1cb18bab7d9f47978c6a36aa664ba4bb
https://opendataapi.dmi.dk/v2/climateData/collections/stationValue/items?stationId=20275&parameterId=acc_precip&timeResolution=day&datetime=1991-01-01T00:00:00Z/2026-01-01T00:00:00Z&limit=300000,379,9bbc313454fbe03db464ea29716550c4a12c5045cd74d83b08f6455841a8f75e
https://opendataapi.dmi.dk/v2/climateData/collections/stationValue/items?stationId=20280&parameterId=acc_precip&timeResolution=day&datetime=1991-01-01T00:00:00Z/2026-01-01T00:00:00Z&limit=300000,1754646,13a634b68b826ce40b3140ce9abfba0dd84960781d0e40129a48c218cbd6f8a1
https://opendataapi.dmi.dk/v2/climateData/collections/stationValue/items?stationId=20285&parameterId=acc_precip&timeResolution=day&datetime=1991-01-01T00:00:00Z/2026-01-01T00:00:00Z&limit=300000,280228,d50a8e706f3a28603d0f69350985291ee84d498c07af46b2533542332c68dd7c
https://opendataapi.dmi.dk/v2/climateData/collections/stationValue/items?stationId=20286&parameterId=acc_precip&timeResolution=day&datetime=1991-01-01T00:00:00Z/2026-01-01T00:00:00Z&limit=300000,1401724,d16e0c8650152f346012683ea7bfe30a56a3aff4a8b391134a96f6e6ccb83943
https://opendataapi.dmi.dk/v2/climateData/collections/stationValue/items?stationId=20291&parameterId=acc_precip&timeResolution=day&datetime=1991-01-01T00:00:00Z/2026-01-01T00:00:00Z&limit=300000,1217505,db0b3f25c6ad7c8878f33814abfead6cf745297568188f25d4a9820116010d4f
https://opendataapi.dmi.dk/v2/climateData/collections/stationValue/items?stationId=20292&parameterId=acc_precip&timeResolution=day&datetime=1991-01-01T00:00:00Z/2026-01-01T00:00:00Z&limit=300000,1486734,4d1b5a527e076adbf1e461851bf52ff7f151ba3d21f7c24d95855aff0d8fbf08
https://opendataapi.dmi.dk/v2/climateData/collections/stationValue/items?stationId=20295&parameterId=acc_precip&timeResolution=day&datetime=1991-01-01T00:00:00Z/2026-01-01T00:00:00Z&limit=300000,664235,cd5235b11a99a1aa5b64f58b7ee793b9361981027f08584b8e3d2ba36aca6f39
https://opendataapi.dmi.dk/v2/climateData/collections/stationValue/items?stationId=20300&parameterId=acc_precip&timeResolution=day&datetime=1991-01-01T00:00:00Z/2026-01-01T00:00:00Z&limit=300000,1754661,ee5911745135006b1367d8c82c9df9c26f967a5ad3317605aa19bbcb1f03bef6
https://opendataapi.dmi.dk/v2/climateData/collections/stationValue/items?stationId=20320&parameterId=acc_precip&timeResolution=day&datetime=1991-01-01T00:00:00Z/2026-01-01T00:00:00Z&limit=300000,2114439,091bbcd6b14a37748cc82f280e019b6349233caaf4eec23bb0631a9c68db6814
https://opendataapi.dmi.dk/v2/climateData/collections/stationValue/items?stationId=20330&parameterId=acc_precip&timeResolution=day&datetime=1991-01-01T00:00:00Z/2026-01-01T00:00:00Z&limit=300000,1750750,f5b46a3031b0145f82a7ad33f8571b241051d4042a853adbfbda6bd335197c91
https://opendataapi.dmi.dk/v2/climateData/collections/stationValue/items?stationId=20340&parameterId=acc_precip&timeResolution=day&datetime=1991-01-01T00:00:00Z/2026-01-01T00:00:00Z&limit=300000,1264070,e821c755f1bb1a67a67c82a32b0d206e0d5ba478a5325edf21dfa057a101a4f6
https://opendataapi.dmi.dk/v2/climateData/collections/stationValue/items?stationId=20350&parameterId=acc_precip&timeResolution=day&datetime=1991-01-01T00:00:00Z/2026-01-01T00:00:00Z&limit=300000,379,f9f5310317716d422035601cd589d93c90e9c50ba0e4a6c57ff402c1df651bd4
https://opendataapi.dmi.dk/v2/climateData/collections/stationValue/items?stationId=20352&parameterId=acc_precip&timeResolution=day&datetime=1991-01-01T00:00:00Z/2026-01-01T00:00:00Z&limit=300000,2237448,e7083f0f9417953fe89d9ef5beb4097b656c16a0e431403fb4057c21d7be14a5
https://opendataapi.dmi.dk/v2/climateData/collections/stationValue/items?stationId=20360&parameterId=acc_precip&timeResolution=day&datetime=1991-01-01T00:00:00Z/2026-01-01T00:00:00Z&limit=300000,379,9ae95b90038050253cdabfb6072347c92a571a3b436b1a908e22d7aa990ab0c2
https://opendataapi.dmi.dk/v2/climateData/collections/stationValue/items?stationId=20365&parameterId=acc_precip&timeResolution=day&datetime=1991-01-01T00:00:00Z/2026-01-01T00:00:00Z&limit=300000,379,b34b2a61a635389b1a09fce3508c60932f6689326d6b7b2a825730b0e5477874
https://opendataapi.dmi.dk/v2/climateData/collections/stationValue/items?stationId=20367&parameterId=acc_precip&timeResolution=day&datetime=1991-01-01T00:00:00Z/2026-01-01T00:00:00Z&limit=300000,379,a04862bb919379e8003cde2a275c0059f21ad7d198f4ab574445611ffb0319f2
https://opendataapi.dmi.dk/v2/climateData/collections/stationValue/items?stationId=20370&parameterId=acc_precip&timeResolution=day&datetime=1991-01-01T00:00:00Z/2026-01-01T00:00:00Z&limit=300000,1466575,80561acdba1e7734835b69bc0304bb23aae68775a4233b2010a12903665409c5
https://opendataapi.dmi.dk/v2/climateData/collections/stationValue/items?stationId=20380&parameterId=acc_precip&timeResolution=day&datetime=1991-01-01T00:00:00Z/2026-01-01T00:00:00Z&limit=300000,379,badfc1b53466c69a5cbd404649d92a8044fac2d602f2aaa6c28b53d61761387e
https://opendataapi.dmi.dk/v2/climateData/collections/stationValue/items?stationId=20390&parameterId=acc_precip&timeResolution=day&datetime=1991-01-01T00:00:00Z/2026-01-01T00:00:00Z&limit=300000,1747879,ba7ae042435784c1e314dae7001309f014a413e1158ce3c1bb20a7b52cfb8b77
https://opendataapi.dmi.dk/v2/climateData/collections/stationValue/items?stationId=20400&parameterId=acc_precip&timeResolution=day&datetime=1991-01-01T00:00:00Z/2026-01-01T00:00:00Z&limit=300000,2922638,1451531f437dd8337be2bdbd236e6a779581974629f3dc6397c7ae8e9181eef1
https://opendataapi.dmi.dk/v2/climateData/collections/stationValue/items?stationId=20410&parameterId=acc_precip&timeResolution=day&datetime=1991-01-01T00:00:00Z/2026-01-01T00:00:00Z&limit=300000,2115287,53e25c94a304b9f117823f33063a68ce44b416b6bc93b7a5f9906f33926f0669
https://opendataapi.dmi.dk/v2/climateData/collections/stationValue/items?stationId=20415&parameterId=acc_precip&timeResolution=day&datetime=1991-01-01T00:00:00Z/2026-01-01T00:00:00Z&limit=300000,1750714,b5708b5605a3da08d7a57b238b623471593db331faa376ee1608d2633ec51201
https://opendataapi.dmi.dk/v2/climateData/collections/stationValue/items?stationId=20430&parameterId=acc_precip&timeResolution=day&datetime=1991-01-01T00:00:00Z/2026-01-01T00:00:00Z&limit=300000,1750784,24e6661dbade42c868d503d7fdd49a9af78f375a17944c41151b183a2de3db42
https://opendataapi.dmi.dk/v2/climateData/collections/stationValue/items?stationId=20440&parameterId=acc_precip&timeResolution=day&datetime=1991-01-01T00:00:00Z/2026-01-01T00:00:00Z&limit=300000,1678828,3df0acd1c8b543205183d45d358e9c96996cc17ea2fea228654049ec64e47880
https://opendataapi.dmi.dk/v2/climateData/collections/stationValue/items?stationId=20450&parameterId=acc_precip&timeResolution=day&datetime=1991-01-01T00:00:00Z/2026-01-01T00:00:00Z&limit=300000,379,25e41e2cf601d105e119605343f3f25f03ad1281a367efde8359cd3265760ec1
https://opendataapi.dmi.dk/v2/climateData/collections/stationValue/items?stationId=20453&parameterId=acc_precip&timeResolution=day&datetime=1991-01-01T00:00:00Z/2026-01-01T00:00:00Z&limit=300000,1149854,0097de4ae527d0037570c492379b173043f79bf5dfa0b45b9d18715af6c538a8
https://opendataapi.dmi.dk/v2/climateData/collections/stationValue/items?stationId=20455&parameterId=acc_precip&timeResolution=day&datetime=1991-01-01T00:00:00Z/2026-01-01T00:00:00Z&limit=300000,1182321,9549d3536ff9c578780e847fca136191b81ee56de7405256789aac80cb3278dd
https://opendataapi.dmi.dk/v2/climateData/collections/stationValue/items?stationId=20457&parameterId=acc_precip&timeResolution=day&datetime=1991-01-01T00:00:00Z/2026-01-01T00:00:00Z&limit=300000,1539013,c70cb2b32072b2129fd80d63a85f4932b7c2f2e1167088282fe2ec7107633fbf
https://opendataapi.dmi.dk/v2/climateData/collections/stationValue/items?stationId=20460&parameterId=acc_precip&timeResolution=day&datetime=1991-01-01T00:00:00Z/2026-01-01T00:00:00Z&limit=300000,939894,5dc4fb8fc58d18dbef64eebc7b07ba684fba16923bad1405f997980032905c5c
https://opendataapi.dmi.dk/v2/climateData/collections/stationValue/items?stationId=20470&parameterId=acc_precip&timeResolution=day&datetime=1991-01-01T00:00:00Z/2026-01-01T00:00:00Z&limit=300000,1750744,3a644bcb4ad93ec7f767bd3dfeb06de92cda23c881b3a1c3fd0d35af99faf00f
https://opendataapi.dmi.dk/v2/climateData/collections/stationValue/items?stationId=20480&parameterId=acc_precip&timeResolution=day&datetime=1991-01-01T00:00:00Z/2026-01-01T00:00:00Z&limit=300000,2115285,6f793e70c22247a6f3102db052b3e602dae5e998db4f1e57320f843c358b6442
https://opendataapi.dmi.dk/v2/climateData/collections/stationValue/items?stationId=20490&parameterId=acc_precip&timeResolution=day&datetime=1991-01-01T00:00:00Z/2026-01-01T00:00:00Z&limit=300000,2399075,8f5f48be6888a78c3aa70387688543ece5d863be4264fce73617742019d94025
https://opendataapi.dmi.dk/v2/climateData/collections/stationValue/items?stationId=20500&parameterId=acc_precip&timeResolution=day&datetime=1991-01-01T00:00:00Z/2026-01-01T00:00:00Z&limit=300000,379,3b651704b32e256214e4aeab7a5acab50d7144f14115b43613046ec3500ea369
https://opendataapi.dmi.dk/v2/climateData/collections/stationValue/items?stationId=20510&parameterId=acc_precip&timeResolution=day&datetime=1991-01-01T00:00:00Z/2026-01-01T00:00:00Z&limit=300000,1387060,994211b01ea45a90da092d43d920b15c540b3243cd5573c481f1267a4b273977
https://opendataapi.dmi.dk/v2/climateData/collections/stationValue/items?stationId=20512&parameterId=acc_precip&timeResolution=day&datetime=1991-01-01T00:00:00Z/2026-01-01T00:00:00Z&limit=300000,446502,1c003b68034d7853021e7d40dbced75262798a0217e82244925c293211c450d4
https://opendataapi.dmi.dk/v2/climateData/collections/stationValue/items?stationId=20520&parameterId=acc_precip&timeResolution=day&datetime=1991-01-01T00:00:00Z/2026-01-01T00:00:00Z&limit=300000,379,b31b830012de7aa34c615ad4288f9473a1bf0befb1efe7824d12cb47331b7387
https://opendataapi.dmi.dk/v2/climateData/collections/stationValue/items?stationId=20530&parameterId=acc_precip&timeResolution=day&datetime=1991-01-01T00:00:00Z/2026-01-01T00:00:00Z&limit=300000,1602439,6226439b7d46fa4578c587cb23c4a60a4d67fbae3d0503a51423510b222911a6
https://opendataapi.dmi.dk/v2/climateData/collections/stationValue/items?stationId=20540&parameterId=acc_precip&timeResolution=day&datetime=1991-01-01T00:00:00Z/2026-01-01T00:00:00Z&limit=300000,1749409,df417abf4ecf990bf8a2e157d1f86a3c885a3ec5d18a18f9a4bd16325b1f1d30
https://opendataapi.dmi.dk/v2/climateData/collections/stationValue/items?stationId=20550&parameterId=acc_precip&timeResolution=day&datetime=1991-01-01T00:00:00Z/2026-01-01T00:00:00Z&limit=300000,379,dbbf54fb21b4c1e9f1cfa16b5fbd8ee06fd90addf36a9057d5c8148f3adb4207
https://opendataapi.dmi.dk/v2/climateData/collections/stationValue/items?stationId=20555&parameterId=acc_precip&timeResolution=day&datetime=1991-01-01T00:00:00Z/2026-01-01T00:00:00Z&limit=300000,379,05a9348ddb80a246410f3b36230cd7f9634a05afdc4f50fcae218d3472a1086d
https://opendataapi.dmi.dk/v2/climateData/collections/stationValue/items?stationId=20560&parameterId=acc_precip&timeResolution=day&datetime=1991-01-01T00:00:00Z/2026-01-01T00:00:00Z&limit=300000,1723844,2af320a0b7a179ea3b5b9261895e834a59a21ee23ce59c916906a23f08bccc25
https://opendataapi.dmi.dk/v2/climateData/collections/stationValue/items?stationId=20562&parameterId=acc_precip&timeResolution=day&datetime=1991-01-01T00:00:00Z/2026-01-01T00:00:00Z&limit=300000,1746746,2e00b6b3dca6c44d4a9a46c23fa4698914538dc841bba6f0bba764ff91b5d2fc
https://opendataapi.dmi.dk/v2/climateData/collections/stationValue/items?stationId=20563&parameterId=acc_precip&timeResolution=day&datetime=1991-01-01T00:00:00Z/2026-01-01T00:00:00Z&limit=300000,2113889,986c5ee56118018b7d57dd1355d83ff50caa540be533ce03ea15ec45d9c3747a
https://opendataapi.dmi.dk/v2/climateData/collections/stationValue/items?stationId=20565&parameterId=acc_precip&timeResolution=day&datetime=1991-01-01T00:00:00Z/2026-01-01T00:00:00Z&limit=300000,2329080,2f9420f0be8e694d3fddba13e8302cc0a9d646d395e7de21595aa535cf27445f
https://opendataapi.dmi.dk/v2/climateData/collections/stationValue/items?stationId=20570&parameterId=acc_precip&timeResolution=day&datetime=1991-01-01T00:00:00Z/2026-01-01T00:00:00Z&limit=300000,2115302,2fbfd0169892c30e19352f4743e1294139d9d1bb71d1e74bab15306dfb00e7ce
https://opendataapi.dmi.dk/v2/climateData/collections/stationValue/items?stationId=20590&parameterId=acc_precip&timeResolution=day&datetime=1991-01-01T00:00:00Z/2026-01-01T00:00:00Z&limit=300000,379,d918d99beb9ccf112972a1cf5dc7cfe7e87b4115306b9e1ed4663a92b0db0597
https://opendataapi.dmi.dk/v2/climateData/collections/stationValue/items?stationId=20600&parameterId=acc_precip&timeResolution=day&datetime=1991-01-01T00:00:00Z/2026-01-01T00:00:00Z&limit=300000,2922767,2ecdb53b2ef8a298faf0ec210804563df3f534457632338eb2321397c49b8808
https://opendataapi.dmi.dk/v2/climateData/collections/stationValue/items?stationId=20610&parameterId=acc_precip&timeResolution=day&datetime=1991-01-01T00:00:00Z/2026-01-01T00:00:00Z&limit=300000,2296559,c86309749462c0bb3bea7c650b36e1a44e3f630ff969aaa329346cecfd33359d
https://opendataapi.dmi.dk/v2/climateData/collections/stationValue/items?stationId=20620&parameterId=acc_precip&timeResolution=day&datetime=1991-01-01T00:00:00Z/2026-01-01T00:00:00Z&limit=300000,1750637,9c4ecb1f9f8f64639345e2744f70129108e9868c3b2bfd0b25f88bd30fee43f2
https://opendataapi.dmi.dk/v2/climateData/collections/stationValue/items?stationId=20630&parameterId=acc_precip&timeResolution=day&datetime=1991-01-01T00:00:00Z/2026-01-01T00:00:00Z&limit=300000,379,84fbb75c8efac6c1f5edebaa99a9da0f3dd0030735e5baed13455962822f73ee
https://opendataapi.dmi.dk/v2/climateData/collections/stationValue/items?stationId=20640&parameterId=acc_precip&timeResolution=day&datetime=1991-01-01T00:00:00Z/2026-01-01T00:00:00Z&limit=300000,1381289,3fd451b627d9b30256fb7fe3a5117bad15a65a5ef236304b5fb592a74033701c
https://opendataapi.dmi.dk/v2/climateData/collections/stationValue/items?stationId=20670&parameterId=acc_precip&timeResolution=day&datetime=1991-01-01T00:00:00Z/2026-01-01T00:00:00Z&limit=300000,2922598,606c40246038b257cdad576e37b769c44d277f632186468ca4a87260b46ce5de
https://opendataapi.dmi.dk/v2/climateData/collections/stationValue/items?stationId=21012&parameterId=acc_precip&timeResolution=day&datetime=1991-01-01T00:00:00Z/2026-01-01T00:00:00Z&limit=300000,1317821,f7c845a874bc608259e9a2b0db0c73dc60a12a7500f63cb6bca054b270acc451
https://opendataapi.dmi.dk/v2/climateData/collections/stationValue/items?stationId=21015&parameterId=acc_precip&timeResolution=day&datetime=1991-01-01T00:00:00Z/2026-01-01T00:00:00Z&limit=300000,379,26660ca81f4482e4d006ce6d34966cc42a5bfa1b5b6e21a3627556ee102fed22
https://opendataapi.dmi.dk/v2/climateData/collections/stationValue/items?stationId=21020&parameterId=acc_precip&timeResolution=day&datetime=1991-01-01T00:00:00Z/2026-01-01T00:00:00Z&limit=300000,2922727,a5f0040279215c4724578b751bf4fe5783d722c58c2d7f904195ab51cc08ee52
https://opendataapi.dmi.dk/v2/climateData/collections/stationValue/items?stationId=21030&parameterId=acc_precip&timeResolution=day&datetime=1991-01-01T00:00:00Z/2026-01-01T00:00:00Z&limit=300000,1750793,286c4ffcb619738db3d252cc1a1b95c33f75e5599545ba706810f64fbe805de9
https://opendataapi.dmi.dk/v2/climateData/collections/stationValue/items?stationId=21035&parameterId=acc_precip&timeResolution=day&datetime=1991-01-01T00:00:00Z/2026-01-01T00:00:00Z&limit=300000,452610,b9753d47af7dd74693343decef99a94f282403bc1ef3859bb148b856fbb95214
https://opendataapi.dmi.dk/v2/climateData/collections/stationValue/items?stationId=21040&parameterId=acc_precip&timeResolution=day&datetime=1991-01-01T00:00:00Z/2026-01-01T00:00:00Z&limit=300000,379,32fa0b6992077cfac837117c0cba62fb8bdb39dd1f2b1cbc8bff84b893f3d7ab
https://opendataapi.dmi.dk/v2/climateData/collections/stationValue/items?stationId=21050&parameterId=acc_precip&timeResolution=day&datetime=1991-01-01T00:00:00Z/2026-01-01T00:00:00Z&limit=300000,2115349,253bfbe488d748169a8077b8095bb9700cbf5e8f3bae431ae632d3274753cf3b
https://opendataapi.dmi.dk/v2/climateData/collections/stationValue/items?stationId=21051&parameterId=acc_precip&timeResolution=day&datetime=1991-01-01T00:00:00Z/2026-01-01T00:00:00Z&limit=300000,379,f9906582a926bbbea39d5c14da19c7a4a9585c34ca2e17e2f000bb6db30c5e95
https://opendataapi.dmi.dk/v2/climateData/collections/stationValue/items?stationId=21055&parameterId=acc_precip&timeResolution=day&datetime=1991-01-01T00:00:00Z/2026-01-01T00:00:00Z&limit=300000,2395429,fa24449d86f145e2b080bfedb7bc7b901e1e42c37188f5c14e7211581e277f95
https://opendataapi.dmi.dk/v2/climateData/collections/stationValue/items?stationId=21056&parameterId=acc_precip&timeResolution=day&datetime=1991-01-01T00:00:00Z/2026-01-01T00:00:00Z&limit=300000,683223,2dc12a3d2d608394c5cdcdb90985932ae1877c0d4a214e96bb10ce7811f6db88
https://opendataapi.dmi.dk/v2/climateData/collections/stationValue/items?stationId=21057&parameterId=acc_precip&timeResolution=day&datetime=1991-01-01T00:00:00Z/2026-01-01T00:00:00Z&limit=300000,379,848b6486502b105cbf0bcb37f90a2748a5661f71b5b13d0eeb745c64f517e3a0
https://opendataapi.dmi.dk/v2/climateData/collections/stationValue/items?stationId=21060&parameterId=acc_precip&timeResolution=day&datetime=1991-01-01T00:00:00Z/2026-01-01T00:00:00Z&limit=300000,1190763,665399a45a5ab024d756eef355a9b15f3ce7b48cdd33905fea4b830be716ccd9
https://opendataapi.dmi.dk/v2/climateData/collections/stationValue/items?stationId=21074&parameterId=acc_precip&timeResolution=day&datetime=1991-01-01T00:00:00Z/2026-01-01T00:00:00Z&limit=300000,499381,8f2f9bbf7e8bc9eeeddef9eaf1c50864db7dabfaa08bd08bb21ca0a38c4d5949
https://opendataapi.dmi.dk/v2/climateData/collections/stationValue/items?stationId=21080&parameterId=acc_precip&timeResolution=day&datetime=1991-01-01T00:00:00Z/2026-01-01T00:00:00Z&limit=300000,2882208,2d798ad60d332643408682ada782cd2e13ac3e1ac338cbb357bed469377364b0
https://opendataapi.dmi.dk/v2/climateData/collections/stationValue/items?stationId=21085&parameterId=acc_precip&timeResolution=day&datetime=1991-01-01T00:00:00Z/2026-01-01T00:00:00Z&limit=300000,933203,0f19a8629ecb98d611c5ef15ed0fe27d6cd906929ba5b412aa320c3370c42fb9
https://opendataapi.dmi.dk/v2/climateData/collections/stationValue/items?stationId=21090&parameterId=acc_precip&timeResolution=day&datetime=1991-01-01T00:00:00Z/2026-01-01T00:00:00Z&limit=300000,777836,776b751161f431bc704f412cc250758d5cd0583f8ef2b504b765d070e3cf132c
https://opendataapi.dmi.dk/v2/climateData/collections/stationValue/items?stationId=21100&parameterId=acc_precip&timeResolution=day&datetime=1991-01-01T00:00:00Z/2026-01-01T00:00:00Z&limit=300000,3236778,48e8480feb9360b03ca3e19ad658cfb091c9c3cccc22565fdfdf7aff46ba9c89
https://opendataapi.dmi.dk/v2/climateData/collections/stationValue/items?stationId=21110&parameterId=acc_precip&timeResolution=day&datetime=1991-01-01T00:00:00Z/2026-01-01T00:00:00Z&limit=300000,2115334,64d5c6efecab069b442e45037d9fdd833a81cd42b1b8f32c5b1064be3a8c42a4
https://opendataapi.dmi.dk/v2/climateData/collections/stationValue/items?stationId=21120&parameterId=acc_precip&timeResolution=day&datetime=1991-01-01T00:00:00Z/2026-01-01T00:00:00Z&limit=300000,2922694,3903419a2192e6a0e0d2ae084a593fba9bfff83a06906e09e1a6e86332b4e2d3
https://opendataapi.dmi.dk/v2/climateData/collections/stationValue/items?stationId=21125&parameterId=acc_precip&timeResolution=day&datetime=1991-01-01T00:00:00Z/2026-01-01T00:00:00Z&limit=300000,2110623,437ccf8ac915b845b2405c9fdd398d024d6b4098761fb98e361742c618c0a1b6
https://opendataapi.dmi.dk/v2/climateData/collections/stationValue/items?stationId=21130&parameterId=acc_precip&timeResolution=day&datetime=1991-01-01T00:00:00Z/2026-01-01T00:00:00Z&limit=300000,1749245,573d432c7342c37dc1956279f8828c812c24c5ff4c6d770f662917940f9fe177
https://opendataapi.dmi.dk/v2/climateData/collections/stationValue/items?stationId=21140&parameterId=acc_precip&timeResolution=day&datetime=1991-01-01T00:00:00Z/2026-01-01T00:00:00Z&limit=300000,2113985,ef3f2af6d492eea1382d6cfe65ed7638c8f82aefb51af5a7cb16a0baea61d07d
https://opendataapi.dmi.dk/v2/climateData/collections/stationValue/items?stationId=21145&parameterId=acc_precip&timeResolution=day&datetime=1991-01-01T00:00:00Z/2026-01-01T00:00:00Z&limit=300000,1393754,01ff94fffc1ec344349912bcee0d971e3dbb59305a22620bf72f251532df0cfe
https://opendataapi.dmi.dk/v2/climateData/collections/stationValue/items?stationId=21149&parameterId=acc_precip&timeResolution=day&datetime=1991-01-01T00:00:00Z/2026-01-01T00:00:00Z&limit=300000,1750764,3be0146cdee7ec99c74ed40fb183369155a20060f1e15f8fe4884dd80b34fc55
https://opendataapi.dmi.dk/v2/climateData/collections/stationValue/items?stationId=21160&parameterId=acc_precip&timeResolution=day&datetime=1991-01-01T00:00:00Z/2026-01-01T00:00:00Z&limit=300000,2922662,38d132a69b856af2581e4ee33fad5cdaaf801d23bc21e491d74c3162b21ce4d3
https://opendataapi.dmi.dk/v2/climateData/collections/stationValue/items?stationId=21165&parameterId=acc_precip&timeResolution=day&datetime=1991-01-01T00:00:00Z/2026-01-01T00:00:00Z&limit=300000,1167479,b1f9579d658fc56c21692ec38329462493a5054ec603568ac42e4183a0d43cc1
https://opendataapi.dmi.dk/v2/climateData/collections/stationValue/items?stationId=21170&parameterId=acc_precip&timeResolution=day&datetime=1991-01-01T00:00:00Z/2026-01-01T00:00:00Z&limit=300000,2074216,df920cdb6ad73636798e963dda740d662588d3ddb065b2c9b3326d726cb67d80
https://opendataapi.dmi.dk/v2/climateData/collections/stationValue/items?stationId=21175&parameterId=acc_precip&timeResolution=day&datetime=1991-01-01T00:00:00Z/2026-01-01T00:00:00Z&limit=300000,2111832,d8d1b72c7177ad58c8705acc457ecf255442b1554517e2ecc7282e04d194e8e6
https://opendataapi.dmi.dk/v2/climateData/collections/stationValue/items?stationId=21180&parameterId=acc_precip&timeResolution=day&datetime=1991-01-01T00:00:00Z/2026-01-01T00:00:00Z&limit=300000,2232406,372ba2cf8b70fddddc2a4f3d95c613079c1df57e86c881789e2b7edb09cd10c1
https://opendataapi.dmi.dk/v2/climateData/collections/stationValue/items?stationId=21195&parameterId=acc_precip&timeResolution=day&datetime=1991-01-01T00:00:00Z/2026-01-01T00:00:00Z&limit=300000,379,3993a1795784b2077313fcf84124fd7b2cc31e50c55f4ad879dbe781b501b11e
https://opendataapi.dmi.dk/v2/climateData/collections/stationValue/items?stationId=21200&parameterId=acc_precip&timeResolution=day&datetime=1991-01-01T00:00:00Z/2026-01-01T00:00:00Z&limit=300000,1750780,f51af9654c3802d6e80a47483600955c72b8318af2ce47922f5e9ecf99ac3b34
https://opendataapi.dmi.dk/v2/climateData/collections/stationValue/items?stationId=21215&parameterId=acc_precip&timeResolution=day&datetime=1991-01-01T00:00:00Z/2026-01-01T00:00:00Z&limit=300000,454661,86a8e13f38b01912618a8e4cdc1952c15854f462ded4e862098b635097135a62
https://opendataapi.dmi.dk/v2/climateData/collections/stationValue/items?stationId=21217&parameterId=acc_precip&timeResolution=day&datetime=1991-01-01T00:00:00Z/2026-01-01T00:00:00Z&limit=300000,1378137,bd17be609ae21c17157a185c7f20320c41ad45f254618747f90c95b85368a7f7
https://opendataapi.dmi.dk/v2/climateData/collections/stationValue/items?stationId=21220&parameterId=acc_precip&timeResolution=day&datetime=1991-01-01T00:00:00Z/2026-01-01T00:00:00Z&limit=300000,1052359,e0ed115fa86a85025132171d292d079c52ea1e8445c4aaeb2bffb5dd8fa06e2e
https://opendataapi.dmi.dk/v2/climateData/collections/stationValue/items?stationId=21230&parameterId=acc_precip&timeResolution=day&datetime=1991-01-01T00:00:00Z/2026-01-01T00:00:00Z&limit=300000,2329582,e9307a1b4437da11ff944c37db1b5f496f45088b65facd02e154facc58e96e5d
https://opendataapi.dmi.dk/v2/climateData/collections/stationValue/items?stationId=21240&parameterId=acc_precip&timeResolution=day&datetime=1991-01-01T00:00:00Z/2026-01-01T00:00:00Z&limit=300000,1750696,094426b5cc19a44b8c1c006e3bb1a436fd454065df087dd5f15e0d0a1539cab0
https://opendataapi.dmi.dk/v2/climateData/collections/stationValue/items?stationId=21245&parameterId=acc_precip&timeResolution=day&datetime=1991-01-01T00:00:00Z/2026-01-01T00:00:00Z&limit=300000,1182348,e915d2a5406cc9f06b2ef67fe9aa883f46e3c2c09d0fb3402dee50f05396ee54
https://opendataapi.dmi.dk/v2/climateData/collections/stationValue/items?stationId=21260&parameterId=acc_precip&timeResolution=day&datetime=1991-01-01T00:00:00Z/2026-01-01T00:00:00Z&limit=300000,968297,c73b19a6609e2d701804b251dda05d2fb669ce2dda08da25690cda668ce32c63
https://opendataapi.dmi.dk/v2/climateData/collections/stationValue/items?stationId=21265&parameterId=acc_precip&timeResolution=day&datetime=1991-01-01T00:00:00Z/2026-01-01T00:00:00Z&limit=300000,939877,579ae90fa77c6e35c23c17b688585b304b24d841822c5df7d6328aa285ee1d1a
https://opendataapi.dmi.dk/v2/climateData/collections/stationValue/items?stationId=21270&parameterId=acc_precip&timeResolution=day&datetime=1991-01-01T00:00:00Z/2026-01-01T00:00:00Z&limit=300000,379,1c83b56e3815f9940860ca7d1222bfd08012fa4dcb0cf09f2bf8b75306645ca2
https://opendataapi.dmi.dk/v2/climateData/collections/stationValue/items?stationId=21280&parameterId=acc_precip&timeResolution=day&datetime=1991-01-01T00:00:00Z/2026-01-01T00:00:00Z&limit=300000,1319547,3422c529dfbc39ae11fc1860125cdd724929009f41d9cc24a86bb8209fbd59b4
https://opendataapi.dmi.dk/v2/climateData/collections/stationValue/items?stationId=21295&parameterId=acc_precip&timeResolution=day&datetime=1991-01-01T00:00:00Z/2026-01-01T00:00:00Z&limit=300000,496010,200e99f3daad19553e12ba50e870872c648c9bfc0311ee735b55511d81e67a02
https://opendataapi.dmi.dk/v2/climateData/collections/stationValue/items?stationId=21302&parameterId=acc_precip&timeResolution=day&datetime=1991-01-01T00:00:00Z/2026-01-01T00:00:00Z&limit=300000,2399042,25dc9e598e1a9e13357c9e30885ee688704983173cd0f828483d99901e710c5d
https://opendataapi.dmi.dk/v2/climateData/collections/stationValue/items?stationId=21310&parameterId=acc_precip&timeResolution=day&datetime=1991-01-01T00:00:00Z/2026-01-01T00:00:00Z&limit=300000,2115345,245da85ebb85ede548fcbbbdfaed97e85a95daf5eb475c79017104cb302bc978
https://opendataapi.dmi.dk/v2/climateData/collections/stationValue/items?stationId=21312&parameterId=acc_precip&timeResolution=day&datetime=1991-01-01T00:00:00Z/2026-01-01T00:00:00Z&limit=300000,1154935,52714c319705625938be852c61564437dee4a32adc95d0124ff39f8b1dcfba7a
https://opendataapi.dmi.dk/v2/climateData/collections/stationValue/items?stationId=21320&parameterId=acc_precip&timeResolution=day&datetime=1991-01-01T00:00:00Z/2026-01-01T00:00:00Z&limit=300000,1750793,2b95af95d288a08ae196406091a32890f2c95c6b5bd979e0cab6ac93bd3f0b8c
https://opendataapi.dmi.dk/v2/climateData/collections/stationValue/items?stationId=21330&parameterId=acc_precip&timeResolution=day&datetime=1991-01-01T00:00:00Z/2026-01-01T00:00:00Z&limit=300000,211897,c39a363bfd478bc3840528bd0e8bc7db1dd3932bb194bba0070778f219a67c69
https://opendataapi.dmi.dk/v2/climateData/collections/stationValue/items?stationId=21335&parameterId=acc_precip&timeResolution=day&datetime=1991-01-01T00:00:00Z/2026-01-01T00:00:00Z&limit=300000,379,cd9b04e0b24e6c01afc1732e892d218e319915f741025804b187f925a7ac3491
https://opendataapi.dmi.dk/v2/climateData/collections/stationValue/items?stationId=21340&parameterId=acc_precip&timeResolution=day&datetime=1991-01-01T00:00:00Z/2026-01-01T00:00:00Z&limit=300000,379,c17390ae83ecf01022816d4a6fed09cff5a3430b0917f871cbd7a7e430162791
https://opendataapi.dmi.dk/v2/climateData/collections/stationValue/items?stationId=21355&parameterId=acc_precip&timeResolution=day&datetime=1991-01-01T00:00:00Z/2026-01-01T00:00:00Z&limit=300000,379,ec359712917658b488062f29cdd02296fd99677cb2553c0a0f44183fe7d99abe
https://opendataapi.dmi.dk/v2/climateData/collections/stationValue/items?stationId=21360&parameterId=acc_precip&timeResolution=day&datetime=1991-01-01T00:00:00Z/2026-01-01T00:00:00Z&limit=300000,1520733,ff016a51f5d488f2e7c9167b043c7c00fcace06b41339e830c1a32aced9bf88e
https://opendataapi.dmi.dk/v2/climateData/collections/stationValue/items?stationId=21370&parameterId=acc_precip&timeResolution=day&datetime=1991-01-01T00:00:00Z/2026-01-01T00:00:00Z&limit=300000,1054433,ae9e6ae31d68372fe1876d58d0b753f88267688d9a94b7671d756663edecaf43
https://opendataapi.dmi.dk/v2/climateData/collections/stationValue/items?stationId=21380&parameterId=acc_precip&timeResolution=day&datetime=1991-01-01T00:00:00Z/2026-01-01T00:00:00Z&limit=300000,926132,b5fa25a536d41c7c16a42b9fbb214e7bf6ca6b0dd783ff630162bc0614492e2d
https://opendataapi.dmi.dk/v2/climateData/collections/stationValue/items?stationId=21390&parameterId=acc_precip&timeResolution=day&datetime=1991-01-01T00:00:00Z/2026-01-01T00:00:00Z&limit=300000,379,49dd8cd382590c496d9ad6812a1ed0f1a2b0e0fd7b684a07286185ff679afd13
https://opendataapi.dmi.dk/v2/climateData/collections/stationValue/items?stationId=21400&parameterId=acc_precip&timeResolution=day&datetime=1991-01-01T00:00:00Z/2026-01-01T00:00:00Z&limit=300000,1344880,1ffada09369637a19cab26e1c31c5562dad4ab00d390b5df3a0fa4d3bf211f90
https://opendataapi.dmi.dk/v2/climateData/collections/stationValue/items?stationId=21405&parameterId=acc_precip&timeResolution=day&datetime=1991-01-01T00:00:00Z/2026-01-01T00:00:00Z&limit=300000,2115284,00a8f1058e12fce5a8ef10961e3009e04a0b2faff2a8032c14449b4af9b49f9a
https://opendataapi.dmi.dk/v2/climateData/collections/stationValue/items?stationId=21410&parameterId=acc_precip&timeResolution=day&datetime=1991-01-01T00:00:00Z/2026-01-01T00:00:00Z&limit=300000,379,5ac79568aad47a32a323b302fb47bcaf0c2202fe1cb2913272cc95db9560ba41
https://opendataapi.dmi.dk/v2/climateData/collections/stationValue/items?stationId=21420&parameterId=acc_precip&timeResolution=day&datetime=1991-01-01T00:00:00Z/2026-01-01T00:00:00Z&limit=300000,252637,d45fe48724a9ba78457d878b477aa3a48d71090b3f1f4b0986d48c1849904ac8
https://opendataapi.dmi.dk/v2/climateData/collections/stationValue/items?stationId=21430&parameterId=acc_precip&timeResolution=day&datetime=1991-01-01T00:00:00Z/2026-01-01T00:00:00Z&limit=300000,2922687,dbd45be03628e2026c8b64f89979ac9bf181481efd83a25d35ee2f6f82786b51
https://opendataapi.dmi.dk/v2/climateData/collections/stationValue/items?stationId=21433&parameterId=acc_precip&timeResolution=day&datetime=1991-01-01T00:00:00Z/2026-01-01T00:00:00Z&limit=300000,1431568,1285814dde537d29f89c1c782ccac6451decbb52131ccb338f283e3c64832b6f
https://opendataapi.dmi.dk/v2/climateData/collections/stationValue/items?stationId=21437&parameterId=acc_precip&timeResolution=day&datetime=1991-01-01T00:00:00Z/2026-01-01T00:00:00Z&limit=300000,379,7d63269f55227532abfd82c88b6e08168eab87cfef96a987a9602f49bd119252
https://opendataapi.dmi.dk/v2/climateData/collections/stationValue/items?stationId=21440&parameterId=acc_precip&timeResolution=day&datetime=1991-01-01T00:00:00Z/2026-01-01T00:00:00Z&limit=300000,1750721,512cd1198127d40b9d1d00feaa38e66104322167711bafd0cfc226aa38395295
https://opendataapi.dmi.dk/v2/climateData/collections/stationValue/items?stationId=21450&parameterId=acc_precip&timeResolution=day&datetime=1991-01-01T00:00:00Z/2026-01-01T00:00:00Z&limit=300000,379,1ad8c9a54548c71edd376338947dd14632a0f069b222e8187be096f2a38588c0
https://opendataapi.dmi.dk/v2/climateData/collections/stationValue/items?stationId=21460&parameterId=acc_precip&timeResolution=day&datetime=1991-01-01T00:00:00Z/2026-01-01T00:00:00Z&limit=300000,1750701,997191a44ee217b350464c76a811b291983d2fbcd1be408274767a4df377309d
https://opendataapi.dmi.dk/v2/climateData/collections/stationValue/items?stationId=21470&parameterId=acc_precip&timeResolution=day&datetime=1991-01-01T00:00:00Z/2026-01-01T00:00:00Z&limit=300000,23652,79bbeb4e6d2f5b067e44fad2c9810c356b11b72660f6d56be129c2934f2c42d6
https://opendataapi.dmi.dk/v2/climateData/collections/stationValue/items?stationId=21471&parameterId=acc_precip&timeResolution=day&datetime=1991-01-01T00:00:00Z/2026-01-01T00:00:00Z&limit=300000,1671088,9c0087225e01aaf3b25a429a75c66cc7ee40eb6bc7730021b2e0a6f7ad9e5806
https://opendataapi.dmi.dk/v2/climateData/collections/stationValue/items?stationId=22005&parameterId=acc_precip&timeResolution=day&datetime=1991-01-01T00:00:00Z/2026-01-01T00:00:00Z&limit=300000,2120045,21003fb7730c3848ae6ef88a008887857c27cabab66247261dc4fa171cf85e58
https://opendataapi.dmi.dk/v2/climateData/collections/stationValue/items?stationId=22007&parameterId=acc_precip&timeResolution=day&datetime=1991-01-01T00:00:00Z/2026-01-01T00:00:00Z&limit=300000,1754654,c7d19982084e31e095237608ee1bedc8ba6ee9a7daedfa22ee002f27fbc72640
https://opendataapi.dmi.dk/v2/climateData/collections/stationValue/items?stationId=22015&parameterId=acc_precip&timeResolution=day&datetime=1991-01-01T00:00:00Z/2026-01-01T00:00:00Z&limit=300000,1020087,5cb185ef5c1a689685491ef568727b1117117dc8bf3ba092af556b242059aa24
https://opendataapi.dmi.dk/v2/climateData/collections/stationValue/items?stationId=22020&parameterId=acc_precip&timeResolution=day&datetime=1991-01-01T00:00:00Z/2026-01-01T00:00:00Z&limit=300000,2960299,bca294ef8bb4f975b027e0f511f8ec7c66df471c27d7b007dd2890b0226eb2f4
https://opendataapi.dmi.dk/v2/climateData/collections/stationValue/items?stationId=22025&parameterId=acc_precip&timeResolution=day&datetime=1991-01-01T00:00:00Z/2026-01-01T00:00:00Z&limit=300000,379,64d84ec4e2306c9da2d6f2b3efa0478c542ee47a27f296487cc910bd1c134ccb
https://opendataapi.dmi.dk/v2/climateData/collections/stationValue/items?stationId=22030&parameterId=acc_precip&timeResolution=day&datetime=1991-01-01T00:00:00Z/2026-01-01T00:00:00Z&limit=300000,2115290,1f43b2e3728ba51b735fd8e43a2ee51b12311f02efc06600f968338dd0bdb5f9
https://opendataapi.dmi.dk/v2/climateData/collections/stationValue/items?stationId=22040&parameterId=acc_precip&timeResolution=day&datetime=1991-01-01T00:00:00Z/2026-01-01T00:00:00Z&limit=300000,379,582db5ad55b31efb596a6fdee2b34a9ad29326e9de0fc0ed564d208bf0da91fe
https://opendataapi.dmi.dk/v2/climateData/collections/stationValue/items?stationId=22045&parameterId=acc_precip&timeResolution=day&datetime=1991-01-01T00:00:00Z/2026-01-01T00:00:00Z&limit=300000,2236140,efb7bc36ccde24c62bad6152e466aceee36b56f401b691692310751e45c2f853
https://opendataapi.dmi.dk/v2/climateData/collections/stationValue/items?stationId=22055&parameterId=acc_precip&timeResolution=day&datetime=1991-01-01T00:00:00Z/2026-01-01T00:00:00Z&limit=300000,293305,874b2aac2f036c4e541463d361917a2d480897c99c32670073168bb9cd33f359
https://opendataapi.dmi.dk/v2/climateData/collections/stationValue/items?stationId=22060&parameterId=acc_precip&timeResolution=day&datetime=1991-01-01T00:00:00Z/2026-01-01T00:00:00Z&limit=300000,966137,d6a047b0466e0c41910c35e9a75f64556ebdf57c5a063a0942071b15fa3c40cd
https://opendataapi.dmi.dk/v2/climateData/collections/stationValue/items?stationId=22062&parameterId=acc_precip&timeResolution=day&datetime=1991-01-01T00:00:00Z/2026-01-01T00:00:00Z&limit=300000,2120018,50a77cd7ed06c4cc69e5ea5bfa4991ee94bdc579fb754ba48e2d141328b0fe90
https://opendataapi.dmi.dk/v2/climateData/collections/stationValue/items?stationId=22065&parameterId=acc_precip&timeResolution=day&datetime=1991-01-01T00:00:00Z/2026-01-01T00:00:00Z&limit=300000,1749500,29416fca94d09fde70073f7d9e98f4cd1d2794579ccc9c2857bd45fea3562685
https://opendataapi.dmi.dk/v2/climateData/collections/stationValue/items?stationId=22070&parameterId=acc_precip&timeResolution=day&datetime=1991-01-01T00:00:00Z/2026-01-01T00:00:00Z&limit=300000,379,2d6a71c0712315d327ec196b279cd1c397e8dd9bc1ec6ffc230f7f8d6acd3bcf
https://opendataapi.dmi.dk/v2/climateData/collections/stationValue/items?stationId=22075&parameterId=acc_precip&timeResolution=day&datetime=1991-01-01T00:00:00Z/2026-01-01T00:00:00Z&limit=300000,1754639,40a15dea7e105c0556f0d9ab00aee34688545404cea71b6ca6332254efd1fcd7
https://opendataapi.dmi.dk/v2/climateData/collections/stationValue/items?stationId=22080&parameterId=acc_precip&timeResolution=day&datetime=1991-01-01T00:00:00Z/2026-01-01T00:00:00Z&limit=300000,2922568,282435b7319d6c6197763e43c2b5c6fa7ce58f9c1750184670dd39b5d93cc831
https://opendataapi.dmi.dk/v2/climateData/collections/stationValue/items?stationId=22090&parameterId=acc_precip&timeResolution=day&datetime=1991-01-01T00:00:00Z/2026-01-01T00:00:00Z&limit=300000,1754654,a7d6cf49dd8926cd69840b7384a9134dbc7063f291cc98833ff6fd3961f05303
https://opendataapi.dmi.dk/v2/climateData/collections/stationValue/items?stationId=22095&parameterId=acc_precip&timeResolution=day&datetime=1991-01-01T00:00:00Z/2026-01-01T00:00:00Z&limit=300000,1754668,c82a3724524b49ff133489daaa417b5637fb82a2b057f96ad65f6be432f229ec
https://opendataapi.dmi.dk/v2/climateData/collections/stationValue/items?stationId=22096&parameterId=acc_precip&timeResolution=day&datetime=1991-01-01T00:00:00Z/2026-01-01T00:00:00Z&limit=300000,379,a35647687675c971bf367c8f7d4d4c771a2527c3490b696320a28fcdfa823c9d
https://opendataapi.dmi.dk/v2/climateData/collections/stationValue/items?stationId=22100&parameterId=acc_precip&timeResolution=day&datetime=1991-01-01T00:00:00Z/2026-01-01T00:00:00Z&limit=300000,1144488,fe352ca3ff9de5c60355780d3b2166fea534c09bc03ad3da7654fcefb34d1dd6
https://opendataapi.dmi.dk/v2/climateData/collections/stationValue/items?stationId=22102&parameterId=acc_precip&timeResolution=day&datetime=1991-01-01T00:00:00Z/2026-01-01T00:00:00Z&limit=300000,906364,b857725e421223f6a628da5f463d8cb41452782704de7b9cc71f23c9198b7f82
https://opendataapi.dmi.dk/v2/climateData/collections/stationValue/items?stationId=22125&parameterId=acc_precip&timeResolution=day&datetime=1991-01-01T00:00:00Z/2026-01-01T00:00:00Z&limit=300000,379,47e975fc8c78d12131ac0f50243d921ef2cd2d331e896ddad58d0443441f2318
https://opendataapi.dmi.dk/v2/climateData/collections/stationValue/items?stationId=22130&parameterId=acc_precip&timeResolution=day&datetime=1991-01-01T00:00:00Z/2026-01-01T00:00:00Z&limit=300000,2331510,4123d35f0b33437eadd0895d29f9624a8e746f51c373101adff0ac1f73aff835
https://opendataapi.dmi.dk/v2/climateData/collections/stationValue/items?stationId=22140&parameterId=acc_precip&timeResolution=day&datetime=1991-01-01T00:00:00Z/2026-01-01T00:00:00Z&limit=300000,1581055,c543ac74e6a0e8c94447a07c9140d6d1c82b835f45ae6f2a1804e13c4cc71a9e
https://opendataapi.dmi.dk/v2/climateData/collections/stationValue/items?stationId=22145&parameterId=acc_precip&timeResolution=day&datetime=1991-01-01T00:00:00Z/2026-01-01T00:00:00Z&limit=300000,2242428,ab7bcae05eaca20c47c85ff496a5030f311aacf61b093e860267c71f17a6eb45
https://opendataapi.dmi.dk/v2/climateData/collections/stationValue/items?stationId=22150&parameterId=acc_precip&timeResolution=day&datetime=1991-01-01T00:00:00Z/2026-01-01T00:00:00Z&limit=300000,2115240,1a59f34de3cf3977d2f75acbb90f11a20d7667e3e53439d7f71bd807906b5847
https://opendataapi.dmi.dk/v2/climateData/collections/stationValue/items?stationId=22152&parameterId=acc_precip&timeResolution=day&datetime=1991-01-01T00:00:00Z/2026-01-01T00:00:00Z&limit=300000,379,8f408a520b9718f9ca673f66859f9bd0ca7cf366773f1fe76e7d78b5c86aac17
https://opendataapi.dmi.dk/v2/climateData/collections/stationValue/items?stationId=22155&parameterId=acc_precip&timeResolution=day&datetime=1991-01-01T00:00:00Z/2026-01-01T00:00:00Z&limit=300000,379,4c7614324abf178c9e84815a37fe697e988904b593dee2482ec2ba4468967811
https://opendataapi.dmi.dk/v2/climateData/collections/stationValue/items?stationId=22162&parameterId=acc_precip&timeResolution=day&datetime=1991-01-01T00:00:00Z/2026-01-01T00:00:00Z&limit=300000,1659198,c20a7827d50e18db13a464712d2fbaa0529e144130ae60dab5c13082a9cffc09
https://opendataapi.dmi.dk/v2/climateData/collections/stationValue/items?stationId=22165&parameterId=acc_precip&timeResolution=day&datetime=1991-01-01T00:00:00Z/2026-01-01T00:00:00Z&limit=300000,2240125,d6834fcfd42fe05ac18c178a962e204074fe2a15604f5cb38fd6dba3ef37a18e
https://opendataapi.dmi.dk/v2/climateData/collections/stationValue/items?stationId=22170&parameterId=acc_precip&timeResolution=day&datetime=1991-01-01T00:00:00Z/2026-01-01T00:00:00Z&limit=300000,455677,596a884fb73a1f32f372c15ed656029cb96ea35d00685005a69cc75eac2fd706
https://opendataapi.dmi.dk/v2/climateData/collections/stationValue/items?stationId=22180&parameterId=acc_precip&timeResolution=day&datetime=1991-01-01T00:00:00Z/2026-01-01T00:00:00Z&limit=300000,379,13c0dc304c66be04da747c92f16725f1ee906e06ca3738600ef161df0ea31d0b
https://opendataapi.dmi.dk/v2/climateData/collections/stationValue/items?stationId=22202&parameterId=acc_precip&timeResolution=day&datetime=1991-01-01T00:00:00Z/2026-01-01T00:00:00Z&limit=300000,1469838,a59ef204f32cab1075a8cfd3d007dc98b59fa6735e77f5393ab1c3e1fb94152a
https://opendataapi.dmi.dk/v2/climateData/collections/stationValue/items?stationId=22204&parameterId=acc_precip&timeResolution=day&datetime=1991-01-01T00:00:00Z/2026-01-01T00:00:00Z&limit=300000,418833,f0a62e3df65364f2d71f1853b8f88e443fba6d39adde1cff9c289f199b9282ef
https://opendataapi.dmi.dk/v2/climateData/collections/stationValue/items?stationId=22208&parameterId=acc_precip&timeResolution=day&datetime=1991-01-01T00:00:00Z/2026-01-01T00:00:00Z&limit=300000,1466509,3fe79d92a325f9aeda125f0c98f4c02982aa0b1cb095be14ffe899b9ee954b86
https://opendataapi.dmi.dk/v2/climateData/collections/stationValue/items?stationId=22212&parameterId=acc_precip&timeResolution=day&datetime=1991-01-01T00:00:00Z/2026-01-01T00:00:00Z&limit=300000,1754659,d4d191164e9fc5f57d5d6e98600bf325e245541e6591b51bbd98a1c1102b4847
https://opendataapi.dmi.dk/v2/climateData/collections/stationValue/items?stationId=22215&parameterId=acc_precip&timeResolution=day&datetime=1991-01-01T00:00:00Z/2026-01-01T00:00:00Z&limit=300000,379,fdb11ecbbf199610217bc9f27d43c280fc9b98f87665f33d21b6939f269a3c25
https://opendataapi.dmi.dk/v2/climateData/collections/stationValue/items?stationId=22216&parameterId=acc_precip&timeResolution=day&datetime=1991-01-01T00:00:00Z/2026-01-01T00:00:00Z&limit=300000,2242426,fa7ab0d4a96773e9798a220a175729cfa3e6a9ab18859d20e5c76556cddf80ba
https://opendataapi.dmi.dk/v2/climateData/collections/stationValue/items?stationId=22230&parameterId=acc_precip&timeResolution=day&datetime=1991-01-01T00:00:00Z/2026-01-01T00:00:00Z&limit=300000,1452763,97e4689c7c1a5d295ac88d7f00d8a6ce4d4d08ffa186628a6d1f11e0790e1586
https://opendataapi.dmi.dk/v2/climateData/collections/stationValue/items?stationId=22244&parameterId=acc_precip&timeResolution=day&datetime=1991-01-01T00:00:00Z/2026-01-01T00:00:00Z&limit=300000,1013792,0a22f37753d061569f58f3c732ef7174e06569933ca546cec76e393de3d1f3ea
https://opendataapi.dmi.dk/v2/climateData/collections/stationValue/items?stationId=22245&parameterId=acc_precip&timeResolution=day&datetime=1991-01-01T00:00:00Z/2026-01-01T00:00:00Z&limit=300000,683194,097635bbdedeacd4e277c681d62da2eed527b0564bb4ccdc1b9aa06da78ec531
https://opendataapi.dmi.dk/v2/climateData/collections/stationValue/items?stationId=22250&parameterId=acc_precip&timeResolution=day&datetime=1991-01-01T00:00:00Z/2026-01-01T00:00:00Z&limit=300000,2115226,4f564cfa12ce380d878fd930f8b49f30accb6acf22e018aa5093cc6266c75b5d
https://opendataapi.dmi.dk/v2/climateData/collections/stationValue/items?stationId=22260&parameterId=acc_precip&timeResolution=day&datetime=1991-01-01T00:00:00Z/2026-01-01T00:00:00Z&limit=300000,1329245,65cc5d4cfa71165d5a07cd14409ba44d55dc93d793538b84a24f13255c936dc8
https://opendataapi.dmi.dk/v2/climateData/collections/stationValue/items?stationId=22265&parameterId=acc_precip&timeResolution=day&datetime=1991-01-01T00:00:00Z/2026-01-01T00:00:00Z&limit=300000,1750695,46e38329f0c74256fc34c556c286cd1c2147843e5844d160f104b5fda5ccef0f
https://opendataapi.dmi.dk/v2/climateData/collections/stationValue/items?stationId=22280&parameterId=acc_precip&timeResolution=day&datetime=1991-01-01T00:00:00Z/2026-01-01T00:00:00Z&limit=300000,2237410,05819f33fe24efd048afc99e17b68dd5c8e9dbcb8a8712fb04f8c1e12dcdb8e8
https://opendataapi.dmi.dk/v2/climateData/collections/stationValue/items?stationId=22320&parameterId=acc_precip&timeResolution=day&datetime=1991-01-01T00:00:00Z/2026-01-01T00:00:00Z&limit=300000,2068844,0ca682d401cf683f3de56b44afe4c629629499a43ac1a23674dea9d6a38bd621
https://opendataapi.dmi.dk/v2/climateData/collections/stationValue/items?stationId=22360&parameterId=acc_precip&timeResolution=day&datetime=1991-01-01T00:00:00Z/2026-01-01T00:00:00Z&limit=300000,2336811,8dd6c6964275350814da175efbfc907ea165c491f2b23fe51fec538a5ee0ccee
https://opendataapi.dmi.dk/v2/climateData/collections/stationValue/items?stationId=22367&parameterId=acc_precip&timeResolution=day&datetime=1991-01-01T00:00:00Z/2026-01-01T00:00:00Z&limit=300000,379,a14112a823eecd1eaedea048d66cf0e7a96d2b917892788d3e800e56f8bbf87f
https://opendataapi.dmi.dk/v2/climateData/collections/stationValue/items?stationId=22375&parameterId=acc_precip&timeResolution=day&datetime=1991-01-01T00:00:00Z/2026-01-01T00:00:00Z&limit=300000,1750709,f0380cecf9219ae348ba7335c4b72bcb35eca3a7839b1d2c82393fc3377e85f5
https://opendataapi.dmi.dk/v2/climateData/collections/stationValue/items?stationId=22390&parameterId=acc_precip&timeResolution=day&datetime=1991-01-01T00:00:00Z/2026-01-01T00:00:00Z&limit=300000,1223183,88a4b025feec1a447c254f0c4c045080683771785645cc3e39e08c16af2693dd
https://opendataapi.dmi.dk/v2/climateData/collections/stationValue/items?stationId=22392&parameterId=acc_precip&timeResolution=day&datetime=1991-01-01T00:00:00Z/2026-01-01T00:00:00Z&limit=300000,530876,0ff2cff66b4264e466279b64f390449fd371e5ad718e3e84729b801678b2169c
https://opendataapi.dmi.dk/v2/climateData/collections/stationValue/items?stationId=22400&parameterId=acc_precip&timeResolution=day&datetime=1991-01-01T00:00:00Z/2026-01-01T00:00:00Z&limit=300000,379,3f411ca90906a10a3a071922cb510c36da3c515c828e177d70e2f54acb2b4e0b
https://opendataapi.dmi.dk/v2/climateData/collections/stationValue/items?stationId=22410&parameterId=acc_precip&timeResolution=day&datetime=1991-01-01T00:00:00Z/2026-01-01T00:00:00Z&limit=300000,2922651,e7388745297f3318bb95fbf2fda192ffff4026363b11354a45a375eb1dbc5851
https://opendataapi.dmi.dk/v2/climateData/collections/stationValue/items?stationId=22412&parameterId=acc_precip&timeResolution=day&datetime=1991-01-01T00:00:00Z/2026-01-01T00:00:00Z&limit=300000,379,aff8e26121c9090a8f6ee8256d0b23772cf0ad3f41faa9054b0dc484810857bd
https://opendataapi.dmi.dk/v2/climateData/collections/stationValue/items?stationId=22415&parameterId=acc_precip&timeResolution=day&datetime=1991-01-01T00:00:00Z/2026-01-01T00:00:00Z&limit=300000,379,cdd5d305281134fa8df4da74eb2a1bf59a831573e474342264e71decee86d90d
https://opendataapi.dmi.dk/v2/climateData/collections/stationValue/items?stationId=22420&parameterId=acc_precip&timeResolution=day&datetime=1991-01-01T00:00:00Z/2026-01-01T00:00:00Z&limit=300000,2331593,c8d93a5a431692881434c2b49faa9d0101b2a1cfe126c5219cede941af32eada
https://opendataapi.dmi.dk/v2/climateData/collections/stationValue/items?stationId=22422&parameterId=acc_precip&timeResolution=day&datetime=1991-01-01T00:00:00Z/2026-01-01T00:00:00Z&limit=300000,379,25285b6a3bfe642abff41ead1e546d19520ccad152a9b473c1970048617ede1c
https://opendataapi.dmi.dk/v2/climateData/collections/stationValue/items?stationId=22435&parameterId=acc_precip&timeResolution=day&datetime=1991-01-01T00:00:00Z/2026-01-01T00:00:00Z&limit=300000,1746805,d2f600a29055652bc84c20fb43433bcbfeb5e08bd31293434a873ff8f74d90cd
https://opendataapi.dmi.dk/v2/climateData/collections/stationValue/items?stationId=22450&parameterId=acc_precip&timeResolution=day&datetime=1991-01-01T00:00:00Z/2026-01-01T00:00:00Z&limit=300000,1750794,f60cdf173532c451e5fe52d47290fd6f95ef87fdcf893b3aaf528dcaa6f61a10
https://opendataapi.dmi.dk/v2/climateData/collections/stationValue/items?stationId=22451&parameterId=acc_precip&timeResolution=day&datetime=1991-01-01T00:00:00Z/2026-01-01T00:00:00Z&limit=300000,345695,d16ae33a9bf1de21a0edeea322fee5c54550039fae2fa2f4d8cb599cc3426f5d
https://opendataapi.dmi.dk/v2/climateData/collections/stationValue/items?stationId=22460&parameterId=acc_precip&timeResolution=day&datetime=1991-01-01T00:00:00Z/2026-01-01T00:00:00Z&limit=300000,379,93685612e5d1c12755cb074a2045d8f1d087bc27d3fb1a62d9d4b718b1e5710f
https://opendataapi.dmi.dk/v2/climateData/collections/stationValue/items?stationId=22500&parameterId=acc_precip&timeResolution=day&datetime=1991-01-01T00:00:00Z/2026-01-01T00:00:00Z&limit=300000,804020,0e25a47781c81f34f3080c12efe2c9dba0bf8ecdedecb898fd1fb24ce876fd5a
https://opendataapi.dmi.dk/v2/climateData/collections/stationValue/items?stationId=22502&parameterId=acc_precip&timeResolution=day&datetime=1991-01-01T00:00:00Z/2026-01-01T00:00:00Z&limit=300000,1311539,c199e200a581024e141557914b2965281712dc8b1c8204086112293af6159fd0
https://opendataapi.dmi.dk/v2/climateData/collections/stationValue/items?stationId=22505&parameterId=acc_precip&timeResolution=day&datetime=1991-01-01T00:00:00Z/2026-01-01T00:00:00Z&limit=300000,379,786fde3eba08dc60a5e106d5fa5c4157a3543967fa3c49fb52b3aa6bc1c705a5
https://opendataapi.dmi.dk/v2/climateData/collections/stationValue/items?stationId=22510&parameterId=acc_precip&timeResolution=day&datetime=1991-01-01T00:00:00Z/2026-01-01T00:00:00Z&limit=300000,379,25748c1e6972bf99d1ec1442c26e5425cbdcb4247e26b79f3d7f7da1e6150cca
https://opendataapi.dmi.dk/v2/climateData/collections/stationValue/items?stationId=22520&parameterId=acc_precip&timeResolution=day&datetime=1991-01-01T00:00:00Z/2026-01-01T00:00:00Z&limit=300000,1457226,0840dd63c7cce54f15da234f304683e23d171c9e33609966548d7ef4e268f58a
https://opendataapi.dmi.dk/v2/climateData/collections/stationValue/items?stationId=22530&parameterId=acc_precip&timeResolution=day&datetime=1991-01-01T00:00:00Z/2026-01-01T00:00:00Z&limit=300000,2115302,2db9eef000151d3dd03e39852aaad74a97fa02ad34ef69f5dc04b1830be9b1ab
https://opendataapi.dmi.dk/v2/climateData/collections/stationValue/items?stationId=22540&parameterId=acc_precip&timeResolution=day&datetime=1991-01-01T00:00:00Z/2026-01-01T00:00:00Z&limit=300000,1182339,5579faa362213c290d4043e40c96264bc5af1e4a4e01001d68bec201d9f3cf2c
https://opendataapi.dmi.dk/v2/climateData/collections/stationValue/items?stationId=22550&parameterId=acc_precip&timeResolution=day&datetime=1991-01-01T00:00:00Z/2026-01-01T00:00:00Z&limit=300000,379,2885c2aa9c15ce62c3e9adce99fbf9ae573b32657959fec5a1cd32b5f00bd2fc
https://opendataapi.dmi.dk/v2/climateData/collections/stationValue/items?stationId=22563&parameterId=acc_precip&timeResolution=day&datetime=1991-01-01T00:00:00Z/2026-01-01T00:00:00Z&limit=300000,914850,ad7ea5e1f1c76ecd2ea02a85af8de37d0ee74fefeb4318bcc8c3d157ae3e629d
https://opendataapi.dmi.dk/v2/climateData/collections/stationValue/items?stationId=22564&parameterId=acc_precip&timeResolution=day&datetime=1991-01-01T00:00:00Z/2026-01-01T00:00:00Z&limit=300000,1324838,8a6e820fe48dfa96af5a48f55db1c36429c76334637a1f1afe982865a385fcfa
https://opendataapi.dmi.dk/v2/climateData/collections/stationValue/items?stationId=22570&parameterId=acc_precip&timeResolution=day&datetime=1991-01-01T00:00:00Z/2026-01-01T00:00:00Z&limit=300000,1157839,6c4d00f14b71282dcadd2730052fbdb3f0007ed6e62c405c19158c5ab3d617ec
https://opendataapi.dmi.dk/v2/climateData/collections/stationValue/items?stationId=22571&parameterId=acc_precip&timeResolution=day&datetime=1991-01-01T00:00:00Z/2026-01-01T00:00:00Z&limit=300000,303519,aa7f2d9136ca31eb454dc1af8e92bf8941b9a95bfa1a8ff419fe378d0ca40b8c
https://opendataapi.dmi.dk/v2/climateData/collections/stationValue/items?stationId=22590&parameterId=acc_precip&timeResolution=day&datetime=1991-01-01T00:00:00Z/2026-01-01T00:00:00Z&limit=300000,2120029,c295e37caadafe85eb095c8f1cf54082bd1b644bba423076cc1137ac57818d76
https://opendataapi.dmi.dk/v2/climateData/collections/stationValue/items?stationId=22593&parameterId=acc_precip&timeResolution=day&datetime=1991-01-01T00:00:00Z/2026-01-01T00:00:00Z&limit=300000,379,5b2147b8d1fb6bc735ad4a6bf197b2f143062f31861be0dae25b3ca350f106ee
https://opendataapi.dmi.dk/v2/climateData/collections/stationValue/items?stationId=22595&parameterId=acc_precip&timeResolution=day&datetime=1991-01-01T00:00:00Z/2026-01-01T00:00:00Z&limit=300000,252058,4bcd9716a88efaaa195a088c6e4660839d7a97333541a7df242d6d8da801e31e
https://opendataapi.dmi.dk/v2/climateData/collections/stationValue/items?stationId=22600&parameterId=acc_precip&timeResolution=day&datetime=1991-01-01T00:00:00Z/2026-01-01T00:00:00Z&limit=300000,2268651,977d977e0928a23291de36df5d6a694eaecd641cb31c85eb6e2b064d9f51f8da
https://opendataapi.dmi.dk/v2/climateData/collections/stationValue/items?stationId=22615&parameterId=acc_precip&timeResolution=day&datetime=1991-01-01T00:00:00Z/2026-01-01T00:00:00Z&limit=300000,95032,a638a0b70ef499a32e43e219554d9d48251fb996be073b13ebe70b16c51ea30f
https://opendataapi.dmi.dk/v2/climateData/collections/stationValue/items?stationId=23020&parameterId=acc_precip&timeResolution=day&datetime=1991-01-01T00:00:00Z/2026-01-01T00:00:00Z&limit=300000,1750755,7fcd720c6b1099f6d6ea999ac935cdc3b241d51a5d1fec04a9d7233dac15b23c
https://opendataapi.dmi.dk/v2/climateData/collections/stationValue/items?stationId=23030&parameterId=acc_precip&timeResolution=day&datetime=1991-01-01T00:00:00Z/2026-01-01T00:00:00Z&limit=300000,1750732,76043ea730f3661379751befd6adef677eb3884629be6d177ca8d5504fb19cbc
https://opendataapi.dmi.dk/v2/climateData/collections/stationValue/items?stationId=23040&parameterId=acc_precip&timeResolution=day&datetime=1991-01-01T00:00:00Z/2026-01-01T00:00:00Z&limit=300000,379,7e906a92b6d712fc66595fa50c4b0a8f0bf70a891c77f68ac8bada9edae47c85
https://opendataapi.dmi.dk/v2/climateData/collections/stationValue/items?stationId=23050&parameterId=acc_precip&timeResolution=day&datetime=1991-01-01T00:00:00Z/2026-01-01T00:00:00Z&limit=300000,2237493,cd6a4a8dba80b4b8c7437a8206060fcb871fc4ef7bab452c762c5a2a873b2e13
https://opendataapi.dmi.dk/v2/climateData/collections/stationValue/items?stationId=23060&parameterId=acc_precip&timeResolution=day&datetime=1991-01-01T00:00:00Z/2026-01-01T00:00:00Z&limit=300000,1750602,dc86ad89a071c6d86e39cfc9810f1b1cc2313d126ee966e4e61d35c2cbc8ed1a
https://opendataapi.dmi.dk/v2/climateData/collections/stationValue/items?stationId=23070&parameterId=acc_precip&timeResolution=day&datetime=1991-01-01T00:00:00Z/2026-01-01T00:00:00Z&limit=300000,379,1fcbd07f3775af199eb1dace2ae2a7478d1857a8c238f1dc73bafb899619d929
https://opendataapi.dmi.dk/v2/climateData/collections/stationValue/items?stationId=23075&parameterId=acc_precip&timeResolution=day&datetime=1991-01-01T00:00:00Z/2026-01-01T00:00:00Z&limit=300000,379,27a3a88d3b2ab6c43f6d85a2b8a43575d5da892ea31a72e7b79ab6239df4547d
https://opendataapi.dmi.dk/v2/climateData/collections/stationValue/items?stationId=23080&parameterId=acc_precip&timeResolution=day&datetime=1991-01-01T00:00:00Z/2026-01-01T00:00:00Z&limit=300000,379,41a77402f3dab445263422468d2532d280576f6b8878f0149a86ad4de29aca3c
https://opendataapi.dmi.dk/v2/climateData/collections/stationValue/items?stationId=23090&parameterId=acc_precip&timeResolution=day&datetime=1991-01-01T00:00:00Z/2026-01-01T00:00:00Z&limit=300000,1750728,7984db89138cff72b8be7a794210f91cf2b1e09de07518625c070916d0cef579
https://opendataapi.dmi.dk/v2/climateData/collections/stationValue/items?stationId=23095&parameterId=acc_precip&timeResolution=day&datetime=1991-01-01T00:00:00Z/2026-01-01T00:00:00Z&limit=300000,1750780,6a7c5e5506b845ac39e597e64a0e087e87ebf6ec68b5a1124220f32a6cde8f07
https://opendataapi.dmi.dk/v2/climateData/collections/stationValue/items?stationId=23097&parameterId=acc_precip&timeResolution=day&datetime=1991-01-01T00:00:00Z/2026-01-01T00:00:00Z&limit=300000,379,3871feb26f051d3fd23fecae16fc67fccbf96ca299603c1a4aee11a92f88b71e
https://opendataapi.dmi.dk/v2/climateData/collections/stationValue/items?stationId=23100&parameterId=acc_precip&timeResolution=day&datetime=1991-01-01T00:00:00Z/2026-01-01T00:00:00Z&limit=300000,3034194,53ddbcabaa2223b030595f5d3581114c0711b8647cabcdecd58eddfab659ec01
https://opendataapi.dmi.dk/v2/climateData/collections/stationValue/items?stationId=23120&parameterId=acc_precip&timeResolution=day&datetime=1991-01-01T00:00:00Z/2026-01-01T00:00:00Z&limit=300000,1465008,cc1aee29f3960616b37f4455e1ecf922d05ff2e0a087de65974d6597dbd416bc
https://opendataapi.dmi.dk/v2/climateData/collections/stationValue/items?stationId=23125&parameterId=acc_precip&timeResolution=day&datetime=1991-01-01T00:00:00Z/2026-01-01T00:00:00Z&limit=300000,1632233,b9903ff3992783d572f8c8066b679546bc7c0bd832fcb948e6d9417274698565
https://opendataapi.dmi.dk/v2/climateData/collections/stationValue/items?stationId=23130&parameterId=acc_precip&timeResolution=day&datetime=1991-01-01T00:00:00Z/2026-01-01T00:00:00Z&limit=300000,2115216,796e424fd75a211d5b2311550096c6babea2ddcae48c6a24b51252bd1c687012
https://opendataapi.dmi.dk/v2/climateData/collections/stationValue/items?stationId=23133&parameterId=acc_precip&timeResolution=day&datetime=1991-01-01T00:00:00Z/2026-01-01T00:00:00Z&limit=300000,2922611,25856c97e198f812e54582aafd934a061a092dd0d74cecaca6e04b471121bff4
https://opendataapi.dmi.dk/v2/climateData/collections/stationValue/items?stationId=23135&parameterId=acc_precip&timeResolution=day&datetime=1991-01-01T00:00:00Z/2026-01-01T00:00:00Z&limit=300000,1750727,fe4487fbf2fa33deb6ed75432bc8c5398e0bfa7a752e93260e9b7010b68d432d
https://opendataapi.dmi.dk/v2/climateData/collections/stationValue/items?stationId=23140&parameterId=acc_precip&timeResolution=day&datetime=1991-01-01T00:00:00Z/2026-01-01T00:00:00Z&limit=300000,333077,76441d3393f22e816cb12e548594e640339c0278283885f1cc80d655039340ca
https://opendataapi.dmi.dk/v2/climateData/collections/stationValue/items?stationId=23145&parameterId=acc_precip&timeResolution=day&datetime=1991-01-01T00:00:00Z/2026-01-01T00:00:00Z&limit=300000,1782409,d3e28044bed5e5710833498cb5fa2c34b00b10751ff44ce719b04a42cd012f71
https://opendataapi.dmi.dk/v2/climateData/collections/stationValue/items?stationId=23154&parameterId=acc_precip&timeResolution=day&datetime=1991-01-01T00:00:00Z/2026-01-01T00:00:00Z&limit=300000,1195990,f8ccec4ff027e795ed237eaccbd54952220b93df8cf12868cfd09eb0724406aa
https://opendataapi.dmi.dk/v2/climateData/collections/stationValue/items?stationId=23160&parameterId=acc_precip&timeResolution=day&datetime=1991-01-01T00:00:00Z/2026-01-01T00:00:00Z&limit=300000,2922702,e9f2f6aca275fd55cfc681676e064b03f797b6cd5a7e1490413fdd4a2df75b72
https://opendataapi.dmi.dk/v2/climateData/collections/stationValue/items?stationId=23180&parameterId=acc_precip&timeResolution=day&datetime=1991-01-01T00:00:00Z/2026-01-01T00:00:00Z&limit=300000,379,7920499df841c33a745455bd8f31333365be58606ad635b786eda1d284bfa056
https://opendataapi.dmi.dk/v2/climateData/collections/stationValue/items?stationId=23200&parameterId=acc_precip&timeResolution=day&datetime=1991-01-01T00:00:00Z/2026-01-01T00:00:00Z&limit=300000,1750760,8ae426cea3b3f2e07baa1d5b840b39625114ccaa5626253265216a1a208ea7c1
https://opendataapi.dmi.dk/v2/climateData/collections/stationValue/items?stationId=23210&parameterId=acc_precip&timeResolution=day&datetime=1991-01-01T00:00:00Z/2026-01-01T00:00:00Z&limit=300000,379,3acfb5fc008440154c66fefc0bb5084db04e36e892041f0daba63d791f7e64f6
https://opendataapi.dmi.dk/v2/climateData/collections/stationValue/items?stationId=23220&parameterId=acc_precip&timeResolution=day&datetime=1991-01-01T00:00:00Z/2026-01-01T00:00:00Z&limit=300000,1750775,0485139dce68d93bc64cccb3819092daa2c1e43fc5eff42afcf3a205a22f37a2
https://opendataapi.dmi.dk/v2/climateData/collections/stationValue/items?stationId=23230&parameterId=acc_precip&timeResolution=day&datetime=1991-01-01T00:00:00Z/2026-01-01T00:00:00Z&limit=300000,2034503,10073b2a7ac8f7bcc0485d5f46021af744d37cdb0a9c643e5ea03e6c2cb32119
https://opendataapi.dmi.dk/v2/climateData/collections/stationValue/items?stationId=23250&parameterId=acc_precip&timeResolution=day&datetime=1991-01-01T00:00:00Z/2026-01-01T00:00:00Z&limit=300000,1750771,e7b75ae100fdc41b881ad0df33656efe456667731cc03d21d132f9b115e63231
https://opendataapi.dmi.dk/v2/climateData/collections/stationValue/items?stationId=23260&parameterId=acc_precip&timeResolution=day&datetime=1991-01-01T00:00:00Z/2026-01-01T00:00:00Z&limit=300000,656245,8027945b1e02cd3a1161c112fd15b7f65910780baa08f6eced332596f4ddb7e3
https://opendataapi.dmi.dk/v2/climateData/collections/stationValue/items?stationId=23262&parameterId=acc_precip&timeResolution=day&datetime=1991-01-01T00:00:00Z/2026-01-01T00:00:00Z&limit=300000,391138,e91cb09441592f6f8463c111af589d0dae6c8ba0225d15de2ccf93a062f75cec
https://opendataapi.dmi.dk/v2/climateData/collections/stationValue/items?stationId=23270&parameterId=acc_precip&timeResolution=day&datetime=1991-01-01T00:00:00Z/2026-01-01T00:00:00Z&limit=300000,2232384,366e2031ec85f158117b0e3b7620d97b44de624d78ea5ca184a6207ce888a400
https://opendataapi.dmi.dk/v2/climateData/collections/stationValue/items?stationId=23295&parameterId=acc_precip&timeResolution=day&datetime=1991-01-01T00:00:00Z/2026-01-01T00:00:00Z&limit=300000,379,f494e946c2f5114fddb4f8a71b593ca0f4897db24ef5b5b28a1d5d409acca884
https://opendataapi.dmi.dk/v2/climateData/collections/stationValue/items?stationId=23297&parameterId=acc_precip&timeResolution=day&datetime=1991-01-01T00:00:00Z/2026-01-01T00:00:00Z&limit=300000,1750722,36f81f1210ff5a21c10e2147eae7cdb243d7cc772a558569f4ce24e55a6b8aca
https://opendataapi.dmi.dk/v2/climateData/collections/stationValue/items?stationId=23300&parameterId=acc_precip&timeResolution=day&datetime=1991-01-01T00:00:00Z/2026-01-01T00:00:00Z&limit=300000,1750739,4c91389d30101b62c7235f4cd21f2041b6d9457b69c9b66c141e384566b96cfc
https://opendataapi.dmi.dk/v2/climateData/collections/stationValue/items?stationId=23309&parameterId=acc_precip&timeResolution=day&datetime=1991-01-01T00:00:00Z/2026-01-01T00:00:00Z&limit=300000,2237499,9afdc127f635dddb1075ffbacc27a08a4af537c24f30d3b04afa72c6506842fb
https://opendataapi.dmi.dk/v2/climateData/collections/stationValue/items?stationId=23310&parameterId=acc_precip&timeResolution=day&datetime=1991-01-01T00:00:00Z/2026-01-01T00:00:00Z&limit=300000,1749752,0a76652cde34b972cf40076eb813496b0bcd25e11b9e29e2ee186740022e813d
https://opendataapi.dmi.dk/v2/climateData/collections/stationValue/items?stationId=23320&parameterId=acc_precip&timeResolution=day&datetime=1991-01-01T00:00:00Z/2026-01-01T00:00:00Z&limit=300000,2328960,5c8a1239c57d05b2786452c8f28026e0d0125060eb98f2f9603e6fd71830043c
https://opendataapi.dmi.dk/v2/climateData/collections/stationValue/items?stationId=23330&parameterId=acc_precip&timeResolution=day&datetime=1991-01-01T00:00:00Z/2026-01-01T00:00:00Z&limit=300000,1466096,d8e9d4f9db9398011c2d7804ecdc34a154810db85b2f52770bf1dc8768e30b9d
https://opendataapi.dmi.dk/v2/climateData/collections/stationValue/items?stationId=23335&parameterId=acc_precip&timeResolution=day&datetime=1991-01-01T00:00:00Z/2026-01-01T00:00:00Z&limit=300000,1728581,dc8f2cf7f4a0e4b8631d1acd2d47aa17df16a3c663974c7040b9f0ba1fac525d
https://opendataapi.dmi.dk/v2/climateData/collections/stationValue/items?stationId=23340&parameterId=acc_precip&timeResolution=day&datetime=1991-01-01T00:00:00Z/2026-01-01T00:00:00Z&limit=300000,379,c111e7d2fcd46c8316b81f090e822be7a68a6a120aa6772f9e3c2618b072df53
https://opendataapi.dmi.dk/v2/climateData/collections/stationValue/items?stationId=23350&parameterId=acc_precip&timeResolution=day&datetime=1991-01-01T00:00:00Z/2026-01-01T00:00:00Z&limit=300000,1457672,07437f8f2b41227edbca7f5d892a0994b0d63846941166934554640019740c53
https://opendataapi.dmi.dk/v2/climateData/collections/stationValue/items?stationId=24020&parameterId=acc_precip&timeResolution=day&datetime=1991-01-01T00:00:00Z/2026-01-01T00:00:00Z&limit=300000,2128680,0633345aa784e0099827c2cbfb19cefe37ae34c2309a281566f1cb5470f531cc
https://opendataapi.dmi.dk/v2/climateData/collections/stationValue/items?stationId=24030&parameterId=acc_precip&timeResolution=day&datetime=1991-01-01T00:00:00Z/2026-01-01T00:00:00Z&limit=300000,1777021,289b7f56eb9587af710cb9ade07791224868f2b7fde77044058de66da769cd07
https://opendataapi.dmi.dk/v2/climateData/collections/stationValue/items?stationId=24040&parameterId=acc_precip&timeResolution=day&datetime=1991-01-01T00:00:00Z/2026-01-01T00:00:00Z&limit=300000,379,0e2f99d76331d78e7822c59beac8b9cf3c506c4f46202f1958ea536386c6b984
https://opendataapi.dmi.dk/v2/climateData/collections/stationValue/items?stationId=24042&parameterId=acc_precip&timeResolution=day&datetime=1991-01-01T00:00:00Z/2026-01-01T00:00:00Z&limit=300000,281628,38edd7df2334b0213effce193de7f1c67df64e8359a34f1b519b17b0473d8ddc
https://opendataapi.dmi.dk/v2/climateData/collections/stationValue/items?stationId=24043&parameterId=acc_precip&timeResolution=day&datetime=1991-01-01T00:00:00Z/2026-01-01T00:00:00Z&limit=300000,1513336,22c3784be8544da837bf8c256f28772d84c7f850a20a19ba9693c8f0163a4e17
https://opendataapi.dmi.dk/v2/climateData/collections/stationValue/items?stationId=24045&parameterId=acc_precip&timeResolution=day&datetime=1991-01-01T00:00:00Z/2026-01-01T00:00:00Z&limit=300000,379,a63bbfb19cb288646d2ded1219376da3245cf1534105ba8c5258697e27f0749a
https://opendataapi.dmi.dk/v2/climateData/collections/stationValue/items?stationId=24050&parameterId=acc_precip&timeResolution=day&datetime=1991-01-01T00:00:00Z/2026-01-01T00:00:00Z&limit=300000,1466553,64499b4ab1dacbd5caddfa48e34bac1937004c99b8e457ce4296b3763338098f
https://opendataapi.dmi.dk/v2/climateData/collections/stationValue/items?stationId=24060&parameterId=acc_precip&timeResolution=day&datetime=1991-01-01T00:00:00Z/2026-01-01T00:00:00Z&limit=300000,1750805,c812493a80e36aeef353a02db8f7e9bfc84c4ff67452776ee4c6a330e78de5fd
https://opendataapi.dmi.dk/v2/climateData/collections/stationValue/items?stationId=24070&parameterId=acc_precip&timeResolution=day&datetime=1991-01-01T00:00:00Z/2026-01-01T00:00:00Z&limit=300000,2237419,aeb66b64412ab7e4f8227810202aa2f39216b7b6b66ad9391b34c7ff9f7ae1cb
https://opendataapi.dmi.dk/v2/climateData/collections/stationValue/items?stationId=24078&parameterId=acc_precip&timeResolution=day&datetime=1991-01-01T00:00:00Z/2026-01-01T00:00:00Z&limit=300000,379,5f5f572d475d54a6c66ccade0cbac599f8a7c243de2a44e3ba32defe35820564
https://opendataapi.dmi.dk/v2/climateData/collections/stationValue/items?stationId=24080&parameterId=acc_precip&timeResolution=day&datetime=1991-01-01T00:00:00Z/2026-01-01T00:00:00Z&limit=300000,2106903,dc5076d18fcacdc0cfc1a8529b41b6ee1003ac39aad196903f29bc6e28bb0f43
https://opendataapi.dmi.dk/v2/climateData/collections/stationValue/items?stationId=24085&parameterId=acc_precip&timeResolution=day&datetime=1991-01-01T00:00:00Z/2026-01-01T00:00:00Z&limit=300000,379,b1555bb0701e2542b2db290b5b6b7b0318bda30723eaadd9d815469ad841f3e5
https://opendataapi.dmi.dk/v2/climateData/collections/stationValue/items?stationId=24086&parameterId=acc_precip&timeResolution=day&datetime=1991-01-01T00:00:00Z/2026-01-01T00:00:00Z&limit=300000,379,d43e510be479ad4af7d274fff88ec8082ee08344f07c08c4cd5ce1a37f320313
https://opendataapi.dmi.dk/v2/climateData/collections/stationValue/items?stationId=24090&parameterId=acc_precip&timeResolution=day&datetime=1991-01-01T00:00:00Z/2026-01-01T00:00:00Z&limit=300000,379,747ffdf5c5eae26f3cdd62d24a07a2070ffd7f8972dee7ec717141142866a047
https://opendataapi.dmi.dk/v2/climateData/collections/stationValue/items?stationId=24093&parameterId=acc_precip&timeResolution=day&datetime=1991-01-01T00:00:00Z/2026-01-01T00:00:00Z&limit=300000,1747689,594fee34f2d33725e50d19f1647fa093c4d656a427223330533a96eeea3c3876
https://opendataapi.dmi.dk/v2/climateData/collections/stationValue/items?stationId=24097&parameterId=acc_precip&timeResolution=day&datetime=1991-01-01T00:00:00Z/2026-01-01T00:00:00Z&limit=300000,2331593,21a285e0e4838acae6cc792daf31a238952d634b990f373dfd700e8463a1fe8c
https://opendataapi.dmi.dk/v2/climateData/collections/stationValue/items?stationId=24105&parameterId=acc_precip&timeResolution=day&datetime=1991-01-01T00:00:00Z/2026-01-01T00:00:00Z&limit=300000,2233153,169bee818006c28c3896a2a12dafe8c80e8ea175174b382dcc795330ce22beb4
https://opendataapi.dmi.dk/v2/climateData/collections/stationValue/items?stationId=24108&parameterId=acc_precip&timeResolution=day&datetime=1991-01-01T00:00:00Z/2026-01-01T00:00:00Z&limit=300000,1574914,53742735ad46df539f010eb3b8c5b6bcf5d0afb0954a7bcc38153c5a78c01668
https://opendataapi.dmi.dk/v2/climateData/collections/stationValue/items?stationId=24110&parameterId=acc_precip&timeResolution=day&datetime=1991-01-01T00:00:00Z/2026-01-01T00:00:00Z&limit=300000,2115435,c96b978a655e01f34612c97ef8491440d3de86bbeac4b6f26fc39355eca398ec
https://opendataapi.dmi.dk/v2/climateData/collections/stationValue/items?stationId=24120&parameterId=acc_precip&timeResolution=day&datetime=1991-01-01T00:00:00Z/2026-01-01T00:00:00Z&limit=300000,379,990b2655831a8dc368f69cfdc540345241771b6c99dccd670dbd5156e2d55eef
https://opendataapi.dmi.dk/v2/climateData/collections/stationValue/items?stationId=24121&parameterId=acc_precip&timeResolution=day&datetime=1991-01-01T00:00:00Z/2026-01-01T00:00:00Z&limit=300000,1170842,1725ce00890b5da1f03e40f76d81a983da0f9a40d52311adcdb28818f94a092e
https://opendataapi.dmi.dk/v2/climateData/collections/stationValue/items?stationId=24127&parameterId=acc_precip&timeResolution=day&datetime=1991-01-01T00:00:00Z/2026-01-01T00:00:00Z&limit=300000,446530,a5691e799a56f0baec0730c7dc2aef7f2e6d402bd1d211a1b9002a29e05a7c35
https://opendataapi.dmi.dk/v2/climateData/collections/stationValue/items?stationId=24130&parameterId=acc_precip&timeResolution=day&datetime=1991-01-01T00:00:00Z/2026-01-01T00:00:00Z&limit=300000,2115380,1d49c218ff6e056dd558714cb7d43d268ebb6ace9fc806bfae1108ccb6d60012
https://opendataapi.dmi.dk/v2/climateData/collections/stationValue/items?stationId=24140&parameterId=acc_precip&timeResolution=day&datetime=1991-01-01T00:00:00Z/2026-01-01T00:00:00Z&limit=300000,1748788,87a277d006f37ca14c5b7b2c008bb97f688a7c48a48ff48c381af553dc9c0441
https://opendataapi.dmi.dk/v2/climateData/collections/stationValue/items?stationId=24142&parameterId=acc_precip&timeResolution=day&datetime=1991-01-01T00:00:00Z/2026-01-01T00:00:00Z&limit=300000,3147138,1e1b92ab33bfa78164b7ca6a327622fe35c90fb6050ae64eff21935296be0536
https://opendataapi.dmi.dk/v2/climateData/collections/stationValue/items?stationId=24148&parameterId=acc_precip&timeResolution=day&datetime=1991-01-01T00:00:00Z/2026-01-01T00:00:00Z&limit=300000,2115324,4b47c78ff199efd38ac2110758af8a639dc5aedbdd7aac3560e5ee32d620b1a1
https://opendataapi.dmi.dk/v2/climateData/collections/stationValue/items?stationId=24158&parameterId=acc_precip&timeResolution=day&datetime=1991-01-01T00:00:00Z/2026-01-01T00:00:00Z&limit=300000,433224,db3ede8ca1b41cb9a5827ae67c4e82ee17683e24f5328cc9d9bec77f36bd949c
https://opendataapi.dmi.dk/v2/climateData/collections/stationValue/items?stationId=24160&parameterId=acc_precip&timeResolution=day&datetime=1991-01-01T00:00:00Z/2026-01-01T00:00:00Z&limit=300000,1317841,fbf9974a3c46f6876e794ca451f21657f189940355b314e577faf093709bd37a
https://opendataapi.dmi.dk/v2/climateData/collections/stationValue/items?stationId=24170&parameterId=acc_precip&timeResolution=day&datetime=1991-01-01T00:00:00Z/2026-01-01T00:00:00Z&limit=300000,2399222,2a34d09f8e0a5ca8254deab730581a8fb45ab50fba622432078b31f51e5bad6d
https://opendataapi.dmi.dk/v2/climateData/collections/stationValue/items?stationId=24180&parameterId=acc_precip&timeResolution=day&datetime=1991-01-01T00:00:00Z/2026-01-01T00:00:00Z&limit=300000,1736157,55687eed4a5c39cd0137f0ffb22fd181a5a4850a1755a12d9941f84c506c42d3
https://opendataapi.dmi.dk/v2/climateData/collections/stationValue/items?stationId=24200&parameterId=acc_precip&timeResolution=day&datetime=1991-01-01T00:00:00Z/2026-01-01T00:00:00Z&limit=300000,2330711,472ee8e7a892cf08ad8f9c9adbe3a3145bb1e051da01fa0c8e1a64e2a74068c2
https://opendataapi.dmi.dk/v2/climateData/collections/stationValue/items?stationId=24210&parameterId=acc_precip&timeResolution=day&datetime=1991-01-01T00:00:00Z/2026-01-01T00:00:00Z&limit=300000,379,7e13e3656d94f579b19236e7c924bf2f7b45776072902c2c14d9ab2fbfca9230
https://opendataapi.dmi.dk/v2/climateData/collections/stationValue/items?stationId=24220&parameterId=acc_precip&timeResolution=day&datetime=1991-01-01T00:00:00Z/2026-01-01T00:00:00Z&limit=300000,1750789,d0bc4d85310b8ad49314fc76a259231ee723a8e5cbf93bd21158773c3b85a4a4
https://opendataapi.dmi.dk/v2/climateData/collections/stationValue/items?stationId=24240&parameterId=acc_precip&timeResolution=day&datetime=1991-01-01T00:00:00Z/2026-01-01T00:00:00Z&limit=300000,1555265,7283bf842003edf1e6f5374450a87c379237b57aabf5039cfe555ed64920711e
https://opendataapi.dmi.dk/v2/climateData/collections/stationValue/items?stationId=24250&parameterId=acc_precip&timeResolution=day&datetime=1991-01-01T00:00:00Z/2026-01-01T00:00:00Z&limit=300000,379,5ce3bceb730542fa1a6d3b05a5a454b5d6426f604611126ab4a019915ddf583a
https://opendataapi.dmi.dk/v2/climateData/collections/stationValue/items?stationId=24270&parameterId=acc_precip&timeResolution=day&datetime=1991-01-01T00:00:00Z/2026-01-01T00:00:00Z&limit=300000,2232414,bae51334c0c5fd20923eeba8802e944e4208cd39dbf21818849f6206e2e593da
https://opendataapi.dmi.dk/v2/climateData/collections/stationValue/items?stationId=24275&parameterId=acc_precip&timeResolution=day&datetime=1991-01-01T00:00:00Z/2026-01-01T00:00:00Z&limit=300000,379,66f4175cdec407d655fdcf54ce357e40bc259cb42857bed9a56d1166fc3ba53e
https://opendataapi.dmi.dk/v2/climateData/collections/stationValue/items?stationId=24280&parameterId=acc_precip&timeResolution=day&datetime=1991-01-01T00:00:00Z/2026-01-01T00:00:00Z&limit=300000,1749653,c64622ff33e608275f32fab6c68a7f4738041cc652804b7bf414e60b1b72d433
https://opendataapi.dmi.dk/v2/climateData/collections/stationValue/items?stationId=24290&parameterId=acc_precip&timeResolution=day&datetime=1991-01-01T00:00:00Z/2026-01-01T00:00:00Z&limit=300000,1750766,4d64343470fe7de6c844308362ddd2e628ada15a5636e67aab42d5987a65cd53
https://opendataapi.dmi.dk/v2/climateData/collections/stationValue/items?stationId=24291&parameterId=acc_precip&timeResolution=day&datetime=1991-01-01T00:00:00Z/2026-01-01T00:00:00Z&limit=300000,379,014ab7e1aee979684f5e08b5c191739a5b67205cba25e4e56dad2fc2af4d1ac8
https://opendataapi.dmi.dk/v2/climateData/collections/stationValue/items?stationId=24305&parameterId=acc_precip&timeResolution=day&datetime=1991-01-01T00:00:00Z/2026-01-01T00:00:00Z&limit=300000,2183149,5d2b3a5b89585d205b0ea38d473145014516a725a552a1cd9f2defd62dd77972
https://opendataapi.dmi.dk/v2/climateData/collections/stationValue/items?stationId=24310&parameterId=acc_precip&timeResolution=day&datetime=1991-01-01T00:00:00Z/2026-01-01T00:00:00Z&limit=300000,2115231,97c407764a5577bc7b8bcbee888515537597bd449965702caa62f8a92af4db96
https://opendataapi.dmi.dk/v2/climateData/collections/stationValue/items?stationId=24315&parameterId=acc_precip&timeResolution=day&datetime=1991-01-01T00:00:00Z/2026-01-01T00:00:00Z&limit=300000,1237019,03bbaf59c13362a9d53a5bdbc0634375940ebba5b03286e2890c7d93ebae5493
https://opendataapi.dmi.dk/v2/climateData/collections/stationValue/items?stationId=24320&parameterId=acc_precip&timeResolution=day&datetime=1991-01-01T00:00:00Z/2026-01-01T00:00:00Z&limit=300000,379,d7ce4a27329636df590924e3f4877bbc1eb209e8fb0ddcd544648dde533f16e5
https://opendataapi.dmi.dk/v2/climateData/collections/stationValue/items?stationId=24330&parameterId=acc_precip&timeResolution=day&datetime=1991-01-01T00:00:00Z/2026-01-01T00:00:00Z&limit=300000,1682820,0aeb55b5beda4914857502b0e5cff5e5884546088b5a572ddd4b371d1039821f
https://opendataapi.dmi.dk/v2/climateData/collections/stationValue/items?stationId=24340&parameterId=acc_precip&timeResolution=day&datetime=1991-01-01T00:00:00Z/2026-01-01T00:00:00Z&limit=300000,1323288,1acdd9251e7d0b97809bcbb060165c3ee8202438c4851cb426d8a231944407d3
https://opendataapi.dmi.dk/v2/climateData/collections/stationValue/items?stationId=24350&parameterId=acc_precip&timeResolution=day&datetime=1991-01-01T00:00:00Z/2026-01-01T00:00:00Z&limit=300000,293299,40c0c19d1037b0be508b8aa55dfc2cf1dfdf2effe023bcc6158fc07a69192b9f
https://opendataapi.dmi.dk/v2/climateData/collections/stationValue/items?stationId=24352&parameterId=acc_precip&timeResolution=day&datetime=1991-01-01T00:00:00Z/2026-01-01T00:00:00Z&limit=300000,1683280,9a92bbbd4af0f4bdfedd035e33d2449b968ccae1eac81c71fcb3f0c4b6d11ea0
https://opendataapi.dmi.dk/v2/climateData/collections/stationValue/items?stationId=24355&parameterId=acc_precip&timeResolution=day&datetime=1991-01-01T00:00:00Z/2026-01-01T00:00:00Z&limit=300000,2155332,82cd4733982b6c47265d07bd85f882d5069e541f1572b4f67d4f8bd811599819
https://opendataapi.dmi.dk/v2/climateData/collections/stationValue/items?stationId=24358&parameterId=acc_precip&timeResolution=day&datetime=1991-01-01T00:00:00Z/2026-01-01T00:00:00Z&limit=300000,2075399,72aef353c6a02bcff2a527a1d350b5a13e9a4010afb14076d1ca8bd1ee650aa3
https://opendataapi.dmi.dk/v2/climateData/collections/stationValue/items?stationId=24380&parameterId=acc_precip&timeResolution=day&datetime=1991-01-01T00:00:00Z/2026-01-01T00:00:00Z&limit=300000,2324787,f3b40b1687901545784499caffaea3097b7cc7ad491c228a7eb28f052baae428
https://opendataapi.dmi.dk/v2/climateData/collections/stationValue/items?stationId=24390&parameterId=acc_precip&timeResolution=day&datetime=1991-01-01T00:00:00Z/2026-01-01T00:00:00Z&limit=300000,379,8f914e030549bb1862ed7da93deb44877dc1839ff3417a5538a96446ae6ed519
https://opendataapi.dmi.dk/v2/climateData/collections/stationValue/items?stationId=24393&parameterId=acc_precip&timeResolution=day&datetime=1991-01-01T00:00:00Z/2026-01-01T00:00:00Z&limit=300000,2115384,fc69f64b80a1ba27ad176d114fa37a9830013a52b7a1487199262c20a1cdf6cc
https://opendataapi.dmi.dk/v2/climateData/collections/stationValue/items?stationId=24400&parameterId=acc_precip&timeResolution=day&datetime=1991-01-01T00:00:00Z/2026-01-01T00:00:00Z&limit=300000,1466607,1c2737dc52d7311dde9fdbe56a1f7a1a6fd7c5de6d4be2a8ca51ca5602f45cd5
https://opendataapi.dmi.dk/v2/climateData/collections/stationValue/items?stationId=24420&parameterId=acc_precip&timeResolution=day&datetime=1991-01-01T00:00:00Z/2026-01-01T00:00:00Z&limit=300000,379,21b9dbe366b812c17673711b47105d8d972c6726ed464c369891e96bf02a1727
https://opendataapi.dmi.dk/v2/climateData/collections/stationValue/items?stationId=24426&parameterId=acc_precip&timeResolution=day&datetime=1991-01-01T00:00:00Z/2026-01-01T00:00:00Z&limit=300000,1721904,08806f8833155068235658fd71437524ddec79d65f357621ad606d7de332de5f
https://opendataapi.dmi.dk/v2/climateData/collections/stationValue/items?stationId=24430&parameterId=acc_precip&timeResolution=day&datetime=1991-01-01T00:00:00Z/2026-01-01T00:00:00Z&limit=300000,2776883,25258ce42802888c41b48c800b7a8e967c69b8eb6af3e0c21dc8f6e7c82cd3a1
https://opendataapi.dmi.dk/v2/climateData/collections/stationValue/items?stationId=24450&parameterId=acc_precip&timeResolution=day&datetime=1991-01-01T00:00:00Z/2026-01-01T00:00:00Z&limit=300000,379,39f94680916df26bc6dd7ca96d0d9cb3b6f742a4b99625e7d4efecb9f9c0714b
https://opendataapi.dmi.dk/v2/climateData/collections/stationValue/items?stationId=24456&parameterId=acc_precip&timeResolution=day&datetime=1991-01-01T00:00:00Z/2026-01-01T00:00:00Z&limit=300000,277764,b0aec3dd270a19fc19dc31ec096450123e70d497d8643f9ed12f03e845b93295
https://opendataapi.dmi.dk/v2/climateData/collections/stationValue/items?stationId=24459&parameterId=acc_precip&timeResolution=day&datetime=1991-01-01T00:00:00Z/2026-01-01T00:00:00Z&limit=300000,1358652,f69ab252d042353f83738249f77a3921949d2238655981d18ae06731a8db2ca2
https://opendataapi.dmi.dk/v2/climateData/collections/stationValue/items?stationId=24470&parameterId=acc_precip&timeResolution=day&datetime=1991-01-01T00:00:00Z/2026-01-01T00:00:00Z&limit=300000,2115368,a505eec54b11ab744aa9826968904b961875ab022e3da14ee2f1f02d3c357aef
https://opendataapi.dmi.dk/v2/climateData/collections/stationValue/items?stationId=24485&parameterId=acc_precip&timeResolution=day&datetime=1991-01-01T00:00:00Z/2026-01-01T00:00:00Z&limit=300000,1493215,f988890ab292c3d894857e7e33fdc039ac772176306238b769fd1e450537cf7c
https://opendataapi.dmi.dk/v2/climateData/collections/stationValue/items?stationId=24490&parameterId=acc_precip&timeResolution=day&datetime=1991-01-01T00:00:00Z/2026-01-01T00:00:00Z&limit=300000,2922802,e49663629d43629c52e71e06357130d244cc3472a7d2e04ebe6fd7e3c3ab4743
https://opendataapi.dmi.dk/v2/climateData/collections/stationValue/items?stationId=24500&parameterId=acc_precip&timeResolution=day&datetime=1991-01-01T00:00:00Z/2026-01-01T00:00:00Z&limit=300000,1750806,3285d4769c8f1a02ef2b0d0d806d96ab74882410f2c817ffbebc89422cb355a6
https://opendataapi.dmi.dk/v2/climateData/collections/stationValue/items?stationId=24510&parameterId=acc_precip&timeResolution=day&datetime=1991-01-01T00:00:00Z/2026-01-01T00:00:00Z&limit=300000,1750787,d4d9ab002c82779bb5d641040b89a0fcf7d2e3a44a7a9bb8c736283f4e103f43
https://opendataapi.dmi.dk/v2/climateData/collections/stationValue/items?stationId=25030&parameterId=acc_precip&timeResolution=day&datetime=1991-01-01T00:00:00Z/2026-01-01T00:00:00Z&limit=300000,1750787,32c6b978b9e5fdc8f0786022e62418c4b97e139eb6b4348bda86d5f39d171ce1
https://opendataapi.dmi.dk/v2/climateData/collections/stationValue/items?stationId=25032&parameterId=acc_precip&timeResolution=day&datetime=1991-01-01T00:00:00Z/2026-01-01T00:00:00Z&limit=300000,379,6af28d889b09c3a379c80f39c1050497a9f34ed476a9baf47d13f798d3522d14
https://opendataapi.dmi.dk/v2/climateData/collections/stationValue/items?stationId=25034&parameterId=acc_precip&timeResolution=day&datetime=1991-01-01T00:00:00Z/2026-01-01T00:00:00Z&limit=300000,2115393,297e10c08f3e81ee0cfa98da660e54e53221e6f994a01c4273a2e4aca0fcd5bb
https://opendataapi.dmi.dk/v2/climateData/collections/stationValue/items?stationId=25039&parameterId=acc_precip&timeResolution=day&datetime=1991-01-01T00:00:00Z/2026-01-01T00:00:00Z&limit=300000,1750819,2d27f93d338d2ed287b4a75c9948dc456732efcf2ae17819d637a3ed2fad3c4b
https://opendataapi.dmi.dk/v2/climateData/collections/stationValue/items?stationId=25040&parameterId=acc_precip&timeResolution=day&datetime=1991-01-01T00:00:00Z/2026-01-01T00:00:00Z&limit=300000,379,5d49daf994753ae446a1e258298724b307e4ebcff7e536ddfd8375ed873ed745
https://opendataapi.dmi.dk/v2/climateData/collections/stationValue/items?stationId=25042&parameterId=acc_precip&timeResolution=day&datetime=1991-01-01T00:00:00Z/2026-01-01T00:00:00Z&limit=300000,379,d34c0dc15b631f04d175601d7e91339d60df721f5c442f5f0f0c4812ede54ebc
https://opendataapi.dmi.dk/v2/climateData/collections/stationValue/items?stationId=25043&parameterId=acc_precip&timeResolution=day&datetime=1991-01-01T00:00:00Z/2026-01-01T00:00:00Z&limit=300000,1261258,5a86d724370c85449480b08c62792b37fe33f0e70ee987866b5d024b07b3ed7b
https://opendataapi.dmi.dk/v2/climateData/collections/stationValue/items?stationId=25045&parameterId=acc_precip&timeResolution=day&datetime=1991-01-01T00:00:00Z/2026-01-01T00:00:00Z&limit=300000,2922821,6d2a0a1c41dc3b789d3c25a17d2a7795d41e01e5c4a5dd5af4867bafc689a3ec
https://opendataapi.dmi.dk/v2/climateData/collections/stationValue/items?stationId=25050&parameterId=acc_precip&timeResolution=day&datetime=1991-01-01T00:00:00Z/2026-01-01T00:00:00Z&limit=300000,379,f903c12f8926724eadd1ae5856d9ba01ff5a66790c8e3059ea3af8b905d77904
https://opendataapi.dmi.dk/v2/climateData/collections/stationValue/items?stationId=25055&parameterId=acc_precip&timeResolution=day&datetime=1991-01-01T00:00:00Z/2026-01-01T00:00:00Z&limit=300000,379,528d1544bec3c3eb99b2aa0b588b74ec854effb51735c4d1de01587047ffe511
https://opendataapi.dmi.dk/v2/climateData/collections/stationValue/items?stationId=25057&parameterId=acc_precip&timeResolution=day&datetime=1991-01-01T00:00:00Z/2026-01-01T00:00:00Z&limit=300000,379,29833e9e00a2dee6b98e4def10c70739451ac8f430f67ae98a642b05e4ecb18d
https://opendataapi.dmi.dk/v2/climateData/collections/stationValue/items?stationId=25060&parameterId=acc_precip&timeResolution=day&datetime=1991-01-01T00:00:00Z/2026-01-01T00:00:00Z&limit=300000,1181925,bcc6c9aed04361a3cb8ba56fa571a9833b16b4b96e0b60e035550517861f153f
https://opendataapi.dmi.dk/v2/climateData/collections/stationValue/items?stationId=25075&parameterId=acc_precip&timeResolution=day&datetime=1991-01-01T00:00:00Z/2026-01-01T00:00:00Z&limit=300000,2066263,c62f40e0024aae75d191829b06c21f058681219df033a70ea80a5a6108087d71
https://opendataapi.dmi.dk/v2/climateData/collections/stationValue/items?stationId=25080&parameterId=acc_precip&timeResolution=day&datetime=1991-01-01T00:00:00Z/2026-01-01T00:00:00Z&limit=300000,379,f7adff6bb0cb331f44dd19911cee4cfaa91b329431d71dd69a9ac5f1132aa573
https://opendataapi.dmi.dk/v2/climateData/collections/stationValue/items?stationId=25086&parameterId=acc_precip&timeResolution=day&datetime=1991-01-01T00:00:00Z/2026-01-01T00:00:00Z&limit=300000,379,e814e152b7a4b5e4524a7ab8fbf33d9c382de620cf910e44dc6b1cc716c06484
https://opendataapi.dmi.dk/v2/climateData/collections/stationValue/items?stationId=25089&parameterId=acc_precip&timeResolution=day&datetime=1991-01-01T00:00:00Z/2026-01-01T00:00:00Z&limit=300000,2237486,d7079a414ec26f1787e4d2f70331190a7abb7d62758c338c142073c3c9add74e
https://opendataapi.dmi.dk/v2/climateData/collections/stationValue/items?stationId=25090&parameterId=acc_precip&timeResolution=day&datetime=1991-01-01T00:00:00Z/2026-01-01T00:00:00Z&limit=300000,2112526,994a51b7a7650a4009e3e5ef3d873adbd826ed76c590afcfb90bb35884af0196
https://opendataapi.dmi.dk/v2/climateData/collections/stationValue/items?stationId=25110&parameterId=acc_precip&timeResolution=day&datetime=1991-01-01T00:00:00Z/2026-01-01T00:00:00Z&limit=300000,1303566,14e473db3cfabcabef38f450c5c0852eb69f4f0736907434534d5c738a431c98
https://opendataapi.dmi.dk/v2/climateData/collections/stationValue/items?stationId=25120&parameterId=acc_precip&timeResolution=day&datetime=1991-01-01T00:00:00Z/2026-01-01T00:00:00Z&limit=300000,379,a2b006a782ee39be931c3401a7b5f014fe2d750ded29b1d0511ffcd392a7687a
https://opendataapi.dmi.dk/v2/climateData/collections/stationValue/items?stationId=25132&parameterId=acc_precip&timeResolution=day&datetime=1991-01-01T00:00:00Z/2026-01-01T00:00:00Z&limit=300000,460276,c14452d50b17c5bbfa9334a1bcf89c9e4d3f3a72d29fefb55e46daeb254ca3f1
https://opendataapi.dmi.dk/v2/climateData/collections/stationValue/items?stationId=25135&parameterId=acc_precip&timeResolution=day&datetime=1991-01-01T00:00:00Z/2026-01-01T00:00:00Z&limit=300000,642525,a5182623a4c48a01e0a27690eaa68e1dbc0e60f16d5b40487f34323502ca944f
https://opendataapi.dmi.dk/v2/climateData/collections/stationValue/items?stationId=25138&parameterId=acc_precip&timeResolution=day&datetime=1991-01-01T00:00:00Z/2026-01-01T00:00:00Z&limit=300000,1640050,aab9ee22d44d08754ff90f4a6fcbaa46376631f0a0d7533b358dc539155afd2d
https://opendataapi.dmi.dk/v2/climateData/collections/stationValue/items?stationId=25140&parameterId=acc_precip&timeResolution=day&datetime=1991-01-01T00:00:00Z/2026-01-01T00:00:00Z&limit=300000,2073715,ab57f9305d278811dd5121882d2fde0dc57067613d1c44b72bd90fda2bf73d20
https://opendataapi.dmi.dk/v2/climateData/collections/stationValue/items?stationId=25145&parameterId=acc_precip&timeResolution=day&datetime=1991-01-01T00:00:00Z/2026-01-01T00:00:00Z&limit=300000,2115316,28186e61a4f53decdbf36bb256da00038c50616200b2d69d7aebe5c2ea178021
https://opendataapi.dmi.dk/v2/climateData/collections/stationValue/items?stationId=25172&parameterId=acc_precip&timeResolution=day&datetime=1991-01-01T00:00:00Z/2026-01-01T00:00:00Z&limit=300000,1746784,64f4af42fa0ba78e3b0711c2cf653b1c0f730883d7f39ff2c7d072742bb5fd1e
https://opendataapi.dmi.dk/v2/climateData/collections/stationValue/items?stationId=25180&parameterId=acc_precip&timeResolution=day&datetime=1991-01-01T00:00:00Z/2026-01-01T00:00:00Z&limit=300000,1910376,d136034acff710d25b445858bfc3451ddbdba2d77203da067f3523556fb6b3bd
https://opendataapi.dmi.dk/v2/climateData/collections/stationValue/items?stationId=25185&parameterId=acc_precip&timeResolution=day&datetime=1991-01-01T00:00:00Z/2026-01-01T00:00:00Z&limit=300000,1750779,8049a8963fbba1fa4513c931c1eb139b61384701b034bfb50b6a569973cc47a2
https://opendataapi.dmi.dk/v2/climateData/collections/stationValue/items?stationId=25190&parameterId=acc_precip&timeResolution=day&datetime=1991-01-01T00:00:00Z/2026-01-01T00:00:00Z&limit=300000,379,9239f14e036924af1b6b6ee5f84a9b90c07bfe78f0ef882adf99f3ec3b2f3b9e
https://opendataapi.dmi.dk/v2/climateData/collections/stationValue/items?stationId=25193&parameterId=acc_precip&timeResolution=day&datetime=1991-01-01T00:00:00Z/2026-01-01T00:00:00Z&limit=300000,2169536,c7a45657a432793f9a41879b537f4dddcfad71072d8a49172670d34ac6b3393d
https://opendataapi.dmi.dk/v2/climateData/collections/stationValue/items?stationId=25195&parameterId=acc_precip&timeResolution=day&datetime=1991-01-01T00:00:00Z/2026-01-01T00:00:00Z&limit=300000,1750796,43a9b7d48dcaf9f942a4e9dfafcdcba48bd3083f592b921639fe96445db669b5
https://opendataapi.dmi.dk/v2/climateData/collections/stationValue/items?stationId=25200&parameterId=acc_precip&timeResolution=day&datetime=1991-01-01T00:00:00Z/2026-01-01T00:00:00Z&limit=300000,1674409,7cc09d7cf1119cd7e4b51e3de6de25b8034e2076a8673316dd25dbb228037ba6
https://opendataapi.dmi.dk/v2/climateData/collections/stationValue/items?stationId=25201&parameterId=acc_precip&timeResolution=day&datetime=1991-01-01T00:00:00Z/2026-01-01T00:00:00Z&limit=300000,541128,3c090102dde0d46fba4fae81e00ba891750d227c9b01a83fbeb1fcecdb12d176
https://opendataapi.dmi.dk/v2/climateData/collections/stationValue/items?stationId=25205&parameterId=acc_precip&timeResolution=day&datetime=1991-01-01T00:00:00Z/2026-01-01T00:00:00Z&limit=300000,379,000423b164586e7beb3b5962e804ea72286920caf24c896321578d9991e2462f
https://opendataapi.dmi.dk/v2/climateData/collections/stationValue/items?stationId=25220&parameterId=acc_precip&timeResolution=day&datetime=1991-01-01T00:00:00Z/2026-01-01T00:00:00Z&limit=300000,2115415,ac59da8ae0efd29c8b6020c965e9c51be3744c6ace3cd0899e158f56ee5fad0c
https://opendataapi.dmi.dk/v2/climateData/collections/stationValue/items?stationId=25230&parameterId=acc_precip&timeResolution=day&datetime=1991-01-01T00:00:00Z/2026-01-01T00:00:00Z&limit=300000,1074911,3c74760777782033e787f400345365d045bf3d709da163bb7b797a4b1da5ec62
https://opendataapi.dmi.dk/v2/climateData/collections/stationValue/items?stationId=25235&parameterId=acc_precip&timeResolution=day&datetime=1991-01-01T00:00:00Z/2026-01-01T00:00:00Z&limit=300000,1321474,751324726fc2c9d6cba1b8f8b1b304bd914da853c818caa1172ee6e3975e723a
https://opendataapi.dmi.dk/v2/climateData/collections/stationValue/items?stationId=25245&parameterId=acc_precip&timeResolution=day&datetime=1991-01-01T00:00:00Z/2026-01-01T00:00:00Z&limit=300000,1456962,f081351cbc2d6268933a14e0490d7a757633f614dc4c2ba164b676d41c4f9311
https://opendataapi.dmi.dk/v2/climateData/collections/stationValue/items?stationId=25250&parameterId=acc_precip&timeResolution=day&datetime=1991-01-01T00:00:00Z/2026-01-01T00:00:00Z&limit=300000,225677,f0408dbb027975f1ff4c6af957a18a5839a2812d1d48b86ea8e0d370a976fdfa
https://opendataapi.dmi.dk/v2/climateData/collections/stationValue/items?stationId=25260&parameterId=acc_precip&timeResolution=day&datetime=1991-01-01T00:00:00Z/2026-01-01T00:00:00Z&limit=300000,1750797,409336681a08d24697b67041efa379c40e8a7ea17a3f85d6f5c99516aefc4b87
https://opendataapi.dmi.dk/v2/climateData/collections/stationValue/items?stationId=25265&parameterId=acc_precip&timeResolution=day&datetime=1991-01-01T00:00:00Z/2026-01-01T00:00:00Z&limit=300000,379,1bf0f395e86fe8a49ec298485ddbbc73614d9f42671beb51bb781385a9b6b1fd
https://opendataapi.dmi.dk/v2/climateData/collections/stationValue/items?stationId=25270&parameterId=acc_precip&timeResolution=day&datetime=1991-01-01T00:00:00Z/2026-01-01T00:00:00Z&limit=300000,2337259,8df843b38a140947d623d182614de03e92bf4e34cc01423ad2ba5c8456a318b5
https://opendataapi.dmi.dk/v2/climateData/collections/stationValue/items?stationId=25275&parameterId=acc_precip&timeResolution=day&datetime=1991-01-01T00:00:00Z/2026-01-01T00:00:00Z&limit=300000,1750825,4706b4ebaf81933bd99559fb637ce1114eab98c217bab99c122cded764e2cdbd
https://opendataapi.dmi.dk/v2/climateData/collections/stationValue/items?stationId=25282&parameterId=acc_precip&timeResolution=day&datetime=1991-01-01T00:00:00Z/2026-01-01T00:00:00Z&limit=300000,1013612,58673242cda5f46c7b79009ebb3c5bafd5c4d1161977e0e9c54eec25ad0a980e
https://opendataapi.dmi.dk/v2/climateData/collections/stationValue/items?stationId=25300&parameterId=acc_precip&timeResolution=day&datetime=1991-01-01T00:00:00Z/2026-01-01T00:00:00Z&limit=300000,1088264,c26927bf32a75532961ad1ad425f166fb0fddbb57594ad3eb894138d3d421b43
https://opendataapi.dmi.dk/v2/climateData/collections/stationValue/items?stationId=25317&parameterId=acc_precip&timeResolution=day&datetime=1991-01-01T00:00:00Z/2026-01-01T00:00:00Z&limit=300000,379,b7ff61201a8b6f1f275f468e568e7a1b64001d67e3fb5301d8413f6d310bae50
https://opendataapi.dmi.dk/v2/climateData/collections/stationValue/items?stationId=25319&parameterId=acc_precip&timeResolution=day&datetime=1991-01-01T00:00:00Z/2026-01-01T00:00:00Z&limit=300000,1689962,cbac2ead286126906a404f2b35ab1f84b25ec9c30b22bf48c513c88d469298ed
https://opendataapi.dmi.dk/v2/climateData/collections/stationValue/items?stationId=25325&parameterId=acc_precip&timeResolution=day&datetime=1991-01-01T00:00:00Z/2026-01-01T00:00:00Z&limit=300000,2004704,7b9b2f03e804fb8f3065110d281e44a87c5c2fdd433badabf9683ae3148bd4d9
https://opendataapi.dmi.dk/v2/climateData/collections/stationValue/items?stationId=25330&parameterId=acc_precip&timeResolution=day&datetime=1991-01-01T00:00:00Z/2026-01-01T00:00:00Z&limit=300000,379,2d9b04aa64f377ea85bc11a1b19e461d37f8eb22bad0c2d67de355bab7599ee6
https://opendataapi.dmi.dk/v2/climateData/collections/stationValue/items?stationId=25335&parameterId=acc_precip&timeResolution=day&datetime=1991-01-01T00:00:00Z/2026-01-01T00:00:00Z&limit=300000,1681923,de857769780a03d88f955b5986936a77b4802f52d1d460447a63f677af2f5426
https://opendataapi.dmi.dk/v2/climateData/collections/stationValue/items?stationId=25339&parameterId=acc_precip&timeResolution=day&datetime=1991-01-01T00:00:00Z/2026-01-01T00:00:00Z&limit=300000,2922809,51f7492eeb2196ef625a66c24eff0aa96e04112ac52241349356a1e2ccd4112d
https://opendataapi.dmi.dk/v2/climateData/collections/stationValue/items?stationId=25350&parameterId=acc_precip&timeResolution=day&datetime=1991-01-01T00:00:00Z/2026-01-01T00:00:00Z&limit=300000,1856690,78e0eec3bae2484f80480a71fefb2ae0e0480b17510f28af6ae7b4543848c4ed
https://opendataapi.dmi.dk/v2/climateData/collections/stationValue/items?stationId=25355&parameterId=acc_precip&timeResolution=day&datetime=1991-01-01T00:00:00Z/2026-01-01T00:00:00Z&limit=300000,379,30a1eb3b2f57b38095d717d02aa15bccb05ecf52c5ef6746f7f07d9c992eece0
https://opendataapi.dmi.dk/v2/climateData/collections/stationValue/items?stationId=25360&parameterId=acc_precip&timeResolution=day&datetime=1991-01-01T00:00:00Z/2026-01-01T00:00:00Z&limit=300000,2235096,1a94a2e5af18cbfbf320f7bca733e7dbc8afa776600bb1b737472b32737a4bf7
https://opendataapi.dmi.dk/v2/climateData/collections/stationValue/items?stationId=26010&parameterId=acc_precip&timeResolution=day&datetime=1991-01-01T00:00:00Z/2026-01-01T00:00:00Z&limit=300000,1575195,830eb1af3fdb4481b1af16ca083c5c036b61333eb6b5b44180af1301d758e2e9
https://opendataapi.dmi.dk/v2/climateData/collections/stationValue/items?stationId=26014&parameterId=acc_precip&timeResolution=day&datetime=1991-01-01T00:00:00Z/2026-01-01T00:00:00Z&limit=300000,2331683,e54c5b097225a6e87965460fd88223fd24c34f01a2d4300cb206a4304c162501
https://opendataapi.dmi.dk/v2/climateData/collections/stationValue/items?stationId=26015&parameterId=acc_precip&timeResolution=day&datetime=1991-01-01T00:00:00Z/2026-01-01T00:00:00Z&limit=300000,379,accf4bb9022519c9c0892e8085f15c80da4d2f67f8a0760674eaf2c9648846fe
https://opendataapi.dmi.dk/v2/climateData/collections/stationValue/items?stationId=26020&parameterId=acc_precip&timeResolution=day&datetime=1991-01-01T00:00:00Z/2026-01-01T00:00:00Z&limit=300000,1750849,2c775850e176d44154930b4d7e2a367321fe6113499ae3675644eff90602f659
https://opendataapi.dmi.dk/v2/climateData/collections/stationValue/items?stationId=26030&parameterId=acc_precip&timeResolution=day&datetime=1991-01-01T00:00:00Z/2026-01-01T00:00:00Z&limit=300000,25092,6cff63bcb19c329ba4b40a6416be3e259f5dc7b7008978bf9b210801d2c48bdf
https://opendataapi.dmi.dk/v2/climateData/collections/stationValue/items?stationId=26040&parameterId=acc_precip&timeResolution=day&datetime=1991-01-01T00:00:00Z/2026-01-01T00:00:00Z&limit=300000,1169068,436f9c9978f0f378750120f3c9f72e4d4778f575c2ca665aec83f52fd0e897c4
https://opendataapi.dmi.dk/v2/climateData/collections/stationValue/items?stationId=26050&parameterId=acc_precip&timeResolution=day&datetime=1991-01-01T00:00:00Z/2026-01-01T00:00:00Z&limit=300000,2115393,9ec33708eb878f863a1d6aa001293f5bb36cb659d4eb36fae402cd082d658a4e
https://opendataapi.dmi.dk/v2/climateData/collections/stationValue/items?stationId=26060&parameterId=acc_precip&timeResolution=day&datetime=1991-01-01T00:00:00Z/2026-01-01T00:00:00Z&limit=300000,1750785,8d3c5eb2d1c68535dcd26e03c1efb1cbed97c089ec137c0e6b3275ff7bc0169a
https://opendataapi.dmi.dk/v2/climateData/collections/stationValue/items?stationId=26065&parameterId=acc_precip&timeResolution=day&datetime=1991-01-01T00:00:00Z/2026-01-01T00:00:00Z&limit=300000,211976,19e44e68f854eb919442a7c2b5e29662ab3dba9af7e9411930e78567ce2cda6a
https://opendataapi.dmi.dk/v2/climateData/collections/stationValue/items?stationId=26070&parameterId=acc_precip&timeResolution=day&datetime=1991-01-01T00:00:00Z/2026-01-01T00:00:00Z&limit=300000,2237464,05fe2d0c713763a5dceef1c2b2fa5cc2d5fa1d68e86ee535a2aef51d48009536
https://opendataapi.dmi.dk/v2/climateData/collections/stationValue/items?stationId=26075&parameterId=acc_precip&timeResolution=day&datetime=1991-01-01T00:00:00Z/2026-01-01T00:00:00Z&limit=300000,1182338,c7f8f2dc6b8f4e9a7fc950f9fafb74ccc0d4b338921d4ae377c73e12a5d0f14d
https://opendataapi.dmi.dk/v2/climateData/collections/stationValue/items?stationId=26080&parameterId=acc_precip&timeResolution=day&datetime=1991-01-01T00:00:00Z/2026-01-01T00:00:00Z&limit=300000,2399053,877221907e9444e2ca585682d6aa71d559d669b89105d5fc0519f3a79dd96947
https://opendataapi.dmi.dk/v2/climateData/collections/stationValue/items?stationId=26090&parameterId=acc_precip&timeResolution=day&datetime=1991-01-01T00:00:00Z/2026-01-01T00:00:00Z&limit=300000,2113960,33657de6f8439157a54cf7e10ab1e98990e0d6cc16187e20f901226a6eb1c1a4
https://opendataapi.dmi.dk/v2/climateData/collections/stationValue/items?stationId=26097&parameterId=acc_precip&timeResolution=day&datetime=1991-01-01T00:00:00Z/2026-01-01T00:00:00Z&limit=300000,212478,c30cc3816d0904a18ec64dc44b5ebe13ae07b0768899241daa1a4a960feaf01b
https://opendataapi.dmi.dk/v2/climateData/collections/stationValue/items?stationId=26102&parameterId=acc_precip&timeResolution=day&datetime=1991-01-01T00:00:00Z/2026-01-01T00:00:00Z&limit=300000,379,2dcf5a211cb6859835321d5dd0b72366b1e2d9d08844d4c0f195d3575b27a42c
https://opendataapi.dmi.dk/v2/climateData/collections/stationValue/items?stationId=26103&parameterId=acc_precip&timeResolution=day&datetime=1991-01-01T00:00:00Z/2026-01-01T00:00:00Z&limit=300000,379,f76046340cbbe89046e25a4dc6f6525d455032c63e2cc1d684225d75e637802d
https://opendataapi.dmi.dk/v2/climateData/collections/stationValue/items?stationId=26120&parameterId=acc_precip&timeResolution=day&datetime=1991-01-01T00:00:00Z/2026-01-01T00:00:00Z&limit=300000,2115356,de31669a48bf5727c0f012db043a337e9a92bdeba30488060ed162b321cb41a6
https://opendataapi.dmi.dk/v2/climateData/collections/stationValue/items?stationId=26130&parameterId=acc_precip&timeResolution=day&datetime=1991-01-01T00:00:00Z/2026-01-01T00:00:00Z&limit=300000,2237414,d6ee910f02cfbbeae014a8931c2ada9785911b222d3692406d0a58247654ce18
https://opendataapi.dmi.dk/v2/climateData/collections/stationValue/items?stationId=26135&parameterId=acc_precip&timeResolution=day&datetime=1991-01-01T00:00:00Z/2026-01-01T00:00:00Z&limit=300000,1746800,11e262b00ebc2ca6eca642d182032a296aa1533711dfec6d9e427de113add017
https://opendataapi.dmi.dk/v2/climateData/collections/stationValue/items?stationId=26140&parameterId=acc_precip&timeResolution=day&datetime=1991-01-01T00:00:00Z/2026-01-01T00:00:00Z&limit=300000,1748295,7d3ac09b0cc508c77fc525512d58370e032fe056556d236c319ae720ab8a4f0e
https://opendataapi.dmi.dk/v2/climateData/collections/stationValue/items?stationId=26150&parameterId=acc_precip&timeResolution=day&datetime=1991-01-01T00:00:00Z/2026-01-01T00:00:00Z&limit=300000,2115331,2ea1753c0a8d0d17ee7dffad374c80891079a9a13e19b27087af0c61ca7a2acc
https://opendataapi.dmi.dk/v2/climateData/collections/stationValue/items?stationId=26154&parameterId=acc_precip&timeResolution=day&datetime=1991-01-01T00:00:00Z/2026-01-01T00:00:00Z&limit=300000,379,ec283217ccb736ae8596561dc485a5b4beafd4e52f1238bdd7307f65525f31e5
https://opendataapi.dmi.dk/v2/climateData/collections/stationValue/items?stationId=26155&parameterId=acc_precip&timeResolution=day&datetime=1991-01-01T00:00:00Z/2026-01-01T00:00:00Z&limit=300000,379,d4272bde8d8cf108b369a0dc39a13e2f1b3e8897056b74cd033f19dbeb925d74
https://opendataapi.dmi.dk/v2/climateData/collections/stationValue/items?stationId=26170&parameterId=acc_precip&timeResolution=day&datetime=1991-01-01T00:00:00Z/2026-01-01T00:00:00Z&limit=300000,1750781,5b950570f7d18b49172185a6ed48cd5c61e82f73f007ada16ccbcf797f5b58f7
https://opendataapi.dmi.dk/v2/climateData/collections/stationValue/items?stationId=26172&parameterId=acc_precip&timeResolution=day&datetime=1991-01-01T00:00:00Z/2026-01-01T00:00:00Z&limit=300000,379,1f8962d08c5c121478c0bd17a5d224a50e572ecc2003ab5660af98079a6b7ca7
https://opendataapi.dmi.dk/v2/climateData/collections/stationValue/items?stationId=26180&parameterId=acc_precip&timeResolution=day&datetime=1991-01-01T00:00:00Z/2026-01-01T00:00:00Z&limit=300000,379,b2f1179e927029e6610a05c5f08160e980e14e5aa6f4f2fc003eebd42ec0026d
https://opendataapi.dmi.dk/v2/climateData/collections/stationValue/items?stationId=26185&parameterId=acc_precip&timeResolution=day&datetime=1991-01-01T00:00:00Z/2026-01-01T00:00:00Z&limit=300000,379,8cb8ec4dcd6197be8fb0fa536d654306bbbc7e344647aa0c6fdbcc9b4b2e17f9
https://opendataapi.dmi.dk/v2/climateData/collections/stationValue/items?stationId=26190&parameterId=acc_precip&timeResolution=day&datetime=1991-01-01T00:00:00Z/2026-01-01T00:00:00Z&limit=300000,1750817,e81dd235a7f226990466a51955a3cc187a740ed91eb8f5902ec981def6d8a852
https://opendataapi.dmi.dk/v2/climateData/collections/stationValue/items?stationId=26200&parameterId=acc_precip&timeResolution=day&datetime=1991-01-01T00:00:00Z/2026-01-01T00:00:00Z&limit=300000,379,1c6d64c8f2d240bd4ac579dcc5b166ecd8e5677501e54e02482c78dde1d7b086
https://opendataapi.dmi.dk/v2/climateData/collections/stationValue/items?stationId=26206&parameterId=acc_precip&timeResolution=day&datetime=1991-01-01T00:00:00Z/2026-01-01T00:00:00Z&limit=300000,1750756,536c77f1c688ea016500a5bf6901e9f20a6f504b7276d11a74fe7481c11dbf07
https://opendataapi.dmi.dk/v2/climateData/collections/stationValue/items?stationId=26210&parameterId=acc_precip&timeResolution=day&datetime=1991-01-01T00:00:00Z/2026-01-01T00:00:00Z&limit=300000,3002232,fb63efd2a95df4fc67a91ec982277d49745a6da2379006a0e5149dcde213f589
https://opendataapi.dmi.dk/v2/climateData/collections/stationValue/items?stationId=26213&parameterId=acc_precip&timeResolution=day&datetime=1991-01-01T00:00:00Z/2026-01-01T00:00:00Z&limit=300000,379,a1b9db49b1422f41ed3fcdb18bfefb3ff9469946730fa55bd373b65ae5cc285e
https://opendataapi.dmi.dk/v2/climateData/collections/stationValue/items?stationId=26214&parameterId=acc_precip&timeResolution=day&datetime=1991-01-01T00:00:00Z/2026-01-01T00:00:00Z&limit=300000,379,ef3cb77ca3a936483cd888122d4c066b4fbbb564041e17bbab42d01631d6e14b
https://opendataapi.dmi.dk/v2/climateData/collections/stationValue/items?stationId=26230&parameterId=acc_precip&timeResolution=day&datetime=1991-01-01T00:00:00Z/2026-01-01T00:00:00Z&limit=300000,2237459,6e954e86b90c9e4bcab232bdfc72d14a02df127e4ed4fd29489d150c0ff36428
https://opendataapi.dmi.dk/v2/climateData/collections/stationValue/items?stationId=26240&parameterId=acc_precip&timeResolution=day&datetime=1991-01-01T00:00:00Z/2026-01-01T00:00:00Z&limit=300000,1858714,8a69ae1e0288c607d92f14ef67bff6a303989292f9ebce667fd86d723715ce44
https://opendataapi.dmi.dk/v2/climateData/collections/stationValue/items?stationId=26242&parameterId=acc_precip&timeResolution=day&datetime=1991-01-01T00:00:00Z/2026-01-01T00:00:00Z&limit=300000,379,cb47ebb148eb6ca4ee1f8ad897d4ee6a941423ed4efe1afd144a9b55db7bf669
https://opendataapi.dmi.dk/v2/climateData/collections/stationValue/items?stationId=26244&parameterId=acc_precip&timeResolution=day&datetime=1991-01-01T00:00:00Z/2026-01-01T00:00:00Z&limit=300000,1750790,be5c04072a9b2b1cddc0bc8148e0ccf776a191dbdd2ecde28756c8dbe89d9906
https://opendataapi.dmi.dk/v2/climateData/collections/stationValue/items?stationId=26250&parameterId=acc_precip&timeResolution=day&datetime=1991-01-01T00:00:00Z/2026-01-01T00:00:00Z&limit=300000,379,932c81522d9be0b82ca63f019b2bd220e79f73dbcf8620d7c0cd00ce231882ec
https://opendataapi.dmi.dk/v2/climateData/collections/stationValue/items?stationId=26260&parameterId=acc_precip&timeResolution=day&datetime=1991-01-01T00:00:00Z/2026-01-01T00:00:00Z&limit=300000,1750755,f82dd6bb2156cf786a73dd07b205ea6c06e584dd5f205bdcb8aeb10f5c92248f
https://opendataapi.dmi.dk/v2/climateData/collections/stationValue/items?stationId=26270&parameterId=acc_precip&timeResolution=day&datetime=1991-01-01T00:00:00Z/2026-01-01T00:00:00Z&limit=300000,379,902a6e881b010ae225a5b47b5dec6f6d928839b84671cff37c6747629679ed29
https://opendataapi.dmi.dk/v2/climateData/collections/stationValue/items?stationId=26280&parameterId=acc_precip&timeResolution=day&datetime=1991-01-01T00:00:00Z/2026-01-01T00:00:00Z&limit=300000,379,8bc272eb84ac620439c1f181b12ab93da81160176fc527bd7f88bf4ec9dc205a
https://opendataapi.dmi.dk/v2/climateData/collections/stationValue/items?stationId=26287&parameterId=acc_precip&timeResolution=day&datetime=1991-01-01T00:00:00Z/2026-01-01T00:00:00Z&limit=300000,1735780,4b4763c754b37c2a3493a990b7f19f641c43602c06c2fc71af6b1c7a314e5507
https://opendataapi.dmi.dk/v2/climateData/collections/stationValue/items?stationId=26290&parameterId=acc_precip&timeResolution=day&datetime=1991-01-01T00:00:00Z/2026-01-01T00:00:00Z&limit=300000,1696154,8b99fad5beffe9a19f141e26b4004ea61613f6cc377cb1c9dc4a9b5ef345a481
https://opendataapi.dmi.dk/v2/climateData/collections/stationValue/items?stationId=26293&parameterId=acc_precip&timeResolution=day&datetime=1991-01-01T00:00:00Z/2026-01-01T00:00:00Z&limit=300000,379,5d8f9642415f85610e796eb7b2624b7b401dd1f22094fa85e0b5f80524f5d0d0
https://opendataapi.dmi.dk/v2/climateData/collections/stationValue/items?stationId=26310&parameterId=acc_precip&timeResolution=day&datetime=1991-01-01T00:00:00Z/2026-01-01T00:00:00Z&limit=300000,379,642ee5ac9abb79ac7592b89b168597f7be8b7a86158c29ab0e69fa9563555fe8
https://opendataapi.dmi.dk/v2/climateData/collections/stationValue/items?stationId=26321&parameterId=acc_precip&timeResolution=day&datetime=1991-01-01T00:00:00Z/2026-01-01T00:00:00Z&limit=300000,1750781,ad5fae35741e093ed14918330872133dde65e86e519fed76a8d8a9cc486130dd
https://opendataapi.dmi.dk/v2/climateData/collections/stationValue/items?stationId=26335&parameterId=acc_precip&timeResolution=day&datetime=1991-01-01T00:00:00Z/2026-01-01T00:00:00Z&limit=300000,1750736,6b3af52e354b6e5c4741ced469478023b7bc35a99b04abae916824863900f550
https://opendataapi.dmi.dk/v2/climateData/collections/stationValue/items?stationId=26340&parameterId=acc_precip&timeResolution=day&datetime=1991-01-01T00:00:00Z/2026-01-01T00:00:00Z&limit=300000,3064826,8a2a42bb642c94506c4c8fa7e2044e180825dc675437da2a7a99d33ddbb2fb7e
https://opendataapi.dmi.dk/v2/climateData/collections/stationValue/items?stationId=26350&parameterId=acc_precip&timeResolution=day&datetime=1991-01-01T00:00:00Z/2026-01-01T00:00:00Z&limit=300000,1750722,02b21dd4eca5b6f6d92282d84e237e0072f36e9af8083d3a14ed9d0a64d55b76
https://opendataapi.dmi.dk/v2/climateData/collections/stationValue/items?stationId=26358&parameterId=acc_precip&timeResolution=day&datetime=1991-01-01T00:00:00Z/2026-01-01T00:00:00Z&limit=300000,2922648,12e265522da0802d5872223c7c7e77c9d49affb3195c3ed33bd86186e0216b0c
https://opendataapi.dmi.dk/v2/climateData/collections/stationValue/items?stationId=26373&parameterId=acc_precip&timeResolution=day&datetime=1991-01-01T00:00:00Z/2026-01-01T00:00:00Z&limit=300000,824385,16d71b540dc3a630cc54ada21a3fd40fd20cde6555dc41f7b4dbf1255ec74dfb
https://opendataapi.dmi.dk/v2/climateData/collections/stationValue/items?stationId=26375&parameterId=acc_precip&timeResolution=day&datetime=1991-01-01T00:00:00Z/2026-01-01T00:00:00Z&limit=300000,926108,62fcf689550de285d36c6c4133ed983daa4064c99ceb30a4f68f4f08f86a98eb
https://opendataapi.dmi.dk/v2/climateData/collections/stationValue/items?stationId=26380&parameterId=acc_precip&timeResolution=day&datetime=1991-01-01T00:00:00Z/2026-01-01T00:00:00Z&limit=300000,1843508,4d72eddb42667c5f440c396800d63b963884f40e5a40cb22c789f6cc18f1b2f3
https://opendataapi.dmi.dk/v2/climateData/collections/stationValue/items?stationId=26383&parameterId=acc_precip&timeResolution=day&datetime=1991-01-01T00:00:00Z/2026-01-01T00:00:00Z&limit=300000,244013,3c34000329cf4c02f273b4975dd67a2818420532c1faa8c2a8c173f4fc931219
https://opendataapi.dmi.dk/v2/climateData/collections/stationValue/items?stationId=26390&parameterId=acc_precip&timeResolution=day&datetime=1991-01-01T00:00:00Z/2026-01-01T00:00:00Z&limit=300000,379,6ff828c6337db77291f6e12a8085aaf3e0a41bb733aaed0d4549e775b6d249a4
https://opendataapi.dmi.dk/v2/climateData/collections/stationValue/items?stationId=26400&parameterId=acc_precip&timeResolution=day&datetime=1991-01-01T00:00:00Z/2026-01-01T00:00:00Z&limit=300000,2399120,92b55374cd92022bda51cf00774db9eaa90b9bedd722323005f8e5ac7b7c1de7
https://opendataapi.dmi.dk/v2/climateData/collections/stationValue/items?stationId=26402&parameterId=acc_precip&timeResolution=day&datetime=1991-01-01T00:00:00Z/2026-01-01T00:00:00Z&limit=300000,216047,d8a47c2d7faf93e492da2ac12959923bd8ee793cc2208835fe6f97b31f56f8e0
https://opendataapi.dmi.dk/v2/climateData/collections/stationValue/items?stationId=26407&parameterId=acc_precip&timeResolution=day&datetime=1991-01-01T00:00:00Z/2026-01-01T00:00:00Z&limit=300000,2399136,4ac3b21aa5901a993d71a6ff7b2de12a7ddc7dd5ea029420fe522871bca2083c
https://opendataapi.dmi.dk/v2/climateData/collections/stationValue/items?stationId=26409&parameterId=acc_precip&timeResolution=day&datetime=1991-01-01T00:00:00Z/2026-01-01T00:00:00Z&limit=300000,1750768,2e34a9955259f649b6bd4d47d2c1d13e7d3f464b4a6ada024fe6a50802bc1203
https://opendataapi.dmi.dk/v2/climateData/collections/stationValue/items?stationId=26410&parameterId=acc_precip&timeResolution=day&datetime=1991-01-01T00:00:00Z/2026-01-01T00:00:00Z&limit=300000,379,d95d033e3d729b07e377f8211e02348d77b05cec3e713b44c7a0619114488d49
https://opendataapi.dmi.dk/v2/climateData/collections/stationValue/items?stationId=26420&parameterId=acc_precip&timeResolution=day&datetime=1991-01-01T00:00:00Z/2026-01-01T00:00:00Z&limit=300000,1451725,1ee218d1ca0374bcf9d2dbe1eebf39f4151cfb901e7e0e948c9f976944d2df34
https://opendataapi.dmi.dk/v2/climateData/collections/stationValue/items?stationId=26425&parameterId=acc_precip&timeResolution=day&datetime=1991-01-01T00:00:00Z/2026-01-01T00:00:00Z&limit=300000,379,0fefea838826a3c69d4ba16d7f02a19d967bd2c41c39fd2f6c0aa03ea6626082
https://opendataapi.dmi.dk/v2/climateData/collections/stationValue/items?stationId=26430&parameterId=acc_precip&timeResolution=day&datetime=1991-01-01T00:00:00Z/2026-01-01T00:00:00Z&limit=300000,2087747,77729a8672d647c5bac3304255e1c7bcc91a0153f84bc48b9d0596f3116e1f62
https://opendataapi.dmi.dk/v2/climateData/collections/stationValue/items?stationId=26440&parameterId=acc_precip&timeResolution=day&datetime=1991-01-01T00:00:00Z/2026-01-01T00:00:00Z&limit=300000,1750288,2e9d9f9c33599683202c0ed413de9bda3de3eed480967a22108fd1814b85aedc
https://opendataapi.dmi.dk/v2/climateData/collections/stationValue/items?stationId=26445&parameterId=acc_precip&timeResolution=day&datetime=1991-01-01T00:00:00Z/2026-01-01T00:00:00Z&limit=300000,966094,004df769994a3a209ddff4552087e39ee3d708dd19933c28b05e42a98fb479b2
https://opendataapi.dmi.dk/v2/climateData/collections/stationValue/items?stationId=26447&parameterId=acc_precip&timeResolution=day&datetime=1991-01-01T00:00:00Z/2026-01-01T00:00:00Z&limit=300000,1750719,f1d571fa784e35222ab672c0167e5f14fc828acaf681f52e7ed8ff1265bd2a95
https://opendataapi.dmi.dk/v2/climateData/collections/stationValue/items?stationId=26450&parameterId=acc_precip&timeResolution=day&datetime=1991-01-01T00:00:00Z/2026-01-01T00:00:00Z&limit=300000,2899071,d72c243dbf73edfb12b2237228382e3f5bcd59eced8a5cb45e13f8ee025e08d3
https://opendataapi.dmi.dk/v2/climateData/collections/stationValue/items?stationId=26455&parameterId=acc_precip&timeResolution=day&datetime=1991-01-01T00:00:00Z/2026-01-01T00:00:00Z&limit=300000,1440663,10d19e4c587619122239e81e9963c3fe65a5848bae9e08256e62af941f11db67
https://opendataapi.dmi.dk/v2/climateData/collections/stationValue/items?stationId=26460&parameterId=acc_precip&timeResolution=day&datetime=1991-01-01T00:00:00Z/2026-01-01T00:00:00Z&limit=300000,2237383,ca5bdaba544946ac86f627f8a3c04b327075ead42a6db8675e8fa889c05f18a2
https://opendataapi.dmi.dk/v2/climateData/collections/stationValue/items?stationId=26463&parameterId=acc_precip&timeResolution=day&datetime=1991-01-01T00:00:00Z/2026-01-01T00:00:00Z&limit=300000,307009,cf7e04da6c5838a84b04ba3718c2b321ab23239ab1df84de2cf4242ad454ab8c
https://opendataapi.dmi.dk/v2/climateData/collections/stationValue/items?stationId=26470&parameterId=acc_precip&timeResolution=day&datetime=1991-01-01T00:00:00Z/2026-01-01T00:00:00Z&limit=300000,1169004,360f5a393fe832a6cdadbcbb010d430e81dbb96a058dbb920f9a92c3ba5cf9d9
https://opendataapi.dmi.dk/v2/climateData/collections/stationValue/items?stationId=26472&parameterId=acc_precip&timeResolution=day&datetime=1991-01-01T00:00:00Z/2026-01-01T00:00:00Z&limit=300000,585931,0cf3dffd34bbdf05d3a010e2ef62c907b11f10a5461e1cb26c5e217642652d3d
https://opendataapi.dmi.dk/v2/climateData/collections/stationValue/items?stationId=26489&parameterId=acc_precip&timeResolution=day&datetime=1991-01-01T00:00:00Z/2026-01-01T00:00:00Z&limit=300000,1912735,955fa8e93969ba3ffa1b04e1009c637e9fe203180a5aa8908d1dafb0647b17f3
https://opendataapi.dmi.dk/v2/climateData/collections/stationValue/items?stationId=27006&parameterId=acc_precip&timeResolution=day&datetime=1991-01-01T00:00:00Z/2026-01-01T00:00:00Z&limit=300000,1889974,e9889d83899976afa94767460b15f57e96e173c9eb612809522dafa69563f722
https://opendataapi.dmi.dk/v2/climateData/collections/stationValue/items?stationId=27008&parameterId=acc_precip&timeResolution=day&datetime=1991-01-01T00:00:00Z/2026-01-01T00:00:00Z&limit=300000,3059078,97a2b1c357d677b959969ae9fbe49b8ef07831004b65576480767219c8d20cb9
https://opendataapi.dmi.dk/v2/climateData/collections/stationValue/items?stationId=27010&parameterId=acc_precip&timeResolution=day&datetime=1991-01-01T00:00:00Z/2026-01-01T00:00:00Z&limit=300000,1679995,e40816a5a7b166377e92b11eeec2430d02d50d9171227e1c4ceaf17e9ac3e9db
https://opendataapi.dmi.dk/v2/climateData/collections/stationValue/items?stationId=27020&parameterId=acc_precip&timeResolution=day&datetime=1991-01-01T00:00:00Z/2026-01-01T00:00:00Z&limit=300000,2399005,7c08ede7fe96f59bed68e2ee784a93c99438cfa4df9bd60efb79a47678f7b023
https://opendataapi.dmi.dk/v2/climateData/collections/stationValue/items?stationId=27030&parameterId=acc_precip&timeResolution=day&datetime=1991-01-01T00:00:00Z/2026-01-01T00:00:00Z&limit=300000,2079930,cc3da11c6f0775a363ce2a20148039f25e83e15a7b0ed6d217250d253c2d46c6
https://opendataapi.dmi.dk/v2/climateData/collections/stationValue/items?stationId=27040&parameterId=acc_precip&timeResolution=day&datetime=1991-01-01T00:00:00Z/2026-01-01T00:00:00Z&limit=300000,2065221,1dc4cdf4afa4e62af6caea84d129edab3a2563ff80f97d82c57233632f582786
https://opendataapi.dmi.dk/v2/climateData/collections/stationValue/items?stationId=27050&parameterId=acc_precip&timeResolution=day&datetime=1991-01-01T00:00:00Z/2026-01-01T00:00:00Z&limit=300000,293955,ecd433610162318434d2e3a650215d8f20fd39a1739e5ebcfe44a2fd93525fbc
https://opendataapi.dmi.dk/v2/climateData/collections/stationValue/items?stationId=27055&parameterId=acc_precip&timeResolution=day&datetime=1991-01-01T00:00:00Z/2026-01-01T00:00:00Z&limit=300000,1745217,cf60710569de87b49511557854f29ee333e8de76274ceba828b3d199452bd027
https://opendataapi.dmi.dk/v2/climateData/collections/stationValue/items?stationId=27070&parameterId=acc_precip&timeResolution=day&datetime=1991-01-01T00:00:00Z/2026-01-01T00:00:00Z&limit=300000,1754619,7764dfd0d8b94ee48c43de9a260b10e21e1e16b43f160886ab608881db857ce3
https://opendataapi.dmi.dk/v2/climateData/collections/stationValue/items?stationId=27080&parameterId=acc_precip&timeResolution=day&datetime=1991-01-01T00:00:00Z/2026-01-01T00:00:00Z&limit=300000,1201303,a43dcd1f5dc0263beecdde318a6fb71db090449462c839ad143bfbc6e5fa9408
https://opendataapi.dmi.dk/v2/climateData/collections/stationValue/items?stationId=27082&parameterId=acc_precip&timeResolution=day&datetime=1991-01-01T00:00:00Z/2026-01-01T00:00:00Z&limit=300000,1816000,570aa3c703c002c89fec52a358ec280b77db7b850611757ad1694d1bf2b408d6
https://opendataapi.dmi.dk/v2/climateData/collections/stationValue/items?stationId=27090&parameterId=acc_precip&timeResolution=day&datetime=1991-01-01T00:00:00Z/2026-01-01T00:00:00Z&limit=300000,1334475,54f0bcd2b2f52135c4bc7ac0e7cd3f4aa82e6b620956f5bd10dc362463c7c478
https://opendataapi.dmi.dk/v2/climateData/collections/stationValue/items?stationId=27094&parameterId=acc_precip&timeResolution=day&datetime=1991-01-01T00:00:00Z/2026-01-01T00:00:00Z&limit=300000,258344,640d1597b75779a363dcd8c3c151b9e2913cc9d237a4e5396854c151579cf08b
https://opendataapi.dmi.dk/v2/climateData/collections/stationValue/items?stationId=27100&parameterId=acc_precip&timeResolution=day&datetime=1991-01-01T00:00:00Z/2026-01-01T00:00:00Z&limit=300000,379,9832d5e1d145e6bee178def7de00bd90cd4c5c7c76d3e5adba095788a507bc46
https://opendataapi.dmi.dk/v2/climateData/collections/stationValue/items?stationId=27120&parameterId=acc_precip&timeResolution=day&datetime=1991-01-01T00:00:00Z/2026-01-01T00:00:00Z&limit=300000,2056390,78218fddd112c0793a72ba92d6211da0eb860ac093d088670fbbe83f16a6e0de
https://opendataapi.dmi.dk/v2/climateData/collections/stationValue/items?stationId=28010&parameterId=acc_precip&timeResolution=day&datetime=1991-01-01T00:00:00Z/2026-01-01T00:00:00Z&limit=300000,1699627,91828938b9ba56d28e903205f2740e970768068920254c0f7067e9d22c2ca7e3
https://opendataapi.dmi.dk/v2/climateData/collections/stationValue/items?stationId=28030&parameterId=acc_precip&timeResolution=day&datetime=1991-01-01T00:00:00Z/2026-01-01T00:00:00Z&limit=300000,2401731,739e3c833a9ca3762a098256117ca85eb6c5545858acdde195ef0d5e35d11aa9
https://opendataapi.dmi.dk/v2/climateData/collections/stationValue/items?stationId=28040&parameterId=acc_precip&timeResolution=day&datetime=1991-01-01T00:00:00Z/2026-01-01T00:00:00Z&limit=300000,379,2898f73f0e68f37bfdafece627f6d26d42727c89e3424669952d89bff67e796f
https://opendataapi.dmi.dk/v2/climateData/collections/stationValue/items?stationId=28050&parameterId=acc_precip&timeResolution=day&datetime=1991-01-01T00:00:00Z/2026-01-01T00:00:00Z&limit=300000,2064875,8fcbfc21871550cb7d84c43e46d84f158d26e1664f5fc492f57998664ff93d18
https://opendataapi.dmi.dk/v2/climateData/collections/stationValue/items?stationId=28070&parameterId=acc_precip&timeResolution=day&datetime=1991-01-01T00:00:00Z/2026-01-01T00:00:00Z&limit=300000,379,1594085e08cd5be481e71e64f185c22e5593fa731030051720e4d599269a8749
https://opendataapi.dmi.dk/v2/climateData/collections/stationValue/items?stationId=28080&parameterId=acc_precip&timeResolution=day&datetime=1991-01-01T00:00:00Z/2026-01-01T00:00:00Z&limit=300000,195596,eb12ebe088bd8d115bb7408c4958f1ac5d695ffd7b903be3038bece6b0d5275f
https://opendataapi.dmi.dk/v2/climateData/collections/stationValue/items?stationId=28095&parameterId=acc_precip&timeResolution=day&datetime=1991-01-01T00:00:00Z/2026-01-01T00:00:00Z&limit=300000,1310924,97791dc46660fffb5f4ec28373933d239756799797376392f75426f949ce2e45
https://opendataapi.dmi.dk/v2/climateData/collections/stationValue/items?stationId=28110&parameterId=acc_precip&timeResolution=day&datetime=1991-01-01T00:00:00Z/2026-01-01T00:00:00Z&limit=300000,2861668,dc2be62ba0ffc8abd2e2fe27dd696fa9440a6b32dde8b7bf4f55e3207c3eb7cf
https://opendataapi.dmi.dk/v2/climateData/collections/stationValue/items?stationId=28120&parameterId=acc_precip&timeResolution=day&datetime=1991-01-01T00:00:00Z/2026-01-01T00:00:00Z&limit=300000,2237391,91e7bc4ad3dfd7b3292087f1a8921dbba542385397b896658fa8d01af6bf3742
https://opendataapi.dmi.dk/v2/climateData/collections/stationValue/items?stationId=28130&parameterId=acc_precip&timeResolution=day&datetime=1991-01-01T00:00:00Z/2026-01-01T00:00:00Z&limit=300000,1101952,a3400f1653f7571df0a7264e7be410d0e27d44bec3186dd5096efdd5ff5884b5
https://opendataapi.dmi.dk/v2/climateData/collections/stationValue/items?stationId=28133&parameterId=acc_precip&timeResolution=day&datetime=1991-01-01T00:00:00Z/2026-01-01T00:00:00Z&limit=300000,553061,70709e43df4f99bea8bd79a6a368a590e4dc57b193527f32c57a537ab085aef0
https://opendataapi.dmi.dk/v2/climateData/collections/stationValue/items?stationId=28150&parameterId=acc_precip&timeResolution=day&datetime=1991-01-01T00:00:00Z/2026-01-01T00:00:00Z&limit=300000,1751304,b77e642e325147a33fd2f877b905655820fbca55fb929209aa621aca1d627245
https://opendataapi.dmi.dk/v2/climateData/collections/stationValue/items?stationId=28160&parameterId=acc_precip&timeResolution=day&datetime=1991-01-01T00:00:00Z/2026-01-01T00:00:00Z&limit=300000,590366,b3c7e9f502ac5321113cc37330a3097d8b54031d0d40db1198efdc18c8281f31
https://opendataapi.dmi.dk/v2/climateData/collections/stationValue/items?stationId=28161&parameterId=acc_precip&timeResolution=day&datetime=1991-01-01T00:00:00Z/2026-01-01T00:00:00Z&limit=300000,1652276,a7d0af6f645077dcb55367ed148527a3a894051f3d101b3e1e98ba4f5f75a29a
https://opendataapi.dmi.dk/v2/climateData/collections/stationValue/items?stationId=28170&parameterId=acc_precip&timeResolution=day&datetime=1991-01-01T00:00:00Z/2026-01-01T00:00:00Z&limit=300000,2120049,7093c9fa4d39679651ce381c41bb56fec019757ec8e8c8666342b8272ca2d1a1
https://opendataapi.dmi.dk/v2/climateData/collections/stationValue/items?stationId=28190&parameterId=acc_precip&timeResolution=day&datetime=1991-01-01T00:00:00Z/2026-01-01T00:00:00Z&limit=300000,1225006,929e04bc267bd3025644da43b6a6c0498c5802199d7eda8f92083abe98d01861
https://opendataapi.dmi.dk/v2/climateData/collections/stationValue/items?stationId=28200&parameterId=acc_precip&timeResolution=day&datetime=1991-01-01T00:00:00Z/2026-01-01T00:00:00Z&limit=300000,2238883,ca1d8809136fc20a8427d231e92a8817bcb0819931d20b4cf01a42afbf109ed1
https://opendataapi.dmi.dk/v2/climateData/collections/stationValue/items?stationId=28210&parameterId=acc_precip&timeResolution=day&datetime=1991-01-01T00:00:00Z/2026-01-01T00:00:00Z&limit=300000,379,93df022fc6dfa87b4954da794a525a42388eb724c8535dd81f432c30d134764d
https://opendataapi.dmi.dk/v2/climateData/collections/stationValue/items?stationId=28218&parameterId=acc_precip&timeResolution=day&datetime=1991-01-01T00:00:00Z/2026-01-01T00:00:00Z&limit=300000,1259115,10a6babf63dbe16a1e0474961e56e258b647224acbb5e3138482be3b000b631d
https://opendataapi.dmi.dk/v2/climateData/collections/stationValue/items?stationId=28220&parameterId=acc_precip&timeResolution=day&datetime=1991-01-01T00:00:00Z/2026-01-01T00:00:00Z&limit=300000,379,47bafd88b6e50f0194c841b8574d11399e646bceb47f26451d98ccbbbd9b0bb7
https://opendataapi.dmi.dk/v2/climateData/collections/stationValue/items?stationId=28230&parameterId=acc_precip&timeResolution=day&datetime=1991-01-01T00:00:00Z/2026-01-01T00:00:00Z&limit=300000,379,02c6f271ec05b181a7a36fc322d04ca29c6544ac707cce17cefbd9e25bd284cc
https://opendataapi.dmi.dk/v2/climateData/collections/stationValue/items?stationId=28240&parameterId=acc_precip&timeResolution=day&datetime=1991-01-01T00:00:00Z/2026-01-01T00:00:00Z&limit=300000,3064547,e8f37f3d1951807568453e5d84876c9879ebd9469aab562194a868aff9cfc09a
https://opendataapi.dmi.dk/v2/climateData/collections/stationValue/items?stationId=28260&parameterId=acc_precip&timeResolution=day&datetime=1991-01-01T00:00:00Z/2026-01-01T00:00:00Z&limit=300000,1754653,992d496ec79d032710974b3a90b16c774caa11ff67d9d48b85d9ed94773f55b7
https://opendataapi.dmi.dk/v2/climateData/collections/stationValue/items?stationId=28271&parameterId=acc_precip&timeResolution=day&datetime=1991-01-01T00:00:00Z/2026-01-01T00:00:00Z&limit=300000,379,042c3825ef246a98ef4e233f134ef3ee6514e126bc9475b404eb88181c9fca9c
https://opendataapi.dmi.dk/v2/climateData/collections/stationValue/items?stationId=28275&parameterId=acc_precip&timeResolution=day&datetime=1991-01-01T00:00:00Z/2026-01-01T00:00:00Z&limit=300000,1783432,5c1d943ff81fd767d0abdbd5c899765f58a52547ea88b4471c47c2c2c49f0e19
https://opendataapi.dmi.dk/v2/climateData/collections/stationValue/items?stationId=28280&parameterId=acc_precip&timeResolution=day&datetime=1991-01-01T00:00:00Z/2026-01-01T00:00:00Z&limit=300000,1056949,a4737250cfd7288c05c22d6e0063874c2ae302ea1810471d92c2987da863eb0b
https://opendataapi.dmi.dk/v2/climateData/collections/stationValue/items?stationId=28290&parameterId=acc_precip&timeResolution=day&datetime=1991-01-01T00:00:00Z/2026-01-01T00:00:00Z&limit=300000,379,0aafba866bf6c5cad6ae22bfb89c61f8e740623fd13615f33d05559c84c3f57c
https://opendataapi.dmi.dk/v2/climateData/collections/stationValue/items?stationId=28300&parameterId=acc_precip&timeResolution=day&datetime=1991-01-01T00:00:00Z/2026-01-01T00:00:00Z&limit=300000,2093794,0fde19f21f509fcacadd1cc13f9628a1ada366beb85185dcf6cf8646939f72e1
https://opendataapi.dmi.dk/v2/climateData/collections/stationValue/items?stationId=28310&parameterId=acc_precip&timeResolution=day&datetime=1991-01-01T00:00:00Z/2026-01-01T00:00:00Z&limit=300000,1754664,fec7af0bfb566dd8a32d5e9e1d1107e89e264e1f802425fbb91f1cfa28fbbeb4
https://opendataapi.dmi.dk/v2/climateData/collections/stationValue/items?stationId=28320&parameterId=acc_precip&timeResolution=day&datetime=1991-01-01T00:00:00Z/2026-01-01T00:00:00Z&limit=300000,1169453,acbd9d4ebd46cb9c9c2a41d983ae46efecfa4dddadc86e966c3d03f79516bfb9
https://opendataapi.dmi.dk/v2/climateData/collections/stationValue/items?stationId=28325&parameterId=acc_precip&timeResolution=day&datetime=1991-01-01T00:00:00Z/2026-01-01T00:00:00Z&limit=300000,1754678,47efee5a8a4d75acfc71816617546947dc4db1f7716dc3073758b93d59363daa
https://opendataapi.dmi.dk/v2/climateData/collections/stationValue/items?stationId=28335&parameterId=acc_precip&timeResolution=day&datetime=1991-01-01T00:00:00Z/2026-01-01T00:00:00Z&limit=300000,2336785,aa8b8790b32daf0f8e15baf21511c5d394197a5f03ebcad34fa9887c87023e93
https://opendataapi.dmi.dk/v2/climateData/collections/stationValue/items?stationId=28340&parameterId=acc_precip&timeResolution=day&datetime=1991-01-01T00:00:00Z/2026-01-01T00:00:00Z&limit=300000,1156620,3e14ae00f5df9abde400c3a5f975c52bf93b8fbfb5f22d72ce0e0e23b6b2aaa5
https://opendataapi.dmi.dk/v2/climateData/collections/stationValue/items?stationId=28342&parameterId=acc_precip&timeResolution=day&datetime=1991-01-01T00:00:00Z/2026-01-01T00:00:00Z&limit=300000,929051,42cd57b13ac53c45b4c13f8cc99b4d50705138b26e2c85bd17143c6b055b8858
https://opendataapi.dmi.dk/v2/climateData/collections/stationValue/items?stationId=28345&parameterId=acc_precip&timeResolution=day&datetime=1991-01-01T00:00:00Z/2026-01-01T00:00:00Z&limit=300000,379,131481551df2dca7852e600c11a09393b4c41e436bded430070c99f28af8ab7b
https://opendataapi.dmi.dk/v2/climateData/collections/stationValue/items?stationId=28350&parameterId=acc_precip&timeResolution=day&datetime=1991-01-01T00:00:00Z/2026-01-01T00:00:00Z&limit=300000,1743874,caad4a1d6ebaf2193f606be64ed40f7cb46ce0b7e8afed153be749e6b41685f6
https://opendataapi.dmi.dk/v2/climateData/collections/stationValue/items?stationId=28358&parameterId=acc_precip&timeResolution=day&datetime=1991-01-01T00:00:00Z/2026-01-01T00:00:00Z&limit=300000,575338,13bde4a0fa0b9f26a78701d2a82a4e38f7b3c31d34c86571bc0c9824153cbd97
https://opendataapi.dmi.dk/v2/climateData/collections/stationValue/items?stationId=28359&parameterId=acc_precip&timeResolution=day&datetime=1991-01-01T00:00:00Z/2026-01-01T00:00:00Z&limit=300000,1662289,6fc3eaa5d954b1ad06756e1b80aec0db67fa84d63b65580d8aefac58e2e10144
https://opendataapi.dmi.dk/v2/climateData/collections/stationValue/items?stationId=28360&parameterId=acc_precip&timeResolution=day&datetime=1991-01-01T00:00:00Z/2026-01-01T00:00:00Z&limit=300000,379,f27304bbc2e78dc8c15389ce52dc1d019697e44609220638ec83a7eef7f6e177
https://opendataapi.dmi.dk/v2/climateData/collections/stationValue/items?stationId=28370&parameterId=acc_precip&timeResolution=day&datetime=1991-01-01T00:00:00Z/2026-01-01T00:00:00Z&limit=300000,824799,f0b9706883557d4e097df4993b15cf57fb5f0c78314103bbc35cd37e7a959710
https://opendataapi.dmi.dk/v2/climateData/collections/stationValue/items?stationId=28385&parameterId=acc_precip&timeResolution=day&datetime=1991-01-01T00:00:00Z/2026-01-01T00:00:00Z&limit=300000,2922565,25d1436d023859e8a755170028195d2e0b6507d2df090349e9d70785ef7facc5
https://opendataapi.dmi.dk/v2/climateData/collections/stationValue/items?stationId=28390&parameterId=acc_precip&timeResolution=day&datetime=1991-01-01T00:00:00Z/2026-01-01T00:00:00Z&limit=300000,2120030,cd3e1f94f70afff4206c8f4554e316563cf047e59c78049836840274984826bf
https://opendataapi.dmi.dk/v2/climateData/collections/stationValue/items?stationId=28400&parameterId=acc_precip&timeResolution=day&datetime=1991-01-01T00:00:00Z/2026-01-01T00:00:00Z&limit=300000,2119709,37e05b75928c0aaa44dff8fef30066e91ac47f57e280897840ce31915974ea51
https://opendataapi.dmi.dk/v2/climateData/collections/stationValue/items?stationId=28405&parameterId=acc_precip&timeResolution=day&datetime=1991-01-01T00:00:00Z/2026-01-01T00:00:00Z&limit=300000,379,953f8bbc446e2a6f4d59bdaf7b729aee5857ca4a3f30161517cc5b3d1d1beb00
https://opendataapi.dmi.dk/v2/climateData/collections/stationValue/items?stationId=28406&parameterId=acc_precip&timeResolution=day&datetime=1991-01-01T00:00:00Z/2026-01-01T00:00:00Z&limit=300000,2339392,dd6d51519d7917d1d3cc5ab1a829421e3f5ede7a55cf21f67dfce9529b854a9c
https://opendataapi.dmi.dk/v2/climateData/collections/stationValue/items?stationId=28420&parameterId=acc_precip&timeResolution=day&datetime=1991-01-01T00:00:00Z/2026-01-01T00:00:00Z&limit=300000,1754650,45d24361e830dc034ab3cd0bf7f3f66af1d32646d051808bf87444d14f6f2351
https://opendataapi.dmi.dk/v2/climateData/collections/stationValue/items?stationId=28428&parameterId=acc_precip&timeResolution=day&datetime=1991-01-01T00:00:00Z/2026-01-01T00:00:00Z&limit=300000,826673,efd116a7cca4a44481f088576bd1b98bb4585afe215cbf10d7d1d2e197d3578a
https://opendataapi.dmi.dk/v2/climateData/collections/stationValue/items?stationId=28429&parameterId=acc_precip&timeResolution=day&datetime=1991-01-01T00:00:00Z/2026-01-01T00:00:00Z&limit=300000,379,c74fd98aaf48c10d3c2d9dfea9d1820ebaad0d9da0531d9f461eb9fd556c6398
https://opendataapi.dmi.dk/v2/climateData/collections/stationValue/items?stationId=28430&parameterId=acc_precip&timeResolution=day&datetime=1991-01-01T00:00:00Z/2026-01-01T00:00:00Z&limit=300000,928216,04568baab7edd101ba3a190aefc0fef7a7a48782441575f0ced483e8fd8fc3b2
https://opendataapi.dmi.dk/v2/climateData/collections/stationValue/items?stationId=28435&parameterId=acc_precip&timeResolution=day&datetime=1991-01-01T00:00:00Z/2026-01-01T00:00:00Z&limit=300000,379,2fc81043d718af59659f26adaa3900e2e26001bccb8d9dc8e2906ce103311498
https://opendataapi.dmi.dk/v2/climateData/collections/stationValue/items?stationId=28438&parameterId=acc_precip&timeResolution=day&datetime=1991-01-01T00:00:00Z/2026-01-01T00:00:00Z&limit=300000,1215711,e90aa56acf8f993a5ff31920d1b742820bcc51146543555cf44518e130c2ae10
https://opendataapi.dmi.dk/v2/climateData/collections/stationValue/items?stationId=28440&parameterId=acc_precip&timeResolution=day&datetime=1991-01-01T00:00:00Z/2026-01-01T00:00:00Z&limit=300000,2242468,e374890b04c83136b7c44b3d3d71ff770311b1f2432772f6b960287ad8c6aa0c
https://opendataapi.dmi.dk/v2/climateData/collections/stationValue/items?stationId=28452&parameterId=acc_precip&timeResolution=day&datetime=1991-01-01T00:00:00Z/2026-01-01T00:00:00Z&limit=300000,159998,a10ce11017e8cca282c9eab1bb3f448da8c1d1f882b2c9e89c7d4858bdef10be
https://opendataapi.dmi.dk/v2/climateData/collections/stationValue/items?stationId=28460&parameterId=acc_precip&timeResolution=day&datetime=1991-01-01T00:00:00Z/2026-01-01T00:00:00Z&limit=300000,1727094,9c5a10b2ad9a05ca0390b7b9047fa08bdc45edc7ae622c3ae6b055bdb9d8b3e8
https://opendataapi.dmi.dk/v2/climateData/collections/stationValue/items?stationId=28480&parameterId=acc_precip&timeResolution=day&datetime=1991-01-01T00:00:00Z/2026-01-01T00:00:00Z&limit=300000,379,1aefdc74994aeeb5593466ab6b625f09d2780023a10cfeeda225f7f436329b05
https://opendataapi.dmi.dk/v2/climateData/collections/stationValue/items?stationId=28485&parameterId=acc_precip&timeResolution=day&datetime=1991-01-01T00:00:00Z/2026-01-01T00:00:00Z&limit=300000,1754614,f6a8dd5bae9f5f8ad35d0bf9be9aefc21c20c00313ab7bc1f65dd8234558de01
https://opendataapi.dmi.dk/v2/climateData/collections/stationValue/items?stationId=28490&parameterId=acc_precip&timeResolution=day&datetime=1991-01-01T00:00:00Z/2026-01-01T00:00:00Z&limit=300000,379,35c82b5b52dac463863043f581e911f4e860f2b1e129685c3c66c03f4872864b
https://opendataapi.dmi.dk/v2/climateData/collections/stationValue/items?stationId=28495&parameterId=acc_precip&timeResolution=day&datetime=1991-01-01T00:00:00Z/2026-01-01T00:00:00Z&limit=300000,2119982,27dcc96d6eb831730db1f100f71d3a6b0122f1e962fc0106d3c9fd568aa4d53f
https://opendataapi.dmi.dk/v2/climateData/collections/stationValue/items?stationId=28500&parameterId=acc_precip&timeResolution=day&datetime=1991-01-01T00:00:00Z/2026-01-01T00:00:00Z&limit=300000,1750654,8a960821d07189a3eac54901125a57ac3b19228ec8d6b9bf571c08a698bb0a6e
https://opendataapi.dmi.dk/v2/climateData/collections/stationValue/items?stationId=28510&parameterId=acc_precip&timeResolution=day&datetime=1991-01-01T00:00:00Z/2026-01-01T00:00:00Z&limit=300000,2242344,03e7fef3697b6a469d5abb1703c9ff042983b660e4a28ca5fea7a96e10d636d3
https://opendataapi.dmi.dk/v2/climateData/collections/stationValue/items?stationId=28520&parameterId=acc_precip&timeResolution=day&datetime=1991-01-01T00:00:00Z/2026-01-01T00:00:00Z&limit=300000,379,a82499ff3805ebbcf065ada2e7d2195c207737b39d2fce0edbd6a2f8fc0e85d6
https://opendataapi.dmi.dk/v2/climateData/collections/stationValue/items?stationId=28535&parameterId=acc_precip&timeResolution=day&datetime=1991-01-01T00:00:00Z/2026-01-01T00:00:00Z&limit=300000,1397476,5425e81c6f5021a7986d37b16e1de7ac18600a6d0ce28978d29338bf4b64ba38
https://opendataapi.dmi.dk/v2/climateData/collections/stationValue/items?stationId=28542&parameterId=acc_precip&timeResolution=day&datetime=1991-01-01T00:00:00Z/2026-01-01T00:00:00Z&limit=300000,379,94f4db51e43dc0fc5b1dc2f1635a3de7e57401fa5be1155b41f280ae43b80d0a
https://opendataapi.dmi.dk/v2/climateData/collections/stationValue/items?stationId=28552&parameterId=acc_precip&timeResolution=day&datetime=1991-01-01T00:00:00Z/2026-01-01T00:00:00Z&limit=300000,2214318,48a53d91b95237872c25ad34bfe15ec686e25bf12787671bb42d2546be07cc96
https://opendataapi.dmi.dk/v2/climateData/collections/stationValue/items?stationId=28560&parameterId=acc_precip&timeResolution=day&datetime=1991-01-01T00:00:00Z/2026-01-01T00:00:00Z&limit=300000,379,12de597893456e139e92ad5296338f734187934d9b0b5e3133954a77ecea8b2d
https://opendataapi.dmi.dk/v2/climateData/collections/stationValue/items?stationId=28565&parameterId=acc_precip&timeResolution=day&datetime=1991-01-01T00:00:00Z/2026-01-01T00:00:00Z&limit=300000,812885,cae58ec4d3c34284ed943b15396ba0782589a59cdff4564114c1033c91afa220
https://opendataapi.dmi.dk/v2/climateData/collections/stationValue/items?stationId=28570&parameterId=acc_precip&timeResolution=day&datetime=1991-01-01T00:00:00Z/2026-01-01T00:00:00Z&limit=300000,860974,65ee52bfe09aa10876d6d17031b484663a89d760836ccf5d708068f3fd5f5be1
https://opendataapi.dmi.dk/v2/climateData/collections/stationValue/items?stationId=28580&parameterId=acc_precip&timeResolution=day&datetime=1991-01-01T00:00:00Z/2026-01-01T00:00:00Z&limit=300000,379,762096d7e2b10749d36cb634486a1f5b62fc0edf7c93ff3237dba5e54e0b9dab
https://opendataapi.dmi.dk/v2/climateData/collections/stationValue/items?stationId=28590&parameterId=acc_precip&timeResolution=day&datetime=1991-01-01T00:00:00Z/2026-01-01T00:00:00Z&limit=300000,2922564,f85db9e4bc3b8a996f809d605f9f1f7eb6ad82f9cb31635e181db3265be65ffb
https://opendataapi.dmi.dk/v2/climateData/collections/stationValue/items?stationId=28600&parameterId=acc_precip&timeResolution=day&datetime=1991-01-01T00:00:00Z/2026-01-01T00:00:00Z&limit=300000,1752313,0ca3d64126f0863bfd30fcb0ee60a194ba89ec96a8e48662d8d98d8033d8ee60
https://opendataapi.dmi.dk/v2/climateData/collections/stationValue/items?stationId=28620&parameterId=acc_precip&timeResolution=day&datetime=1991-01-01T00:00:00Z/2026-01-01T00:00:00Z&limit=300000,327765,05390bf85bdc4c93a8a036b96296a3a182c225a217b0f7fd019141060a2f4752
https://opendataapi.dmi.dk/v2/climateData/collections/stationValue/items?stationId=28630&parameterId=acc_precip&timeResolution=day&datetime=1991-01-01T00:00:00Z/2026-01-01T00:00:00Z&limit=300000,582337,f37d47bc7df6a62fbb4b0e64f45d41f3b398fb15fe4d6036af21cf5df67f6b01
https://opendataapi.dmi.dk/v2/climateData/collections/stationValue/items?stationId=28640&parameterId=acc_precip&timeResolution=day&datetime=1991-01-01T00:00:00Z/2026-01-01T00:00:00Z&limit=300000,1212559,873bfe1c0b5a96e711602fab0bbb0e45975c9f86d807dab5f6c003c57cf55ed1
https://opendataapi.dmi.dk/v2/climateData/collections/stationValue/items?stationId=29005&parameterId=acc_precip&timeResolution=day&datetime=1991-01-01T00:00:00Z/2026-01-01T00:00:00Z&limit=300000,2242401,5bcab5809457f538d7f4903af25ed1de9dfab2c6a8fe7522bdc7c14e6f414855
https://opendataapi.dmi.dk/v2/climateData/collections/stationValue/items?stationId=29010&parameterId=acc_precip&timeResolution=day&datetime=1991-01-01T00:00:00Z/2026-01-01T00:00:00Z&limit=300000,1550322,017219097c9165ec5bd43d0d8c9950977ed381eec62804fd6398b13168b7ace3
https://opendataapi.dmi.dk/v2/climateData/collections/stationValue/items?stationId=29013&parameterId=acc_precip&timeResolution=day&datetime=1991-01-01T00:00:00Z/2026-01-01T00:00:00Z&limit=300000,2072798,01fc610a2b9b258d4a8ac5a30fae247a6d19a7ef5cab9c9b4c9b1951894b0f6f
https://opendataapi.dmi.dk/v2/climateData/collections/stationValue/items?stationId=29015&parameterId=acc_precip&timeResolution=day&datetime=1991-01-01T00:00:00Z/2026-01-01T00:00:00Z&limit=300000,379,74488bc1a01a434fb10819888a5c9eb4680b26942f88c316bd33c9207c8c7964
https://opendataapi.dmi.dk/v2/climateData/collections/stationValue/items?stationId=29017&parameterId=acc_precip&timeResolution=day&datetime=1991-01-01T00:00:00Z/2026-01-01T00:00:00Z&limit=300000,1443542,a52159ddce6ef1047d5b73bb38563b858db1503c0b6822d471cf02aa6c46cc91
https://opendataapi.dmi.dk/v2/climateData/collections/stationValue/items?stationId=29020&parameterId=acc_precip&timeResolution=day&datetime=1991-01-01T00:00:00Z/2026-01-01T00:00:00Z&limit=300000,2922628,6c93df929a9600e1a1cc770823f03c34581ce2e0ec14c910236edde7f62a794b
https://opendataapi.dmi.dk/v2/climateData/collections/stationValue/items?stationId=29030&parameterId=acc_precip&timeResolution=day&datetime=1991-01-01T00:00:00Z/2026-01-01T00:00:00Z&limit=300000,2242417,b12ba37d64ed89379838a7ed941914dd6bfaa349a145ab4cf065cb96d737442d
https://opendataapi.dmi.dk/v2/climateData/collections/stationValue/items?stationId=29040&parameterId=acc_precip&timeResolution=day&datetime=1991-01-01T00:00:00Z/2026-01-01T00:00:00Z&limit=300000,1752480,419d92285f529aa871ceebf1f2c802c8f8d5931586c5cf3577d73117e44cb4b3
https://opendataapi.dmi.dk/v2/climateData/collections/stationValue/items?stationId=29045&parameterId=acc_precip&timeResolution=day&datetime=1991-01-01T00:00:00Z/2026-01-01T00:00:00Z&limit=300000,1754649,24ee53ac00be7c06e46e3eb2beea0921c44f2cb65d46ba6ff7ef90c086ffd0d9
https://opendataapi.dmi.dk/v2/climateData/collections/stationValue/items?stationId=29062&parameterId=acc_precip&timeResolution=day&datetime=1991-01-01T00:00:00Z/2026-01-01T00:00:00Z&limit=300000,2051925,ddfb57b32689d25f9ee673717e46baefda6f8d4aa1a2c34080a7569de93ee72c
https://opendataapi.dmi.dk/v2/climateData/collections/stationValue/items?stationId=29063&parameterId=acc_precip&timeResolution=day&datetime=1991-01-01T00:00:00Z/2026-01-01T00:00:00Z&limit=300000,338460,9364c758fe000692ae3212e3b23340e9c7a4901df8f75daeb73cb342983fbdc0
https://opendataapi.dmi.dk/v2/climateData/collections/stationValue/items?stationId=29065&parameterId=acc_precip&timeResolution=day&datetime=1991-01-01T00:00:00Z/2026-01-01T00:00:00Z&limit=300000,379,7f49b3eced8ac7a5d20d186cde94b849eb0fff1c62dee452f319d38444d23993
https://opendataapi.dmi.dk/v2/climateData/collections/stationValue/items?stationId=29068&parameterId=acc_precip&timeResolution=day&datetime=1991-01-01T00:00:00Z/2026-01-01T00:00:00Z&limit=300000,512822,e7a2267aae32d3d94e90604b644f5290b24a9080006c45eadf17a1905a9f9ebe
https://opendataapi.dmi.dk/v2/climateData/collections/stationValue/items?stationId=29070&parameterId=acc_precip&timeResolution=day&datetime=1991-01-01T00:00:00Z/2026-01-01T00:00:00Z&limit=300000,1754607,258c220e1523e55ac5f279795310af8d72c20e10c4cecf842bd1e546492178a9
https://opendataapi.dmi.dk/v2/climateData/collections/stationValue/items?stationId=29075&parameterId=acc_precip&timeResolution=day&datetime=1991-01-01T00:00:00Z/2026-01-01T00:00:00Z&limit=300000,2085044,f15c86a7456bee25379dfdb20d252874204d8239b56116836bfef8c0e78f6f93
https://opendataapi.dmi.dk/v2/climateData/collections/stationValue/items?stationId=29080&parameterId=acc_precip&timeResolution=day&datetime=1991-01-01T00:00:00Z/2026-01-01T00:00:00Z&limit=300000,1752390,ac998645c4bdd86619b2b2a43663d7be614772a40f62d9c56b4011d0953ea287
https://opendataapi.dmi.dk/v2/climateData/collections/stationValue/items?stationId=29082&parameterId=acc_precip&timeResolution=day&datetime=1991-01-01T00:00:00Z/2026-01-01T00:00:00Z&limit=300000,2403039,2f2b4af1c14d5d423eadb99c1d24090b6656179aeb2f7c50152b9a8898bba282
https://opendataapi.dmi.dk/v2/climateData/collections/stationValue/items?stationId=29090&parameterId=acc_precip&timeResolution=day&datetime=1991-01-01T00:00:00Z/2026-01-01T00:00:00Z&limit=300000,2179221,fba1c3fd973436f6bfee86895d69175e7dcbb4a99ef6c0e27bdfcdf9e6cf0aba
https://opendataapi.dmi.dk/v2/climateData/collections/stationValue/items?stationId=29135&parameterId=acc_precip&timeResolution=day&datetime=1991-01-01T00:00:00Z/2026-01-01T00:00:00Z&limit=300000,379,13e5625b2d509cb1cb17b43662593adbb8269e3f0532ac665bcbf8e4b8461221
https://opendataapi.dmi.dk/v2/climateData/collections/stationValue/items?stationId=29136&parameterId=acc_precip&timeResolution=day&datetime=1991-01-01T00:00:00Z/2026-01-01T00:00:00Z&limit=300000,2237321,e9b1d1cc570474e025ee9a909dda40ef263e7c6bd7ea9a75358e5298535241ac
https://opendataapi.dmi.dk/v2/climateData/collections/stationValue/items?stationId=29150&parameterId=acc_precip&timeResolution=day&datetime=1991-01-01T00:00:00Z/2026-01-01T00:00:00Z&limit=300000,1467091,2787db5c138486250acedd1c92b26726157c1db78e3d00a6ea896b297f873f69
https://opendataapi.dmi.dk/v2/climateData/collections/stationValue/items?stationId=29161&parameterId=acc_precip&timeResolution=day&datetime=1991-01-01T00:00:00Z/2026-01-01T00:00:00Z&limit=300000,379,b1ecaa7b4ac1f27ed34cee99e85f6d034468370303e74b3480b608ed8c93c40e
https://opendataapi.dmi.dk/v2/climateData/collections/stationValue/items?stationId=29162&parameterId=acc_precip&timeResolution=day&datetime=1991-01-01T00:00:00Z/2026-01-01T00:00:00Z&limit=300000,2062585,983731583b83ffb399c22db59bdc52e34ec66f4a4a24a777c784f14e1e0c409c
https://opendataapi.dmi.dk/v2/climateData/collections/stationValue/items?stationId=29168&parameterId=acc_precip&timeResolution=day&datetime=1991-01-01T00:00:00Z/2026-01-01T00:00:00Z&limit=300000,718527,a8518c7499d2d85add108f142e4d01716b839f63c24a6bd0bb14727de7807b7d
https://opendataapi.dmi.dk/v2/climateData/collections/stationValue/items?stationId=29170&parameterId=acc_precip&timeResolution=day&datetime=1991-01-01T00:00:00Z/2026-01-01T00:00:00Z&limit=300000,1036317,c4f250e0995e223b94d120e26d5b9eb021645a37caf8aa09286adb48cc2efc29
https://opendataapi.dmi.dk/v2/climateData/collections/stationValue/items?stationId=29180&parameterId=acc_precip&timeResolution=day&datetime=1991-01-01T00:00:00Z/2026-01-01T00:00:00Z&limit=300000,1754603,b475761cba06fa265b4b92924d7c40e9751a7afb32e3ae892b3478d797d52366
https://opendataapi.dmi.dk/v2/climateData/collections/stationValue/items?stationId=29185&parameterId=acc_precip&timeResolution=day&datetime=1991-01-01T00:00:00Z/2026-01-01T00:00:00Z&limit=300000,1429745,2168c0f4fc7e114ae0a280c245492253e68eb018b7ab5cea1f6f402f5105ef23
https://opendataapi.dmi.dk/v2/climateData/collections/stationValue/items?stationId=29187&parameterId=acc_precip&timeResolution=day&datetime=1991-01-01T00:00:00Z/2026-01-01T00:00:00Z&limit=300000,379,1bc2f4aa8a6c739a63f47b5b32ed439cf891220f602fb1e8033e7429f31c4d9f
https://opendataapi.dmi.dk/v2/climateData/collections/stationValue/items?stationId=29188&parameterId=acc_precip&timeResolution=day&datetime=1991-01-01T00:00:00Z/2026-01-01T00:00:00Z&limit=300000,162305,140d7760fdb0b2c64bb074c617c0d1e1ee1e360bcaef956d7a7f7958ebe14f27
https://opendataapi.dmi.dk/v2/climateData/collections/stationValue/items?stationId=29199&parameterId=acc_precip&timeResolution=day&datetime=1991-01-01T00:00:00Z/2026-01-01T00:00:00Z&limit=300000,1754631,f48e37b7f0def0297e57e7290a16bec8219474770c98f660884c96440a5b22df
https://opendataapi.dmi.dk/v2/climateData/collections/stationValue/items?stationId=29205&parameterId=acc_precip&timeResolution=day&datetime=1991-01-01T00:00:00Z/2026-01-01T00:00:00Z&limit=300000,379,d4d529ad38a6dcb3e8b378a76952487fc45ec9e5df07ef1b1803ebe82b4d30a4
https://opendataapi.dmi.dk/v2/climateData/collections/stationValue/items?stationId=29209&parameterId=acc_precip&timeResolution=day&datetime=1991-01-01T00:00:00Z/2026-01-01T00:00:00Z&limit=300000,1810178,671ba9bf06f454e00f48517be7d8921874e43978d297c20719b95f185007b57f
https://opendataapi.dmi.dk/v2/climateData/collections/stationValue/items?stationId=29210&parameterId=acc_precip&timeResolution=day&datetime=1991-01-01T00:00:00Z/2026-01-01T00:00:00Z&limit=300000,589027,06db89623009c4615e6c620206363af5dcacef6a7eed05179ce5f6180a9d27c2
https://opendataapi.dmi.dk/v2/climateData/collections/stationValue/items?stationId=29215&parameterId=acc_precip&timeResolution=day&datetime=1991-01-01T00:00:00Z/2026-01-01T00:00:00Z&limit=300000,379,679560df2fb831816fb93c27fa3ebb988ea52032c743ea38e479e3175aea8eaa
https://opendataapi.dmi.dk/v2/climateData/collections/stationValue/items?stationId=29217&parameterId=acc_precip&timeResolution=day&datetime=1991-01-01T00:00:00Z/2026-01-01T00:00:00Z&limit=300000,117718,0b941c3618e0c5bdef8e9b8460d1f5e8cfb7c738782c7aec5a10f2dd9d40c482
https://opendataapi.dmi.dk/v2/climateData/collections/stationValue/items?stationId=29220&parameterId=acc_precip&timeResolution=day&datetime=1991-01-01T00:00:00Z/2026-01-01T00:00:00Z&limit=300000,379,0cd35e2c2bcf8d68f95f757d06c4e9765b8a3264c4040d64b0e3dd2f4357ec61
https://opendataapi.dmi.dk/v2/climateData/collections/stationValue/items?stationId=29230&parameterId=acc_precip&timeResolution=day&datetime=1991-01-01T00:00:00Z/2026-01-01T00:00:00Z&limit=300000,1754623,3dd38309cd31ae720209bfa0aeb8889b910707cffadd244e40b1b43c490d242a
https://opendataapi.dmi.dk/v2/climateData/collections/stationValue/items?stationId=29243&parameterId=acc_precip&timeResolution=day&datetime=1991-01-01T00:00:00Z/2026-01-01T00:00:00Z&limit=300000,1893027,2dd247cf4f53c690befe1897979b6c2c714e178e73f38e947d9a2a06d6c47abd
https://opendataapi.dmi.dk/v2/climateData/collections/stationValue/items?stationId=29250&parameterId=acc_precip&timeResolution=day&datetime=1991-01-01T00:00:00Z/2026-01-01T00:00:00Z&limit=300000,1754635,264a06535d2948e8d23c32b86ff7f4a149975f03bae34b1184215137554f0499
https://opendataapi.dmi.dk/v2/climateData/collections/stationValue/items?stationId=29258&parameterId=acc_precip&timeResolution=day&datetime=1991-01-01T00:00:00Z/2026-01-01T00:00:00Z&limit=300000,1415242,f234ce7f6afdd61f9e3934c2b4babebb0b7f89c0840a7de19d917812c65b0b26
https://opendataapi.dmi.dk/v2/climateData/collections/stationValue/items?stationId=29260&parameterId=acc_precip&timeResolution=day&datetime=1991-01-01T00:00:00Z/2026-01-01T00:00:00Z&limit=300000,379,366863c49398e726705710e277247c093bb8fe18f67b7352d7507805463fadf3
https://opendataapi.dmi.dk/v2/climateData/collections/stationValue/items?stationId=29270&parameterId=acc_precip&timeResolution=day&datetime=1991-01-01T00:00:00Z/2026-01-01T00:00:00Z&limit=300000,379,6f7de2d5c263dbdd129ec90103f75db3aa07940db53a85691f7de7f3aa8c3888
https://opendataapi.dmi.dk/v2/climateData/collections/stationValue/items?stationId=29275&parameterId=acc_precip&timeResolution=day&datetime=1991-01-01T00:00:00Z/2026-01-01T00:00:00Z&limit=300000,1182320,5c44e5bf4f3fd6f38efd9d01b6f2c8eba91bfe78b52365111e54ad7bc30ce9ea
https://opendataapi.dmi.dk/v2/climateData/collections/stationValue/items?stationId=29290&parameterId=acc_precip&timeResolution=day&datetime=1991-01-01T00:00:00Z/2026-01-01T00:00:00Z&limit=300000,2120011,9477c8444f2a245854551d88dedaf8cffde84426335a4c8771c1f4cae59ee6f6
https://opendataapi.dmi.dk/v2/climateData/collections/stationValue/items?stationId=29300&parameterId=acc_precip&timeResolution=day&datetime=1991-01-01T00:00:00Z/2026-01-01T00:00:00Z&limit=300000,2336737,c667255158fd2aa1d87b83c6e4328c886570bc46b2622ee5c4920d15ff5b3029
https://opendataapi.dmi.dk/v2/climateData/collections/stationValue/items?stationId=29310&parameterId=acc_precip&timeResolution=day&datetime=1991-01-01T00:00:00Z/2026-01-01T00:00:00Z&limit=300000,379,f4fb821af93d2ad4de66a8da65d3cf7cabf2ad2feba0d2f3618876910a659182
https://opendataapi.dmi.dk/v2/climateData/collections/stationValue/items?stationId=29320&parameterId=acc_precip&timeResolution=day&datetime=1991-01-01T00:00:00Z/2026-01-01T00:00:00Z&limit=300000,1751640,b2baf84b82095945bc4a830464582a3aaf02745734bfebe59177708185a63481
https://opendataapi.dmi.dk/v2/climateData/collections/stationValue/items?stationId=29330&parameterId=acc_precip&timeResolution=day&datetime=1991-01-01T00:00:00Z/2026-01-01T00:00:00Z&limit=300000,2326744,67d0b247606735471b170f9b3d1c20a61267c125cdc81696210ef30aff6fa323
https://opendataapi.dmi.dk/v2/climateData/collections/stationValue/items?stationId=29335&parameterId=acc_precip&timeResolution=day&datetime=1991-01-01T00:00:00Z/2026-01-01T00:00:00Z&limit=300000,1578360,95f665863aff58d209bff41e57afa0f57db4ecc96f20f449c6f8cf357415bb79
https://opendataapi.dmi.dk/v2/climateData/collections/stationValue/items?stationId=29340&parameterId=acc_precip&timeResolution=day&datetime=1991-01-01T00:00:00Z/2026-01-01T00:00:00Z&limit=300000,455661,62a70070cbd854c9caea988841d4db3ed21f182fffc0ac40a9cd39488e9a2cc9
https://opendataapi.dmi.dk/v2/climateData/collections/stationValue/items?stationId=29350&parameterId=acc_precip&timeResolution=day&datetime=1991-01-01T00:00:00Z/2026-01-01T00:00:00Z&limit=300000,1326178,d4534854d0bfe95d6f46c868b8062394eff98220ced8738bc3850cfe43893d6a
https://opendataapi.dmi.dk/v2/climateData/collections/stationValue/items?stationId=29355&parameterId=acc_precip&timeResolution=day&datetime=1991-01-01T00:00:00Z/2026-01-01T00:00:00Z&limit=300000,1754631,128d77c3e454128fd74b7d1c40d03646f91becb4b7dd22736baab2add25669ec
https://opendataapi.dmi.dk/v2/climateData/collections/stationValue/items?stationId=29360&parameterId=acc_precip&timeResolution=day&datetime=1991-01-01T00:00:00Z/2026-01-01T00:00:00Z&limit=300000,860092,94282b306ee16cba2d4c9b126959047def814e899bdecb2e4b9418fea75ab558
https://opendataapi.dmi.dk/v2/climateData/collections/stationValue/items?stationId=29380&parameterId=acc_precip&timeResolution=day&datetime=1991-01-01T00:00:00Z/2026-01-01T00:00:00Z&limit=300000,1754604,78f89a48c92aaa04bf0aa2b83f9a58f1b2dff9139f9cdb5e118a686f7137ce33
https://opendataapi.dmi.dk/v2/climateData/collections/stationValue/items?stationId=29400&parameterId=acc_precip&timeResolution=day&datetime=1991-01-01T00:00:00Z/2026-01-01T00:00:00Z&limit=300000,1182286,0c75a36a10680c6f36369db0e464783e461a3a720ad0e5c1d76663f5c6753d24
https://opendataapi.dmi.dk/v2/climateData/collections/stationValue/items?stationId=29410&parameterId=acc_precip&timeResolution=day&datetime=1991-01-01T00:00:00Z/2026-01-01T00:00:00Z&limit=300000,2242334,3cff60491f23a4eb82b170ad32a3fae7f4d62dbcbc486711b642c314632c238e
https://opendataapi.dmi.dk/v2/climateData/collections/stationValue/items?stationId=29441&parameterId=acc_precip&timeResolution=day&datetime=1991-01-01T00:00:00Z/2026-01-01T00:00:00Z&limit=300000,1144450,ff54a18ea6892fbb1df46ef5436c09462cf1ef7ac2be769dcc35ceddb898704f
https://opendataapi.dmi.dk/v2/climateData/collections/stationValue/items?stationId=29450&parameterId=acc_precip&timeResolution=day&datetime=1991-01-01T00:00:00Z/2026-01-01T00:00:00Z&limit=300000,1754603,58540cfb01211a271436fa56224e6ef9b2049c0b973ddfd2a746185c7bc4b211
https://opendataapi.dmi.dk/v2/climateData/collections/stationValue/items?stationId=29455&parameterId=acc_precip&timeResolution=day&datetime=1991-01-01T00:00:00Z/2026-01-01T00:00:00Z&limit=300000,2404371,0c2c2c4617c65deaa71e391d73d6a30c8e80b52d6deff99d66961515f566c34a
https://opendataapi.dmi.dk/v2/climateData/collections/stationValue/items?stationId=29465&parameterId=acc_precip&timeResolution=day&datetime=1991-01-01T00:00:00Z/2026-01-01T00:00:00Z&limit=300000,2119976,d3ee42f5e8f939c2876986410a1f02827082cb537259db0b6f640d16f057c6dd
https://opendataapi.dmi.dk/v2/climateData/collections/stationValue/items?stationId=29467&parameterId=acc_precip&timeResolution=day&datetime=1991-01-01T00:00:00Z/2026-01-01T00:00:00Z&limit=300000,1184978,a0a2b8c2687d05be07e970d09546c49f3fa5293534a3475d9f9866d503e21c7f
https://opendataapi.dmi.dk/v2/climateData/collections/stationValue/items?stationId=29470&parameterId=acc_precip&timeResolution=day&datetime=1991-01-01T00:00:00Z/2026-01-01T00:00:00Z&limit=300000,401619,8b3ccfcb6a2332c18b4a9345bba904376372b549f2e1c4c2b683842bd1a51f47
https://opendataapi.dmi.dk/v2/climateData/collections/stationValue/items?stationId=29480&parameterId=acc_precip&timeResolution=day&datetime=1991-01-01T00:00:00Z/2026-01-01T00:00:00Z&limit=300000,379,b03eb2e5cf84f0a9e357c78a311665ae1c02b8d7a8abfea6e4764f3ffbef6b12
https://opendataapi.dmi.dk/v2/climateData/collections/stationValue/items?stationId=30010&parameterId=acc_precip&timeResolution=day&datetime=1991-01-01T00:00:00Z/2026-01-01T00:00:00Z&limit=300000,1266868,5968ee3cda0be6644f54449304a8030ba0f33f1a2f1a6e9ddf0197c3eecaa72f
https://opendataapi.dmi.dk/v2/climateData/collections/stationValue/items?stationId=30019&parameterId=acc_precip&timeResolution=day&datetime=1991-01-01T00:00:00Z/2026-01-01T00:00:00Z&limit=300000,1754655,ba71fe3c3523c15c567cbc30c0dfba5130872fa4943d99873836f6c1bb04903f
https://opendataapi.dmi.dk/v2/climateData/collections/stationValue/items?stationId=30021&parameterId=acc_precip&timeResolution=day&datetime=1991-01-01T00:00:00Z/2026-01-01T00:00:00Z&limit=300000,379,c1925e14b686c56d141a6378153f8a41652ead6fcb0c9648760fff3ca51ae71a
https://opendataapi.dmi.dk/v2/climateData/collections/stationValue/items?stationId=30026&parameterId=acc_precip&timeResolution=day&datetime=1991-01-01T00:00:00Z/2026-01-01T00:00:00Z&limit=300000,1716460,be6eba6a3383e75c4e1c98d6dcae6daca524c6b72df5d5b394389566c366d403
https://opendataapi.dmi.dk/v2/climateData/collections/stationValue/items?stationId=30030&parameterId=acc_precip&timeResolution=day&datetime=1991-01-01T00:00:00Z/2026-01-01T00:00:00Z&limit=300000,2147118,67ff0c279fd14b6ddc8d74a1189be5208fed5c40aec6ee6ec36613c4faf89e10
https://opendataapi.dmi.dk/v2/climateData/collections/stationValue/items?stationId=30035&parameterId=acc_precip&timeResolution=day&datetime=1991-01-01T00:00:00Z/2026-01-01T00:00:00Z&limit=300000,379,e18aa9300b4d729072b261bb78726c565d4d3d7f9ba6f3b82bdd600c44f3bd92
https://opendataapi.dmi.dk/v2/climateData/collections/stationValue/items?stationId=30050&parameterId=acc_precip&timeResolution=day&datetime=1991-01-01T00:00:00Z/2026-01-01T00:00:00Z&limit=300000,1709849,46505b311a478a77169b859180bb7e5b7b8956e0ff44e5c02ac5cc0af8bb8ca9
https://opendataapi.dmi.dk/v2/climateData/collections/stationValue/items?stationId=30055&parameterId=acc_precip&timeResolution=day&datetime=1991-01-01T00:00:00Z/2026-01-01T00:00:00Z&limit=300000,1192075,413923073f5ac347bb54db7a82cc87dc7b0328b3c672d7cfb902a90ca8fe75ee
https://opendataapi.dmi.dk/v2/climateData/collections/stationValue/items?stationId=30070&parameterId=acc_precip&timeResolution=day&datetime=1991-01-01T00:00:00Z/2026-01-01T00:00:00Z&limit=300000,617405,3a6f6bfa40f0bd86c3f3a79a00ce83a815587c1b707ce1706904c7c1ac602951
https://opendataapi.dmi.dk/v2/climateData/collections/stationValue/items?stationId=30075&parameterId=acc_precip&timeResolution=day&datetime=1991-01-01T00:00:00Z/2026-01-01T00:00:00Z&limit=300000,3099328,632b0b52d861bf012c02999dc58d2b9f99a423327c1de76c8010f59e5a9f1ddb
https://opendataapi.dmi.dk/v2/climateData/collections/stationValue/items?stationId=30078&parameterId=acc_precip&timeResolution=day&datetime=1991-01-01T00:00:00Z/2026-01-01T00:00:00Z&limit=300000,1372348,b5928f3b4a11e49202a7a1e9b41e2f43ae79c4995aa7aa88464b8a483309b546
https://opendataapi.dmi.dk/v2/climateData/collections/stationValue/items?stationId=30081&parameterId=acc_precip&timeResolution=day&datetime=1991-01-01T00:00:00Z/2026-01-01T00:00:00Z&limit=300000,1750701,66e9c8334d75c37a445d0f4ffdb7e4e3c080c1c4e70f3a21885654d56e71c287
https://opendataapi.dmi.dk/v2/climateData/collections/stationValue/items?stationId=30082&parameterId=acc_precip&timeResolution=day&datetime=1991-01-01T00:00:00Z/2026-01-01T00:00:00Z&limit=300000,379,6e95f8be1bae22ee7f1441b13442b97e4f0bbb077b9f9f6c5a5f4e023c8e570e
https://opendataapi.dmi.dk/v2/climateData/collections/stationValue/items?stationId=30087&parameterId=acc_precip&timeResolution=day&datetime=1991-01-01T00:00:00Z/2026-01-01T00:00:00Z&limit=300000,888086,126c4161f315f02868edbb78d0ad3e45fb97a2b334d05427dcd55859528abab1
https://opendataapi.dmi.dk/v2/climateData/collections/stationValue/items?stationId=30089&parameterId=acc_precip&timeResolution=day&datetime=1991-01-01T00:00:00Z/2026-01-01T00:00:00Z&limit=300000,1157837,c1b4f3be44649b2ad1c488553618f03fa759917f121797cf4541952915b89dbb
https://opendataapi.dmi.dk/v2/climateData/collections/stationValue/items?stationId=30105&parameterId=acc_precip&timeResolution=day&datetime=1991-01-01T00:00:00Z/2026-01-01T00:00:00Z&limit=300000,1347887,1d11bb4766fbe992cdcbad087e3f771022adba8356b854d0fd6be8b44097809a
https://opendataapi.dmi.dk/v2/climateData/collections/stationValue/items?stationId=30108&parameterId=acc_precip&timeResolution=day&datetime=1991-01-01T00:00:00Z/2026-01-01T00:00:00Z&limit=300000,1239725,28c47de37c99e729e48a2e5877516eb8ac89812708972ea93494d1b5b456cf56
https://opendataapi.dmi.dk/v2/climateData/collections/stationValue/items?stationId=30110&parameterId=acc_precip&timeResolution=day&datetime=1991-01-01T00:00:00Z/2026-01-01T00:00:00Z&limit=300000,379,a213e307d01e821e7d01235ca2135b16861ae8617cee08e56db60c79d01d5cde
https://opendataapi.dmi.dk/v2/climateData/collections/stationValue/items?stationId=30111&parameterId=acc_precip&timeResolution=day&datetime=1991-01-01T00:00:00Z/2026-01-01T00:00:00Z&limit=300000,417669,38a3c2982866172cc9e85fa52f8dfe66a75ba86c7f372b8591bccb661fe0100f
https://opendataapi.dmi.dk/v2/climateData/collections/stationValue/items?stationId=30115&parameterId=acc_precip&timeResolution=day&datetime=1991-01-01T00:00:00Z/2026-01-01T00:00:00Z&limit=300000,379,3a7bf8380bd68a35de82241d72cada6b99b8bbb5b63f5d70d1cfc6d828b75e3d
https://opendataapi.dmi.dk/v2/climateData/collections/stationValue/items?stationId=30122&parameterId=acc_precip&timeResolution=day&datetime=1991-01-01T00:00:00Z/2026-01-01T00:00:00Z&limit=300000,941989,15de03e9f8d874d73c674d4622523216731c1221cd5c065efda47aca5585fe27
https://opendataapi.dmi.dk/v2/climateData/collections/stationValue/items?stationId=30123&parameterId=acc_precip&timeResolution=day&datetime=1991-01-01T00:00:00Z/2026-01-01T00:00:00Z&limit=300000,948175,01b13c7c1d358b3b11e84ad821fe8c472d96e5e4d37350059656339ad1fd8c36
https://opendataapi.dmi.dk/v2/climateData/collections/stationValue/items?stationId=30130&parameterId=acc_precip&timeResolution=day&datetime=1991-01-01T00:00:00Z/2026-01-01T00:00:00Z&limit=300000,2120021,d938a28cc7a0ef63d23bca393e6663da92855a2b1542ca63e3b626d3751dacd3
https://opendataapi.dmi.dk/v2/climateData/collections/stationValue/items?stationId=30140&parameterId=acc_precip&timeResolution=day&datetime=1991-01-01T00:00:00Z/2026-01-01T00:00:00Z&limit=300000,1753236,545712b6b3edb96d59ec119822c7d30720d14272b6955b538b6845bf30751868
https://opendataapi.dmi.dk/v2/climateData/collections/stationValue/items?stationId=30146&parameterId=acc_precip&timeResolution=day&datetime=1991-01-01T00:00:00Z/2026-01-01T00:00:00Z&limit=300000,894772,a5053b2d2c366626e441f299214a98c9f5e90408757fd69a2cf34b8650db331b
https://opendataapi.dmi.dk/v2/climateData/collections/stationValue/items?stationId=30148&parameterId=acc_precip&timeResolution=day&datetime=1991-01-01T00:00:00Z/2026-01-01T00:00:00Z&limit=300000,1454109,0153db6451e08785d0538053ec0575072498aac1b913b193ec7a5a9d9479d9d9
https://opendataapi.dmi.dk/v2/climateData/collections/stationValue/items?stationId=30150&parameterId=acc_precip&timeResolution=day&datetime=1991-01-01T00:00:00Z/2026-01-01T00:00:00Z&limit=300000,379,7e3b2378be4193db73e5edc01688abe5feb1cce4b4a914e3b160969001e8da55
https://opendataapi.dmi.dk/v2/climateData/collections/stationValue/items?stationId=30164&parameterId=acc_precip&timeResolution=day&datetime=1991-01-01T00:00:00Z/2026-01-01T00:00:00Z&limit=300000,1026190,893d11bd6e2ab942042d25b21c2728f8c61320c76521a9784d34c16c10b4357c
https://opendataapi.dmi.dk/v2/climateData/collections/stationValue/items?stationId=30165&parameterId=acc_precip&timeResolution=day&datetime=1991-01-01T00:00:00Z/2026-01-01T00:00:00Z&limit=300000,379,4405c81e91631b21b980e74bace06b148da309ceba76f8b30d27e0702c94ffc7
https://opendataapi.dmi.dk/v2/climateData/collections/stationValue/items?stationId=30170&parameterId=acc_precip&timeResolution=day&datetime=1991-01-01T00:00:00Z/2026-01-01T00:00:00Z&limit=300000,379,43b11d79b8854d6a59f5d0b42b103ba00e27d572f579e216fb02741171801d80
https://opendataapi.dmi.dk/v2/climateData/collections/stationValue/items?stationId=30180&parameterId=acc_precip&timeResolution=day&datetime=1991-01-01T00:00:00Z/2026-01-01T00:00:00Z&limit=300000,2120081,397d00d44d5ff40132a77434d00d7dfbf88d7e6bacbac4f3f0664c28f2ec0a8e
https://opendataapi.dmi.dk/v2/climateData/collections/stationValue/items?stationId=30186&parameterId=acc_precip&timeResolution=day&datetime=1991-01-01T00:00:00Z/2026-01-01T00:00:00Z&limit=300000,1144495,910a754ca71c3699037279dc9b523d89bad76faabf376a655fb82e4c8cea0f9d
https://opendataapi.dmi.dk/v2/climateData/collections/stationValue/items?stationId=30188&parameterId=acc_precip&timeResolution=day&datetime=1991-01-01T00:00:00Z/2026-01-01T00:00:00Z&limit=300000,1196557,b0ab00a90e273c8272aa965a721a557ab616ab0be6bf067504cd21348f504627
https://opendataapi.dmi.dk/v2/climateData/collections/stationValue/items?stationId=30190&parameterId=acc_precip&timeResolution=day&datetime=1991-01-01T00:00:00Z/2026-01-01T00:00:00Z&limit=300000,379,f30261d5b4958d25e623f25600bed552fb6bf47bdd38372de56714328624dea7
https://opendataapi.dmi.dk/v2/climateData/collections/stationValue/items?stationId=30205&parameterId=acc_precip&timeResolution=day&datetime=1991-01-01T00:00:00Z/2026-01-01T00:00:00Z&limit=300000,94151,48264fca4f9e9eb0826c00e133aac4c6fc941e5befb3e41b3eff78f92c24b588
https://opendataapi.dmi.dk/v2/climateData/collections/stationValue/items?stationId=30214&parameterId=acc_precip&timeResolution=day&datetime=1991-01-01T00:00:00Z/2026-01-01T00:00:00Z&limit=300000,2398988,072a077f65ae22ee17d23a48e024cd9f33e6b52dbf89ccf2e5a932e87658749f
https://opendataapi.dmi.dk/v2/climateData/collections/stationValue/items?stationId=30216&parameterId=acc_precip&timeResolution=day&datetime=1991-01-01T00:00:00Z/2026-01-01T00:00:00Z&limit=300000,793347,b75644d567fe29825315bc146143a9587afa53a1857c57d6ab4162f8c4a6d58a
https://opendataapi.dmi.dk/v2/climateData/collections/stationValue/items?stationId=30220&parameterId=acc_precip&timeResolution=day&datetime=1991-01-01T00:00:00Z/2026-01-01T00:00:00Z&limit=300000,211967,de032e19aee899c7127fc8e0871d617662622a3707d371b118e003b62b06d3d7
https://opendataapi.dmi.dk/v2/climateData/collections/stationValue/items?stationId=30230&parameterId=acc_precip&timeResolution=day&datetime=1991-01-01T00:00:00Z/2026-01-01T00:00:00Z&limit=300000,2242446,33749ec27705773c400824538f4c73abce7343e8a4ecfa5741d83e2c62f50b81
https://opendataapi.dmi.dk/v2/climateData/collections/stationValue/items?stationId=30240&parameterId=acc_precip&timeResolution=day&datetime=1991-01-01T00:00:00Z/2026-01-01T00:00:00Z&limit=300000,1740844,eecfa49b031ebc33744674c13bb8ce59238de90bdfd865c2dec143046ff45eee
https://opendataapi.dmi.dk/v2/climateData/collections/stationValue/items?stationId=30250&parameterId=acc_precip&timeResolution=day&datetime=1991-01-01T00:00:00Z/2026-01-01T00:00:00Z&limit=300000,379,1cd23dc76464a4c5c9864675e20cb984b175ce213134ec4049a1985d33f5b5d8
https://opendataapi.dmi.dk/v2/climateData/collections/stationValue/items?stationId=30270&parameterId=acc_precip&timeResolution=day&datetime=1991-01-01T00:00:00Z/2026-01-01T00:00:00Z&limit=300000,379,ee7bba8e065383eed5dd22214047e4613acc2e58ac7428934d733a6014c04ca1
https://opendataapi.dmi.dk/v2/climateData/collections/stationValue/items?stationId=30275&parameterId=acc_precip&timeResolution=day&datetime=1991-01-01T00:00:00Z/2026-01-01T00:00:00Z&limit=300000,2266938,1f0d5a3b45245620271a4cb76145dae45429328dab4b67c2900c257ba5b7c81f
https://opendataapi.dmi.dk/v2/climateData/collections/stationValue/items?stationId=30290&parameterId=acc_precip&timeResolution=day&datetime=1991-01-01T00:00:00Z/2026-01-01T00:00:00Z&limit=300000,1752013,4d39f52b3f215166bec6684d3b562859faa793bb7f1b1dfcb6162c45af8ecd1c
https://opendataapi.dmi.dk/v2/climateData/collections/stationValue/items?stationId=30300&parameterId=acc_precip&timeResolution=day&datetime=1991-01-01T00:00:00Z/2026-01-01T00:00:00Z&limit=300000,1454446,d8409661a13fe46e3c320db32a4bdc8a9caf6329e14943d284edfdc62b2e431e
https://opendataapi.dmi.dk/v2/climateData/collections/stationValue/items?stationId=30308&parameterId=acc_precip&timeResolution=day&datetime=1991-01-01T00:00:00Z/2026-01-01T00:00:00Z&limit=300000,379,ba34f35c4e4a1d8347d7aa99803254a08b05b30e2d612e2d90af7bd2b3156a4f
https://opendataapi.dmi.dk/v2/climateData/collections/stationValue/items?stationId=30310&parameterId=acc_precip&timeResolution=day&datetime=1991-01-01T00:00:00Z/2026-01-01T00:00:00Z&limit=300000,1754664,9e53312418f0985483034427d1ea1ba096ececd3c697f056a9c45cd69aeef03f
https://opendataapi.dmi.dk/v2/climateData/collections/stationValue/items?stationId=30320&parameterId=acc_precip&timeResolution=day&datetime=1991-01-01T00:00:00Z/2026-01-01T00:00:00Z&limit=300000,1754680,fc57eeb50d4f2d3a15323fc3b84f5ec6a0e01ef768de16b44dc7ee44f502d446
https://opendataapi.dmi.dk/v2/climateData/collections/stationValue/items?stationId=30360&parameterId=acc_precip&timeResolution=day&datetime=1991-01-01T00:00:00Z/2026-01-01T00:00:00Z&limit=300000,2119990,878322dc24866e24468390eeccba83afa663220f38e3c5334ad828e456636278
https://opendataapi.dmi.dk/v2/climateData/collections/stationValue/items?stationId=30370&parameterId=acc_precip&timeResolution=day&datetime=1991-01-01T00:00:00Z/2026-01-01T00:00:00Z&limit=300000,2404395,974f3387fa0a70c7cb5d96211d9aea873a5c6602831b38ccf2851dbdb9cd2f43
https://opendataapi.dmi.dk/v2/climateData/collections/stationValue/items?stationId=30380&parameterId=acc_precip&timeResolution=day&datetime=1991-01-01T00:00:00Z/2026-01-01T00:00:00Z&limit=300000,212440,7af383b3cbc2820481c83f509ada92857d60ac380604c12f4c3888c1a0ece9a7
https://opendataapi.dmi.dk/v2/climateData/collections/stationValue/items?stationId=30382&parameterId=acc_precip&timeResolution=day&datetime=1991-01-01T00:00:00Z/2026-01-01T00:00:00Z&limit=300000,2002705,e49a3f5d24535488a5323f710820afa426158f10c4ced1f9a7027d3e8832d6b5
https://opendataapi.dmi.dk/v2/climateData/collections/stationValue/items?stationId=30385&parameterId=acc_precip&timeResolution=day&datetime=1991-01-01T00:00:00Z/2026-01-01T00:00:00Z&limit=300000,379,b55af988c0f35ed921002f6b689ca637b832f21346233c068523d5c7ac6990bf
https://opendataapi.dmi.dk/v2/climateData/collections/stationValue/items?stationId=30390&parameterId=acc_precip&timeResolution=day&datetime=1991-01-01T00:00:00Z/2026-01-01T00:00:00Z&limit=300000,1750680,f749da1b5077f7f73c72d00ac27b8af86fc50ec65396110a2d862421f50af9a9
https://opendataapi.dmi.dk/v2/climateData/collections/stationValue/items?stationId=30410&parameterId=acc_precip&timeResolution=day&datetime=1991-01-01T00:00:00Z/2026-01-01T00:00:00Z&limit=300000,2120019,a4d133cee8a3a42ec4a91a107fefce2d270d637655d3a05fd640e71169a8cb90
https://opendataapi.dmi.dk/v2/climateData/collections/stationValue/items?stationId=30430&parameterId=acc_precip&timeResolution=day&datetime=1991-01-01T00:00:00Z/2026-01-01T00:00:00Z&limit=300000,1754188,1974123afa5d47aa9a8dcdf7e63e2c329a8970a5209528067810b219cfcef174
https://opendataapi.dmi.dk/v2/climateData/collections/stationValue/items?stationId=30435&parameterId=acc_precip&timeResolution=day&datetime=1991-01-01T00:00:00Z/2026-01-01T00:00:00Z&limit=300000,1727056,880f311e2f86d63928e1c08364374a89bd7d2f5fe363c9e3c4a8c0f92757ebd1
https://opendataapi.dmi.dk/v2/climateData/collections/stationValue/items?stationId=30440&parameterId=acc_precip&timeResolution=day&datetime=1991-01-01T00:00:00Z/2026-01-01T00:00:00Z&limit=300000,1456013,565daa33a8cfee4dab1452b9b30a45b7853c38dd88985a717c5abe4a0db8ab0f
https://opendataapi.dmi.dk/v2/climateData/collections/stationValue/items?stationId=30450&parameterId=acc_precip&timeResolution=day&datetime=1991-01-01T00:00:00Z/2026-01-01T00:00:00Z&limit=300000,2336764,60842764492219850cd4e2616b67adcd7fb18d87113179593020e879dee06dc9
https://opendataapi.dmi.dk/v2/climateData/collections/stationValue/items?stationId=30455&parameterId=acc_precip&timeResolution=day&datetime=1991-01-01T00:00:00Z/2026-01-01T00:00:00Z&limit=300000,959079,6d3fd0526e6bf3ed36cbf426d665a5cbaf6ae5c7be044a08df18252fa25ea4f5
https://opendataapi.dmi.dk/v2/climateData/collections/stationValue/items?stationId=30470&parameterId=acc_precip&timeResolution=day&datetime=1991-01-01T00:00:00Z/2026-01-01T00:00:00Z&limit=300000,1754649,77b8ec329364906e37bfa92d662927aeadddee4b40b1ec587cea4cfe80dcf9d8
https://opendataapi.dmi.dk/v2/climateData/collections/stationValue/items?stationId=30480&parameterId=acc_precip&timeResolution=day&datetime=1991-01-01T00:00:00Z/2026-01-01T00:00:00Z&limit=300000,2119980,afaea513bd2d539b6b30ffeb246da6bedabfe17bf1185ea8375f2ad955918200
https://opendataapi.dmi.dk/v2/climateData/collections/stationValue/items?stationId=30483&parameterId=acc_precip&timeResolution=day&datetime=1991-01-01T00:00:00Z/2026-01-01T00:00:00Z&limit=300000,760813,6c2b0ebd7878b631d07d8c0326632262227c99b9d0aed86beedbd241089198c6
https://opendataapi.dmi.dk/v2/climateData/collections/stationValue/items?stationId=30490&parameterId=acc_precip&timeResolution=day&datetime=1991-01-01T00:00:00Z/2026-01-01T00:00:00Z&limit=300000,1535936,a77e2b168270788d9592b1967133eef184d67f537d4a6875cd0119383929e5a0
https://opendataapi.dmi.dk/v2/climateData/collections/stationValue/items?stationId=30500&parameterId=acc_precip&timeResolution=day&datetime=1991-01-01T00:00:00Z/2026-01-01T00:00:00Z&limit=300000,379,9759c7da98acb8f154ef40a3871bbb3696e7ffe59a826896d2a80b14955700ad
https://opendataapi.dmi.dk/v2/climateData/collections/stationValue/items?stationId=30510&parameterId=acc_precip&timeResolution=day&datetime=1991-01-01T00:00:00Z/2026-01-01T00:00:00Z&limit=300000,1754603,1281c9b651efeb03f313e9e056ff133a309e37a8c3d8836a147c447fb69dfc1f
https://opendataapi.dmi.dk/v2/climateData/collections/stationValue/items?stationId=31010&parameterId=acc_precip&timeResolution=day&datetime=1991-01-01T00:00:00Z/2026-01-01T00:00:00Z&limit=300000,1361652,27bcb5744d4366783b52d0ddfd477fb4c394e77e841dfe5143ee610c6da02b1c
https://opendataapi.dmi.dk/v2/climateData/collections/stationValue/items?stationId=31020&parameterId=acc_precip&timeResolution=day&datetime=1991-01-01T00:00:00Z/2026-01-01T00:00:00Z&limit=300000,379,3a4cd297e7435197b0b5b68bb7b8c5ff6aa74fae47e9a3c428f748a2400bdb92
https://opendataapi.dmi.dk/v2/climateData/collections/stationValue/items?stationId=31025&parameterId=acc_precip&timeResolution=day&datetime=1991-01-01T00:00:00Z/2026-01-01T00:00:00Z&limit=300000,379,a53c0775ba6e48121ec25091c6a2bb0970d7180ca2695755a81211e6f8f09b57
https://opendataapi.dmi.dk/v2/climateData/collections/stationValue/items?stationId=31030&parameterId=acc_precip&timeResolution=day&datetime=1991-01-01T00:00:00Z/2026-01-01T00:00:00Z&limit=300000,379,9f1dbf2d531f1f3e5e37db53350e7713ccc9f6b68c020a2da675741adb1fe234
https://opendataapi.dmi.dk/v2/climateData/collections/stationValue/items?stationId=31035&parameterId=acc_precip&timeResolution=day&datetime=1991-01-01T00:00:00Z/2026-01-01T00:00:00Z&limit=300000,379,62c6422bbc14c8a379e46bfab3f8ba6b41ce09e31d0156c0146a98efa85f04b7
https://opendataapi.dmi.dk/v2/climateData/collections/stationValue/items?stationId=31040&parameterId=acc_precip&timeResolution=day&datetime=1991-01-01T00:00:00Z/2026-01-01T00:00:00Z&limit=300000,2922553,8ee955c1e2562e805868ce6150d895e11a4cd6944b28fac312b6f44c6d4f887a
https://opendataapi.dmi.dk/v2/climateData/collections/stationValue/items?stationId=31050&parameterId=acc_precip&timeResolution=day&datetime=1991-01-01T00:00:00Z/2026-01-01T00:00:00Z&limit=300000,379,e53f3541eb327bac3a5cdb2ecc02baf75764b76914ba7b47394cadc8879c4cb7
https://opendataapi.dmi.dk/v2/climateData/collections/stationValue/items?stationId=31060&parameterId=acc_precip&timeResolution=day&datetime=1991-01-01T00:00:00Z/2026-01-01T00:00:00Z&limit=300000,1754612,199f79130a370055a7312aac102069123f4c77e9a8f9d1038135c7bc4e64561b
https://opendataapi.dmi.dk/v2/climateData/collections/stationValue/items?stationId=31070&parameterId=acc_precip&timeResolution=day&datetime=1991-01-01T00:00:00Z/2026-01-01T00:00:00Z&limit=300000,379,b037d067b55342c8fe31b6c0c38016cee77181ace7d4de146b36153c0a90554e
https://opendataapi.dmi.dk/v2/climateData/collections/stationValue/items?stationId=31080&parameterId=acc_precip&timeResolution=day&datetime=1991-01-01T00:00:00Z/2026-01-01T00:00:00Z&limit=300000,2404408,37d8cbe00009c93f2123d78bcc6f9ed7bfc1eae93dba6eff2f04b4f06ee51f4f
https://opendataapi.dmi.dk/v2/climateData/collections/stationValue/items?stationId=31085&parameterId=acc_precip&timeResolution=day&datetime=1991-01-01T00:00:00Z/2026-01-01T00:00:00Z&limit=300000,379,43e77dad0ed11556c5b25c18ad7a5b14550ee121418832a769a664a51d9cecc7
https://opendataapi.dmi.dk/v2/climateData/collections/stationValue/items?stationId=31095&parameterId=acc_precip&timeResolution=day&datetime=1991-01-01T00:00:00Z/2026-01-01T00:00:00Z&limit=300000,1717849,0b03ba90c9a3b3bcca5f83542babfbeefc215a408c398395240d1d87e0aaf460
https://opendataapi.dmi.dk/v2/climateData/collections/stationValue/items?stationId=31100&parameterId=acc_precip&timeResolution=day&datetime=1991-01-01T00:00:00Z/2026-01-01T00:00:00Z&limit=300000,379,f98f4b14a2ad1ae03033b3a0a71e4929c71ec00f21e91c3eabb08708827e3859
https://opendataapi.dmi.dk/v2/climateData/collections/stationValue/items?stationId=31103&parameterId=acc_precip&timeResolution=day&datetime=1991-01-01T00:00:00Z/2026-01-01T00:00:00Z&limit=300000,379,d0d928a624ccb191be5a70a6624ffe0fa7f432bba0e421fec73f660d5eda1e22
https://opendataapi.dmi.dk/v2/climateData/collections/stationValue/items?stationId=31110&parameterId=acc_precip&timeResolution=day&datetime=1991-01-01T00:00:00Z/2026-01-01T00:00:00Z&limit=300000,1036322,7309c4b569f882699a381ed40fa770dbbdfe4b2dbaca22ab8e659a966325e025
https://opendataapi.dmi.dk/v2/climateData/collections/stationValue/items?stationId=31120&parameterId=acc_precip&timeResolution=day&datetime=1991-01-01T00:00:00Z/2026-01-01T00:00:00Z&limit=300000,1700339,e00ac0debe09d542778aa372555056062c6cf8b0e7410f98202b43a94cf89af1
https://opendataapi.dmi.dk/v2/climateData/collections/stationValue/items?stationId=31141&parameterId=acc_precip&timeResolution=day&datetime=1991-01-01T00:00:00Z/2026-01-01T00:00:00Z&limit=300000,1750672,610655281e8518acc3377f8dc28719b1d84dcc38ba3b386ef84365a3b8e74aa3
https://opendataapi.dmi.dk/v2/climateData/collections/stationValue/items?stationId=31149&parameterId=acc_precip&timeResolution=day&datetime=1991-01-01T00:00:00Z/2026-01-01T00:00:00Z&limit=300000,1754624,528f8281650aa5ed34f55cae9592eedc0a1ac98ca22d2b81ce957b09380ae1a0
https://opendataapi.dmi.dk/v2/climateData/collections/stationValue/items?stationId=31160&parameterId=acc_precip&timeResolution=day&datetime=1991-01-01T00:00:00Z/2026-01-01T00:00:00Z&limit=300000,2120004,9256e77538903517e9566e7d1e91e0ad5486adf4ba366c9937242c262db9e774
https://opendataapi.dmi.dk/v2/climateData/collections/stationValue/items?stationId=31164&parameterId=acc_precip&timeResolution=day&datetime=1991-01-01T00:00:00Z/2026-01-01T00:00:00Z&limit=300000,1850745,021e2f1e3eed1004533cd32aec3f9dc711d0eb6f4d4fe6b989be229c23d5a442
https://opendataapi.dmi.dk/v2/climateData/collections/stationValue/items?stationId=31165&parameterId=acc_precip&timeResolution=day&datetime=1991-01-01T00:00:00Z/2026-01-01T00:00:00Z&limit=300000,379,ad9603ead68feccf9114cb6b84184ce5411f2983a42e924c3416fa5d567ecedc
https://opendataapi.dmi.dk/v2/climateData/collections/stationValue/items?stationId=31170&parameterId=acc_precip&timeResolution=day&datetime=1991-01-01T00:00:00Z/2026-01-01T00:00:00Z&limit=300000,2211959,7624817653f9e00f6265226ccc1e599a9765d64c47b5dd567c95888c189f4066
https://opendataapi.dmi.dk/v2/climateData/collections/stationValue/items?stationId=31185&parameterId=acc_precip&timeResolution=day&datetime=1991-01-01T00:00:00Z/2026-01-01T00:00:00Z&limit=300000,2435792,92526ed145cf77cd00455fe99a955fea1ff4ff1d9984e57ba847c2b82af3a795
https://opendataapi.dmi.dk/v2/climateData/collections/stationValue/items?stationId=31190&parameterId=acc_precip&timeResolution=day&datetime=1991-01-01T00:00:00Z/2026-01-01T00:00:00Z&limit=300000,661609,33c0da65537340fe4f9399473013b3659569d20babf22cb4d1b9742beeff4904
https://opendataapi.dmi.dk/v2/climateData/collections/stationValue/items?stationId=31199&parameterId=acc_precip&timeResolution=day&datetime=1991-01-01T00:00:00Z/2026-01-01T00:00:00Z&limit=300000,2262626,0ef1656e37a178816e71024561ab7b08030b27c9f59e34ee6febf915f1dd8d78
https://opendataapi.dmi.dk/v2/climateData/collections/stationValue/items?stationId=31200&parameterId=acc_precip&timeResolution=day&datetime=1991-01-01T00:00:00Z/2026-01-01T00:00:00Z&limit=300000,379,4b28eb505ba3685c815afe097d5ea6af6f3b378daaf0e4435b72fd21abffea67
https://opendataapi.dmi.dk/v2/climateData/collections/stationValue/items?stationId=31210&parameterId=acc_precip&timeResolution=day&datetime=1991-01-01T00:00:00Z/2026-01-01T00:00:00Z&limit=300000,1754627,902dfc7242b0abd91c0c5857439001942090d4f9fe28b67326b087659940be0f
https://opendataapi.dmi.dk/v2/climateData/collections/stationValue/items?stationId=31218&parameterId=acc_precip&timeResolution=day&datetime=1991-01-01T00:00:00Z/2026-01-01T00:00:00Z&limit=300000,1754652,afe2eadf8966b13d85a00432df15eb94d9be368e3504131da8ae376879b7d86a
https://opendataapi.dmi.dk/v2/climateData/collections/stationValue/items?stationId=31225&parameterId=acc_precip&timeResolution=day&datetime=1991-01-01T00:00:00Z/2026-01-01T00:00:00Z&limit=300000,1300643,a880ca8b42a2db234322254c5292324294884a2c6035405c21710797abf59270
https://opendataapi.dmi.dk/v2/climateData/collections/stationValue/items?stationId=31230&parameterId=acc_precip&timeResolution=day&datetime=1991-01-01T00:00:00Z/2026-01-01T00:00:00Z&limit=300000,1690985,b4793c7393649dd53ce1a8c50ec88d415dd4cd6b78a0164b853b4b8584d7d8f7
https://opendataapi.dmi.dk/v2/climateData/collections/stationValue/items?stationId=31240&parameterId=acc_precip&timeResolution=day&datetime=1991-01-01T00:00:00Z/2026-01-01T00:00:00Z&limit=300000,1754632,2aa6c748d01e504559d7891ac4303ae5d9d0793491ef09a4d50d49e3b52d6299
https://opendataapi.dmi.dk/v2/climateData/collections/stationValue/items?stationId=31260&parameterId=acc_precip&timeResolution=day&datetime=1991-01-01T00:00:00Z/2026-01-01T00:00:00Z&limit=300000,2310659,bb4155f925eb930306164b969b8f5f64837da12b5839bfbfd369b6360aedb492
https://opendataapi.dmi.dk/v2/climateData/collections/stationValue/items?stationId=31265&parameterId=acc_precip&timeResolution=day&datetime=1991-01-01T00:00:00Z/2026-01-01T00:00:00Z&limit=300000,2066143,7a06f152c29eea21f28067a537cf9394801342c905276ded57c827ab9a21600e
https://opendataapi.dmi.dk/v2/climateData/collections/stationValue/items?stationId=31270&parameterId=acc_precip&timeResolution=day&datetime=1991-01-01T00:00:00Z/2026-01-01T00:00:00Z&limit=300000,1778937,7ac1919ba7b399390dae5e361eeeeaf0329bf4dcd70d1434bafc83a313c86132
https://opendataapi.dmi.dk/v2/climateData/collections/stationValue/items?stationId=31285&parameterId=acc_precip&timeResolution=day&datetime=1991-01-01T00:00:00Z/2026-01-01T00:00:00Z&limit=300000,2404358,6021cb1cebb147d6145dd82bb761d62a9ad397cc9881ec05292134195892b2eb
https://opendataapi.dmi.dk/v2/climateData/collections/stationValue/items?stationId=31290&parameterId=acc_precip&timeResolution=day&datetime=1991-01-01T00:00:00Z/2026-01-01T00:00:00Z&limit=300000,379,90191053d69174ff5be2f7a37abd3e3097ea794d518442fbfcbbe65511abb790
https://opendataapi.dmi.dk/v2/climateData/collections/stationValue/items?stationId=31305&parameterId=acc_precip&timeResolution=day&datetime=1991-01-01T00:00:00Z/2026-01-01T00:00:00Z&limit=300000,2242385,5412185ac9d3349a436ac202b92a0dc036a4c99748b95b70899bb965e230a5ef
https://opendataapi.dmi.dk/v2/climateData/collections/stationValue/items?stationId=31310&parameterId=acc_precip&timeResolution=day&datetime=1991-01-01T00:00:00Z/2026-01-01T00:00:00Z&limit=300000,379,83e8ca9127b42ad7f5e7a609be5d7b144d80bb272335a5350e4126a19702bb6f
https://opendataapi.dmi.dk/v2/climateData/collections/stationValue/items?stationId=31313&parameterId=acc_precip&timeResolution=day&datetime=1991-01-01T00:00:00Z/2026-01-01T00:00:00Z&limit=300000,189381,1d4ab1c097601376118fdafe6ae225aee18be3ef1b1768b3cb36bdeba9625824
https://opendataapi.dmi.dk/v2/climateData/collections/stationValue/items?stationId=31329&parameterId=acc_precip&timeResolution=day&datetime=1991-01-01T00:00:00Z/2026-01-01T00:00:00Z&limit=300000,2404350,fe9ac8c94ac253034c4bb6b60ca295477ff86e16c2044ce1ee785b9b587ab5e4
https://opendataapi.dmi.dk/v2/climateData/collections/stationValue/items?stationId=31340&parameterId=acc_precip&timeResolution=day&datetime=1991-01-01T00:00:00Z/2026-01-01T00:00:00Z&limit=300000,91490,85c625c08d3291d40ae57165478ebe1cf1df75d5e931ea2ea9fc76e724edfff3
https://opendataapi.dmi.dk/v2/climateData/collections/stationValue/items?stationId=31350&parameterId=acc_precip&timeResolution=day&datetime=1991-01-01T00:00:00Z/2026-01-01T00:00:00Z&limit=300000,2922549,3d449c7bcc9e8569ccd9ef56998b848d28ed3a21c84438e598e0a1915938a276
https://opendataapi.dmi.dk/v2/climateData/collections/stationValue/items?stationId=31360&parameterId=acc_precip&timeResolution=day&datetime=1991-01-01T00:00:00Z/2026-01-01T00:00:00Z&limit=300000,689834,12d625f5bf744099489de18b457029183426963a77e1b4498a13d6e2674aeb50
https://opendataapi.dmi.dk/v2/climateData/collections/stationValue/items?stationId=31362&parameterId=acc_precip&timeResolution=day&datetime=1991-01-01T00:00:00Z/2026-01-01T00:00:00Z&limit=300000,939833,a0e8b6d370e92d738aadfaf531ea01937fc6c2455b7874407d51e17c0c2c51f5
https://opendataapi.dmi.dk/v2/climateData/collections/stationValue/items?stationId=31363&parameterId=acc_precip&timeResolution=day&datetime=1991-01-01T00:00:00Z/2026-01-01T00:00:00Z&limit=300000,1138180,8a7eeb511446d67eedff3333f63cefc66995dd569e6e5f37ccccdbafaa119b35
https://opendataapi.dmi.dk/v2/climateData/collections/stationValue/items?stationId=31365&parameterId=acc_precip&timeResolution=day&datetime=1991-01-01T00:00:00Z/2026-01-01T00:00:00Z&limit=300000,379,e973578152eddb75835e469469f19677280529dd565e8b305aaf6d523ceee2d2
https://opendataapi.dmi.dk/v2/climateData/collections/stationValue/items?stationId=31370&parameterId=acc_precip&timeResolution=day&datetime=1991-01-01T00:00:00Z/2026-01-01T00:00:00Z&limit=300000,2117793,951fdaf96fab863fa2df439cdecd9348d5114f466ab90d469ce8ff24ce42a455
https://opendataapi.dmi.dk/v2/climateData/collections/stationValue/items?stationId=31380&parameterId=acc_precip&timeResolution=day&datetime=1991-01-01T00:00:00Z/2026-01-01T00:00:00Z&limit=300000,2242320,0632e975e42e1ba48cce4b6ecd73009f51793db31ffbc6feceed64f6dbe409ca
https://opendataapi.dmi.dk/v2/climateData/collections/stationValue/items?stationId=31390&parameterId=acc_precip&timeResolution=day&datetime=1991-01-01T00:00:00Z/2026-01-01T00:00:00Z&limit=300000,1050108,a4a01b0440829085d865242c8076c39c80b7fd2450d157e4b72174570a5e260b
https://opendataapi.dmi.dk/v2/climateData/collections/stationValue/items?stationId=31404&parameterId=acc_precip&timeResolution=day&datetime=1991-01-01T00:00:00Z/2026-01-01T00:00:00Z&limit=300000,1754610,d42f2df2dff2e5566dcfc6f10b3963d1895381f962244171a72f1cd8a5bce0da
https://opendataapi.dmi.dk/v2/climateData/collections/stationValue/items?stationId=31408&parameterId=acc_precip&timeResolution=day&datetime=1991-01-01T00:00:00Z/2026-01-01T00:00:00Z&limit=300000,135513,6fde7880b7181de55f7cf8d4f0b8d78bed7567610d6a9d855b21706a59f00be3
https://opendataapi.dmi.dk/v2/climateData/collections/stationValue/items?stationId=31415&parameterId=acc_precip&timeResolution=day&datetime=1991-01-01T00:00:00Z/2026-01-01T00:00:00Z&limit=300000,940591,53703bd3b7ef262c524902eee6f5e95f87ea831eedff4c3a359723ae7d1bc635
https://opendataapi.dmi.dk/v2/climateData/collections/stationValue/items?stationId=31420&parameterId=acc_precip&timeResolution=day&datetime=1991-01-01T00:00:00Z/2026-01-01T00:00:00Z&limit=300000,2239984,e0289cd7435c73cc6e48806f2c903dbb9f436f9fc682f81d9ecdfffc6cb57578
https://opendataapi.dmi.dk/v2/climateData/collections/stationValue/items?stationId=31428&parameterId=acc_precip&timeResolution=day&datetime=1991-01-01T00:00:00Z/2026-01-01T00:00:00Z&limit=300000,1171633,ff1005b4963b26a423ee92368e079f5f8f6f9d1856ff6bde18e639cbcc208a7c
https://opendataapi.dmi.dk/v2/climateData/collections/stationValue/items?stationId=31430&parameterId=acc_precip&timeResolution=day&datetime=1991-01-01T00:00:00Z/2026-01-01T00:00:00Z&limit=300000,575211,e4b230d9d5aa5075b4f4494bc07c4bc7859b3c8c83433dce204151ec0eab507e
https://opendataapi.dmi.dk/v2/climateData/collections/stationValue/items?stationId=31440&parameterId=acc_precip&timeResolution=day&datetime=1991-01-01T00:00:00Z/2026-01-01T00:00:00Z&limit=300000,1750701,61c542a9cbf741b1cc79729dfba34c6685136882f811a0e1b037a32928215b99
https://opendataapi.dmi.dk/v2/climateData/collections/stationValue/items?stationId=31450&parameterId=acc_precip&timeResolution=day&datetime=1991-01-01T00:00:00Z/2026-01-01T00:00:00Z&limit=300000,379,138dff71b949852d2aa7aa8ac105294f98226a8bd4e46741d494be6a1403163b
https://opendataapi.dmi.dk/v2/climateData/collections/stationValue/items?stationId=31460&parameterId=acc_precip&timeResolution=day&datetime=1991-01-01T00:00:00Z/2026-01-01T00:00:00Z&limit=300000,2228579,45fed6337da4bf52ecd175d605aa60ecee3a368afc0ccd2e25b0172558b08c78
https://opendataapi.dmi.dk/v2/climateData/collections/stationValue/items?stationId=31470&parameterId=acc_precip&timeResolution=day&datetime=1991-01-01T00:00:00Z/2026-01-01T00:00:00Z&limit=300000,1344806,920238bb3175f4fca84056cb02a3e9fea5cb522f3ddb2eda9d2294b6cf6ad80b
https://opendataapi.dmi.dk/v2/climateData/collections/stationValue/items?stationId=31480&parameterId=acc_precip&timeResolution=day&datetime=1991-01-01T00:00:00Z/2026-01-01T00:00:00Z&limit=300000,2119992,8d1d8386e147785c8ea25d914a58a78fd1a7d8c9285828b3cd140f1c795b808e
https://opendataapi.dmi.dk/v2/climateData/collections/stationValue/items?stationId=31485&parameterId=acc_precip&timeResolution=day&datetime=1991-01-01T00:00:00Z/2026-01-01T00:00:00Z&limit=300000,1171640,d02c360eb72ba9099835d6f3f320d405539c6b3c2dccae2f1aacc1af0218d412
https://opendataapi.dmi.dk/v2/climateData/collections/stationValue/items?stationId=31487&parameterId=acc_precip&timeResolution=day&datetime=1991-01-01T00:00:00Z/2026-01-01T00:00:00Z&limit=300000,379,31127457253b56249162de27c711331886924d63410fb37d543df89230b6a510
https://opendataapi.dmi.dk/v2/climateData/collections/stationValue/items?stationId=31492&parameterId=acc_precip&timeResolution=day&datetime=1991-01-01T00:00:00Z/2026-01-01T00:00:00Z&limit=300000,1752694,7b33150c5d669b6bfc17d27d523b6d2ea4979feee1275844f49d84d42d9a3f0d
https://opendataapi.dmi.dk/v2/climateData/collections/stationValue/items?stationId=31495&parameterId=acc_precip&timeResolution=day&datetime=1991-01-01T00:00:00Z/2026-01-01T00:00:00Z&limit=300000,379,bc2521b42b695c4d694f885e64ec1d242358393d6569ef4f269e6256673e320f
https://opendataapi.dmi.dk/v2/climateData/collections/stationValue/items?stationId=31500&parameterId=acc_precip&timeResolution=day&datetime=1991-01-01T00:00:00Z/2026-01-01T00:00:00Z&limit=300000,2336744,a87a53d1279b8213a7506b83f637dda66df53e7555f69fc8f90eb129255db2d4
https://opendataapi.dmi.dk/v2/climateData/collections/stationValue/items?stationId=31510&parameterId=acc_precip&timeResolution=day&datetime=1991-01-01T00:00:00Z/2026-01-01T00:00:00Z&limit=300000,2117977,61144bc232300e2c8178a343e101d0f2302c116c2f930e397ccd3374d6d4527a
https://opendataapi.dmi.dk/v2/climateData/collections/stationValue/items?stationId=31520&parameterId=acc_precip&timeResolution=day&datetime=1991-01-01T00:00:00Z/2026-01-01T00:00:00Z&limit=300000,1754630,1c394bf4c9e7f465078ea408ef8868417fd082aed8d1e6129e7c62c314e5602c
https://opendataapi.dmi.dk/v2/climateData/collections/stationValue/items?stationId=31522&parameterId=acc_precip&timeResolution=day&datetime=1991-01-01T00:00:00Z/2026-01-01T00:00:00Z&limit=300000,1142468,334a455927e1b9098a2eaf873495a76d4b7d9873c3d9fd5191ce60fc8fe6336d
https://opendataapi.dmi.dk/v2/climateData/collections/stationValue/items?stationId=31525&parameterId=acc_precip&timeResolution=day&datetime=1991-01-01T00:00:00Z/2026-01-01T00:00:00Z&limit=300000,575661,5758a527bfc5b00d70c0e6821f3710e191acab1e54757e9792e8b3429a950378
https://opendataapi.dmi.dk/v2/climateData/collections/stationValue/items?stationId=31530&parameterId=acc_precip&timeResolution=day&datetime=1991-01-01T00:00:00Z/2026-01-01T00:00:00Z&limit=300000,1171634,6fac5bd2c428c2a5b9720d8ffd00f214a7dfb00092e381325ffc6255de678e9f
https://opendataapi.dmi.dk/v2/climateData/collections/stationValue/items?stationId=31540&parameterId=acc_precip&timeResolution=day&datetime=1991-01-01T00:00:00Z/2026-01-01T00:00:00Z&limit=300000,1225956,038549f61c5bee1b478adad3f79b2af2a11dfbf33e96fadd7ae7b310dc35eed8
https://opendataapi.dmi.dk/v2/climateData/collections/stationValue/items?stationId=31542&parameterId=acc_precip&timeResolution=day&datetime=1991-01-01T00:00:00Z/2026-01-01T00:00:00Z&limit=300000,720302,fe09edba92d9879f097a8b74114e24d3ab008dd970dbcf55270414567315b91a
https://opendataapi.dmi.dk/v2/climateData/collections/stationValue/items?stationId=31560&parameterId=acc_precip&timeResolution=day&datetime=1991-01-01T00:00:00Z/2026-01-01T00:00:00Z&limit=300000,1750655,855dd7d08c17296d28884d95bb5ccab389ac08fe1898ced73e6562efd82488e0
https://opendataapi.dmi.dk/v2/climateData/collections/stationValue/items?stationId=31570&parameterId=acc_precip&timeResolution=day&datetime=1991-01-01T00:00:00Z/2026-01-01T00:00:00Z&limit=300000,2922547,07ae945e5c8b560e5d897c332e812eebb0135aab3a5927f6c62c31359c3c8542
https://opendataapi.dmi.dk/v2/climateData/collections/stationValue/items?stationId=31593&parameterId=acc_precip&timeResolution=day&datetime=1991-01-01T00:00:00Z/2026-01-01T00:00:00Z&limit=300000,2119987,e583c1b8485cf30f897950942b70a429906b0333dc83c5c7bafa2417c46f1454
https://opendataapi.dmi.dk/v2/climateData/collections/stationValue/items?stationId=31595&parameterId=acc_precip&timeResolution=day&datetime=1991-01-01T00:00:00Z/2026-01-01T00:00:00Z&limit=300000,1171608,64d9141ddb3c3366ad276ee2958016070d2443ae82243b946eddfb2efafab4e1
https://opendataapi.dmi.dk/v2/climateData/collections/stationValue/items?stationId=31602&parameterId=acc_precip&timeResolution=day&datetime=1991-01-01T00:00:00Z/2026-01-01T00:00:00Z&limit=300000,575662,b79f76a67d4d5ce98bd2b87e25140ac88651f262cb736fe9b12894d76bbe3fb9
https://opendataapi.dmi.dk/v2/climateData/collections/stationValue/items?stationId=31610&parameterId=acc_precip&timeResolution=day&datetime=1991-01-01T00:00:00Z/2026-01-01T00:00:00Z&limit=300000,1754638,23dcf014d8a347613fc03c28a221c328b52535bb71880f8c37ed06e82f60964e
https://opendataapi.dmi.dk/v2/climateData/collections/stationValue/items?stationId=31613&parameterId=acc_precip&timeResolution=day&datetime=1991-01-01T00:00:00Z/2026-01-01T00:00:00Z&limit=300000,441939,4bcdc3957a9c69271b07d585f4cf6e1675567d962fb851e9e3f0f3d86c0a23ec
https://opendataapi.dmi.dk/v2/climateData/collections/stationValue/items?stationId=31614&parameterId=acc_precip&timeResolution=day&datetime=1991-01-01T00:00:00Z/2026-01-01T00:00:00Z&limit=300000,1275005,62bb42f652e02cd97c092029f6965716122034725c44d1a35104f4e0e31dbaf0
https://opendataapi.dmi.dk/v2/climateData/collections/stationValue/items?stationId=31617&parameterId=acc_precip&timeResolution=day&datetime=1991-01-01T00:00:00Z/2026-01-01T00:00:00Z&limit=300000,625933,7a73f5f9de237eed4f3c77d6d7ebd459e63ad2259eda940e0e1b5cdc02badc08
https://opendataapi.dmi.dk/v2/climateData/collections/stationValue/items?stationId=31620&parameterId=acc_precip&timeResolution=day&datetime=1991-01-01T00:00:00Z/2026-01-01T00:00:00Z&limit=300000,379,ea7b6ac36e463d1581adcb1f025f9bf9a5b51a06955f8f37c6e5e15d00e1c714
https://opendataapi.dmi.dk/v2/climateData/collections/stationValue/items?stationId=31622&parameterId=acc_precip&timeResolution=day&datetime=1991-01-01T00:00:00Z/2026-01-01T00:00:00Z&limit=300000,1701155,484d7fc3e08a2a9e95634cbef31687043e85b423d3d364b8f495f254619a8781
https://opendataapi.dmi.dk/v2/climateData/collections/stationValue/items?stationId=31625&parameterId=acc_precip&timeResolution=day&datetime=1991-01-01T00:00:00Z/2026-01-01T00:00:00Z&limit=300000,1266836,267193a0726c1d57978400e8b4c7243892d37bbacfa35ad91fb35f2eb4fcede9
