station_id,von,bis,zusatz_info,datenquelle
00052,19730101,20011231,NBL:07:00-07:00 FT. GZ (bis 1990)  sonst 07:30 - 07:30 FT. GZ,Niederschlagsdaten aus Niederschlagsroutine des DWD oder Vorgängerdienste bis Einrichtung Nst(A) oder Nst(k) (1 Termin ca 7 MOZ und Tagessummen)
00066,19290401,19301231,NBL:07:00-07:00 FT. GZ (bis 1990)  sonst 07:30 - 07:30 FT. GZ,KLIDADIGI: Niederschlagsdaten nacherfasst (1 Termin: ca 07 MOZ und Tagessummen)
00066,19310101,20050430,NBL:07:00-07:00 FT. GZ (bis 1990)  sonst 07:30 - 07:30 FT. GZ,Niederschlagsdaten aus Niederschlagsroutine des DWD oder Vorgängerdienste bis Einrichtung Nst(A) oder Nst(k) (1 Termin ca 7 MOZ und Tagessummen)
00094,19690101,19901231,NBL:07:00 GZ (bis 1990)  sonst 07:30 GZ,Niederschlagsdaten aus Niederschlagsroutine des eMD bis 10/1991 (1 Termin ca 7 MOZ und Tagessummen)
00094,19910101,20051231,NBL:07:00-07:00 FT. GZ (bis 1990)  sonst 07:30 - 07:30 FT. GZ,Niederschlagsdaten aus Niederschlagsroutine des DWD oder Vorgängerdienste bis Einrichtung Nst(A) oder Nst(k) (1 Termin ca 7 MOZ und Tagessummen)
00119,19510101,19901231,NBL:07:00 GZ (bis 1990)  sonst 07:30 GZ,Niederschlagsdaten aus Niederschlagsroutine des eMD bis 10/1991 (1 Termin ca 7 MOZ und Tagessummen)
00119,19910101,20051231,NBL:07:00-07:00 FT. GZ (bis 1990)  sonst 07:30 - 07:30 FT. GZ,Niederschlagsdaten aus Niederschlagsroutine des DWD oder Vorgängerdienste bis Einrichtung Nst(A) oder Nst(k) (1 Termin ca 7 MOZ und Tagessummen)
00199,18900101,19301231,NBL:07:00-07:00 FT. GZ (bis 1990)  sonst 07:30 - 07:30 FT. GZ,KLIDADIGI: Niederschlagsdaten nacherfasst (1 Termin: ca 07 MOZ und Tagessummen)
00199,19310101,20061231,NBL:07:00-07:00 FT. GZ (bis 1990)  sonst 07:30 - 07:30 FT. GZ,Niederschlagsdaten aus Niederschlagsroutine des DWD oder Vorgängerdienste bis Einrichtung Nst(A) oder Nst(k) (1 Termin ca 7 MOZ und Tagessummen)
00243,19410101,20061231,NBL:07:00-07:00 FT. GZ (bis 1990)  sonst 07:30 - 07:30 FT. GZ,Niederschlagsdaten aus Niederschlagsroutine des DWD oder Vorgängerdienste bis Einrichtung Nst(A) oder Nst(k) (1 Termin ca 7 MOZ und Tagessummen)
00244,19610101,20061231,NBL:07:00-07:00 FT. GZ (bis 1990)  sonst 07:30 - 07:30 FT. GZ,Niederschlagsdaten aus Niederschlagsroutine des DWD oder Vorgängerdienste bis Einrichtung Nst(A) oder Nst(k) (1 Termin ca 7 MOZ und Tagessummen)
00245,19710101,20070131,NBL:07:00-07:00 FT. GZ (bis 1990)  sonst 07:30 - 07:30 FT. GZ,Niederschlagsdaten aus Niederschlagsroutine des DWD oder Vorgängerdienste bis Einrichtung Nst(A) oder Nst(k) (1 Termin ca 7 MOZ und Tagessummen)
00245,20120801,20260417,05:51 - 05:50 FT. UTC,Niederschlagsdaten aus Niederschlagsroutine des DWD mit Nst(k)  und ANKONDA-Stationen (1 Termin 06 UTC und Tagessummen)
00245,20120801,20261001,05:51 - 05:50 FT. UTC,Niederschlagsdaten aus Niederschlagsroutine des DWD mit Nst(k)  und ANKONDA-Stationen (1 Termin 06 UTC und Tagessummen)
00289,18910501,19301231,NBL:07:00-07:00 FT. GZ (bis 1990)  sonst 07:30 - 07:30 FT. GZ,KLIDADIGI: Niederschlagsdaten nacherfasst (1 Termin: ca 07 MOZ und Tagessummen)
00289,19310101,20061231,NBL:07:00-07:00 FT. GZ (bis 1990)  sonst 07:30 - 07:30 FT. GZ,Niederschlagsdaten aus Niederschlagsroutine des DWD oder Vorgängerdienste bis Einrichtung Nst(A) oder Nst(k) (1 Termin ca 7 MOZ und Tagessummen)
00289,20070101,20260417,05:51 - 05:50 FT. UTC,Niederschlagsdaten aus Niederschlagsroutine des DWD mit Nst(k)  und ANKONDA-Stationen (1 Termin 06 UTC und Tagessummen)
00289,20070101,20260930,05:51 - 05:50 FT. UTC,Niederschlagsdaten aus Niederschlagsroutine des DWD mit Nst(k)  und ANKONDA-Stationen (1 Termin 06 UTC und Tagessummen)
00291,19111001,19501230,NBL:07:00-07:00 FT. GZ (bis 1990)  sonst 07:30 - 07:30 FT. GZ,KLIDADIGI: Niederschlagsdaten nacherfasst (1 Termin: ca 07 MOZ und Tagessummen)
00291,19510101,19901231,NBL:07:00 GZ (bis 1990)  sonst 07:30 GZ,Niederschlagsdaten aus Niederschlagsroutine des eMD bis 10/1991 (1 Termin ca 7 MOZ und Tagessummen)
00291,19910101,20031231,NBL:07:00-07:00 FT. GZ (bis 1990)  sonst 07:30 - 07:30 FT. GZ,Niederschlagsdaten aus Niederschlagsroutine des DWD oder Vorgängerdienste bis Einrichtung Nst(A) oder Nst(k) (1 Termin ca 7 MOZ und Tagessummen)
00297,19740101,19901231,NBL:07:00 GZ (bis 1990)  sonst 07:30 GZ,Niederschlagsdaten aus Niederschlagsroutine des eMD bis 10/1991 (1 Termin ca 7 MOZ und Tagessummen)
00297,19910101,20020331,NBL:07:00-07:00 FT. GZ (bis 1990)  sonst 07:30 - 07:30 FT. GZ,Niederschlagsdaten aus Niederschlagsroutine des DWD oder Vorgängerdienste bis Einrichtung Nst(A) oder Nst(k) (1 Termin ca 7 MOZ und Tagessummen)
00298,19760101,19901231,NBL:07:00 GZ (bis 1990)  sonst 07:30 GZ,Niederschlagsdaten aus Niederschlagsroutine des eMD bis 10/1991 (1 Termin ca 7 MOZ und Tagessummen)
00298,19911102,20010331,NBL:07:00-07:00 FT. GZ (bis 1990)  sonst 07:30 - 07:30 FT. GZ,Niederschlagsdaten aus Niederschlagsroutine des DWD oder Vorgängerdienste bis Einrichtung Nst(A) oder Nst(k) (1 Termin ca 7 MOZ und Tagessummen)
00298,20010401,20260418,06:00 - 06 FT. UTC (05:51-05:50 FT.UTC),Niederschlagsdaten aus Niederschlagsroutine nach 01.04.2001 Terminwert und Tagessummen generiert aus SYNOP-Meldung des 06 UTC Termins
00298,20010401,20261002,06:00 - 06 FT. UTC (05:51-05:50 FT.UTC),Niederschlagsdaten aus Niederschlagsroutine nach 01.04.2001 Terminwert und Tagessummen generiert aus SYNOP-Meldung des 06 UTC Termins
00304,19310101,20011231,NBL:07:00-07:00 FT. GZ (bis 1990)  sonst 07:30 - 07:30 FT. GZ,Niederschlagsdaten aus Niederschlagsroutine des DWD oder Vorgängerdienste bis Einrichtung Nst(A) oder Nst(k) (1 Termin ca 7 MOZ und Tagessummen)
00312,19690101,19901231,NBL:07:00 GZ (bis 1990)  sonst 07:30 GZ,Niederschlagsdaten aus Niederschlagsroutine des eMD bis 10/1991 (1 Termin ca 7 MOZ und Tagessummen)
00312,19910101,20031231,NBL:07:00-07:00 FT. GZ (bis 1990)  sonst 07:30 - 07:30 FT. GZ,Niederschlagsdaten aus Niederschlagsroutine des DWD oder Vorgängerdienste bis Einrichtung Nst(A) oder Nst(k) (1 Termin ca 7 MOZ und Tagessummen)
00312,20070601,20260418,06:00 - 06 FT. UTC (05:51-05:50 FT.UTC),Niederschlagsdaten aus Niederschlagsroutine nach 01.04.2001 Terminwert und Tagessummen generiert aus SYNOP-Meldung des 06 UTC Termins
00312,20070601,20261002,06:00 - 06 FT. UTC (05:51-05:50 FT.UTC),Niederschlagsdaten aus Niederschlagsroutine nach 01.04.2001 Terminwert und Tagessummen generiert aus SYNOP-Meldung des 06 UTC Termins
00327,18931101,19961031,NBL:07:00-07:00 FT. GZ (bis 1990)  sonst 07:30 - 07:30 FT. GZ,Niederschlagsdaten aus Niederschlagsroutine des DWD oder Vorgängerdienste bis Einrichtung Nst(A) oder Nst(k) (1 Termin ca 7 MOZ und Tagessummen)
00462,19410101,20061231,NBL:07:00-07:00 FT. GZ (bis 1990)  sonst 07:30 - 07:30 FT. GZ,Niederschlagsdaten aus Niederschlagsroutine des DWD oder Vorgängerdienste bis Einrichtung Nst(A) oder Nst(k) (1 Termin ca 7 MOZ und Tagessummen)
00529,19460101,19681230,NBL:07:00-07:00 FT. GZ (bis 1990)  sonst 07:30 - 07:30 FT. GZ,KLIDADIGI: Niederschlagsdaten nacherfasst (1 Termin: ca 07 MOZ und Tagessummen)
00529,19690101,19901231,NBL:07:00 GZ (bis 1990)  sonst 07:30 GZ,Niederschlagsdaten aus Niederschlagsroutine des eMD bis 10/1991 (1 Termin ca 7 MOZ und Tagessummen)
00529,19910101,20051231,NBL:07:00-07:00 FT. GZ (bis 1990)  sonst 07:30 - 07:30 FT. GZ,Niederschlagsdaten aus Niederschlagsroutine des DWD oder Vorgängerdienste bis Einrichtung Nst(A) oder Nst(k) (1 Termin ca 7 MOZ und Tagessummen)
00529,20060101,20170630,05:51 - 05:50 FT. UTC,Niederschlagsdaten aus Niederschlagsroutine des DWD mit Nst(k)  und ANKONDA-Stationen (1 Termin 06 UTC und Tagessummen)
00561,19850201,20050930,NBL:07:00-07:00 FT. GZ (bis 1990)  sonst 07:30 - 07:30 FT. GZ,Niederschlagsdaten aus Niederschlagsroutine des DWD oder Vorgängerdienste bis Einrichtung Nst(A) oder Nst(k) (1 Termin ca 7 MOZ und Tagessummen)
00561,20051001,20260418,06:00 - 06 FT. UTC (05:51-05:50 FT.UTC),Niederschlagsdaten aus Niederschlagsroutine nach 01.04.2001 Terminwert und Tagessummen generiert aus SYNOP-Meldung des 06 UTC Termins
00561,20051001,20261002,06:00 - 06 FT. UTC (05:51-05:50 FT.UTC),Niederschlagsdaten aus Niederschlagsroutine nach 01.04.2001 Terminwert und Tagessummen generiert aus SYNOP-Meldung des 06 UTC Termins
00580,19690101,19901231,NBL:07:00 GZ (bis 1990)  sonst 07:30 GZ,Niederschlagsdaten aus Niederschlagsroutine des eMD bis 10/1991 (1 Termin ca 7 MOZ und Tagessummen)
00580,19910501,20031231,NBL:07:00-07:00 FT. GZ (bis 1990)  sonst 07:30 - 07:30 FT. GZ,Niederschlagsdaten aus Niederschlagsroutine des DWD oder Vorgängerdienste bis Einrichtung Nst(A) oder Nst(k) (1 Termin ca 7 MOZ und Tagessummen)
00581,19690101,19901231,NBL:07:00 GZ (bis 1990)  sonst 07:30 GZ,Niederschlagsdaten aus Niederschlagsroutine des eMD bis 10/1991 (1 Termin ca 7 MOZ und Tagessummen)
00581,19910101,20051231,NBL:07:00-07:00 FT. GZ (bis 1990)  sonst 07:30 - 07:30 FT. GZ,Niederschlagsdaten aus Niederschlagsroutine des DWD oder Vorgängerdienste bis Einrichtung Nst(A) oder Nst(k) (1 Termin ca 7 MOZ und Tagessummen)
00581,20060101,20150630,05:51 - 05:50 FT. UTC,Niederschlagsdaten aus Niederschlagsroutine des DWD mit Nst(k)  und ANKONDA-Stationen (1 Termin 06 UTC und Tagessummen)
00590,19460901,19501231,NBL:07:00-07:00 FT. GZ (bis 1990)  sonst 07:30 - 07:30 FT. GZ,KLIDADIGI: Niederschlagsdaten nacherfasst (1 Termin: ca 07 MOZ und Tagessummen)
00590,19510101,19901231,NBL:07:00 GZ (bis 1990)  sonst 07:30 GZ,Niederschlagsdaten aus Niederschlagsroutine des eMD bis 10/1991 (1 Termin ca 7 MOZ und Tagessummen)
00590,19910101,20051231,NBL:07:00-07:00 FT. GZ (bis 1990)  sonst 07:30 - 07:30 FT. GZ,Niederschlagsdaten aus Niederschlagsroutine des DWD oder Vorgängerdienste bis Einrichtung Nst(A) oder Nst(k) (1 Termin ca 7 MOZ und Tagessummen)
00590,20060101,20250131,05:51 - 05:50 FT. UTC,Niederschlagsdaten aus Niederschlagsroutine des DWD mit Nst(k)  und ANKONDA-Stationen (1 Termin 06 UTC und Tagessummen)
00591,18880604,19351230,NBL:07:00-07:00 FT. GZ (bis 1990)  sonst 07:30 - 07:30 FT. GZ,KLIDADIGI: Niederschlagsdaten nacherfasst (1 Termin: ca 07 MOZ und Tagessummen)
00591,19510101,19901231,NBL:07:00 GZ (bis 1990)  sonst 07:30 GZ,Niederschlagsdaten aus Niederschlagsroutine des eMD bis 10/1991 (1 Termin ca 7 MOZ und Tagessummen)
00591,19911101,20010331,NBL:07:00-07:00 FT. GZ (bis 1990)  sonst 07:30 - 07:30 FT. GZ,Niederschlagsdaten aus Niederschlagsroutine des DWD oder Vorgängerdienste bis Einrichtung Nst(A) oder Nst(k) (1 Termin ca 7 MOZ und Tagessummen)
00591,20010401,20260415,06:00 - 06 FT. UTC (05:51-05:50 FT.UTC),Niederschlagsdaten aus Niederschlagsroutine nach 01.04.2001 Terminwert und Tagessummen generiert aus SYNOP-Meldung des 06 UTC Termins
00591,20010401,20261002,06:00 - 06 FT. UTC (05:51-05:50 FT.UTC),Niederschlagsdaten aus Niederschlagsroutine nach 01.04.2001 Terminwert und Tagessummen generiert aus SYNOP-Meldung des 06 UTC Termins
00596,18880101,19351230,NBL:07:00-07:00 FT. GZ (bis 1990)  sonst 07:30 - 07:30 FT. GZ,KLIDADIGI: Niederschlagsdaten nacherfasst (1 Termin: ca 07 MOZ und Tagessummen)
00596,19470101,19901231,NBL:07:00 GZ (bis 1990)  sonst 07:30 GZ,Niederschlagsdaten aus Niederschlagsroutine des eMD bis 10/1991 (1 Termin ca 7 MOZ und Tagessummen)
00596,19910101,20010331,NBL:07:00-07:00 FT. GZ (bis 1990)  sonst 07:30 - 07:30 FT. GZ,Niederschlagsdaten aus Niederschlagsroutine des DWD oder Vorgängerdienste bis Einrichtung Nst(A) oder Nst(k) (1 Termin ca 7 MOZ und Tagessummen)
00596,20010401,20260418,06:00 - 06 FT. UTC (05:51-05:50 FT.UTC),Niederschlagsdaten aus Niederschlagsroutine nach 01.04.2001 Terminwert und Tagessummen generiert aus SYNOP-Meldung des 06 UTC Termins
00596,20010401,20261002,06:00 - 06 FT. UTC (05:51-05:50 FT.UTC),Niederschlagsdaten aus Niederschlagsroutine nach 01.04.2001 Terminwert und Tagessummen generiert aus SYNOP-Meldung des 06 UTC Termins
00611,18910501,19301231,NBL:07:00-07:00 FT. GZ (bis 1990)  sonst 07:30 - 07:30 FT. GZ,KLIDADIGI: Niederschlagsdaten nacherfasst (1 Termin: ca 07 MOZ und Tagessummen)
00611,19310101,20061231,NBL:07:00-07:00 FT. GZ (bis 1990)  sonst 07:30 - 07:30 FT. GZ,Niederschlagsdaten aus Niederschlagsroutine des DWD oder Vorgängerdienste bis Einrichtung Nst(A) oder Nst(k) (1 Termin ca 7 MOZ und Tagessummen)
00611,20070101,20260418,05:51 - 05:50 FT. UTC,Niederschlagsdaten aus Niederschlagsroutine des DWD mit Nst(k)  und ANKONDA-Stationen (1 Termin 06 UTC und Tagessummen)
00611,20070101,20261002,05:51 - 05:50 FT. UTC,Niederschlagsdaten aus Niederschlagsroutine des DWD mit Nst(k)  und ANKONDA-Stationen (1 Termin 06 UTC und Tagessummen)
00619,19410101,20060228,NBL:07:00-07:00 FT. GZ (bis 1990)  sonst 07:30 - 07:30 FT. GZ,Niederschlagsdaten aus Niederschlagsroutine des DWD oder Vorgängerdienste bis Einrichtung Nst(A) oder Nst(k) (1 Termin ca 7 MOZ und Tagessummen)
00625,18910607,19301231,NBL:07:00-07:00 FT. GZ (bis 1990)  sonst 07:30 - 07:30 FT. GZ,KLIDADIGI: Niederschlagsdaten nacherfasst (1 Termin: ca 07 MOZ und Tagessummen)
00625,19310101,19600930,NBL:07:00-07:00 FT. GZ (bis 1990)  sonst 07:30 - 07:30 FT. GZ,Niederschlagsdaten aus Niederschlagsroutine des DWD oder Vorgängerdienste bis Einrichtung Nst(A) oder Nst(k) (1 Termin ca 7 MOZ und Tagessummen)
00625,19601001,19781231,NBL:07:00-07:00 FT. GZ (bis 1990)  sonst 07:30 - 07:30 FT. GZ,KLIDADIGI: Niederschlagsdaten nacherfasst (1 Termin: ca 07 MOZ und Tagessummen)
00625,19790101,20061231,NBL:07:00-07:00 FT. GZ (bis 1990)  sonst 07:30 - 07:30 FT. GZ,Niederschlagsdaten aus Niederschlagsroutine des DWD oder Vorgängerdienste bis Einrichtung Nst(A) oder Nst(k) (1 Termin ca 7 MOZ und Tagessummen)
00625,20070101,20071231,05:51 - 05:50 FT. UTC,Niederschlagsdaten aus Niederschlagsroutine des DWD mit Nst(k)  und ANKONDA-Stationen (1 Termin 06 UTC und Tagessummen)
00628,19740101,20061231,NBL:07:00-07:00 FT. GZ (bis 1990)  sonst 07:30 - 07:30 FT. GZ,Niederschlagsdaten aus Niederschlagsroutine des DWD oder Vorgängerdienste bis Einrichtung Nst(A) oder Nst(k) (1 Termin ca 7 MOZ und Tagessummen)
00628,20070101,20260418,05:51 - 05:50 FT. UTC,Niederschlagsdaten aus Niederschlagsroutine des DWD mit Nst(k)  und ANKONDA-Stationen (1 Termin 06 UTC und Tagessummen)
00628,20070101,20261002,05:51 - 05:50 FT. UTC,Niederschlagsdaten aus Niederschlagsroutine des DWD mit Nst(k)  und ANKONDA-Stationen (1 Termin 06 UTC und Tagessummen)
00629,19610101,20061231,NBL:07:00-07:00 FT. GZ (bis 1990)  sonst 07:30 - 07:30 FT. GZ,Niederschlagsdaten aus Niederschlagsroutine des DWD oder Vorgängerdienste bis Einrichtung Nst(A) oder Nst(k) (1 Termin ca 7 MOZ und Tagessummen)
00642,19660101,19931031,NBL:07:00-07:00 FT. GZ (bis 1990)  sonst 07:30 - 07:30 FT. GZ,Niederschlagsdaten aus Niederschlagsroutine des DWD oder Vorgängerdienste bis Einrichtung Nst(A) oder Nst(k) (1 Termin ca 7 MOZ und Tagessummen)
00646,18910501,19301231,NBL:07:00-07:00 FT. GZ (bis 1990)  sonst 07:30 - 07:30 FT. GZ,KLIDADIGI: Niederschlagsdaten nacherfasst (1 Termin: ca 07 MOZ und Tagessummen)
00646,19310101,20061231,NBL:07:00-07:00 FT. GZ (bis 1990)  sonst 07:30 - 07:30 FT. GZ,Niederschlagsdaten aus Niederschlagsroutine des DWD oder Vorgängerdienste bis Einrichtung Nst(A) oder Nst(k) (1 Termin ca 7 MOZ und Tagessummen)
00646,20070101,20070531,05:51 - 05:50 FT. UTC,Niederschlagsdaten aus Niederschlagsroutine des DWD mit Nst(k)  und ANKONDA-Stationen (1 Termin 06 UTC und Tagessummen)
00648,19630501,20061231,NBL:07:00-07:00 FT. GZ (bis 1990)  sonst 07:30 - 07:30 FT. GZ,Niederschlagsdaten aus Niederschlagsroutine des DWD oder Vorgängerdienste bis Einrichtung Nst(A) oder Nst(k) (1 Termin ca 7 MOZ und Tagessummen)
00664,19310101,20061231,NBL:07:00-07:00 FT. GZ (bis 1990)  sonst 07:30 - 07:30 FT. GZ,Niederschlagsdaten aus Niederschlagsroutine des DWD oder Vorgängerdienste bis Einrichtung Nst(A) oder Nst(k) (1 Termin ca 7 MOZ und Tagessummen)
00671,18910515,19301231,NBL:07:00-07:00 FT. GZ (bis 1990)  sonst 07:30 - 07:30 FT. GZ,KLIDADIGI: Niederschlagsdaten nacherfasst (1 Termin: ca 07 MOZ und Tagessummen)
00671,19310101,20061231,NBL:07:00-07:00 FT. GZ (bis 1990)  sonst 07:30 - 07:30 FT. GZ,Niederschlagsdaten aus Niederschlagsroutine des DWD oder Vorgängerdienste bis Einrichtung Nst(A) oder Nst(k) (1 Termin ca 7 MOZ und Tagessummen)
00688,18910501,19160330,NBL:07:00-07:00 FT. GZ (bis 1990)  sonst 07:30 - 07:30 FT. GZ,KLIDADIGI: Niederschlagsdaten nacherfasst (1 Termin: ca 07 MOZ und Tagessummen)
00688,19510101,20061231,NBL:07:00-07:00 FT. GZ (bis 1990)  sonst 07:30 - 07:30 FT. GZ,Niederschlagsdaten aus Niederschlagsroutine des DWD oder Vorgängerdienste bis Einrichtung Nst(A) oder Nst(k) (1 Termin ca 7 MOZ und Tagessummen)
00701,19490101,20010331,NBL:07:00-07:00 FT. GZ (bis 1990)  sonst 07:30 - 07:30 FT. GZ,Niederschlagsdaten aus Niederschlagsroutine des DWD oder Vorgängerdienste bis Einrichtung Nst(A) oder Nst(k) (1 Termin ca 7 MOZ und Tagessummen)
00701,20010401,20260418,06:00 - 06 FT. UTC (05:51-05:50 FT.UTC),Niederschlagsdaten aus Niederschlagsroutine nach 01.04.2001 Terminwert und Tagessummen generiert aus SYNOP-Meldung des 06 UTC Termins
00701,20010401,20260924,06:00 - 06 FT. UTC (05:51-05:50 FT.UTC),Niederschlagsdaten aus Niederschlagsroutine nach 01.04.2001 Terminwert und Tagessummen generiert aus SYNOP-Meldung des 06 UTC Termins
00704,19980101,20010330,NBL:07:00-07:00 FT. GZ (bis 1990)  sonst 07:30 - 07:30 FT. GZ,Niederschlagsdaten aus Niederschlagsroutine des DWD oder Vorgängerdienste bis Einrichtung Nst(A) oder Nst(k) (1 Termin ca 7 MOZ und Tagessummen)
00704,20010401,20260418,06:00 - 06 FT. UTC (05:51-05:50 FT.UTC),Niederschlagsdaten aus Niederschlagsroutine nach 01.04.2001 Terminwert und Tagessummen generiert aus SYNOP-Meldung des 06 UTC Termins
00704,20010401,20261002,06:00 - 06 FT. UTC (05:51-05:50 FT.UTC),Niederschlagsdaten aus Niederschlagsroutine nach 01.04.2001 Terminwert und Tagessummen generiert aus SYNOP-Meldung des 06 UTC Termins
00705,19850601,20061231,NBL:07:00-07:00 FT. GZ (bis 1990)  sonst 07:30 - 07:30 FT. GZ,Niederschlagsdaten aus Niederschlagsroutine des DWD oder Vorgängerdienste bis Einrichtung Nst(A) oder Nst(k) (1 Termin ca 7 MOZ und Tagessummen)
00726,18980901,19231230,NBL:07:00-07:00 FT. GZ (bis 1990)  sonst 07:30 - 07:30 FT. GZ,KLIDADIGI: Niederschlagsdaten nacherfasst (1 Termin: ca 07 MOZ und Tagessummen)
00726,19310101,20001231,NBL:07:00-07:00 FT. GZ (bis 1990)  sonst 07:30 - 07:30 FT. GZ,Niederschlagsdaten aus Niederschlagsroutine des DWD oder Vorgängerdienste bis Einrichtung Nst(A) oder Nst(k) (1 Termin ca 7 MOZ und Tagessummen)
00741,18880501,19681230,NBL:07:00-07:00 FT. GZ (bis 1990)  sonst 07:30 - 07:30 FT. GZ,KLIDADIGI: Niederschlagsdaten nacherfasst (1 Termin: ca 07 MOZ und Tagessummen)
00741,19690101,19901231,NBL:07:00 GZ (bis 1990)  sonst 07:30 GZ,Niederschlagsdaten aus Niederschlagsroutine des eMD bis 10/1991 (1 Termin ca 7 MOZ und Tagessummen)
00741,19910101,20051231,NBL:07:00-07:00 FT. GZ (bis 1990)  sonst 07:30 - 07:30 FT. GZ,Niederschlagsdaten aus Niederschlagsroutine des DWD oder Vorgängerdienste bis Einrichtung Nst(A) oder Nst(k) (1 Termin ca 7 MOZ und Tagessummen)
00741,20060101,20260418,05:51 - 05:50 FT. UTC,Niederschlagsdaten aus Niederschlagsroutine des DWD mit Nst(k)  und ANKONDA-Stationen (1 Termin 06 UTC und Tagessummen)
00741,20060101,20261002,05:51 - 05:50 FT. UTC,Niederschlagsdaten aus Niederschlagsroutine des DWD mit Nst(k)  und ANKONDA-Stationen (1 Termin 06 UTC und Tagessummen)
00747,19310101,20061231,NBL:07:00-07:00 FT. GZ (bis 1990)  sonst 07:30 - 07:30 FT. GZ,Niederschlagsdaten aus Niederschlagsroutine des DWD oder Vorgängerdienste bis Einrichtung Nst(A) oder Nst(k) (1 Termin ca 7 MOZ und Tagessummen)
00747,20070101,20260417,05:51 - 05:50 FT. UTC,Niederschlagsdaten aus Niederschlagsroutine des DWD mit Nst(k)  und ANKONDA-Stationen (1 Termin 06 UTC und Tagessummen)
00747,20070101,20261001,05:51 - 05:50 FT. UTC,Niederschlagsdaten aus Niederschlagsroutine des DWD mit Nst(k)  und ANKONDA-Stationen (1 Termin 06 UTC und Tagessummen)
00750,19871001,20061231,NBL:07:00-07:00 FT. GZ (bis 1990)  sonst 07:30 - 07:30 FT. GZ,Niederschlagsdaten aus Niederschlagsroutine des DWD oder Vorgängerdienste bis Einrichtung Nst(A) oder Nst(k) (1 Termin ca 7 MOZ und Tagessummen)
00760,19760601,20040531,NBL:07:00-07:00 FT. GZ (bis 1990)  sonst 07:30 - 07:30 FT. GZ,Niederschlagsdaten aus Niederschlagsroutine des DWD oder Vorgängerdienste bis Einrichtung Nst(A) oder Nst(k) (1 Termin ca 7 MOZ und Tagessummen)
00760,20150701,20171130,05:51 - 05:50 FT. UTC,Niederschlagsdaten aus Niederschlagsroutine des DWD mit Nst(k)  und ANKONDA-Stationen (1 Termin 06 UTC und Tagessummen)
00760,20171201,20260418,06:00 - 06 FT. UTC (05:51-05:50 FT.UTC),Niederschlagsdaten aus Niederschlagsroutine nach 01.04.2001 Terminwert und Tagessummen generiert aus SYNOP-Meldung des 06 UTC Termins
00760,20171201,20261002,06:00 - 06 FT. UTC (05:51-05:50 FT.UTC),Niederschlagsdaten aus Niederschlagsroutine nach 01.04.2001 Terminwert und Tagessummen generiert aus SYNOP-Meldung des 06 UTC Termins
00761,19900401,20031231,NBL:07:00-07:00 FT. GZ (bis 1990)  sonst 07:30 - 07:30 FT. GZ,Niederschlagsdaten aus Niederschlagsroutine des DWD oder Vorgängerdienste bis Einrichtung Nst(A) oder Nst(k) (1 Termin ca 7 MOZ und Tagessummen)
00787,19610101,19910630,NBL:07:00-07:00 FT. GZ (bis 1990)  sonst 07:30 - 07:30 FT. GZ,Niederschlagsdaten aus Niederschlagsroutine des DWD oder Vorgängerdienste bis Einrichtung Nst(A) oder Nst(k) (1 Termin ca 7 MOZ und Tagessummen)
00788,18910501,19220629,NBL:07:00-07:00 FT. GZ (bis 1990)  sonst 07:30 - 07:30 FT. GZ,KLIDADIGI: Niederschlagsdaten nacherfasst (1 Termin: ca 07 MOZ und Tagessummen)
00788,19410101,20061231,NBL:07:00-07:00 FT. GZ (bis 1990)  sonst 07:30 - 07:30 FT. GZ,Niederschlagsdaten aus Niederschlagsroutine des DWD oder Vorgängerdienste bis Einrichtung Nst(A) oder Nst(k) (1 Termin ca 7 MOZ und Tagessummen)
00791,19510101,20051231,NBL:07:00-07:00 FT. GZ (bis 1990)  sonst 07:30 - 07:30 FT. GZ,Niederschlagsdaten aus Niederschlagsroutine des DWD oder Vorgängerdienste bis Einrichtung Nst(A) oder Nst(k) (1 Termin ca 7 MOZ und Tagessummen)
00791,20060101,20260418,06:00 - 06 FT. UTC (05:51-05:50 FT.UTC),Niederschlagsdaten aus Niederschlagsroutine nach 01.04.2001 Terminwert und Tagessummen generiert aus SYNOP-Meldung des 06 UTC Termins
00791,20060101,20261002,06:00 - 06 FT. UTC (05:51-05:50 FT.UTC),Niederschlagsdaten aus Niederschlagsroutine nach 01.04.2001 Terminwert und Tagessummen generiert aus SYNOP-Meldung des 06 UTC Termins
00792,19750101,19901231,NBL:07:00 GZ (bis 1990)  sonst 07:30 GZ,Niederschlagsdaten aus Niederschlagsroutine des eMD bis 10/1991 (1 Termin ca 7 MOZ und Tagessummen)
00792,19910101,19990831,NBL:07:00-07:00 FT. GZ (bis 1990)  sonst 07:30 - 07:30 FT. GZ,Niederschlagsdaten aus Niederschlagsroutine des DWD oder Vorgängerdienste bis Einrichtung Nst(A) oder Nst(k) (1 Termin ca 7 MOZ und Tagessummen)
00794,18910501,19351230,NBL:07:00-07:00 FT. GZ (bis 1990)  sonst 07:30 - 07:30 FT. GZ,KLIDADIGI: Niederschlagsdaten nacherfasst (1 Termin: ca 07 MOZ und Tagessummen)
00794,19610101,20061231,NBL:07:00-07:00 FT. GZ (bis 1990)  sonst 07:30 - 07:30 FT. GZ,Niederschlagsdaten aus Niederschlagsroutine des DWD oder Vorgängerdienste bis Einrichtung Nst(A) oder Nst(k) (1 Termin ca 7 MOZ und Tagessummen)
00799,19790101,19960331,NBL:07:00-07:00 FT. GZ (bis 1990)  sonst 07:30 - 07:30 FT. GZ,Niederschlagsdaten aus Niederschlagsroutine des DWD oder Vorgängerdienste bis Einrichtung Nst(A) oder Nst(k) (1 Termin ca 7 MOZ und Tagessummen)
00827,19030403,19351230,NBL:07:00-07:00 FT. GZ (bis 1990)  sonst 07:30 - 07:30 FT. GZ,KLIDADIGI: Niederschlagsdaten nacherfasst (1 Termin: ca 07 MOZ und Tagessummen)
00827,19510101,20061231,NBL:07:00-07:00 FT. GZ (bis 1990)  sonst 07:30 - 07:30 FT. GZ,Niederschlagsdaten aus Niederschlagsroutine des DWD oder Vorgängerdienste bis Einrichtung Nst(A) oder Nst(k) (1 Termin ca 7 MOZ und Tagessummen)
00827,20070101,20260418,05:51 - 05:50 FT. UTC,Niederschlagsdaten aus Niederschlagsroutine des DWD mit Nst(k)  und ANKONDA-Stationen (1 Termin 06 UTC und Tagessummen)
00827,20070101,20261002,05:51 - 05:50 FT. UTC,Niederschlagsdaten aus Niederschlagsroutine des DWD mit Nst(k)  und ANKONDA-Stationen (1 Termin 06 UTC und Tagessummen)
00839,19740101,19901231,NBL:07:00 GZ (bis 1990)  sonst 07:30 GZ,Niederschlagsdaten aus Niederschlagsroutine des eMD bis 10/1991 (1 Termin ca 7 MOZ und Tagessummen)
00839,19910101,20040430,NBL:07:00-07:00 FT. GZ (bis 1990)  sonst 07:30 - 07:30 FT. GZ,Niederschlagsdaten aus Niederschlagsroutine des DWD oder Vorgängerdienste bis Einrichtung Nst(A) oder Nst(k) (1 Termin ca 7 MOZ und Tagessummen)
00839,20110101,20260418,06:00 - 06 FT. UTC (05:51-05:50 FT.UTC),Niederschlagsdaten aus Niederschlagsroutine nach 01.04.2001 Terminwert und Tagessummen generiert aus SYNOP-Meldung des 06 UTC Termins
00839,20110101,20261002,06:00 - 06 FT. UTC (05:51-05:50 FT.UTC),Niederschlagsdaten aus Niederschlagsroutine nach 01.04.2001 Terminwert und Tagessummen generiert aus SYNOP-Meldung des 06 UTC Termins
00889,19690101,19901231,NBL:07:00 GZ (bis 1990)  sonst 07:30 GZ,Niederschlagsdaten aus Niederschlagsroutine des eMD bis 10/1991 (1 Termin ca 7 MOZ und Tagessummen)
00889,19910101,20051231,NBL:07:00-07:00 FT. GZ (bis 1990)  sonst 07:30 - 07:30 FT. GZ,Niederschlagsdaten aus Niederschlagsroutine des DWD oder Vorgängerdienste bis Einrichtung Nst(A) oder Nst(k) (1 Termin ca 7 MOZ und Tagessummen)
00889,20060101,20180131,05:51 - 05:50 FT. UTC,Niederschlagsdaten aus Niederschlagsroutine des DWD mit Nst(k)  und ANKONDA-Stationen (1 Termin 06 UTC und Tagessummen)
00891,19460101,20010331,NBL:07:00-07:00 FT. GZ (bis 1990)  sonst 07:30 - 07:30 FT. GZ,Niederschlagsdaten aus Niederschlagsroutine des DWD oder Vorgängerdienste bis Einrichtung Nst(A) oder Nst(k) (1 Termin ca 7 MOZ und Tagessummen)
00891,20010401,20260418,06:00 - 06 FT. UTC (05:51-05:50 FT.UTC),Niederschlagsdaten aus Niederschlagsroutine nach 01.04.2001 Terminwert und Tagessummen generiert aus SYNOP-Meldung des 06 UTC Termins
00891,20010401,20261002,06:00 - 06 FT. UTC (05:51-05:50 FT.UTC),Niederschlagsdaten aus Niederschlagsroutine nach 01.04.2001 Terminwert und Tagessummen generiert aus SYNOP-Meldung des 06 UTC Termins
00892,18951020,19301231,NBL:07:00-07:00 FT. GZ (bis 1990)  sonst 07:30 - 07:30 FT. GZ,KLIDADIGI: Niederschlagsdaten nacherfasst (1 Termin: ca 07 MOZ und Tagessummen)
00892,19310101,19601130,NBL:07:00-07:00 FT. GZ (bis 1990)  sonst 07:30 - 07:30 FT. GZ,Niederschlagsdaten aus Niederschlagsroutine des DWD oder Vorgängerdienste bis Einrichtung Nst(A) oder Nst(k) (1 Termin ca 7 MOZ und Tagessummen)
00892,19601201,19781231,NBL:07:00-07:00 FT. GZ (bis 1990)  sonst 07:30 - 07:30 FT. GZ,KLIDADIGI: Niederschlagsdaten nacherfasst (1 Termin: ca 07 MOZ und Tagessummen)
00892,19790101,20061231,NBL:07:00-07:00 FT. GZ (bis 1990)  sonst 07:30 - 07:30 FT. GZ,Niederschlagsdaten aus Niederschlagsroutine des DWD oder Vorgängerdienste bis Einrichtung Nst(A) oder Nst(k) (1 Termin ca 7 MOZ und Tagessummen)
00893,19690101,19901231,NBL:07:00 GZ (bis 1990)  sonst 07:30 GZ,Niederschlagsdaten aus Niederschlagsroutine des eMD bis 10/1991 (1 Termin ca 7 MOZ und Tagessummen)
00893,19910101,20051231,NBL:07:00-07:00 FT. GZ (bis 1990)  sonst 07:30 - 07:30 FT. GZ,Niederschlagsdaten aus Niederschlagsroutine des DWD oder Vorgängerdienste bis Einrichtung Nst(A) oder Nst(k) (1 Termin ca 7 MOZ und Tagessummen)
00893,20060101,20260331,05:51 - 05:50 FT. UTC,Niederschlagsdaten aus Niederschlagsroutine des DWD mit Nst(k)  und ANKONDA-Stationen (1 Termin 06 UTC und Tagessummen)
00893,20060101,20260928,05:51 - 05:50 FT. UTC,Niederschlagsdaten aus Niederschlagsroutine des DWD mit Nst(k)  und ANKONDA-Stationen (1 Termin 06 UTC und Tagessummen)
00900,19410101,20061231,NBL:07:00-07:00 FT. GZ (bis 1990)  sonst 07:30 - 07:30 FT. GZ,Niederschlagsdaten aus Niederschlagsroutine des DWD oder Vorgängerdienste bis Einrichtung Nst(A) oder Nst(k) (1 Termin ca 7 MOZ und Tagessummen)
00915,18880101,19450227,NBL:07:00-07:00 FT. GZ (bis 1990)  sonst 07:30 - 07:30 FT. GZ,KLIDADIGI: Niederschlagsdaten nacherfasst (1 Termin: ca 07 MOZ und Tagessummen)
00915,19510101,19901231,NBL:07:00 GZ (bis 1990)  sonst 07:30 GZ,Niederschlagsdaten aus Niederschlagsroutine des eMD bis 10/1991 (1 Termin ca 7 MOZ und Tagessummen)
00915,19910101,20001231,NBL:07:00-07:00 FT. GZ (bis 1990)  sonst 07:30 - 07:30 FT. GZ,Niederschlagsdaten aus Niederschlagsroutine des DWD oder Vorgängerdienste bis Einrichtung Nst(A) oder Nst(k) (1 Termin ca 7 MOZ und Tagessummen)
00939,19140101,19441129,NBL:07:00-07:00 FT. GZ (bis 1990)  sonst 07:30 - 07:30 FT. GZ,KLIDADIGI: Niederschlagsdaten nacherfasst (1 Termin: ca 07 MOZ und Tagessummen)
00939,19510101,19901231,NBL:07:00 GZ (bis 1990)  sonst 07:30 GZ,Niederschlagsdaten aus Niederschlagsroutine des eMD bis 10/1991 (1 Termin ca 7 MOZ und Tagessummen)
00939,19910101,20051231,NBL:07:00-07:00 FT. GZ (bis 1990)  sonst 07:30 - 07:30 FT. GZ,Niederschlagsdaten aus Niederschlagsroutine des DWD oder Vorgängerdienste bis Einrichtung Nst(A) oder Nst(k) (1 Termin ca 7 MOZ und Tagessummen)
00939,20060101,20260418,05:51 - 05:50 FT. UTC,Niederschlagsdaten aus Niederschlagsroutine des DWD mit Nst(k)  und ANKONDA-Stationen (1 Termin 06 UTC und Tagessummen)
00939,20060101,20261002,05:51 - 05:50 FT. UTC,Niederschlagsdaten aus Niederschlagsroutine des DWD mit Nst(k)  und ANKONDA-Stationen (1 Termin 06 UTC und Tagessummen)
00946,19690101,19901231,NBL:07:00 GZ (bis 1990)  sonst 07:30 GZ,Niederschlagsdaten aus Niederschlagsroutine des eMD bis 10/1991 (1 Termin ca 7 MOZ und Tagessummen)
00946,19910101,20051231,NBL:07:00-07:00 FT. GZ (bis 1990)  sonst 07:30 - 07:30 FT. GZ,Niederschlagsdaten aus Niederschlagsroutine des DWD oder Vorgängerdienste bis Einrichtung Nst(A) oder Nst(k) (1 Termin ca 7 MOZ und Tagessummen)
00968,19690101,19901231,NBL:07:00 GZ (bis 1990)  sonst 07:30 GZ,Niederschlagsdaten aus Niederschlagsroutine des eMD bis 10/1991 (1 Termin ca 7 MOZ und Tagessummen)
00968,19910101,20031231,NBL:07:00-07:00 FT. GZ (bis 1990)  sonst 07:30 - 07:30 FT. GZ,Niederschlagsdaten aus Niederschlagsroutine des DWD oder Vorgängerdienste bis Einrichtung Nst(A) oder Nst(k) (1 Termin ca 7 MOZ und Tagessummen)
00999,18940501,19681230,NBL:07:00-07:00 FT. GZ (bis 1990)  sonst 07:30 - 07:30 FT. GZ,KLIDADIGI: Niederschlagsdaten nacherfasst (1 Termin: ca 07 MOZ und Tagessummen)
00999,19690101,19901231,NBL:07:00 GZ (bis 1990)  sonst 07:30 GZ,Niederschlagsdaten aus Niederschlagsroutine des eMD bis 10/1991 (1 Termin ca 7 MOZ und Tagessummen)
00999,19910101,20051231,NBL:07:00-07:00 FT. GZ (bis 1990)  sonst 07:30 - 07:30 FT. GZ,Niederschlagsdaten aus Niederschlagsroutine des DWD oder Vorgängerdienste bis Einrichtung Nst(A) oder Nst(k) (1 Termin ca 7 MOZ und Tagessummen)
01000,19690101,19901231,NBL:07:00 GZ (bis 1990)  sonst 07:30 GZ,Niederschlagsdaten aus Niederschlagsroutine des eMD bis 10/1991 (1 Termin ca 7 MOZ und Tagessummen)
01000,19910101,19970831,NBL:07:00-07:00 FT. GZ (bis 1990)  sonst 07:30 - 07:30 FT. GZ,Niederschlagsdaten aus Niederschlagsroutine des DWD oder Vorgängerdienste bis Einrichtung Nst(A) oder Nst(k) (1 Termin ca 7 MOZ und Tagessummen)
01016,19410101,20061231,NBL:07:00-07:00 FT. GZ (bis 1990)  sonst 07:30 - 07:30 FT. GZ,Niederschlagsdaten aus Niederschlagsroutine des DWD oder Vorgängerdienste bis Einrichtung Nst(A) oder Nst(k) (1 Termin ca 7 MOZ und Tagessummen)
01016,20070101,20260331,05:51 - 05:50 FT. UTC,Niederschlagsdaten aus Niederschlagsroutine des DWD mit Nst(k)  und ANKONDA-Stationen (1 Termin 06 UTC und Tagessummen)
01016,20070101,20260831,05:51 - 05:50 FT. UTC,Niederschlagsdaten aus Niederschlagsroutine des DWD mit Nst(k)  und ANKONDA-Stationen (1 Termin 06 UTC und Tagessummen)
01017,19760101,19901231,NBL:07:00 GZ (bis 1990)  sonst 07:30 GZ,Niederschlagsdaten aus Niederschlagsroutine des eMD bis 10/1991 (1 Termin ca 7 MOZ und Tagessummen)
01017,19910101,20051231,NBL:07:00-07:00 FT. GZ (bis 1990)  sonst 07:30 - 07:30 FT. GZ,Niederschlagsdaten aus Niederschlagsroutine des DWD oder Vorgängerdienste bis Einrichtung Nst(A) oder Nst(k) (1 Termin ca 7 MOZ und Tagessummen)
01030,19510101,20050228,NBL:07:00-07:00 FT. GZ (bis 1990)  sonst 07:30 - 07:30 FT. GZ,Niederschlagsdaten aus Niederschlagsroutine des DWD oder Vorgängerdienste bis Einrichtung Nst(A) oder Nst(k) (1 Termin ca 7 MOZ und Tagessummen)
01030,20050301,20260418,06:00 - 06 FT. UTC (05:51-05:50 FT.UTC),Niederschlagsdaten aus Niederschlagsroutine nach 01.04.2001 Terminwert und Tagessummen generiert aus SYNOP-Meldung des 06 UTC Termins
01030,20050301,20261002,06:00 - 06 FT. UTC (05:51-05:50 FT.UTC),Niederschlagsdaten aus Niederschlagsroutine nach 01.04.2001 Terminwert und Tagessummen generiert aus SYNOP-Meldung des 06 UTC Termins
01056,19510101,20051130,NBL:07:00-07:00 FT. GZ (bis 1990)  sonst 07:30 - 07:30 FT. GZ,Niederschlagsdaten aus Niederschlagsroutine des DWD oder Vorgängerdienste bis Einrichtung Nst(A) oder Nst(k) (1 Termin ca 7 MOZ und Tagessummen)
01056,20051201,20260418,06:00 - 06 FT. UTC (05:51-05:50 FT.UTC),Niederschlagsdaten aus Niederschlagsroutine nach 01.04.2001 Terminwert und Tagessummen generiert aus SYNOP-Meldung des 06 UTC Termins
01056,20051201,20261002,06:00 - 06 FT. UTC (05:51-05:50 FT.UTC),Niederschlagsdaten aus Niederschlagsroutine nach 01.04.2001 Terminwert und Tagessummen generiert aus SYNOP-Meldung des 06 UTC Termins
01115,18910501,19351230,NBL:07:00-07:00 FT. GZ (bis 1990)  sonst 07:30 - 07:30 FT. GZ,KLIDADIGI: Niederschlagsdaten nacherfasst (1 Termin: ca 07 MOZ und Tagessummen)
01115,19610101,20061231,NBL:07:00-07:00 FT. GZ (bis 1990)  sonst 07:30 - 07:30 FT. GZ,Niederschlagsdaten aus Niederschlagsroutine des DWD oder Vorgängerdienste bis Einrichtung Nst(A) oder Nst(k) (1 Termin ca 7 MOZ und Tagessummen)
01130,19790101,20010331,NBL:07:00-07:00 FT. GZ (bis 1990)  sonst 07:30 - 07:30 FT. GZ,Niederschlagsdaten aus Niederschlagsroutine des DWD oder Vorgängerdienste bis Einrichtung Nst(A) oder Nst(k) (1 Termin ca 7 MOZ und Tagessummen)
01130,20010401,20030731,06:00 - 06 FT. UTC (05:51-05:50 FT.UTC),Niederschlagsdaten aus Niederschlagsroutine nach 01.04.2001 Terminwert und Tagessummen generiert aus SYNOP-Meldung des 06 UTC Termins
01130,20030801,20030831,NBL:07:00-07:00 FT. GZ (bis 1990)  sonst 07:30 - 07:30 FT. GZ,Niederschlagsdaten aus Niederschlagsroutine des DWD oder Vorgängerdienste bis Einrichtung Nst(A) oder Nst(k) (1 Termin ca 7 MOZ und Tagessummen)
01130,20030901,20031031,06:00 - 06 FT. UTC (05:51-05:50 FT.UTC),Niederschlagsdaten aus Niederschlagsroutine nach 01.04.2001 Terminwert und Tagessummen generiert aus SYNOP-Meldung des 06 UTC Termins
01130,20031101,20031130,NBL:07:00-07:00 FT. GZ (bis 1990)  sonst 07:30 - 07:30 FT. GZ,Niederschlagsdaten aus Niederschlagsroutine des DWD oder Vorgängerdienste bis Einrichtung Nst(A) oder Nst(k) (1 Termin ca 7 MOZ und Tagessummen)
01130,20040105,20260418,06:00 - 06 FT. UTC (05:51-05:50 FT.UTC),Niederschlagsdaten aus Niederschlagsroutine nach 01.04.2001 Terminwert und Tagessummen generiert aus SYNOP-Meldung des 06 UTC Termins
01130,20040105,20261002,06:00 - 06 FT. UTC (05:51-05:50 FT.UTC),Niederschlagsdaten aus Niederschlagsroutine nach 01.04.2001 Terminwert und Tagessummen generiert aus SYNOP-Meldung des 06 UTC Termins
01189,19780101,20061231,NBL:07:00-07:00 FT. GZ (bis 1990)  sonst 07:30 - 07:30 FT. GZ,Niederschlagsdaten aus Niederschlagsroutine des DWD oder Vorgängerdienste bis Einrichtung Nst(A) oder Nst(k) (1 Termin ca 7 MOZ und Tagessummen)
01199,19740101,19901231,NBL:07:00 GZ (bis 1990)  sonst 07:30 GZ,Niederschlagsdaten aus Niederschlagsroutine des eMD bis 10/1991 (1 Termin ca 7 MOZ und Tagessummen)
01199,19910101,19981231,NBL:07:00-07:00 FT. GZ (bis 1990)  sonst 07:30 - 07:30 FT. GZ,Niederschlagsdaten aus Niederschlagsroutine des DWD oder Vorgängerdienste bis Einrichtung Nst(A) oder Nst(k) (1 Termin ca 7 MOZ und Tagessummen)
01200,20060201,20260418,06:00 - 06 FT. UTC (05:51-05:50 FT.UTC),Niederschlagsdaten aus Niederschlagsroutine nach 01.04.2001 Terminwert und Tagessummen generiert aus SYNOP-Meldung des 06 UTC Termins
01200,20060201,20261002,06:00 - 06 FT. UTC (05:51-05:50 FT.UTC),Niederschlagsdaten aus Niederschlagsroutine nach 01.04.2001 Terminwert und Tagessummen generiert aus SYNOP-Meldung des 06 UTC Termins
01219,19470101,19970630,NBL:07:00-07:00 FT. GZ (bis 1990)  sonst 07:30 - 07:30 FT. GZ,Niederschlagsdaten aus Niederschlagsroutine des DWD oder Vorgängerdienste bis Einrichtung Nst(A) oder Nst(k) (1 Termin ca 7 MOZ und Tagessummen)
01220,19310101,20061231,NBL:07:00-07:00 FT. GZ (bis 1990)  sonst 07:30 - 07:30 FT. GZ,Niederschlagsdaten aus Niederschlagsroutine des DWD oder Vorgängerdienste bis Einrichtung Nst(A) oder Nst(k) (1 Termin ca 7 MOZ und Tagessummen)
01266,18910623,19030530,NBL:07:00-07:00 FT. GZ (bis 1990)  sonst 07:30 - 07:30 FT. GZ,KLIDADIGI: Niederschlagsdaten nacherfasst (1 Termin: ca 07 MOZ und Tagessummen)
01266,19310101,20040531,NBL:07:00-07:00 FT. GZ (bis 1990)  sonst 07:30 - 07:30 FT. GZ,Niederschlagsdaten aus Niederschlagsroutine des DWD oder Vorgängerdienste bis Einrichtung Nst(A) oder Nst(k) (1 Termin ca 7 MOZ und Tagessummen)
01266,20040601,20260418,06:00 - 06 FT. UTC (05:51-05:50 FT.UTC),Niederschlagsdaten aus Niederschlagsroutine nach 01.04.2001 Terminwert und Tagessummen generiert aus SYNOP-Meldung des 06 UTC Termins
01266,20040601,20261002,06:00 - 06 FT. UTC (05:51-05:50 FT.UTC),Niederschlagsdaten aus Niederschlagsroutine nach 01.04.2001 Terminwert und Tagessummen generiert aus SYNOP-Meldung des 06 UTC Termins
01299,19410101,19991031,NBL:07:00-07:00 FT. GZ (bis 1990)  sonst 07:30 - 07:30 FT. GZ,Niederschlagsdaten aus Niederschlagsroutine des DWD oder Vorgängerdienste bis Einrichtung Nst(A) oder Nst(k) (1 Termin ca 7 MOZ und Tagessummen)
01329,19310101,20031231,NBL:07:00-07:00 FT. GZ (bis 1990)  sonst 07:30 - 07:30 FT. GZ,Niederschlagsdaten aus Niederschlagsroutine des DWD oder Vorgängerdienste bis Einrichtung Nst(A) oder Nst(k) (1 Termin ca 7 MOZ und Tagessummen)
01362,19740101,19901231,NBL:07:00 GZ (bis 1990)  sonst 07:30 GZ,Niederschlagsdaten aus Niederschlagsroutine des eMD bis 10/1991 (1 Termin ca 7 MOZ und Tagessummen)
01362,19910101,20051231,NBL:07:00-07:00 FT. GZ (bis 1990)  sonst 07:30 - 07:30 FT. GZ,Niederschlagsdaten aus Niederschlagsroutine des DWD oder Vorgängerdienste bis Einrichtung Nst(A) oder Nst(k) (1 Termin ca 7 MOZ und Tagessummen)
01376,19610101,20061231,NBL:07:00-07:00 FT. GZ (bis 1990)  sonst 07:30 - 07:30 FT. GZ,Niederschlagsdaten aus Niederschlagsroutine des DWD oder Vorgängerdienste bis Einrichtung Nst(A) oder Nst(k) (1 Termin ca 7 MOZ und Tagessummen)
01376,20070101,20171231,05:51 - 05:50 FT. UTC,Niederschlagsdaten aus Niederschlagsroutine des DWD mit Nst(k)  und ANKONDA-Stationen (1 Termin 06 UTC und Tagessummen)
01378,19850701,20061231,NBL:07:00-07:00 FT. GZ (bis 1990)  sonst 07:30 - 07:30 FT. GZ,Niederschlagsdaten aus Niederschlagsroutine des DWD oder Vorgängerdienste bis Einrichtung Nst(A) oder Nst(k) (1 Termin ca 7 MOZ und Tagessummen)
01379,19570101,20061231,NBL:07:00-07:00 FT. GZ (bis 1990)  sonst 07:30 - 07:30 FT. GZ,Niederschlagsdaten aus Niederschlagsroutine des DWD oder Vorgängerdienste bis Einrichtung Nst(A) oder Nst(k) (1 Termin ca 7 MOZ und Tagessummen)
01394,19781001,19950331,NBL:07:00-07:00 FT. GZ (bis 1990)  sonst 07:30 - 07:30 FT. GZ,Niederschlagsdaten aus Niederschlagsroutine des DWD oder Vorgängerdienste bis Einrichtung Nst(A) oder Nst(k) (1 Termin ca 7 MOZ und Tagessummen)
01429,18970501,19351230,NBL:07:00-07:00 FT. GZ (bis 1990)  sonst 07:30 - 07:30 FT. GZ,KLIDADIGI: Niederschlagsdaten nacherfasst (1 Termin: ca 07 MOZ und Tagessummen)
01429,19690101,19901231,NBL:07:00 GZ (bis 1990)  sonst 07:30 GZ,Niederschlagsdaten aus Niederschlagsroutine des eMD bis 10/1991 (1 Termin ca 7 MOZ und Tagessummen)
01429,19910101,20051231,NBL:07:00-07:00 FT. GZ (bis 1990)  sonst 07:30 - 07:30 FT. GZ,Niederschlagsdaten aus Niederschlagsroutine des DWD oder Vorgängerdienste bis Einrichtung Nst(A) oder Nst(k) (1 Termin ca 7 MOZ und Tagessummen)
01429,20060101,20260418,05:51 - 05:50 FT. UTC,Niederschlagsdaten aus Niederschlagsroutine des DWD mit Nst(k)  und ANKONDA-Stationen (1 Termin 06 UTC und Tagessummen)
01429,20060101,20261002,05:51 - 05:50 FT. UTC,Niederschlagsdaten aus Niederschlagsroutine des DWD mit Nst(k)  und ANKONDA-Stationen (1 Termin 06 UTC und Tagessummen)
01451,19701101,20040531,NBL:07:00-07:00 FT. GZ (bis 1990)  sonst 07:30 - 07:30 FT. GZ,Niederschlagsdaten aus Niederschlagsroutine des DWD oder Vorgängerdienste bis Einrichtung Nst(A) oder Nst(k) (1 Termin ca 7 MOZ und Tagessummen)
01451,20040601,20260418,06:00 - 06 FT. UTC (05:51-05:50 FT.UTC),Niederschlagsdaten aus Niederschlagsroutine nach 01.04.2001 Terminwert und Tagessummen generiert aus SYNOP-Meldung des 06 UTC Termins
01451,20040601,20261002,06:00 - 06 FT. UTC (05:51-05:50 FT.UTC),Niederschlagsdaten aus Niederschlagsroutine nach 01.04.2001 Terminwert und Tagessummen generiert aus SYNOP-Meldung des 06 UTC Termins
01480,18931101,20061231,NBL:07:00-07:00 FT. GZ (bis 1990)  sonst 07:30 - 07:30 FT. GZ,Niederschlagsdaten aus Niederschlagsroutine des DWD oder Vorgängerdienste bis Einrichtung Nst(A) oder Nst(k) (1 Termin ca 7 MOZ und Tagessummen)
01494,18901115,19301231,NBL:07:00-07:00 FT. GZ (bis 1990)  sonst 07:30 - 07:30 FT. GZ,KLIDADIGI: Niederschlagsdaten nacherfasst (1 Termin: ca 07 MOZ und Tagessummen)
01494,19310101,20061231,NBL:07:00-07:00 FT. GZ (bis 1990)  sonst 07:30 - 07:30 FT. GZ,Niederschlagsdaten aus Niederschlagsroutine des DWD oder Vorgängerdienste bis Einrichtung Nst(A) oder Nst(k) (1 Termin ca 7 MOZ und Tagessummen)
01494,20070101,20260416,05:51 - 05:50 FT. UTC,Niederschlagsdaten aus Niederschlagsroutine des DWD mit Nst(k)  und ANKONDA-Stationen (1 Termin 06 UTC und Tagessummen)
01494,20070101,20261001,05:51 - 05:50 FT. UTC,Niederschlagsdaten aus Niederschlagsroutine des DWD mit Nst(k)  und ANKONDA-Stationen (1 Termin 06 UTC und Tagessummen)
01495,19690101,19901231,NBL:07:00 GZ (bis 1990)  sonst 07:30 GZ,Niederschlagsdaten aus Niederschlagsroutine des eMD bis 10/1991 (1 Termin ca 7 MOZ und Tagessummen)
01495,19910101,20040930,NBL:07:00-07:00 FT. GZ (bis 1990)  sonst 07:30 - 07:30 FT. GZ,Niederschlagsdaten aus Niederschlagsroutine des DWD oder Vorgängerdienste bis Einrichtung Nst(A) oder Nst(k) (1 Termin ca 7 MOZ und Tagessummen)
01495,20041001,20260418,06:00 - 06 FT. UTC (05:51-05:50 FT.UTC),Niederschlagsdaten aus Niederschlagsroutine nach 01.04.2001 Terminwert und Tagessummen generiert aus SYNOP-Meldung des 06 UTC Termins
01495,20041001,20261002,06:00 - 06 FT. UTC (05:51-05:50 FT.UTC),Niederschlagsdaten aus Niederschlagsroutine nach 01.04.2001 Terminwert und Tagessummen generiert aus SYNOP-Meldung des 06 UTC Termins
01496,18910601,19071230,NBL:07:00-07:00 FT. GZ (bis 1990)  sonst 07:30 - 07:30 FT. GZ,KLIDADIGI: Niederschlagsdaten nacherfasst (1 Termin: ca 07 MOZ und Tagessummen)
01496,19310101,20030831,NBL:07:00-07:00 FT. GZ (bis 1990)  sonst 07:30 - 07:30 FT. GZ,Niederschlagsdaten aus Niederschlagsroutine des DWD oder Vorgängerdienste bis Einrichtung Nst(A) oder Nst(k) (1 Termin ca 7 MOZ und Tagessummen)
01532,18880101,19501231,NBL:07:00-07:00 FT. GZ (bis 1990)  sonst 07:30 - 07:30 FT. GZ,KLIDADIGI: Niederschlagsdaten nacherfasst (1 Termin: ca 07 MOZ und Tagessummen)
01532,19510101,19901231,NBL:07:00 GZ (bis 1990)  sonst 07:30 GZ,Niederschlagsdaten aus Niederschlagsroutine des eMD bis 10/1991 (1 Termin ca 7 MOZ und Tagessummen)
01532,19910101,20051231,NBL:07:00-07:00 FT. GZ (bis 1990)  sonst 07:30 - 07:30 FT. GZ,Niederschlagsdaten aus Niederschlagsroutine des DWD oder Vorgängerdienste bis Einrichtung Nst(A) oder Nst(k) (1 Termin ca 7 MOZ und Tagessummen)
01543,19510101,19901231,NBL:07:00 GZ (bis 1990)  sonst 07:30 GZ,Niederschlagsdaten aus Niederschlagsroutine des eMD bis 10/1991 (1 Termin ca 7 MOZ und Tagessummen)
01543,19910101,20051231,NBL:07:00-07:00 FT. GZ (bis 1990)  sonst 07:30 - 07:30 FT. GZ,Niederschlagsdaten aus Niederschlagsroutine des DWD oder Vorgängerdienste bis Einrichtung Nst(A) oder Nst(k) (1 Termin ca 7 MOZ und Tagessummen)
01546,19610101,20061231,NBL:07:00-07:00 FT. GZ (bis 1990)  sonst 07:30 - 07:30 FT. GZ,Niederschlagsdaten aus Niederschlagsroutine des DWD oder Vorgängerdienste bis Einrichtung Nst(A) oder Nst(k) (1 Termin ca 7 MOZ und Tagessummen)
01546,20070101,20260131,05:51 - 05:50 FT. UTC,Niederschlagsdaten aus Niederschlagsroutine des DWD mit Nst(k)  und ANKONDA-Stationen (1 Termin 06 UTC und Tagessummen)
01562,19410101,20061231,NBL:07:00-07:00 FT. GZ (bis 1990)  sonst 07:30 - 07:30 FT. GZ,Niederschlagsdaten aus Niederschlagsroutine des DWD oder Vorgängerdienste bis Einrichtung Nst(A) oder Nst(k) (1 Termin ca 7 MOZ und Tagessummen)
01665,18970901,19301231,NBL:07:00-07:00 FT. GZ (bis 1990)  sonst 07:30 - 07:30 FT. GZ,KLIDADIGI: Niederschlagsdaten nacherfasst (1 Termin: ca 07 MOZ und Tagessummen)
01665,19310101,20061231,NBL:07:00-07:00 FT. GZ (bis 1990)  sonst 07:30 - 07:30 FT. GZ,Niederschlagsdaten aus Niederschlagsroutine des DWD oder Vorgängerdienste bis Einrichtung Nst(A) oder Nst(k) (1 Termin ca 7 MOZ und Tagessummen)
01666,19880401,20010331,NBL:07:00-07:00 FT. GZ (bis 1990)  sonst 07:30 - 07:30 FT. GZ,Niederschlagsdaten aus Niederschlagsroutine des DWD oder Vorgängerdienste bis Einrichtung Nst(A) oder Nst(k) (1 Termin ca 7 MOZ und Tagessummen)
01666,20010401,20260418,06:00 - 06 FT. UTC (05:51-05:50 FT.UTC),Niederschlagsdaten aus Niederschlagsroutine nach 01.04.2001 Terminwert und Tagessummen generiert aus SYNOP-Meldung des 06 UTC Termins
01666,20010401,20261002,06:00 - 06 FT. UTC (05:51-05:50 FT.UTC),Niederschlagsdaten aus Niederschlagsroutine nach 01.04.2001 Terminwert und Tagessummen generiert aus SYNOP-Meldung des 06 UTC Termins
01667,18970601,19301231,NBL:07:00-07:00 FT. GZ (bis 1990)  sonst 07:30 - 07:30 FT. GZ,KLIDADIGI: Niederschlagsdaten nacherfasst (1 Termin: ca 07 MOZ und Tagessummen)
01667,19310101,20061231,NBL:07:00-07:00 FT. GZ (bis 1990)  sonst 07:30 - 07:30 FT. GZ,Niederschlagsdaten aus Niederschlagsroutine des DWD oder Vorgängerdienste bis Einrichtung Nst(A) oder Nst(k) (1 Termin ca 7 MOZ und Tagessummen)
01667,20070101,20210722,05:51 - 05:50 FT. UTC,Niederschlagsdaten aus Niederschlagsroutine des DWD mit Nst(k)  und ANKONDA-Stationen (1 Termin 06 UTC und Tagessummen)
01668,19810801,19981231,NBL:07:00-07:00 FT. GZ (bis 1990)  sonst 07:30 - 07:30 FT. GZ,Niederschlagsdaten aus Niederschlagsroutine des DWD oder Vorgängerdienste bis Einrichtung Nst(A) oder Nst(k) (1 Termin ca 7 MOZ und Tagessummen)
01669,19690101,19901231,NBL:07:00 GZ (bis 1990)  sonst 07:30 GZ,Niederschlagsdaten aus Niederschlagsroutine des eMD bis 10/1991 (1 Termin ca 7 MOZ und Tagessummen)
01669,19910101,20051231,NBL:07:00-07:00 FT. GZ (bis 1990)  sonst 07:30 - 07:30 FT. GZ,Niederschlagsdaten aus Niederschlagsroutine des DWD oder Vorgängerdienste bis Einrichtung Nst(A) oder Nst(k) (1 Termin ca 7 MOZ und Tagessummen)
01669,20060101,20061031,05:51 - 05:50 FT. UTC,Niederschlagsdaten aus Niederschlagsroutine des DWD mit Nst(k)  und ANKONDA-Stationen (1 Termin 06 UTC und Tagessummen)
01669,20061101,20260418,06:00 - 06 FT. UTC (05:51-05:50 FT.UTC),Niederschlagsdaten aus Niederschlagsroutine nach 01.04.2001 Terminwert und Tagessummen generiert aus SYNOP-Meldung des 06 UTC Termins
01669,20061101,20261002,06:00 - 06 FT. UTC (05:51-05:50 FT.UTC),Niederschlagsdaten aus Niederschlagsroutine nach 01.04.2001 Terminwert und Tagessummen generiert aus SYNOP-Meldung des 06 UTC Termins
01671,19710101,20061231,NBL:07:00-07:00 FT. GZ (bis 1990)  sonst 07:30 - 07:30 FT. GZ,Niederschlagsdaten aus Niederschlagsroutine des DWD oder Vorgängerdienste bis Einrichtung Nst(A) oder Nst(k) (1 Termin ca 7 MOZ und Tagessummen)
01694,18880101,19450227,NBL:07:00-07:00 FT. GZ (bis 1990)  sonst 07:30 - 07:30 FT. GZ,KLIDADIGI: Niederschlagsdaten nacherfasst (1 Termin: ca 07 MOZ und Tagessummen)
01694,19510101,19901231,NBL:07:00 GZ (bis 1990)  sonst 07:30 GZ,Niederschlagsdaten aus Niederschlagsroutine des eMD bis 10/1991 (1 Termin ca 7 MOZ und Tagessummen)
01694,19911102,20010325,NBL:07:00-07:00 FT. GZ (bis 1990)  sonst 07:30 - 07:30 FT. GZ,Niederschlagsdaten aus Niederschlagsroutine des DWD oder Vorgängerdienste bis Einrichtung Nst(A) oder Nst(k) (1 Termin ca 7 MOZ und Tagessummen)
01694,20010402,20260418,06:00 - 06 FT. UTC (05:51-05:50 FT.UTC),Niederschlagsdaten aus Niederschlagsroutine nach 01.04.2001 Terminwert und Tagessummen generiert aus SYNOP-Meldung des 06 UTC Termins
01694,20010402,20261002,06:00 - 06 FT. UTC (05:51-05:50 FT.UTC),Niederschlagsdaten aus Niederschlagsroutine nach 01.04.2001 Terminwert und Tagessummen generiert aus SYNOP-Meldung des 06 UTC Termins
01714,18950101,19351230,NBL:07:00-07:00 FT. GZ (bis 1990)  sonst 07:30 - 07:30 FT. GZ,KLIDADIGI: Niederschlagsdaten nacherfasst (1 Termin: ca 07 MOZ und Tagessummen)
01714,19510101,19901231,NBL:07:00 GZ (bis 1990)  sonst 07:30 GZ,Niederschlagsdaten aus Niederschlagsroutine des eMD bis 10/1991 (1 Termin ca 7 MOZ und Tagessummen)
01714,19910101,20051231,NBL:07:00-07:00 FT. GZ (bis 1990)  sonst 07:30 - 07:30 FT. GZ,Niederschlagsdaten aus Niederschlagsroutine des DWD oder Vorgängerdienste bis Einrichtung Nst(A) oder Nst(k) (1 Termin ca 7 MOZ und Tagessummen)
01714,20060101,20260418,05:51 - 05:50 FT. UTC,Niederschlagsdaten aus Niederschlagsroutine des DWD mit Nst(k)  und ANKONDA-Stationen (1 Termin 06 UTC und Tagessummen)
01714,20060101,20261001,05:51 - 05:50 FT. UTC,Niederschlagsdaten aus Niederschlagsroutine des DWD mit Nst(k)  und ANKONDA-Stationen (1 Termin 06 UTC und Tagessummen)
01719,19700101,19901231,NBL:07:00 GZ (bis 1990)  sonst 07:30 GZ,Niederschlagsdaten aus Niederschlagsroutine des eMD bis 10/1991 (1 Termin ca 7 MOZ und Tagessummen)
01719,19910101,20051231,NBL:07:00-07:00 FT. GZ (bis 1990)  sonst 07:30 - 07:30 FT. GZ,Niederschlagsdaten aus Niederschlagsroutine des DWD oder Vorgängerdienste bis Einrichtung Nst(A) oder Nst(k) (1 Termin ca 7 MOZ und Tagessummen)
01736,19510101,20020630,NBL:07:00-07:00 FT. GZ (bis 1990)  sonst 07:30 - 07:30 FT. GZ,Niederschlagsdaten aus Niederschlagsroutine des DWD oder Vorgängerdienste bis Einrichtung Nst(A) oder Nst(k) (1 Termin ca 7 MOZ und Tagessummen)
01736,20020701,20260418,06:00 - 06 FT. UTC (05:51-05:50 FT.UTC),Niederschlagsdaten aus Niederschlagsroutine nach 01.04.2001 Terminwert und Tagessummen generiert aus SYNOP-Meldung des 06 UTC Termins
01736,20020701,20261002,06:00 - 06 FT. UTC (05:51-05:50 FT.UTC),Niederschlagsdaten aus Niederschlagsroutine nach 01.04.2001 Terminwert und Tagessummen generiert aus SYNOP-Meldung des 06 UTC Termins
01741,19690701,19901231,NBL:07:00 GZ (bis 1990)  sonst 07:30 GZ,Niederschlagsdaten aus Niederschlagsroutine des eMD bis 10/1991 (1 Termin ca 7 MOZ und Tagessummen)
01741,19910101,20051231,NBL:07:00-07:00 FT. GZ (bis 1990)  sonst 07:30 - 07:30 FT. GZ,Niederschlagsdaten aus Niederschlagsroutine des DWD oder Vorgängerdienste bis Einrichtung Nst(A) oder Nst(k) (1 Termin ca 7 MOZ und Tagessummen)
01741,20060101,20111231,05:51 - 05:50 FT. UTC,Niederschlagsdaten aus Niederschlagsroutine des DWD mit Nst(k)  und ANKONDA-Stationen (1 Termin 06 UTC und Tagessummen)
01767,19510101,19901231,NBL:07:00 GZ (bis 1990)  sonst 07:30 GZ,Niederschlagsdaten aus Niederschlagsroutine des eMD bis 10/1991 (1 Termin ca 7 MOZ und Tagessummen)
01767,19910101,20051231,NBL:07:00-07:00 FT. GZ (bis 1990)  sonst 07:30 - 07:30 FT. GZ,Niederschlagsdaten aus Niederschlagsroutine des DWD oder Vorgängerdienste bis Einrichtung Nst(A) oder Nst(k) (1 Termin ca 7 MOZ und Tagessummen)
01769,19071101,19351230,NBL:07:00-07:00 FT. GZ (bis 1990)  sonst 07:30 - 07:30 FT. GZ,KLIDADIGI: Niederschlagsdaten nacherfasst (1 Termin: ca 07 MOZ und Tagessummen)
01769,19510101,19901231,NBL:07:00 GZ (bis 1990)  sonst 07:30 GZ,Niederschlagsdaten aus Niederschlagsroutine des eMD bis 10/1991 (1 Termin ca 7 MOZ und Tagessummen)
01769,19910101,20040930,NBL:07:00-07:00 FT. GZ (bis 1990)  sonst 07:30 - 07:30 FT. GZ,Niederschlagsdaten aus Niederschlagsroutine des DWD oder Vorgängerdienste bis Einrichtung Nst(A) oder Nst(k) (1 Termin ca 7 MOZ und Tagessummen)
01769,20041001,20260418,06:00 - 06 FT. UTC (05:51-05:50 FT.UTC),Niederschlagsdaten aus Niederschlagsroutine nach 01.04.2001 Terminwert und Tagessummen generiert aus SYNOP-Meldung des 06 UTC Termins
01769,20041001,20261002,06:00 - 06 FT. UTC (05:51-05:50 FT.UTC),Niederschlagsdaten aus Niederschlagsroutine nach 01.04.2001 Terminwert und Tagessummen generiert aus SYNOP-Meldung des 06 UTC Termins
01787,19610101,20061231,NBL:07:00-07:00 FT. GZ (bis 1990)  sonst 07:30 - 07:30 FT. GZ,Niederschlagsdaten aus Niederschlagsroutine des DWD oder Vorgängerdienste bis Einrichtung Nst(A) oder Nst(k) (1 Termin ca 7 MOZ und Tagessummen)
01795,19690101,19901231,NBL:07:00 GZ (bis 1990)  sonst 07:30 GZ,Niederschlagsdaten aus Niederschlagsroutine des eMD bis 10/1991 (1 Termin ca 7 MOZ und Tagessummen)
01795,19910101,19910131,NBL:07:00-07:00 FT. GZ (bis 1990)  sonst 07:30 - 07:30 FT. GZ,Niederschlagsdaten aus Niederschlagsroutine des DWD oder Vorgängerdienste bis Einrichtung Nst(A) oder Nst(k) (1 Termin ca 7 MOZ und Tagessummen)
01799,19690101,19901231,NBL:07:00 GZ (bis 1990)  sonst 07:30 GZ,Niederschlagsdaten aus Niederschlagsroutine des eMD bis 10/1991 (1 Termin ca 7 MOZ und Tagessummen)
01799,19910101,20051231,NBL:07:00-07:00 FT. GZ (bis 1990)  sonst 07:30 - 07:30 FT. GZ,Niederschlagsdaten aus Niederschlagsroutine des DWD oder Vorgängerdienste bis Einrichtung Nst(A) oder Nst(k) (1 Termin ca 7 MOZ und Tagessummen)
01799,20060101,20180630,05:51 - 05:50 FT. UTC,Niederschlagsdaten aus Niederschlagsroutine des DWD mit Nst(k)  und ANKONDA-Stationen (1 Termin 06 UTC und Tagessummen)
01800,19690101,19901231,NBL:07:00 GZ (bis 1990)  sonst 07:30 GZ,Niederschlagsdaten aus Niederschlagsroutine des eMD bis 10/1991 (1 Termin ca 7 MOZ und Tagessummen)
01800,19910101,20011231,NBL:07:00-07:00 FT. GZ (bis 1990)  sonst 07:30 - 07:30 FT. GZ,Niederschlagsdaten aus Niederschlagsroutine des DWD oder Vorgängerdienste bis Einrichtung Nst(A) oder Nst(k) (1 Termin ca 7 MOZ und Tagessummen)
01803,19490701,19661230,NBL:07:00-07:00 FT. GZ (bis 1990)  sonst 07:30 - 07:30 FT. GZ,KLIDADIGI: Niederschlagsdaten nacherfasst (1 Termin: ca 07 MOZ und Tagessummen)
01803,19670101,19911231,NBL:07:00 GZ (bis 1990)  sonst 07:30 GZ,Niederschlagsdaten aus Niederschlagsroutine des eMD bis 10/1991 (1 Termin ca 7 MOZ und Tagessummen)
01803,19920201,20040630,NBL:07:00-07:00 FT. GZ (bis 1990)  sonst 07:30 - 07:30 FT. GZ,Niederschlagsdaten aus Niederschlagsroutine des DWD oder Vorgängerdienste bis Einrichtung Nst(A) oder Nst(k) (1 Termin ca 7 MOZ und Tagessummen)
01803,20040901,20260418,06:00 - 06 FT. UTC (05:51-05:50 FT.UTC),Niederschlagsdaten aus Niederschlagsroutine nach 01.04.2001 Terminwert und Tagessummen generiert aus SYNOP-Meldung des 06 UTC Termins
01803,20040901,20261002,06:00 - 06 FT. UTC (05:51-05:50 FT.UTC),Niederschlagsdaten aus Niederschlagsroutine nach 01.04.2001 Terminwert und Tagessummen generiert aus SYNOP-Meldung des 06 UTC Termins
01806,19690101,19901231,NBL:07:00 GZ (bis 1990)  sonst 07:30 GZ,Niederschlagsdaten aus Niederschlagsroutine des eMD bis 10/1991 (1 Termin ca 7 MOZ und Tagessummen)
01806,19910101,20051231,NBL:07:00-07:00 FT. GZ (bis 1990)  sonst 07:30 - 07:30 FT. GZ,Niederschlagsdaten aus Niederschlagsroutine des DWD oder Vorgängerdienste bis Einrichtung Nst(A) oder Nst(k) (1 Termin ca 7 MOZ und Tagessummen)
01806,20060101,20110930,05:51 - 05:50 FT. UTC,Niederschlagsdaten aus Niederschlagsroutine des DWD mit Nst(k)  und ANKONDA-Stationen (1 Termin 06 UTC und Tagessummen)
01813,19171101,19301231,NBL:07:00-07:00 FT. GZ (bis 1990)  sonst 07:30 - 07:30 FT. GZ,KLIDADIGI: Niederschlagsdaten nacherfasst (1 Termin: ca 07 MOZ und Tagessummen)
01813,19310101,20061231,NBL:07:00-07:00 FT. GZ (bis 1990)  sonst 07:30 - 07:30 FT. GZ,Niederschlagsdaten aus Niederschlagsroutine des DWD oder Vorgängerdienste bis Einrichtung Nst(A) oder Nst(k) (1 Termin ca 7 MOZ und Tagessummen)
01813,20070101,20260418,06:00 - 06 FT. UTC (05:51-05:50 FT.UTC),Niederschlagsdaten aus Niederschlagsroutine nach 01.04.2001 Terminwert und Tagessummen generiert aus SYNOP-Meldung des 06 UTC Termins
01813,20070101,20261002,06:00 - 06 FT. UTC (05:51-05:50 FT.UTC),Niederschlagsdaten aus Niederschlagsroutine nach 01.04.2001 Terminwert und Tagessummen generiert aus SYNOP-Meldung des 06 UTC Termins
01824,19310101,20061231,NBL:07:00-07:00 FT. GZ (bis 1990)  sonst 07:30 - 07:30 FT. GZ,Niederschlagsdaten aus Niederschlagsroutine des DWD oder Vorgängerdienste bis Einrichtung Nst(A) oder Nst(k) (1 Termin ca 7 MOZ und Tagessummen)
01825,19760101,19901231,NBL:07:00 GZ (bis 1990)  sonst 07:30 GZ,Niederschlagsdaten aus Niederschlagsroutine des eMD bis 10/1991 (1 Termin ca 7 MOZ und Tagessummen)
01825,19910101,20051231,NBL:07:00-07:00 FT. GZ (bis 1990)  sonst 07:30 - 07:30 FT. GZ,Niederschlagsdaten aus Niederschlagsroutine des DWD oder Vorgängerdienste bis Einrichtung Nst(A) oder Nst(k) (1 Termin ca 7 MOZ und Tagessummen)
01827,19150501,19301231,NBL:07:00-07:00 FT. GZ (bis 1990)  sonst 07:30 - 07:30 FT. GZ,KLIDADIGI: Niederschlagsdaten nacherfasst (1 Termin: ca 07 MOZ und Tagessummen)
01827,19310101,20061231,NBL:07:00-07:00 FT. GZ (bis 1990)  sonst 07:30 - 07:30 FT. GZ,Niederschlagsdaten aus Niederschlagsroutine des DWD oder Vorgängerdienste bis Einrichtung Nst(A) oder Nst(k) (1 Termin ca 7 MOZ und Tagessummen)
01827,20070101,20260418,06:00 - 06 FT. UTC (05:51-05:50 FT.UTC),Niederschlagsdaten aus Niederschlagsroutine nach 01.04.2001 Terminwert und Tagessummen generiert aus SYNOP-Meldung des 06 UTC Termins
01827,20070101,20261002,06:00 - 06 FT. UTC (05:51-05:50 FT.UTC),Niederschlagsdaten aus Niederschlagsroutine nach 01.04.2001 Terminwert und Tagessummen generiert aus SYNOP-Meldung des 06 UTC Termins
01841,19310101,20060228,NBL:07:00-07:00 FT. GZ (bis 1990)  sonst 07:30 - 07:30 FT. GZ,Niederschlagsdaten aus Niederschlagsroutine des DWD oder Vorgängerdienste bis Einrichtung Nst(A) oder Nst(k) (1 Termin ca 7 MOZ und Tagessummen)
01860,18931101,19141230,NBL:07:00-07:00 FT. GZ (bis 1990)  sonst 07:30 - 07:30 FT. GZ,KLIDADIGI: Niederschlagsdaten nacherfasst (1 Termin: ca 07 MOZ und Tagessummen)
01860,19310101,20020630,NBL:07:00-07:00 FT. GZ (bis 1990)  sonst 07:30 - 07:30 FT. GZ,Niederschlagsdaten aus Niederschlagsroutine des DWD oder Vorgängerdienste bis Einrichtung Nst(A) oder Nst(k) (1 Termin ca 7 MOZ und Tagessummen)
01888,19690101,19901231,NBL:07:00 GZ (bis 1990)  sonst 07:30 GZ,Niederschlagsdaten aus Niederschlagsroutine des eMD bis 10/1991 (1 Termin ca 7 MOZ und Tagessummen)
01888,19910101,20050131,NBL:07:00-07:00 FT. GZ (bis 1990)  sonst 07:30 - 07:30 FT. GZ,Niederschlagsdaten aus Niederschlagsroutine des DWD oder Vorgängerdienste bis Einrichtung Nst(A) oder Nst(k) (1 Termin ca 7 MOZ und Tagessummen)
01888,20050201,20260418,06:00 - 06 FT. UTC (05:51-05:50 FT.UTC),Niederschlagsdaten aus Niederschlagsroutine nach 01.04.2001 Terminwert und Tagessummen generiert aus SYNOP-Meldung des 06 UTC Termins
01888,20050201,20261002,06:00 - 06 FT. UTC (05:51-05:50 FT.UTC),Niederschlagsdaten aus Niederschlagsroutine nach 01.04.2001 Terminwert und Tagessummen generiert aus SYNOP-Meldung des 06 UTC Termins
01889,18880115,18980730,NBL:07:00-07:00 FT. GZ (bis 1990)  sonst 07:30 - 07:30 FT. GZ,KLIDADIGI: Niederschlagsdaten nacherfasst (1 Termin: ca 07 MOZ und Tagessummen)
01889,19720101,19901231,NBL:07:00 GZ (bis 1990)  sonst 07:30 GZ,Niederschlagsdaten aus Niederschlagsroutine des eMD bis 10/1991 (1 Termin ca 7 MOZ und Tagessummen)
01889,19910101,20031231,NBL:07:00-07:00 FT. GZ (bis 1990)  sonst 07:30 - 07:30 FT. GZ,Niederschlagsdaten aus Niederschlagsroutine des DWD oder Vorgängerdienste bis Einrichtung Nst(A) oder Nst(k) (1 Termin ca 7 MOZ und Tagessummen)
01919,19310101,20061130,NBL:07:00-07:00 FT. GZ (bis 1990)  sonst 07:30 - 07:30 FT. GZ,Niederschlagsdaten aus Niederschlagsroutine des DWD oder Vorgängerdienste bis Einrichtung Nst(A) oder Nst(k) (1 Termin ca 7 MOZ und Tagessummen)
01926,18880101,19501231,NBL:07:00-07:00 FT. GZ (bis 1990)  sonst 07:30 - 07:30 FT. GZ,KLIDADIGI: Niederschlagsdaten nacherfasst (1 Termin: ca 07 MOZ und Tagessummen)
01926,19510101,19901231,NBL:07:00 GZ (bis 1990)  sonst 07:30 GZ,Niederschlagsdaten aus Niederschlagsroutine des eMD bis 10/1991 (1 Termin ca 7 MOZ und Tagessummen)
01926,19910101,20051231,NBL:07:00-07:00 FT. GZ (bis 1990)  sonst 07:30 - 07:30 FT. GZ,Niederschlagsdaten aus Niederschlagsroutine des DWD oder Vorgängerdienste bis Einrichtung Nst(A) oder Nst(k) (1 Termin ca 7 MOZ und Tagessummen)
01926,20060101,20221231,05:51 - 05:50 FT. UTC,Niederschlagsdaten aus Niederschlagsroutine des DWD mit Nst(k)  und ANKONDA-Stationen (1 Termin 06 UTC und Tagessummen)
01970,19510101,20051231,NBL:07:00-07:00 FT. GZ (bis 1990)  sonst 07:30 - 07:30 FT. GZ,Niederschlagsdaten aus Niederschlagsroutine des DWD oder Vorgängerdienste bis Einrichtung Nst(A) oder Nst(k) (1 Termin ca 7 MOZ und Tagessummen)
01971,19310101,19991231,NBL:07:00-07:00 FT. GZ (bis 1990)  sonst 07:30 - 07:30 FT. GZ,Niederschlagsdaten aus Niederschlagsroutine des DWD oder Vorgängerdienste bis Einrichtung Nst(A) oder Nst(k) (1 Termin ca 7 MOZ und Tagessummen)
01975,19360101,20010331,NBL:07:00-07:00 FT. GZ (bis 1990)  sonst 07:30 - 07:30 FT. GZ,Niederschlagsdaten aus Niederschlagsroutine des DWD oder Vorgängerdienste bis Einrichtung Nst(A) oder Nst(k) (1 Termin ca 7 MOZ und Tagessummen)
01975,20010401,20260418,06:00 - 06 FT. UTC (05:51-05:50 FT.UTC),Niederschlagsdaten aus Niederschlagsroutine nach 01.04.2001 Terminwert und Tagessummen generiert aus SYNOP-Meldung des 06 UTC Termins
01975,20010401,20261002,06:00 - 06 FT. UTC (05:51-05:50 FT.UTC),Niederschlagsdaten aus Niederschlagsroutine nach 01.04.2001 Terminwert und Tagessummen generiert aus SYNOP-Meldung des 06 UTC Termins
01979,19510101,20061231,NBL:07:00-07:00 FT. GZ (bis 1990)  sonst 07:30 - 07:30 FT. GZ,Niederschlagsdaten aus Niederschlagsroutine des DWD oder Vorgängerdienste bis Einrichtung Nst(A) oder Nst(k) (1 Termin ca 7 MOZ und Tagessummen)
01981,19620501,20050228,NBL:07:00-07:00 FT. GZ (bis 1990)  sonst 07:30 - 07:30 FT. GZ,Niederschlagsdaten aus Niederschlagsroutine des DWD oder Vorgängerdienste bis Einrichtung Nst(A) oder Nst(k) (1 Termin ca 7 MOZ und Tagessummen)
01981,20050301,20260418,06:00 - 06 FT. UTC (05:51-05:50 FT.UTC),Niederschlagsdaten aus Niederschlagsroutine nach 01.04.2001 Terminwert und Tagessummen generiert aus SYNOP-Meldung des 06 UTC Termins
01981,20050301,20261002,06:00 - 06 FT. UTC (05:51-05:50 FT.UTC),Niederschlagsdaten aus Niederschlagsroutine nach 01.04.2001 Terminwert und Tagessummen generiert aus SYNOP-Meldung des 06 UTC Termins
01983,19510101,19971231,NBL:07:00-07:00 FT. GZ (bis 1990)  sonst 07:30 - 07:30 FT. GZ,Niederschlagsdaten aus Niederschlagsroutine des DWD oder Vorgängerdienste bis Einrichtung Nst(A) oder Nst(k) (1 Termin ca 7 MOZ und Tagessummen)
01984,19510101,19931231,NBL:07:00-07:00 FT. GZ (bis 1990)  sonst 07:30 - 07:30 FT. GZ,Niederschlagsdaten aus Niederschlagsroutine des DWD oder Vorgängerdienste bis Einrichtung Nst(A) oder Nst(k) (1 Termin ca 7 MOZ und Tagessummen)
01987,19560101,20000229,NBL:07:00-07:00 FT. GZ (bis 1990)  sonst 07:30 - 07:30 FT. GZ,Niederschlagsdaten aus Niederschlagsroutine des DWD oder Vorgängerdienste bis Einrichtung Nst(A) oder Nst(k) (1 Termin ca 7 MOZ und Tagessummen)
01989,19830901,20010630,NBL:07:00-07:00 FT. GZ (bis 1990)  sonst 07:30 - 07:30 FT. GZ,Niederschlagsdaten aus Niederschlagsroutine des DWD oder Vorgängerdienste bis Einrichtung Nst(A) oder Nst(k) (1 Termin ca 7 MOZ und Tagessummen)
01990,19510101,20061231,NBL:07:00-07:00 FT. GZ (bis 1990)  sonst 07:30 - 07:30 FT. GZ,Niederschlagsdaten aus Niederschlagsroutine des DWD oder Vorgängerdienste bis Einrichtung Nst(A) oder Nst(k) (1 Termin ca 7 MOZ und Tagessummen)
02004,18910501,19001231,NBL:07:00-07:00 FT. GZ (bis 1990)  sonst 07:30 - 07:30 FT. GZ,KLIDADIGI: Niederschlagsdaten nacherfasst (1 Termin: ca 07 MOZ und Tagessummen)
02004,19010101,19581130,NBL:07:00-07:00 FT. GZ (bis 1990)  sonst 07:30 - 07:30 FT. GZ,Niederschlagsdaten aus Niederschlagsroutine des DWD oder Vorgängerdienste bis Einrichtung Nst(A) oder Nst(k) (1 Termin ca 7 MOZ und Tagessummen)
02004,19581201,19781231,NBL:07:00-07:00 FT. GZ (bis 1990)  sonst 07:30 - 07:30 FT. GZ,KLIDADIGI: Niederschlagsdaten nacherfasst (1 Termin: ca 07 MOZ und Tagessummen)
02004,19790101,20060430,NBL:07:00-07:00 FT. GZ (bis 1990)  sonst 07:30 - 07:30 FT. GZ,Niederschlagsdaten aus Niederschlagsroutine des DWD oder Vorgängerdienste bis Einrichtung Nst(A) oder Nst(k) (1 Termin ca 7 MOZ und Tagessummen)
02026,19310101,20061231,NBL:07:00-07:00 FT. GZ (bis 1990)  sonst 07:30 - 07:30 FT. GZ,Niederschlagsdaten aus Niederschlagsroutine des DWD oder Vorgängerdienste bis Einrichtung Nst(A) oder Nst(k) (1 Termin ca 7 MOZ und Tagessummen)
02026,20070101,20151031,05:51 - 05:50 FT. UTC,Niederschlagsdaten aus Niederschlagsroutine des DWD mit Nst(k)  und ANKONDA-Stationen (1 Termin 06 UTC und Tagessummen)
02028,19510101,20061231,NBL:07:00-07:00 FT. GZ (bis 1990)  sonst 07:30 - 07:30 FT. GZ,Niederschlagsdaten aus Niederschlagsroutine des DWD oder Vorgängerdienste bis Einrichtung Nst(A) oder Nst(k) (1 Termin ca 7 MOZ und Tagessummen)
02078,19011001,19301030,NBL:07:00-07:00 FT. GZ (bis 1990)  sonst 07:30 - 07:30 FT. GZ,KLIDADIGI: Niederschlagsdaten nacherfasst (1 Termin: ca 07 MOZ und Tagessummen)
02078,19310101,20020630,NBL:07:00-07:00 FT. GZ (bis 1990)  sonst 07:30 - 07:30 FT. GZ,Niederschlagsdaten aus Niederschlagsroutine des DWD oder Vorgängerdienste bis Einrichtung Nst(A) oder Nst(k) (1 Termin ca 7 MOZ und Tagessummen)
02078,20080401,20080430,05:51 - 05:50 FT. UTC,Niederschlagsdaten aus Niederschlagsroutine des DWD mit Nst(k)  und ANKONDA-Stationen (1 Termin 06 UTC und Tagessummen)
02115,19520501,20010331,NBL:07:00-07:00 FT. GZ (bis 1990)  sonst 07:30 - 07:30 FT. GZ,Niederschlagsdaten aus Niederschlagsroutine des DWD oder Vorgängerdienste bis Einrichtung Nst(A) oder Nst(k) (1 Termin ca 7 MOZ und Tagessummen)
02115,20010401,20260418,06:00 - 06 FT. UTC (05:51-05:50 FT.UTC),Niederschlagsdaten aus Niederschlagsroutine nach 01.04.2001 Terminwert und Tagessummen generiert aus SYNOP-Meldung des 06 UTC Termins
02115,20010401,20261002,06:00 - 06 FT. UTC (05:51-05:50 FT.UTC),Niederschlagsdaten aus Niederschlagsroutine nach 01.04.2001 Terminwert und Tagessummen generiert aus SYNOP-Meldung des 06 UTC Termins
02122,19310101,20020531,NBL:07:00-07:00 FT. GZ (bis 1990)  sonst 07:30 - 07:30 FT. GZ,Niederschlagsdaten aus Niederschlagsroutine des DWD oder Vorgängerdienste bis Einrichtung Nst(A) oder Nst(k) (1 Termin ca 7 MOZ und Tagessummen)
02128,18951111,19301231,NBL:07:00-07:00 FT. GZ (bis 1990)  sonst 07:30 - 07:30 FT. GZ,KLIDADIGI: Niederschlagsdaten nacherfasst (1 Termin: ca 07 MOZ und Tagessummen)
02128,19310101,20061231,NBL:07:00-07:00 FT. GZ (bis 1990)  sonst 07:30 - 07:30 FT. GZ,Niederschlagsdaten aus Niederschlagsroutine des DWD oder Vorgängerdienste bis Einrichtung Nst(A) oder Nst(k) (1 Termin ca 7 MOZ und Tagessummen)
02136,19410101,20061231,NBL:07:00-07:00 FT. GZ (bis 1990)  sonst 07:30 - 07:30 FT. GZ,Niederschlagsdaten aus Niederschlagsroutine des DWD oder Vorgängerdienste bis Einrichtung Nst(A) oder Nst(k) (1 Termin ca 7 MOZ und Tagessummen)
02137,18980521,19301231,NBL:07:00-07:00 FT. GZ (bis 1990)  sonst 07:30 - 07:30 FT. GZ,KLIDADIGI: Niederschlagsdaten nacherfasst (1 Termin: ca 07 MOZ und Tagessummen)
02137,19310101,20061231,NBL:07:00-07:00 FT. GZ (bis 1990)  sonst 07:30 - 07:30 FT. GZ,Niederschlagsdaten aus Niederschlagsroutine des DWD oder Vorgängerdienste bis Einrichtung Nst(A) oder Nst(k) (1 Termin ca 7 MOZ und Tagessummen)
02181,19780101,20031130,NBL:07:00-07:00 FT. GZ (bis 1990)  sonst 07:30 - 07:30 FT. GZ,Niederschlagsdaten aus Niederschlagsroutine des DWD oder Vorgängerdienste bis Einrichtung Nst(A) oder Nst(k) (1 Termin ca 7 MOZ und Tagessummen)
02181,20120703,20260418,05:51 - 05:50 FT. UTC,Niederschlagsdaten aus Niederschlagsroutine des DWD mit Nst(k)  und ANKONDA-Stationen (1 Termin 06 UTC und Tagessummen)
02181,20120703,20261002,05:51 - 05:50 FT. UTC,Niederschlagsdaten aus Niederschlagsroutine des DWD mit Nst(k)  und ANKONDA-Stationen (1 Termin 06 UTC und Tagessummen)
02272,18980901,19351230,NBL:07:00-07:00 FT. GZ (bis 1990)  sonst 07:30 - 07:30 FT. GZ,KLIDADIGI: Niederschlagsdaten nacherfasst (1 Termin: ca 07 MOZ und Tagessummen)
02272,19510101,19901231,NBL:07:00 GZ (bis 1990)  sonst 07:30 GZ,Niederschlagsdaten aus Niederschlagsroutine des eMD bis 10/1991 (1 Termin ca 7 MOZ und Tagessummen)
02272,19910101,20051231,NBL:07:00-07:00 FT. GZ (bis 1990)  sonst 07:30 - 07:30 FT. GZ,Niederschlagsdaten aus Niederschlagsroutine des DWD oder Vorgängerdienste bis Einrichtung Nst(A) oder Nst(k) (1 Termin ca 7 MOZ und Tagessummen)
02272,20060101,20091130,05:51 - 05:50 FT. UTC,Niederschlagsdaten aus Niederschlagsroutine des DWD mit Nst(k)  und ANKONDA-Stationen (1 Termin 06 UTC und Tagessummen)
02272,20091201,20260418,06:00 - 06 FT. UTC (05:51-05:50 FT.UTC),Niederschlagsdaten aus Niederschlagsroutine nach 01.04.2001 Terminwert und Tagessummen generiert aus SYNOP-Meldung des 06 UTC Termins
02272,20091201,20261002,06:00 - 06 FT. UTC (05:51-05:50 FT.UTC),Niederschlagsdaten aus Niederschlagsroutine nach 01.04.2001 Terminwert und Tagessummen generiert aus SYNOP-Meldung des 06 UTC Termins
02297,18920501,19351230,NBL:07:00-07:00 FT. GZ (bis 1990)  sonst 07:30 - 07:30 FT. GZ,KLIDADIGI: Niederschlagsdaten nacherfasst (1 Termin: ca 07 MOZ und Tagessummen)
02297,19720601,19951130,NBL:07:00-07:00 FT. GZ (bis 1990)  sonst 07:30 - 07:30 FT. GZ,Niederschlagsdaten aus Niederschlagsroutine des DWD oder Vorgängerdienste bis Einrichtung Nst(A) oder Nst(k) (1 Termin ca 7 MOZ und Tagessummen)
02303,19811001,20061231,NBL:07:00-07:00 FT. GZ (bis 1990)  sonst 07:30 - 07:30 FT. GZ,Niederschlagsdaten aus Niederschlagsroutine des DWD oder Vorgängerdienste bis Einrichtung Nst(A) oder Nst(k) (1 Termin ca 7 MOZ und Tagessummen)
02303,20070101,20260418,06:00 - 06 FT. UTC (05:51-05:50 FT.UTC),Niederschlagsdaten aus Niederschlagsroutine nach 01.04.2001 Terminwert und Tagessummen generiert aus SYNOP-Meldung des 06 UTC Termins
02303,20070101,20261002,06:00 - 06 FT. UTC (05:51-05:50 FT.UTC),Niederschlagsdaten aus Niederschlagsroutine nach 01.04.2001 Terminwert und Tagessummen generiert aus SYNOP-Meldung des 06 UTC Termins
02306,19771101,20050731,NBL:07:00-07:00 FT. GZ (bis 1990)  sonst 07:30 - 07:30 FT. GZ,Niederschlagsdaten aus Niederschlagsroutine des DWD oder Vorgängerdienste bis Einrichtung Nst(A) oder Nst(k) (1 Termin ca 7 MOZ und Tagessummen)
02306,20050801,20260418,06:00 - 06 FT. UTC (05:51-05:50 FT.UTC),Niederschlagsdaten aus Niederschlagsroutine nach 01.04.2001 Terminwert und Tagessummen generiert aus SYNOP-Meldung des 06 UTC Termins
02306,20050801,20261002,06:00 - 06 FT. UTC (05:51-05:50 FT.UTC),Niederschlagsdaten aus Niederschlagsroutine nach 01.04.2001 Terminwert und Tagessummen generiert aus SYNOP-Meldung des 06 UTC Termins
02312,19690101,19901231,NBL:07:00 GZ (bis 1990)  sonst 07:30 GZ,Niederschlagsdaten aus Niederschlagsroutine des eMD bis 10/1991 (1 Termin ca 7 MOZ und Tagessummen)
02312,19910101,20051231,NBL:07:00-07:00 FT. GZ (bis 1990)  sonst 07:30 - 07:30 FT. GZ,Niederschlagsdaten aus Niederschlagsroutine des DWD oder Vorgängerdienste bis Einrichtung Nst(A) oder Nst(k) (1 Termin ca 7 MOZ und Tagessummen)
02316,19610101,20061231,NBL:07:00-07:00 FT. GZ (bis 1990)  sonst 07:30 - 07:30 FT. GZ,Niederschlagsdaten aus Niederschlagsroutine des DWD oder Vorgängerdienste bis Einrichtung Nst(A) oder Nst(k) (1 Termin ca 7 MOZ und Tagessummen)
02316,20070101,20260415,05:51 - 05:50 FT. UTC,Niederschlagsdaten aus Niederschlagsroutine des DWD mit Nst(k)  und ANKONDA-Stationen (1 Termin 06 UTC und Tagessummen)
02316,20070101,20261001,05:51 - 05:50 FT. UTC,Niederschlagsdaten aus Niederschlagsroutine des DWD mit Nst(k)  und ANKONDA-Stationen (1 Termin 06 UTC und Tagessummen)
02334,19610101,20030331,NBL:07:00-07:00 FT. GZ (bis 1990)  sonst 07:30 - 07:30 FT. GZ,Niederschlagsdaten aus Niederschlagsroutine des DWD oder Vorgängerdienste bis Einrichtung Nst(A) oder Nst(k) (1 Termin ca 7 MOZ und Tagessummen)
02350,19310101,20031231,NBL:07:00-07:00 FT. GZ (bis 1990)  sonst 07:30 - 07:30 FT. GZ,Niederschlagsdaten aus Niederschlagsroutine des DWD oder Vorgängerdienste bis Einrichtung Nst(A) oder Nst(k) (1 Termin ca 7 MOZ und Tagessummen)
02429,20030602,20260418,06:00 - 06 FT. UTC (05:51-05:50 FT.UTC),Niederschlagsdaten aus Niederschlagsroutine nach 01.04.2001 Terminwert und Tagessummen generiert aus SYNOP-Meldung des 06 UTC Termins
02429,20030602,20261002,06:00 - 06 FT. UTC (05:51-05:50 FT.UTC),Niederschlagsdaten aus Niederschlagsroutine nach 01.04.2001 Terminwert und Tagessummen generiert aus SYNOP-Meldung des 06 UTC Termins
02430,18910501,19351230,NBL:07:00-07:00 FT. GZ (bis 1990)  sonst 07:30 - 07:30 FT. GZ,KLIDADIGI: Niederschlagsdaten nacherfasst (1 Termin: ca 07 MOZ und Tagessummen)
02430,19610101,20061231,NBL:07:00-07:00 FT. GZ (bis 1990)  sonst 07:30 - 07:30 FT. GZ,Niederschlagsdaten aus Niederschlagsroutine des DWD oder Vorgängerdienste bis Einrichtung Nst(A) oder Nst(k) (1 Termin ca 7 MOZ und Tagessummen)
02437,19880401,20030228,NBL:07:00-07:00 FT. GZ (bis 1990)  sonst 07:30 - 07:30 FT. GZ,Niederschlagsdaten aus Niederschlagsroutine des DWD oder Vorgängerdienste bis Einrichtung Nst(A) oder Nst(k) (1 Termin ca 7 MOZ und Tagessummen)
02437,20030301,20031130,06:00 - 06 FT. UTC (05:51-05:50 FT.UTC),Niederschlagsdaten aus Niederschlagsroutine nach 01.04.2001 Terminwert und Tagessummen generiert aus SYNOP-Meldung des 06 UTC Termins
02437,20031201,20060430,NBL:07:00-07:00 FT. GZ (bis 1990)  sonst 07:30 - 07:30 FT. GZ,Niederschlagsdaten aus Niederschlagsroutine des DWD oder Vorgängerdienste bis Einrichtung Nst(A) oder Nst(k) (1 Termin ca 7 MOZ und Tagessummen)
02437,20060501,20260418,06:00 - 06 FT. UTC (05:51-05:50 FT.UTC),Niederschlagsdaten aus Niederschlagsroutine nach 01.04.2001 Terminwert und Tagessummen generiert aus SYNOP-Meldung des 06 UTC Termins
02437,20060501,20261002,06:00 - 06 FT. UTC (05:51-05:50 FT.UTC),Niederschlagsdaten aus Niederschlagsroutine nach 01.04.2001 Terminwert und Tagessummen generiert aus SYNOP-Meldung des 06 UTC Termins
02445,19690101,19901231,NBL:07:00 GZ (bis 1990)  sonst 07:30 GZ,Niederschlagsdaten aus Niederschlagsroutine des eMD bis 10/1991 (1 Termin ca 7 MOZ und Tagessummen)
02445,19910101,20030331,NBL:07:00-07:00 FT. GZ (bis 1990)  sonst 07:30 - 07:30 FT. GZ,Niederschlagsdaten aus Niederschlagsroutine des DWD oder Vorgängerdienste bis Einrichtung Nst(A) oder Nst(k) (1 Termin ca 7 MOZ und Tagessummen)
02452,19310101,20061231,NBL:07:00-07:00 FT. GZ (bis 1990)  sonst 07:30 - 07:30 FT. GZ,Niederschlagsdaten aus Niederschlagsroutine des DWD oder Vorgängerdienste bis Einrichtung Nst(A) oder Nst(k) (1 Termin ca 7 MOZ und Tagessummen)
02452,20070101,20260416,05:51 - 05:50 FT. UTC,Niederschlagsdaten aus Niederschlagsroutine des DWD mit Nst(k)  und ANKONDA-Stationen (1 Termin 06 UTC und Tagessummen)
02452,20070101,20261002,05:51 - 05:50 FT. UTC,Niederschlagsdaten aus Niederschlagsroutine des DWD mit Nst(k)  und ANKONDA-Stationen (1 Termin 06 UTC und Tagessummen)
02455,19610101,20061231,NBL:07:00-07:00 FT. GZ (bis 1990)  sonst 07:30 - 07:30 FT. GZ,Niederschlagsdaten aus Niederschlagsroutine des DWD oder Vorgängerdienste bis Einrichtung Nst(A) oder Nst(k) (1 Termin ca 7 MOZ und Tagessummen)
02455,20070101,20121129,05:51 - 05:50 FT. UTC,Niederschlagsdaten aus Niederschlagsroutine des DWD mit Nst(k)  und ANKONDA-Stationen (1 Termin 06 UTC und Tagessummen)
02456,19310101,19391231,NBL:07:00-07:00 FT. GZ (bis 1990)  sonst 07:30 - 07:30 FT. GZ,KLIDADIGI: Niederschlagsdaten nacherfasst (1 Termin: ca 07 MOZ und Tagessummen)
02456,19400101,20040630,NBL:07:00-07:00 FT. GZ (bis 1990)  sonst 07:30 - 07:30 FT. GZ,Niederschlagsdaten aus Niederschlagsroutine des DWD oder Vorgängerdienste bis Einrichtung Nst(A) oder Nst(k) (1 Termin ca 7 MOZ und Tagessummen)
02456,20040701,20050825,06:00 - 06 FT. UTC (05:51-05:50 FT.UTC),Niederschlagsdaten aus Niederschlagsroutine nach 01.04.2001 Terminwert und Tagessummen generiert aus SYNOP-Meldung des 06 UTC Termins
02459,19470101,19681230,NBL:07:00-07:00 FT. GZ (bis 1990)  sonst 07:30 - 07:30 FT. GZ,KLIDADIGI: Niederschlagsdaten nacherfasst (1 Termin: ca 07 MOZ und Tagessummen)
02459,19690101,19901231,NBL:07:00 GZ (bis 1990)  sonst 07:30 GZ,Niederschlagsdaten aus Niederschlagsroutine des eMD bis 10/1991 (1 Termin ca 7 MOZ und Tagessummen)
02459,19910101,20051231,NBL:07:00-07:00 FT. GZ (bis 1990)  sonst 07:30 - 07:30 FT. GZ,Niederschlagsdaten aus Niederschlagsroutine des DWD oder Vorgängerdienste bis Einrichtung Nst(A) oder Nst(k) (1 Termin ca 7 MOZ und Tagessummen)
02459,20060101,20181021,05:51 - 05:50 FT. UTC,Niederschlagsdaten aus Niederschlagsroutine des DWD mit Nst(k)  und ANKONDA-Stationen (1 Termin 06 UTC und Tagessummen)
02462,19310101,20061231,NBL:07:00-07:00 FT. GZ (bis 1990)  sonst 07:30 - 07:30 FT. GZ,Niederschlagsdaten aus Niederschlagsroutine des DWD oder Vorgängerdienste bis Einrichtung Nst(A) oder Nst(k) (1 Termin ca 7 MOZ und Tagessummen)
02462,20070101,20260418,05:51 - 05:50 FT. UTC,Niederschlagsdaten aus Niederschlagsroutine des DWD mit Nst(k)  und ANKONDA-Stationen (1 Termin 06 UTC und Tagessummen)
02462,20070101,20261002,05:51 - 05:50 FT. UTC,Niederschlagsdaten aus Niederschlagsroutine des DWD mit Nst(k)  und ANKONDA-Stationen (1 Termin 06 UTC und Tagessummen)
02465,19010101,20020630,NBL:07:00-07:00 FT. GZ (bis 1990)  sonst 07:30 - 07:30 FT. GZ,Niederschlagsdaten aus Niederschlagsroutine des DWD oder Vorgängerdienste bis Einrichtung Nst(A) oder Nst(k) (1 Termin ca 7 MOZ und Tagessummen)
02465,20020701,20260418,06:00 - 06 FT. UTC (05:51-05:50 FT.UTC),Niederschlagsdaten aus Niederschlagsroutine nach 01.04.2001 Terminwert und Tagessummen generiert aus SYNOP-Meldung des 06 UTC Termins
02465,20020701,20261002,06:00 - 06 FT. UTC (05:51-05:50 FT.UTC),Niederschlagsdaten aus Niederschlagsroutine nach 01.04.2001 Terminwert und Tagessummen generiert aus SYNOP-Meldung des 06 UTC Termins
02476,19510101,20061231,NBL:07:00-07:00 FT. GZ (bis 1990)  sonst 07:30 - 07:30 FT. GZ,Niederschlagsdaten aus Niederschlagsroutine des DWD oder Vorgängerdienste bis Einrichtung Nst(A) oder Nst(k) (1 Termin ca 7 MOZ und Tagessummen)
02495,19510101,19901231,NBL:07:00 GZ (bis 1990)  sonst 07:30 GZ,Niederschlagsdaten aus Niederschlagsroutine des eMD bis 10/1991 (1 Termin ca 7 MOZ und Tagessummen)
02495,19910101,20051130,NBL:07:00-07:00 FT. GZ (bis 1990)  sonst 07:30 - 07:30 FT. GZ,Niederschlagsdaten aus Niederschlagsroutine des DWD oder Vorgängerdienste bis Einrichtung Nst(A) oder Nst(k) (1 Termin ca 7 MOZ und Tagessummen)
02514,18880101,19351230,NBL:07:00-07:00 FT. GZ (bis 1990)  sonst 07:30 - 07:30 FT. GZ,KLIDADIGI: Niederschlagsdaten nacherfasst (1 Termin: ca 07 MOZ und Tagessummen)
02514,19790101,20061231,NBL:07:00-07:00 FT. GZ (bis 1990)  sonst 07:30 - 07:30 FT. GZ,Niederschlagsdaten aus Niederschlagsroutine des DWD oder Vorgängerdienste bis Einrichtung Nst(A) oder Nst(k) (1 Termin ca 7 MOZ und Tagessummen)
02515,19410101,20031231,NBL:07:00-07:00 FT. GZ (bis 1990)  sonst 07:30 - 07:30 FT. GZ,Niederschlagsdaten aus Niederschlagsroutine des DWD oder Vorgängerdienste bis Einrichtung Nst(A) oder Nst(k) (1 Termin ca 7 MOZ und Tagessummen)
02529,19690101,19901231,NBL:07:00 GZ (bis 1990)  sonst 07:30 GZ,Niederschlagsdaten aus Niederschlagsroutine des eMD bis 10/1991 (1 Termin ca 7 MOZ und Tagessummen)
02529,19910101,20051231,NBL:07:00-07:00 FT. GZ (bis 1990)  sonst 07:30 - 07:30 FT. GZ,Niederschlagsdaten aus Niederschlagsroutine des DWD oder Vorgängerdienste bis Einrichtung Nst(A) oder Nst(k) (1 Termin ca 7 MOZ und Tagessummen)
02529,20060101,20260418,05:51 - 05:50 FT. UTC,Niederschlagsdaten aus Niederschlagsroutine des DWD mit Nst(k)  und ANKONDA-Stationen (1 Termin 06 UTC und Tagessummen)
02529,20060101,20261002,05:51 - 05:50 FT. UTC,Niederschlagsdaten aus Niederschlagsroutine des DWD mit Nst(k)  und ANKONDA-Stationen (1 Termin 06 UTC und Tagessummen)
02552,18951112,19190619,NBL:07:00-07:00 FT. GZ (bis 1990)  sonst 07:30 - 07:30 FT. GZ,KLIDADIGI: Niederschlagsdaten nacherfasst (1 Termin: ca 07 MOZ und Tagessummen)
02552,19860801,20061231,NBL:07:00-07:00 FT. GZ (bis 1990)  sonst 07:30 - 07:30 FT. GZ,Niederschlagsdaten aus Niederschlagsroutine des DWD oder Vorgängerdienste bis Einrichtung Nst(A) oder Nst(k) (1 Termin ca 7 MOZ und Tagessummen)
02564,19860601,20010331,NBL:07:00-07:00 FT. GZ (bis 1990)  sonst 07:30 - 07:30 FT. GZ,Niederschlagsdaten aus Niederschlagsroutine des DWD oder Vorgängerdienste bis Einrichtung Nst(A) oder Nst(k) (1 Termin ca 7 MOZ und Tagessummen)
02564,20010401,20260418,06:00 - 06 FT. UTC (05:51-05:50 FT.UTC),Niederschlagsdaten aus Niederschlagsroutine nach 01.04.2001 Terminwert und Tagessummen generiert aus SYNOP-Meldung des 06 UTC Termins
02564,20010401,20261002,06:00 - 06 FT. UTC (05:51-05:50 FT.UTC),Niederschlagsdaten aus Niederschlagsroutine nach 01.04.2001 Terminwert und Tagessummen generiert aus SYNOP-Meldung des 06 UTC Termins
02578,18650101,19681231,NBL:07:00-07:00 FT. GZ (bis 1990)  sonst 07:30 - 07:30 FT. GZ,KLIDADIGI: Niederschlagsdaten nacherfasst (1 Termin: ca 07 MOZ und Tagessummen)
02578,19690101,19821231,NBL:07:00 GZ (bis 1990)  sonst 07:30 GZ,Niederschlagsdaten aus Niederschlagsroutine des eMD bis 10/1991 (1 Termin ca 7 MOZ und Tagessummen)
02578,19830101,19901231,NBL:07:00-07:00 FT. GZ (bis 1990)  sonst 07:30 - 07:30 FT. GZ,KLIDADIGI: Niederschlagsdaten nacherfasst (1 Termin: ca 07 MOZ und Tagessummen)
02578,19910101,20040630,NBL:07:00-07:00 FT. GZ (bis 1990)  sonst 07:30 - 07:30 FT. GZ,Niederschlagsdaten aus Niederschlagsroutine des DWD oder Vorgängerdienste bis Einrichtung Nst(A) oder Nst(k) (1 Termin ca 7 MOZ und Tagessummen)
02578,20040701,20260418,06:00 - 06 FT. UTC (05:51-05:50 FT.UTC),Niederschlagsdaten aus Niederschlagsroutine nach 01.04.2001 Terminwert und Tagessummen generiert aus SYNOP-Meldung des 06 UTC Termins
02578,20040701,20261002,06:00 - 06 FT. UTC (05:51-05:50 FT.UTC),Niederschlagsdaten aus Niederschlagsroutine nach 01.04.2001 Terminwert und Tagessummen generiert aus SYNOP-Meldung des 06 UTC Termins
02599,19410101,20050531,NBL:07:00-07:00 FT. GZ (bis 1990)  sonst 07:30 - 07:30 FT. GZ,Niederschlagsdaten aus Niederschlagsroutine des DWD oder Vorgängerdienste bis Einrichtung Nst(A) oder Nst(k) (1 Termin ca 7 MOZ und Tagessummen)
02602,19080801,19301231,NBL:07:00-07:00 FT. GZ (bis 1990)  sonst 07:30 - 07:30 FT. GZ,KLIDADIGI: Niederschlagsdaten nacherfasst (1 Termin: ca 07 MOZ und Tagessummen)
02602,19310101,20061231,NBL:07:00-07:00 FT. GZ (bis 1990)  sonst 07:30 - 07:30 FT. GZ,Niederschlagsdaten aus Niederschlagsroutine des DWD oder Vorgängerdienste bis Einrichtung Nst(A) oder Nst(k) (1 Termin ca 7 MOZ und Tagessummen)
02602,20070101,20120430,05:51 - 05:50 FT. UTC,Niederschlagsdaten aus Niederschlagsroutine des DWD mit Nst(k)  und ANKONDA-Stationen (1 Termin 06 UTC und Tagessummen)
02605,19030201,19351230,NBL:07:00-07:00 FT. GZ (bis 1990)  sonst 07:30 - 07:30 FT. GZ,KLIDADIGI: Niederschlagsdaten nacherfasst (1 Termin: ca 07 MOZ und Tagessummen)
02605,19610101,20061231,NBL:07:00-07:00 FT. GZ (bis 1990)  sonst 07:30 - 07:30 FT. GZ,Niederschlagsdaten aus Niederschlagsroutine des DWD oder Vorgängerdienste bis Einrichtung Nst(A) oder Nst(k) (1 Termin ca 7 MOZ und Tagessummen)
02606,19710101,20061231,NBL:07:00-07:00 FT. GZ (bis 1990)  sonst 07:30 - 07:30 FT. GZ,Niederschlagsdaten aus Niederschlagsroutine des DWD oder Vorgängerdienste bis Einrichtung Nst(A) oder Nst(k) (1 Termin ca 7 MOZ und Tagessummen)
02607,19730101,19901231,NBL:07:00 GZ (bis 1990)  sonst 07:30 GZ,Niederschlagsdaten aus Niederschlagsroutine des eMD bis 10/1991 (1 Termin ca 7 MOZ und Tagessummen)
02607,19910101,20051231,NBL:07:00-07:00 FT. GZ (bis 1990)  sonst 07:30 - 07:30 FT. GZ,Niederschlagsdaten aus Niederschlagsroutine des DWD oder Vorgängerdienste bis Einrichtung Nst(A) oder Nst(k) (1 Termin ca 7 MOZ und Tagessummen)
02624,18910501,19001231,NBL:07:00-07:00 FT. GZ (bis 1990)  sonst 07:30 - 07:30 FT. GZ,KLIDADIGI: Niederschlagsdaten nacherfasst (1 Termin: ca 07 MOZ und Tagessummen)
02624,19010101,20061231,NBL:07:00-07:00 FT. GZ (bis 1990)  sonst 07:30 - 07:30 FT. GZ,Niederschlagsdaten aus Niederschlagsroutine des DWD oder Vorgängerdienste bis Einrichtung Nst(A) oder Nst(k) (1 Termin ca 7 MOZ und Tagessummen)
02637,18870101,19351230,NBL:07:00-07:00 FT. GZ (bis 1990)  sonst 07:30 - 07:30 FT. GZ,KLIDADIGI: Niederschlagsdaten nacherfasst (1 Termin: ca 07 MOZ und Tagessummen)
02637,19690101,19901231,NBL:07:00 GZ (bis 1990)  sonst 07:30 GZ,Niederschlagsdaten aus Niederschlagsroutine des eMD bis 10/1991 (1 Termin ca 7 MOZ und Tagessummen)
02637,19910401,20051231,NBL:07:00-07:00 FT. GZ (bis 1990)  sonst 07:30 - 07:30 FT. GZ,Niederschlagsdaten aus Niederschlagsroutine des DWD oder Vorgängerdienste bis Einrichtung Nst(A) oder Nst(k) (1 Termin ca 7 MOZ und Tagessummen)
02637,20060101,20260418,05:51 - 05:50 FT. UTC,Niederschlagsdaten aus Niederschlagsroutine des DWD mit Nst(k)  und ANKONDA-Stationen (1 Termin 06 UTC und Tagessummen)
02637,20060101,20261002,05:51 - 05:50 FT. UTC,Niederschlagsdaten aus Niederschlagsroutine des DWD mit Nst(k)  und ANKONDA-Stationen (1 Termin 06 UTC und Tagessummen)
02643,19470701,19681230,NBL:07:00-07:00 FT. GZ (bis 1990)  sonst 07:30 - 07:30 FT. GZ,KLIDADIGI: Niederschlagsdaten nacherfasst (1 Termin: ca 07 MOZ und Tagessummen)
02643,19690101,19901231,NBL:07:00 GZ (bis 1990)  sonst 07:30 GZ,Niederschlagsdaten aus Niederschlagsroutine des eMD bis 10/1991 (1 Termin ca 7 MOZ und Tagessummen)
02643,19910101,20031231,NBL:07:00-07:00 FT. GZ (bis 1990)  sonst 07:30 - 07:30 FT. GZ,Niederschlagsdaten aus Niederschlagsroutine des DWD oder Vorgängerdienste bis Einrichtung Nst(A) oder Nst(k) (1 Termin ca 7 MOZ und Tagessummen)
02663,18910601,19301231,NBL:07:00-07:00 FT. GZ (bis 1990)  sonst 07:30 - 07:30 FT. GZ,KLIDADIGI: Niederschlagsdaten nacherfasst (1 Termin: ca 07 MOZ und Tagessummen)
02663,19310101,20061231,NBL:07:00-07:00 FT. GZ (bis 1990)  sonst 07:30 - 07:30 FT. GZ,Niederschlagsdaten aus Niederschlagsroutine des DWD oder Vorgängerdienste bis Einrichtung Nst(A) oder Nst(k) (1 Termin ca 7 MOZ und Tagessummen)
02663,20070101,20260418,05:51 - 05:50 FT. UTC,Niederschlagsdaten aus Niederschlagsroutine des DWD mit Nst(k)  und ANKONDA-Stationen (1 Termin 06 UTC und Tagessummen)
02663,20070101,20261002,05:51 - 05:50 FT. UTC,Niederschlagsdaten aus Niederschlagsroutine des DWD mit Nst(k)  und ANKONDA-Stationen (1 Termin 06 UTC und Tagessummen)
02725,19510101,19901231,NBL:07:00 GZ (bis 1990)  sonst 07:30 GZ,Niederschlagsdaten aus Niederschlagsroutine des eMD bis 10/1991 (1 Termin ca 7 MOZ und Tagessummen)
02725,19910401,20051231,NBL:07:00-07:00 FT. GZ (bis 1990)  sonst 07:30 - 07:30 FT. GZ,Niederschlagsdaten aus Niederschlagsroutine des DWD oder Vorgängerdienste bis Einrichtung Nst(A) oder Nst(k) (1 Termin ca 7 MOZ und Tagessummen)
02725,20060101,20260418,05:51 - 05:50 FT. UTC,Niederschlagsdaten aus Niederschlagsroutine des DWD mit Nst(k)  und ANKONDA-Stationen (1 Termin 06 UTC und Tagessummen)
02725,20060101,20261002,05:51 - 05:50 FT. UTC,Niederschlagsdaten aus Niederschlagsroutine des DWD mit Nst(k)  und ANKONDA-Stationen (1 Termin 06 UTC und Tagessummen)
02727,19790101,19901231,NBL:07:00 GZ (bis 1990)  sonst 07:30 GZ,Niederschlagsdaten aus Niederschlagsroutine des eMD bis 10/1991 (1 Termin ca 7 MOZ und Tagessummen)
02727,19910501,19910630,NBL:07:00-07:00 FT. GZ (bis 1990)  sonst 07:30 - 07:30 FT. GZ,Niederschlagsdaten aus Niederschlagsroutine des DWD oder Vorgängerdienste bis Einrichtung Nst(A) oder Nst(k) (1 Termin ca 7 MOZ und Tagessummen)
02728,19690101,19901231,NBL:07:00 GZ (bis 1990)  sonst 07:30 GZ,Niederschlagsdaten aus Niederschlagsroutine des eMD bis 10/1991 (1 Termin ca 7 MOZ und Tagessummen)
02728,19910101,20051231,NBL:07:00-07:00 FT. GZ (bis 1990)  sonst 07:30 - 07:30 FT. GZ,Niederschlagsdaten aus Niederschlagsroutine des DWD oder Vorgängerdienste bis Einrichtung Nst(A) oder Nst(k) (1 Termin ca 7 MOZ und Tagessummen)
02728,20060101,20251231,05:51 - 05:50 FT. UTC,Niederschlagsdaten aus Niederschlagsroutine des DWD mit Nst(k)  und ANKONDA-Stationen (1 Termin 06 UTC und Tagessummen)
02734,19070901,19351230,NBL:07:00-07:00 FT. GZ (bis 1990)  sonst 07:30 - 07:30 FT. GZ,KLIDADIGI: Niederschlagsdaten nacherfasst (1 Termin: ca 07 MOZ und Tagessummen)
02734,19610101,20051231,NBL:07:00-07:00 FT. GZ (bis 1990)  sonst 07:30 - 07:30 FT. GZ,Niederschlagsdaten aus Niederschlagsroutine des DWD oder Vorgängerdienste bis Einrichtung Nst(A) oder Nst(k) (1 Termin ca 7 MOZ und Tagessummen)
02734,20060101,20260418,06:00 - 06 FT. UTC (05:51-05:50 FT.UTC),Niederschlagsdaten aus Niederschlagsroutine nach 01.04.2001 Terminwert und Tagessummen generiert aus SYNOP-Meldung des 06 UTC Termins
02734,20060101,20261002,06:00 - 06 FT. UTC (05:51-05:50 FT.UTC),Niederschlagsdaten aus Niederschlagsroutine nach 01.04.2001 Terminwert und Tagessummen generiert aus SYNOP-Meldung des 06 UTC Termins
02749,19690301,19901231,NBL:07:00 GZ (bis 1990)  sonst 07:30 GZ,Niederschlagsdaten aus Niederschlagsroutine des eMD bis 10/1991 (1 Termin ca 7 MOZ und Tagessummen)
02749,19910101,20001031,NBL:07:00-07:00 FT. GZ (bis 1990)  sonst 07:30 - 07:30 FT. GZ,Niederschlagsdaten aus Niederschlagsroutine des DWD oder Vorgängerdienste bis Einrichtung Nst(A) oder Nst(k) (1 Termin ca 7 MOZ und Tagessummen)
02749,20040801,20260418,06:00 - 06 FT. UTC (05:51-05:50 FT.UTC),Niederschlagsdaten aus Niederschlagsroutine nach 01.04.2001 Terminwert und Tagessummen generiert aus SYNOP-Meldung des 06 UTC Termins
02749,20040801,20261002,06:00 - 06 FT. UTC (05:51-05:50 FT.UTC),Niederschlagsdaten aus Niederschlagsroutine nach 01.04.2001 Terminwert und Tagessummen generiert aus SYNOP-Meldung des 06 UTC Termins
02763,19410101,20030228,NBL:07:00-07:00 FT. GZ (bis 1990)  sonst 07:30 - 07:30 FT. GZ,Niederschlagsdaten aus Niederschlagsroutine des DWD oder Vorgängerdienste bis Einrichtung Nst(A) oder Nst(k) (1 Termin ca 7 MOZ und Tagessummen)
02763,20051201,20260418,06:00 - 06 FT. UTC (05:51-05:50 FT.UTC),Niederschlagsdaten aus Niederschlagsroutine nach 01.04.2001 Terminwert und Tagessummen generiert aus SYNOP-Meldung des 06 UTC Termins
02763,20051201,20261002,06:00 - 06 FT. UTC (05:51-05:50 FT.UTC),Niederschlagsdaten aus Niederschlagsroutine nach 01.04.2001 Terminwert und Tagessummen generiert aus SYNOP-Meldung des 06 UTC Termins
02764,19510101,20061231,NBL:07:00-07:00 FT. GZ (bis 1990)  sonst 07:30 - 07:30 FT. GZ,Niederschlagsdaten aus Niederschlagsroutine des DWD oder Vorgängerdienste bis Einrichtung Nst(A) oder Nst(k) (1 Termin ca 7 MOZ und Tagessummen)
02766,19690101,19901231,NBL:07:00 GZ (bis 1990)  sonst 07:30 GZ,Niederschlagsdaten aus Niederschlagsroutine des eMD bis 10/1991 (1 Termin ca 7 MOZ und Tagessummen)
02766,19910101,19920331,NBL:07:00-07:00 FT. GZ (bis 1990)  sonst 07:30 - 07:30 FT. GZ,Niederschlagsdaten aus Niederschlagsroutine des DWD oder Vorgängerdienste bis Einrichtung Nst(A) oder Nst(k) (1 Termin ca 7 MOZ und Tagessummen)
02767,19510101,19901231,NBL:07:00 GZ (bis 1990)  sonst 07:30 GZ,Niederschlagsdaten aus Niederschlagsroutine des eMD bis 10/1991 (1 Termin ca 7 MOZ und Tagessummen)
02767,19910101,20051231,NBL:07:00-07:00 FT. GZ (bis 1990)  sonst 07:30 - 07:30 FT. GZ,Niederschlagsdaten aus Niederschlagsroutine des DWD oder Vorgängerdienste bis Einrichtung Nst(A) oder Nst(k) (1 Termin ca 7 MOZ und Tagessummen)
02767,20060101,20161231,05:51 - 05:50 FT. UTC,Niederschlagsdaten aus Niederschlagsroutine des DWD mit Nst(k)  und ANKONDA-Stationen (1 Termin 06 UTC und Tagessummen)
02791,19310101,20061231,NBL:07:00-07:00 FT. GZ (bis 1990)  sonst 07:30 - 07:30 FT. GZ,Niederschlagsdaten aus Niederschlagsroutine des DWD oder Vorgängerdienste bis Einrichtung Nst(A) oder Nst(k) (1 Termin ca 7 MOZ und Tagessummen)
02795,18880101,19351230,NBL:07:00-07:00 FT. GZ (bis 1990)  sonst 07:30 - 07:30 FT. GZ,KLIDADIGI: Niederschlagsdaten nacherfasst (1 Termin: ca 07 MOZ und Tagessummen)
02795,19690101,19901231,NBL:07:00 GZ (bis 1990)  sonst 07:30 GZ,Niederschlagsdaten aus Niederschlagsroutine des eMD bis 10/1991 (1 Termin ca 7 MOZ und Tagessummen)
02795,19910101,20051231,NBL:07:00-07:00 FT. GZ (bis 1990)  sonst 07:30 - 07:30 FT. GZ,Niederschlagsdaten aus Niederschlagsroutine des DWD oder Vorgängerdienste bis Einrichtung Nst(A) oder Nst(k) (1 Termin ca 7 MOZ und Tagessummen)
02795,20060101,20201231,05:51 - 05:50 FT. UTC,Niederschlagsdaten aus Niederschlagsroutine des DWD mit Nst(k)  und ANKONDA-Stationen (1 Termin 06 UTC und Tagessummen)
02816,19690101,19901231,NBL:07:00 GZ (bis 1990)  sonst 07:30 GZ,Niederschlagsdaten aus Niederschlagsroutine des eMD bis 10/1991 (1 Termin ca 7 MOZ und Tagessummen)
02816,19910101,20051231,NBL:07:00-07:00 FT. GZ (bis 1990)  sonst 07:30 - 07:30 FT. GZ,Niederschlagsdaten aus Niederschlagsroutine des DWD oder Vorgängerdienste bis Einrichtung Nst(A) oder Nst(k) (1 Termin ca 7 MOZ und Tagessummen)
02822,19310101,20040930,NBL:07:00-07:00 FT. GZ (bis 1990)  sonst 07:30 - 07:30 FT. GZ,Niederschlagsdaten aus Niederschlagsroutine des DWD oder Vorgängerdienste bis Einrichtung Nst(A) oder Nst(k) (1 Termin ca 7 MOZ und Tagessummen)
02822,20041001,20260418,06:00 - 06 FT. UTC (05:51-05:50 FT.UTC),Niederschlagsdaten aus Niederschlagsroutine nach 01.04.2001 Terminwert und Tagessummen generiert aus SYNOP-Meldung des 06 UTC Termins
02822,20041001,20261002,06:00 - 06 FT. UTC (05:51-05:50 FT.UTC),Niederschlagsdaten aus Niederschlagsroutine nach 01.04.2001 Terminwert und Tagessummen generiert aus SYNOP-Meldung des 06 UTC Termins
02827,19610101,20061231,NBL:07:00-07:00 FT. GZ (bis 1990)  sonst 07:30 - 07:30 FT. GZ,Niederschlagsdaten aus Niederschlagsroutine des DWD oder Vorgängerdienste bis Einrichtung Nst(A) oder Nst(k) (1 Termin ca 7 MOZ und Tagessummen)
02827,20070101,20260418,05:51 - 05:50 FT. UTC,Niederschlagsdaten aus Niederschlagsroutine des DWD mit Nst(k)  und ANKONDA-Stationen (1 Termin 06 UTC und Tagessummen)
02827,20070101,20261002,05:51 - 05:50 FT. UTC,Niederschlagsdaten aus Niederschlagsroutine des DWD mit Nst(k)  und ANKONDA-Stationen (1 Termin 06 UTC und Tagessummen)
02844,19360101,19501231,NBL:07:00-07:00 FT. GZ (bis 1990)  sonst 07:30 - 07:30 FT. GZ,KLIDADIGI: Niederschlagsdaten nacherfasst (1 Termin: ca 07 MOZ und Tagessummen)
02844,19510101,20061231,NBL:07:00-07:00 FT. GZ (bis 1990)  sonst 07:30 - 07:30 FT. GZ,Niederschlagsdaten aus Niederschlagsroutine des DWD oder Vorgängerdienste bis Einrichtung Nst(A) oder Nst(k) (1 Termin ca 7 MOZ und Tagessummen)
02844,20070101,20070930,05:51 - 05:50 FT. UTC,Niederschlagsdaten aus Niederschlagsroutine des DWD mit Nst(k)  und ANKONDA-Stationen (1 Termin 06 UTC und Tagessummen)
02844,20071001,20260418,06:00 - 06 FT. UTC (05:51-05:50 FT.UTC),Niederschlagsdaten aus Niederschlagsroutine nach 01.04.2001 Terminwert und Tagessummen generiert aus SYNOP-Meldung des 06 UTC Termins
02844,20071001,20261002,06:00 - 06 FT. UTC (05:51-05:50 FT.UTC),Niederschlagsdaten aus Niederschlagsroutine nach 01.04.2001 Terminwert und Tagessummen generiert aus SYNOP-Meldung des 06 UTC Termins
02851,18910505,19260730,NBL:07:00-07:00 FT. GZ (bis 1990)  sonst 07:30 - 07:30 FT. GZ,KLIDADIGI: Niederschlagsdaten nacherfasst (1 Termin: ca 07 MOZ und Tagessummen)
02851,19310101,20061231,NBL:07:00-07:00 FT. GZ (bis 1990)  sonst 07:30 - 07:30 FT. GZ,Niederschlagsdaten aus Niederschlagsroutine des DWD oder Vorgängerdienste bis Einrichtung Nst(A) oder Nst(k) (1 Termin ca 7 MOZ und Tagessummen)
02855,19610101,20061231,NBL:07:00-07:00 FT. GZ (bis 1990)  sonst 07:30 - 07:30 FT. GZ,Niederschlagsdaten aus Niederschlagsroutine des DWD oder Vorgängerdienste bis Einrichtung Nst(A) oder Nst(k) (1 Termin ca 7 MOZ und Tagessummen)
02855,20070101,20160131,05:51 - 05:50 FT. UTC,Niederschlagsdaten aus Niederschlagsroutine des DWD mit Nst(k)  und ANKONDA-Stationen (1 Termin 06 UTC und Tagessummen)
02861,19410101,19940930,NBL:07:00-07:00 FT. GZ (bis 1990)  sonst 07:30 - 07:30 FT. GZ,Niederschlagsdaten aus Niederschlagsroutine des DWD oder Vorgängerdienste bis Einrichtung Nst(A) oder Nst(k) (1 Termin ca 7 MOZ und Tagessummen)
02871,19250501,19351230,NBL:07:00-07:00 FT. GZ (bis 1990)  sonst 07:30 - 07:30 FT. GZ,KLIDADIGI: Niederschlagsdaten nacherfasst (1 Termin: ca 07 MOZ und Tagessummen)
02871,19410101,19951130,NBL:07:00-07:00 FT. GZ (bis 1990)  sonst 07:30 - 07:30 FT. GZ,Niederschlagsdaten aus Niederschlagsroutine des DWD oder Vorgängerdienste bis Einrichtung Nst(A) oder Nst(k) (1 Termin ca 7 MOZ und Tagessummen)
02881,18910801,19301231,NBL:07:00-07:00 FT. GZ (bis 1990)  sonst 07:30 - 07:30 FT. GZ,KLIDADIGI: Niederschlagsdaten nacherfasst (1 Termin: ca 07 MOZ und Tagessummen)
02881,19310101,20061231,NBL:07:00-07:00 FT. GZ (bis 1990)  sonst 07:30 - 07:30 FT. GZ,Niederschlagsdaten aus Niederschlagsroutine des DWD oder Vorgängerdienste bis Einrichtung Nst(A) oder Nst(k) (1 Termin ca 7 MOZ und Tagessummen)
02907,19741101,20010331,NBL:07:00-07:00 FT. GZ (bis 1990)  sonst 07:30 - 07:30 FT. GZ,Niederschlagsdaten aus Niederschlagsroutine des DWD oder Vorgängerdienste bis Einrichtung Nst(A) oder Nst(k) (1 Termin ca 7 MOZ und Tagessummen)
02907,20010411,20260418,06:00 - 06 FT. UTC (05:51-05:50 FT.UTC),Niederschlagsdaten aus Niederschlagsroutine nach 01.04.2001 Terminwert und Tagessummen generiert aus SYNOP-Meldung des 06 UTC Termins
02907,20010411,20261002,06:00 - 06 FT. UTC (05:51-05:50 FT.UTC),Niederschlagsdaten aus Niederschlagsroutine nach 01.04.2001 Terminwert und Tagessummen generiert aus SYNOP-Meldung des 06 UTC Termins
02909,19690101,19901231,NBL:07:00 GZ (bis 1990)  sonst 07:30 GZ,Niederschlagsdaten aus Niederschlagsroutine des eMD bis 10/1991 (1 Termin ca 7 MOZ und Tagessummen)
02909,19910101,20051231,NBL:07:00-07:00 FT. GZ (bis 1990)  sonst 07:30 - 07:30 FT. GZ,Niederschlagsdaten aus Niederschlagsroutine des DWD oder Vorgängerdienste bis Einrichtung Nst(A) oder Nst(k) (1 Termin ca 7 MOZ und Tagessummen)
02950,19010607,19301231,NBL:07:00-07:00 FT. GZ (bis 1990)  sonst 07:30 - 07:30 FT. GZ,KLIDADIGI: Niederschlagsdaten nacherfasst (1 Termin: ca 07 MOZ und Tagessummen)
02950,19310101,20061231,NBL:07:00-07:00 FT. GZ (bis 1990)  sonst 07:30 - 07:30 FT. GZ,Niederschlagsdaten aus Niederschlagsroutine des DWD oder Vorgängerdienste bis Einrichtung Nst(A) oder Nst(k) (1 Termin ca 7 MOZ und Tagessummen)
03011,19510101,20061231,NBL:07:00-07:00 FT. GZ (bis 1990)  sonst 07:30 - 07:30 FT. GZ,Niederschlagsdaten aus Niederschlagsroutine des DWD oder Vorgängerdienste bis Einrichtung Nst(A) oder Nst(k) (1 Termin ca 7 MOZ und Tagessummen)
03032,19310101,20010331,NBL:07:00-07:00 FT. GZ (bis 1990)  sonst 07:30 - 07:30 FT. GZ,Niederschlagsdaten aus Niederschlagsroutine des DWD oder Vorgängerdienste bis Einrichtung Nst(A) oder Nst(k) (1 Termin ca 7 MOZ und Tagessummen)
03032,20010401,20260418,06:00 - 06 FT. UTC (05:51-05:50 FT.UTC),Niederschlagsdaten aus Niederschlagsroutine nach 01.04.2001 Terminwert und Tagessummen generiert aus SYNOP-Meldung des 06 UTC Termins
03032,20010401,20261002,06:00 - 06 FT. UTC (05:51-05:50 FT.UTC),Niederschlagsdaten aus Niederschlagsroutine nach 01.04.2001 Terminwert und Tagessummen generiert aus SYNOP-Meldung des 06 UTC Termins
03053,19510101,19901231,NBL:07:00 GZ (bis 1990)  sonst 07:30 GZ,Niederschlagsdaten aus Niederschlagsroutine des eMD bis 10/1991 (1 Termin ca 7 MOZ und Tagessummen)
03053,19910101,20051231,NBL:07:00-07:00 FT. GZ (bis 1990)  sonst 07:30 - 07:30 FT. GZ,Niederschlagsdaten aus Niederschlagsroutine des DWD oder Vorgängerdienste bis Einrichtung Nst(A) oder Nst(k) (1 Termin ca 7 MOZ und Tagessummen)
03068,19310101,20040131,NBL:07:00-07:00 FT. GZ (bis 1990)  sonst 07:30 - 07:30 FT. GZ,Niederschlagsdaten aus Niederschlagsroutine des DWD oder Vorgängerdienste bis Einrichtung Nst(A) oder Nst(k) (1 Termin ca 7 MOZ und Tagessummen)
03068,20190801,20260416,05:51 - 05:50 FT. UTC,Niederschlagsdaten aus Niederschlagsroutine des DWD mit Nst(k)  und ANKONDA-Stationen (1 Termin 06 UTC und Tagessummen)
03068,20190801,20261001,05:51 - 05:50 FT. UTC,Niederschlagsdaten aus Niederschlagsroutine des DWD mit Nst(k)  und ANKONDA-Stationen (1 Termin 06 UTC und Tagessummen)
03078,19690101,19901231,NBL:07:00 GZ (bis 1990)  sonst 07:30 GZ,Niederschlagsdaten aus Niederschlagsroutine des eMD bis 10/1991 (1 Termin ca 7 MOZ und Tagessummen)
03078,19910101,20030831,NBL:07:00-07:00 FT. GZ (bis 1990)  sonst 07:30 - 07:30 FT. GZ,Niederschlagsdaten aus Niederschlagsroutine des DWD oder Vorgängerdienste bis Einrichtung Nst(A) oder Nst(k) (1 Termin ca 7 MOZ und Tagessummen)
03086,19850301,20010331,NBL:07:00-07:00 FT. GZ (bis 1990)  sonst 07:30 - 07:30 FT. GZ,Niederschlagsdaten aus Niederschlagsroutine des DWD oder Vorgängerdienste bis Einrichtung Nst(A) oder Nst(k) (1 Termin ca 7 MOZ und Tagessummen)
03086,20010401,20260418,06:00 - 06 FT. UTC (05:51-05:50 FT.UTC),Niederschlagsdaten aus Niederschlagsroutine nach 01.04.2001 Terminwert und Tagessummen generiert aus SYNOP-Meldung des 06 UTC Termins
03086,20010401,20261002,06:00 - 06 FT. UTC (05:51-05:50 FT.UTC),Niederschlagsdaten aus Niederschlagsroutine nach 01.04.2001 Terminwert und Tagessummen generiert aus SYNOP-Meldung des 06 UTC Termins
03087,19780101,20051130,NBL:07:00-07:00 FT. GZ (bis 1990)  sonst 07:30 - 07:30 FT. GZ,Niederschlagsdaten aus Niederschlagsroutine des DWD oder Vorgängerdienste bis Einrichtung Nst(A) oder Nst(k) (1 Termin ca 7 MOZ und Tagessummen)
03089,19510101,19901231,NBL:07:00 GZ (bis 1990)  sonst 07:30 GZ,Niederschlagsdaten aus Niederschlagsroutine des eMD bis 10/1991 (1 Termin ca 7 MOZ und Tagessummen)
03089,19910401,19970630,NBL:07:00-07:00 FT. GZ (bis 1990)  sonst 07:30 - 07:30 FT. GZ,Niederschlagsdaten aus Niederschlagsroutine des DWD oder Vorgängerdienste bis Einrichtung Nst(A) oder Nst(k) (1 Termin ca 7 MOZ und Tagessummen)
03090,19690101,19901231,NBL:07:00 GZ (bis 1990)  sonst 07:30 GZ,Niederschlagsdaten aus Niederschlagsroutine des eMD bis 10/1991 (1 Termin ca 7 MOZ und Tagessummen)
03090,19910101,20051231,NBL:07:00-07:00 FT. GZ (bis 1990)  sonst 07:30 - 07:30 FT. GZ,Niederschlagsdaten aus Niederschlagsroutine des DWD oder Vorgängerdienste bis Einrichtung Nst(A) oder Nst(k) (1 Termin ca 7 MOZ und Tagessummen)
03090,20060101,20260418,05:51 - 05:50 FT. UTC,Niederschlagsdaten aus Niederschlagsroutine des DWD mit Nst(k)  und ANKONDA-Stationen (1 Termin 06 UTC und Tagessummen)
03090,20060101,20261002,05:51 - 05:50 FT. UTC,Niederschlagsdaten aus Niederschlagsroutine des DWD mit Nst(k)  und ANKONDA-Stationen (1 Termin 06 UTC und Tagessummen)
03092,19110901,19351230,NBL:07:00-07:00 FT. GZ (bis 1990)  sonst 07:30 - 07:30 FT. GZ,KLIDADIGI: Niederschlagsdaten nacherfasst (1 Termin: ca 07 MOZ und Tagessummen)
03092,19690101,19901231,NBL:07:00 GZ (bis 1990)  sonst 07:30 GZ,Niederschlagsdaten aus Niederschlagsroutine des eMD bis 10/1991 (1 Termin ca 7 MOZ und Tagessummen)
03092,19910101,20051231,NBL:07:00-07:00 FT. GZ (bis 1990)  sonst 07:30 - 07:30 FT. GZ,Niederschlagsdaten aus Niederschlagsroutine des DWD oder Vorgängerdienste bis Einrichtung Nst(A) oder Nst(k) (1 Termin ca 7 MOZ und Tagessummen)
03092,20120101,20161231,05:51 - 05:50 FT. UTC,Niederschlagsdaten aus Niederschlagsroutine des DWD mit Nst(k)  und ANKONDA-Stationen (1 Termin 06 UTC und Tagessummen)
03106,19410101,20061231,NBL:07:00-07:00 FT. GZ (bis 1990)  sonst 07:30 - 07:30 FT. GZ,Niederschlagsdaten aus Niederschlagsroutine des DWD oder Vorgängerdienste bis Einrichtung Nst(A) oder Nst(k) (1 Termin ca 7 MOZ und Tagessummen)
03106,20080801,20260418,05:51 - 05:50 FT. UTC,Niederschlagsdaten aus Niederschlagsroutine des DWD mit Nst(k)  und ANKONDA-Stationen (1 Termin 06 UTC und Tagessummen)
03106,20080801,20261002,05:51 - 05:50 FT. UTC,Niederschlagsdaten aus Niederschlagsroutine des DWD mit Nst(k)  und ANKONDA-Stationen (1 Termin 06 UTC und Tagessummen)
03107,19710101,20060331,NBL:07:00-07:00 FT. GZ (bis 1990)  sonst 07:30 - 07:30 FT. GZ,Niederschlagsdaten aus Niederschlagsroutine des DWD oder Vorgängerdienste bis Einrichtung Nst(A) oder Nst(k) (1 Termin ca 7 MOZ und Tagessummen)
03142,19690101,19901231,NBL:07:00 GZ (bis 1990)  sonst 07:30 GZ,Niederschlagsdaten aus Niederschlagsroutine des eMD bis 10/1991 (1 Termin ca 7 MOZ und Tagessummen)
03142,19910101,20031231,NBL:07:00-07:00 FT. GZ (bis 1990)  sonst 07:30 - 07:30 FT. GZ,Niederschlagsdaten aus Niederschlagsroutine des DWD oder Vorgängerdienste bis Einrichtung Nst(A) oder Nst(k) (1 Termin ca 7 MOZ und Tagessummen)
03143,19690101,19901231,NBL:07:00 GZ (bis 1990)  sonst 07:30 GZ,Niederschlagsdaten aus Niederschlagsroutine des eMD bis 10/1991 (1 Termin ca 7 MOZ und Tagessummen)
03143,19910401,20051231,NBL:07:00-07:00 FT. GZ (bis 1990)  sonst 07:30 - 07:30 FT. GZ,Niederschlagsdaten aus Niederschlagsroutine des DWD oder Vorgängerdienste bis Einrichtung Nst(A) oder Nst(k) (1 Termin ca 7 MOZ und Tagessummen)
03143,20060101,20101231,05:51 - 05:50 FT. UTC,Niederschlagsdaten aus Niederschlagsroutine des DWD mit Nst(k)  und ANKONDA-Stationen (1 Termin 06 UTC und Tagessummen)
03170,19610101,19970228,NBL:07:00-07:00 FT. GZ (bis 1990)  sonst 07:30 - 07:30 FT. GZ,Niederschlagsdaten aus Niederschlagsroutine des DWD oder Vorgängerdienste bis Einrichtung Nst(A) oder Nst(k) (1 Termin ca 7 MOZ und Tagessummen)
03194,18880601,19351230,NBL:07:00-07:00 FT. GZ (bis 1990)  sonst 07:30 - 07:30 FT. GZ,KLIDADIGI: Niederschlagsdaten nacherfasst (1 Termin: ca 07 MOZ und Tagessummen)
03194,19510101,19901231,NBL:07:00 GZ (bis 1990)  sonst 07:30 GZ,Niederschlagsdaten aus Niederschlagsroutine des eMD bis 10/1991 (1 Termin ca 7 MOZ und Tagessummen)
03194,19910101,20051231,NBL:07:00-07:00 FT. GZ (bis 1990)  sonst 07:30 - 07:30 FT. GZ,Niederschlagsdaten aus Niederschlagsroutine des DWD oder Vorgängerdienste bis Einrichtung Nst(A) oder Nst(k) (1 Termin ca 7 MOZ und Tagessummen)
03194,20060101,20120630,05:51 - 05:50 FT. UTC,Niederschlagsdaten aus Niederschlagsroutine des DWD mit Nst(k)  und ANKONDA-Stationen (1 Termin 06 UTC und Tagessummen)
03196,19020101,19470429,NBL:07:00-07:00 FT. GZ (bis 1990)  sonst 07:30 - 07:30 FT. GZ,KLIDADIGI: Niederschlagsdaten nacherfasst (1 Termin: ca 07 MOZ und Tagessummen)
03196,19510101,19911031,NBL:07:00 GZ (bis 1990)  sonst 07:30 GZ,Niederschlagsdaten aus Niederschlagsroutine des eMD bis 10/1991 (1 Termin ca 7 MOZ und Tagessummen)
03196,19911101,19921130,NBL:07:00-07:00 FT. GZ (bis 1990)  sonst 07:30 - 07:30 FT. GZ,KLIDADIGI: Niederschlagsdaten nacherfasst (1 Termin: ca 07 MOZ und Tagessummen)
03196,19921201,20010331,NBL:07:00-07:00 FT. GZ (bis 1990)  sonst 07:30 - 07:30 FT. GZ,Niederschlagsdaten aus Niederschlagsroutine des DWD oder Vorgängerdienste bis Einrichtung Nst(A) oder Nst(k) (1 Termin ca 7 MOZ und Tagessummen)
03196,20010401,20260418,06:00 - 06 FT. UTC (05:51-05:50 FT.UTC),Niederschlagsdaten aus Niederschlagsroutine nach 01.04.2001 Terminwert und Tagessummen generiert aus SYNOP-Meldung des 06 UTC Termins
03196,20010401,20261002,06:00 - 06 FT. UTC (05:51-05:50 FT.UTC),Niederschlagsdaten aus Niederschlagsroutine nach 01.04.2001 Terminwert und Tagessummen generiert aus SYNOP-Meldung des 06 UTC Termins
03203,19510101,20061231,NBL:07:00-07:00 FT. GZ (bis 1990)  sonst 07:30 - 07:30 FT. GZ,Niederschlagsdaten aus Niederschlagsroutine des DWD oder Vorgängerdienste bis Einrichtung Nst(A) oder Nst(k) (1 Termin ca 7 MOZ und Tagessummen)
03217,18910701,19301231,NBL:07:00-07:00 FT. GZ (bis 1990)  sonst 07:30 - 07:30 FT. GZ,KLIDADIGI: Niederschlagsdaten nacherfasst (1 Termin: ca 07 MOZ und Tagessummen)
03217,19310101,20060731,NBL:07:00-07:00 FT. GZ (bis 1990)  sonst 07:30 - 07:30 FT. GZ,Niederschlagsdaten aus Niederschlagsroutine des DWD oder Vorgängerdienste bis Einrichtung Nst(A) oder Nst(k) (1 Termin ca 7 MOZ und Tagessummen)
03217,20060801,20260418,06:00 - 06 FT. UTC (05:51-05:50 FT.UTC),Niederschlagsdaten aus Niederschlagsroutine nach 01.04.2001 Terminwert und Tagessummen generiert aus SYNOP-Meldung des 06 UTC Termins
03217,20060801,20261002,06:00 - 06 FT. UTC (05:51-05:50 FT.UTC),Niederschlagsdaten aus Niederschlagsroutine nach 01.04.2001 Terminwert und Tagessummen generiert aus SYNOP-Meldung des 06 UTC Termins
03235,19260516,19301231,NBL:07:00-07:00 FT. GZ (bis 1990)  sonst 07:30 - 07:30 FT. GZ,KLIDADIGI: Niederschlagsdaten nacherfasst (1 Termin: ca 07 MOZ und Tagessummen)
03235,19310101,19980831,NBL:07:00-07:00 FT. GZ (bis 1990)  sonst 07:30 - 07:30 FT. GZ,Niederschlagsdaten aus Niederschlagsroutine des DWD oder Vorgängerdienste bis Einrichtung Nst(A) oder Nst(k) (1 Termin ca 7 MOZ und Tagessummen)
03280,18900201,19501230,NBL:07:00-07:00 FT. GZ (bis 1990)  sonst 07:30 - 07:30 FT. GZ,KLIDADIGI: Niederschlagsdaten nacherfasst (1 Termin: ca 07 MOZ und Tagessummen)
03280,19510101,19901231,NBL:07:00 GZ (bis 1990)  sonst 07:30 GZ,Niederschlagsdaten aus Niederschlagsroutine des eMD bis 10/1991 (1 Termin ca 7 MOZ und Tagessummen)
03280,19910101,20031231,NBL:07:00-07:00 FT. GZ (bis 1990)  sonst 07:30 - 07:30 FT. GZ,Niederschlagsdaten aus Niederschlagsroutine des DWD oder Vorgängerdienste bis Einrichtung Nst(A) oder Nst(k) (1 Termin ca 7 MOZ und Tagessummen)
03280,20040701,20260418,06:00 - 06 FT. UTC (05:51-05:50 FT.UTC),Niederschlagsdaten aus Niederschlagsroutine nach 01.04.2001 Terminwert und Tagessummen generiert aus SYNOP-Meldung des 06 UTC Termins
03280,20040701,20261002,06:00 - 06 FT. UTC (05:51-05:50 FT.UTC),Niederschlagsdaten aus Niederschlagsroutine nach 01.04.2001 Terminwert und Tagessummen generiert aus SYNOP-Meldung des 06 UTC Termins
03298,19690101,19901231,NBL:07:00 GZ (bis 1990)  sonst 07:30 GZ,Niederschlagsdaten aus Niederschlagsroutine des eMD bis 10/1991 (1 Termin ca 7 MOZ und Tagessummen)
03298,19910101,20011231,NBL:07:00-07:00 FT. GZ (bis 1990)  sonst 07:30 - 07:30 FT. GZ,Niederschlagsdaten aus Niederschlagsroutine des DWD oder Vorgängerdienste bis Einrichtung Nst(A) oder Nst(k) (1 Termin ca 7 MOZ und Tagessummen)
03333,19310101,20061231,NBL:07:00-07:00 FT. GZ (bis 1990)  sonst 07:30 - 07:30 FT. GZ,Niederschlagsdaten aus Niederschlagsroutine des DWD oder Vorgängerdienste bis Einrichtung Nst(A) oder Nst(k) (1 Termin ca 7 MOZ und Tagessummen)
03333,20070101,20260331,05:51 - 05:50 FT. UTC,Niederschlagsdaten aus Niederschlagsroutine des DWD mit Nst(k)  und ANKONDA-Stationen (1 Termin 06 UTC und Tagessummen)
03333,20070101,20260831,05:51 - 05:50 FT. UTC,Niederschlagsdaten aus Niederschlagsroutine des DWD mit Nst(k)  und ANKONDA-Stationen (1 Termin 06 UTC und Tagessummen)
03342,19410101,20050228,NBL:07:00-07:00 FT. GZ (bis 1990)  sonst 07:30 - 07:30 FT. GZ,Niederschlagsdaten aus Niederschlagsroutine des DWD oder Vorgängerdienste bis Einrichtung Nst(A) oder Nst(k) (1 Termin ca 7 MOZ und Tagessummen)
03342,20050301,20260418,06:00 - 06 FT. UTC (05:51-05:50 FT.UTC),Niederschlagsdaten aus Niederschlagsroutine nach 01.04.2001 Terminwert und Tagessummen generiert aus SYNOP-Meldung des 06 UTC Termins
03342,20050301,20261002,06:00 - 06 FT. UTC (05:51-05:50 FT.UTC),Niederschlagsdaten aus Niederschlagsroutine nach 01.04.2001 Terminwert und Tagessummen generiert aus SYNOP-Meldung des 06 UTC Termins
03351,19410101,19970630,NBL:07:00-07:00 FT. GZ (bis 1990)  sonst 07:30 - 07:30 FT. GZ,Niederschlagsdaten aus Niederschlagsroutine des DWD oder Vorgängerdienste bis Einrichtung Nst(A) oder Nst(k) (1 Termin ca 7 MOZ und Tagessummen)
03367,19510101,19901231,NBL:07:00 GZ (bis 1990)  sonst 07:30 GZ,Niederschlagsdaten aus Niederschlagsroutine des eMD bis 10/1991 (1 Termin ca 7 MOZ und Tagessummen)
03367,19910101,20031231,NBL:07:00-07:00 FT. GZ (bis 1990)  sonst 07:30 - 07:30 FT. GZ,Niederschlagsdaten aus Niederschlagsroutine des DWD oder Vorgängerdienste bis Einrichtung Nst(A) oder Nst(k) (1 Termin ca 7 MOZ und Tagessummen)
03369,19780101,20061231,NBL:07:00-07:00 FT. GZ (bis 1990)  sonst 07:30 - 07:30 FT. GZ,Niederschlagsdaten aus Niederschlagsroutine des DWD oder Vorgängerdienste bis Einrichtung Nst(A) oder Nst(k) (1 Termin ca 7 MOZ und Tagessummen)
03459,19410101,20061231,NBL:07:00-07:00 FT. GZ (bis 1990)  sonst 07:30 - 07:30 FT. GZ,Niederschlagsdaten aus Niederschlagsroutine des DWD oder Vorgängerdienste bis Einrichtung Nst(A) oder Nst(k) (1 Termin ca 7 MOZ und Tagessummen)
03467,19930601,20061231,NBL:07:00-07:00 FT. GZ (bis 1990)  sonst 07:30 - 07:30 FT. GZ,Niederschlagsdaten aus Niederschlagsroutine des DWD oder Vorgängerdienste bis Einrichtung Nst(A) oder Nst(k) (1 Termin ca 7 MOZ und Tagessummen)
03467,20070101,20260418,05:51 - 05:50 FT. UTC,Niederschlagsdaten aus Niederschlagsroutine des DWD mit Nst(k)  und ANKONDA-Stationen (1 Termin 06 UTC und Tagessummen)
03467,20070101,20261002,05:51 - 05:50 FT. UTC,Niederschlagsdaten aus Niederschlagsroutine des DWD mit Nst(k)  und ANKONDA-Stationen (1 Termin 06 UTC und Tagessummen)
03469,18880301,19501231,NBL:07:00-07:00 FT. GZ (bis 1990)  sonst 07:30 - 07:30 FT. GZ,KLIDADIGI: Niederschlagsdaten nacherfasst (1 Termin: ca 07 MOZ und Tagessummen)
03469,19510101,19901231,NBL:07:00 GZ (bis 1990)  sonst 07:30 GZ,Niederschlagsdaten aus Niederschlagsroutine des eMD bis 10/1991 (1 Termin ca 7 MOZ und Tagessummen)
03469,19910101,20051231,NBL:07:00-07:00 FT. GZ (bis 1990)  sonst 07:30 - 07:30 FT. GZ,Niederschlagsdaten aus Niederschlagsroutine des DWD oder Vorgängerdienste bis Einrichtung Nst(A) oder Nst(k) (1 Termin ca 7 MOZ und Tagessummen)
03469,20060101,20231231,05:51 - 05:50 FT. UTC,Niederschlagsdaten aus Niederschlagsroutine des DWD mit Nst(k)  und ANKONDA-Stationen (1 Termin 06 UTC und Tagessummen)
03470,19760101,19901231,NBL:07:00 GZ (bis 1990)  sonst 07:30 GZ,Niederschlagsdaten aus Niederschlagsroutine des eMD bis 10/1991 (1 Termin ca 7 MOZ und Tagessummen)
03470,19910101,19971031,NBL:07:00-07:00 FT. GZ (bis 1990)  sonst 07:30 - 07:30 FT. GZ,Niederschlagsdaten aus Niederschlagsroutine des DWD oder Vorgängerdienste bis Einrichtung Nst(A) oder Nst(k) (1 Termin ca 7 MOZ und Tagessummen)
03481,19510101,19901231,NBL:07:00 GZ (bis 1990)  sonst 07:30 GZ,Niederschlagsdaten aus Niederschlagsroutine des eMD bis 10/1991 (1 Termin ca 7 MOZ und Tagessummen)
03481,19910101,20051231,NBL:07:00-07:00 FT. GZ (bis 1990)  sonst 07:30 - 07:30 FT. GZ,Niederschlagsdaten aus Niederschlagsroutine des DWD oder Vorgängerdienste bis Einrichtung Nst(A) oder Nst(k) (1 Termin ca 7 MOZ und Tagessummen)
03482,19510101,19901231,NBL:07:00 GZ (bis 1990)  sonst 07:30 GZ,Niederschlagsdaten aus Niederschlagsroutine des eMD bis 10/1991 (1 Termin ca 7 MOZ und Tagessummen)
03482,19910101,20051231,NBL:07:00-07:00 FT. GZ (bis 1990)  sonst 07:30 - 07:30 FT. GZ,Niederschlagsdaten aus Niederschlagsroutine des DWD oder Vorgängerdienste bis Einrichtung Nst(A) oder Nst(k) (1 Termin ca 7 MOZ und Tagessummen)
03482,20060101,20260418,05:51 - 05:50 FT. UTC,Niederschlagsdaten aus Niederschlagsroutine des DWD mit Nst(k)  und ANKONDA-Stationen (1 Termin 06 UTC und Tagessummen)
03482,20060101,20261002,05:51 - 05:50 FT. UTC,Niederschlagsdaten aus Niederschlagsroutine des DWD mit Nst(k)  und ANKONDA-Stationen (1 Termin 06 UTC und Tagessummen)
03514,19310101,20000630,NBL:07:00-07:00 FT. GZ (bis 1990)  sonst 07:30 - 07:30 FT. GZ,Niederschlagsdaten aus Niederschlagsroutine des DWD oder Vorgängerdienste bis Einrichtung Nst(A) oder Nst(k) (1 Termin ca 7 MOZ und Tagessummen)
03523,19690901,19901231,NBL:07:00 GZ (bis 1990)  sonst 07:30 GZ,Niederschlagsdaten aus Niederschlagsroutine des eMD bis 10/1991 (1 Termin ca 7 MOZ und Tagessummen)
03523,19910101,20031231,NBL:07:00-07:00 FT. GZ (bis 1990)  sonst 07:30 - 07:30 FT. GZ,Niederschlagsdaten aus Niederschlagsroutine des DWD oder Vorgängerdienste bis Einrichtung Nst(A) oder Nst(k) (1 Termin ca 7 MOZ und Tagessummen)
03531,19510101,19900930,NBL:07:00 GZ (bis 1990)  sonst 07:30 GZ,Niederschlagsdaten aus Niederschlagsroutine des eMD bis 10/1991 (1 Termin ca 7 MOZ und Tagessummen)
03531,19910301,20051231,NBL:07:00-07:00 FT. GZ (bis 1990)  sonst 07:30 - 07:30 FT. GZ,Niederschlagsdaten aus Niederschlagsroutine des DWD oder Vorgängerdienste bis Einrichtung Nst(A) oder Nst(k) (1 Termin ca 7 MOZ und Tagessummen)
03537,18880101,19351231,NBL:07:00-07:00 FT. GZ (bis 1990)  sonst 07:30 - 07:30 FT. GZ,KLIDADIGI: Niederschlagsdaten nacherfasst (1 Termin: ca 07 MOZ und Tagessummen)
03537,19360101,20070831,NBL:07:00-07:00 FT. GZ (bis 1990)  sonst 07:30 - 07:30 FT. GZ,Niederschlagsdaten aus Niederschlagsroutine des DWD oder Vorgängerdienste bis Einrichtung Nst(A) oder Nst(k) (1 Termin ca 7 MOZ und Tagessummen)
03559,18970801,19330830,NBL:07:00-07:00 FT. GZ (bis 1990)  sonst 07:30 - 07:30 FT. GZ,KLIDADIGI: Niederschlagsdaten nacherfasst (1 Termin: ca 07 MOZ und Tagessummen)
03559,19801201,20061231,NBL:07:00-07:00 FT. GZ (bis 1990)  sonst 07:30 - 07:30 FT. GZ,Niederschlagsdaten aus Niederschlagsroutine des DWD oder Vorgängerdienste bis Einrichtung Nst(A) oder Nst(k) (1 Termin ca 7 MOZ und Tagessummen)
03563,19660818,19681230,NBL:07:00-07:00 FT. GZ (bis 1990)  sonst 07:30 - 07:30 FT. GZ,KLIDADIGI: Niederschlagsdaten nacherfasst (1 Termin: ca 07 MOZ und Tagessummen)
03563,19690101,19901231,NBL:07:00 GZ (bis 1990)  sonst 07:30 GZ,Niederschlagsdaten aus Niederschlagsroutine des eMD bis 10/1991 (1 Termin ca 7 MOZ und Tagessummen)
03563,19910101,20051231,NBL:07:00-07:00 FT. GZ (bis 1990)  sonst 07:30 - 07:30 FT. GZ,Niederschlagsdaten aus Niederschlagsroutine des DWD oder Vorgängerdienste bis Einrichtung Nst(A) oder Nst(k) (1 Termin ca 7 MOZ und Tagessummen)
03564,18880101,19681230,NBL:07:00-07:00 FT. GZ (bis 1990)  sonst 07:30 - 07:30 FT. GZ,KLIDADIGI: Niederschlagsdaten nacherfasst (1 Termin: ca 07 MOZ und Tagessummen)
03564,19681231,19901231,NBL:07:00 GZ (bis 1990)  sonst 07:30 GZ,Niederschlagsdaten aus Niederschlagsroutine des eMD bis 10/1991 (1 Termin ca 7 MOZ und Tagessummen)
03564,19910101,20050131,NBL:07:00-07:00 FT. GZ (bis 1990)  sonst 07:30 - 07:30 FT. GZ,Niederschlagsdaten aus Niederschlagsroutine des DWD oder Vorgängerdienste bis Einrichtung Nst(A) oder Nst(k) (1 Termin ca 7 MOZ und Tagessummen)
03564,20050201,20260418,06:00 - 06 FT. UTC (05:51-05:50 FT.UTC),Niederschlagsdaten aus Niederschlagsroutine nach 01.04.2001 Terminwert und Tagessummen generiert aus SYNOP-Meldung des 06 UTC Termins
03564,20050201,20261002,06:00 - 06 FT. UTC (05:51-05:50 FT.UTC),Niederschlagsdaten aus Niederschlagsroutine nach 01.04.2001 Terminwert und Tagessummen generiert aus SYNOP-Meldung des 06 UTC Termins
03592,19410101,20010228,NBL:07:00-07:00 FT. GZ (bis 1990)  sonst 07:30 - 07:30 FT. GZ,Niederschlagsdaten aus Niederschlagsroutine des DWD oder Vorgängerdienste bis Einrichtung Nst(A) oder Nst(k) (1 Termin ca 7 MOZ und Tagessummen)
03615,19691201,19901231,NBL:07:00 GZ (bis 1990)  sonst 07:30 GZ,Niederschlagsdaten aus Niederschlagsroutine des eMD bis 10/1991 (1 Termin ca 7 MOZ und Tagessummen)
03615,19910101,20051231,NBL:07:00-07:00 FT. GZ (bis 1990)  sonst 07:30 - 07:30 FT. GZ,Niederschlagsdaten aus Niederschlagsroutine des DWD oder Vorgängerdienste bis Einrichtung Nst(A) oder Nst(k) (1 Termin ca 7 MOZ und Tagessummen)
03627,19010101,20011031,NBL:07:00-07:00 FT. GZ (bis 1990)  sonst 07:30 - 07:30 FT. GZ,Niederschlagsdaten aus Niederschlagsroutine des DWD oder Vorgängerdienste bis Einrichtung Nst(A) oder Nst(k) (1 Termin ca 7 MOZ und Tagessummen)
03628,18910523,19301231,NBL:07:00-07:00 FT. GZ (bis 1990)  sonst 07:30 - 07:30 FT. GZ,KLIDADIGI: Niederschlagsdaten nacherfasst (1 Termin: ca 07 MOZ und Tagessummen)
03628,19310101,20061231,NBL:07:00-07:00 FT. GZ (bis 1990)  sonst 07:30 - 07:30 FT. GZ,Niederschlagsdaten aus Niederschlagsroutine des DWD oder Vorgängerdienste bis Einrichtung Nst(A) oder Nst(k) (1 Termin ca 7 MOZ und Tagessummen)
03629,19410101,19990331,NBL:07:00-07:00 FT. GZ (bis 1990)  sonst 07:30 - 07:30 FT. GZ,Niederschlagsdaten aus Niederschlagsroutine des DWD oder Vorgängerdienste bis Einrichtung Nst(A) oder Nst(k) (1 Termin ca 7 MOZ und Tagessummen)
03630,19030405,19351230,NBL:07:00-07:00 FT. GZ (bis 1990)  sonst 07:30 - 07:30 FT. GZ,KLIDADIGI: Niederschlagsdaten nacherfasst (1 Termin: ca 07 MOZ und Tagessummen)
03630,19510101,19980331,NBL:07:00-07:00 FT. GZ (bis 1990)  sonst 07:30 - 07:30 FT. GZ,Niederschlagsdaten aus Niederschlagsroutine des DWD oder Vorgängerdienste bis Einrichtung Nst(A) oder Nst(k) (1 Termin ca 7 MOZ und Tagessummen)
03631,18970901,19461231,NBL:07:00-07:00 FT. GZ (bis 1990)  sonst 07:30 - 07:30 FT. GZ,KLIDADIGI: Niederschlagsdaten nacherfasst (1 Termin: ca 07 MOZ und Tagessummen)
03631,19470101,20010331,NBL:07:00-07:00 FT. GZ (bis 1990)  sonst 07:30 - 07:30 FT. GZ,Niederschlagsdaten aus Niederschlagsroutine des DWD oder Vorgängerdienste bis Einrichtung Nst(A) oder Nst(k) (1 Termin ca 7 MOZ und Tagessummen)
03631,20010401,20260418,06:00 - 06 FT. UTC (05:51-05:50 FT.UTC),Niederschlagsdaten aus Niederschlagsroutine nach 01.04.2001 Terminwert und Tagessummen generiert aus SYNOP-Meldung des 06 UTC Termins
03631,20010401,20261002,06:00 - 06 FT. UTC (05:51-05:50 FT.UTC),Niederschlagsdaten aus Niederschlagsroutine nach 01.04.2001 Terminwert und Tagessummen generiert aus SYNOP-Meldung des 06 UTC Termins
03638,19310101,20061231,NBL:07:00-07:00 FT. GZ (bis 1990)  sonst 07:30 - 07:30 FT. GZ,Niederschlagsdaten aus Niederschlagsroutine des DWD oder Vorgängerdienste bis Einrichtung Nst(A) oder Nst(k) (1 Termin ca 7 MOZ und Tagessummen)
03645,19310101,20061231,NBL:07:00-07:00 FT. GZ (bis 1990)  sonst 07:30 - 07:30 FT. GZ,Niederschlagsdaten aus Niederschlagsroutine des DWD oder Vorgängerdienste bis Einrichtung Nst(A) oder Nst(k) (1 Termin ca 7 MOZ und Tagessummen)
03646,19510101,20061231,NBL:07:00-07:00 FT. GZ (bis 1990)  sonst 07:30 - 07:30 FT. GZ,Niederschlagsdaten aus Niederschlagsroutine des DWD oder Vorgängerdienste bis Einrichtung Nst(A) oder Nst(k) (1 Termin ca 7 MOZ und Tagessummen)
03648,19020101,19141230,NBL:07:00-07:00 FT. GZ (bis 1990)  sonst 07:30 - 07:30 FT. GZ,KLIDADIGI: Niederschlagsdaten nacherfasst (1 Termin: ca 07 MOZ und Tagessummen)
03648,19310101,20030430,NBL:07:00-07:00 FT. GZ (bis 1990)  sonst 07:30 - 07:30 FT. GZ,Niederschlagsdaten aus Niederschlagsroutine des DWD oder Vorgängerdienste bis Einrichtung Nst(A) oder Nst(k) (1 Termin ca 7 MOZ und Tagessummen)
03654,19690101,19901231,NBL:07:00 GZ (bis 1990)  sonst 07:30 GZ,Niederschlagsdaten aus Niederschlagsroutine des eMD bis 10/1991 (1 Termin ca 7 MOZ und Tagessummen)
03654,19910101,20031231,NBL:07:00-07:00 FT. GZ (bis 1990)  sonst 07:30 - 07:30 FT. GZ,Niederschlagsdaten aus Niederschlagsroutine des DWD oder Vorgängerdienste bis Einrichtung Nst(A) oder Nst(k) (1 Termin ca 7 MOZ und Tagessummen)
03655,19510101,20061231,NBL:07:00-07:00 FT. GZ (bis 1990)  sonst 07:30 - 07:30 FT. GZ,Niederschlagsdaten aus Niederschlagsroutine des DWD oder Vorgängerdienste bis Einrichtung Nst(A) oder Nst(k) (1 Termin ca 7 MOZ und Tagessummen)
03673,18880501,19301231,NBL:07:00-07:00 FT. GZ (bis 1990)  sonst 07:30 - 07:30 FT. GZ,KLIDADIGI: Niederschlagsdaten nacherfasst (1 Termin: ca 07 MOZ und Tagessummen)
03673,19310101,19601231,NBL:07:00-07:00 FT. GZ (bis 1990)  sonst 07:30 - 07:30 FT. GZ,Niederschlagsdaten aus Niederschlagsroutine des DWD oder Vorgängerdienste bis Einrichtung Nst(A) oder Nst(k) (1 Termin ca 7 MOZ und Tagessummen)
03673,19610101,19781231,NBL:07:00-07:00 FT. GZ (bis 1990)  sonst 07:30 - 07:30 FT. GZ,KLIDADIGI: Niederschlagsdaten nacherfasst (1 Termin: ca 07 MOZ und Tagessummen)
03673,19790101,20061231,NBL:07:00-07:00 FT. GZ (bis 1990)  sonst 07:30 - 07:30 FT. GZ,Niederschlagsdaten aus Niederschlagsroutine des DWD oder Vorgängerdienste bis Einrichtung Nst(A) oder Nst(k) (1 Termin ca 7 MOZ und Tagessummen)
03706,19410101,19990630,NBL:07:00-07:00 FT. GZ (bis 1990)  sonst 07:30 - 07:30 FT. GZ,Niederschlagsdaten aus Niederschlagsroutine des DWD oder Vorgängerdienste bis Einrichtung Nst(A) oder Nst(k) (1 Termin ca 7 MOZ und Tagessummen)
03768,19080706,19301231,NBL:07:00-07:00 FT. GZ (bis 1990)  sonst 07:30 - 07:30 FT. GZ,KLIDADIGI: Niederschlagsdaten nacherfasst (1 Termin: ca 07 MOZ und Tagessummen)
03768,19310101,20030630,NBL:07:00-07:00 FT. GZ (bis 1990)  sonst 07:30 - 07:30 FT. GZ,Niederschlagsdaten aus Niederschlagsroutine des DWD oder Vorgängerdienste bis Einrichtung Nst(A) oder Nst(k) (1 Termin ca 7 MOZ und Tagessummen)
03770,19470516,19681230,NBL:07:00-07:00 FT. GZ (bis 1990)  sonst 07:30 - 07:30 FT. GZ,KLIDADIGI: Niederschlagsdaten nacherfasst (1 Termin: ca 07 MOZ und Tagessummen)
03770,19690101,19901231,NBL:07:00 GZ (bis 1990)  sonst 07:30 GZ,Niederschlagsdaten aus Niederschlagsroutine des eMD bis 10/1991 (1 Termin ca 7 MOZ und Tagessummen)
03770,19910101,20051231,NBL:07:00-07:00 FT. GZ (bis 1990)  sonst 07:30 - 07:30 FT. GZ,Niederschlagsdaten aus Niederschlagsroutine des DWD oder Vorgängerdienste bis Einrichtung Nst(A) oder Nst(k) (1 Termin ca 7 MOZ und Tagessummen)
03770,20060101,20260418,05:51 - 05:50 FT. UTC,Niederschlagsdaten aus Niederschlagsroutine des DWD mit Nst(k)  und ANKONDA-Stationen (1 Termin 06 UTC und Tagessummen)
03770,20060101,20261002,05:51 - 05:50 FT. UTC,Niederschlagsdaten aus Niederschlagsroutine des DWD mit Nst(k)  und ANKONDA-Stationen (1 Termin 06 UTC und Tagessummen)
03773,19780101,20061231,NBL:07:00-07:00 FT. GZ (bis 1990)  sonst 07:30 - 07:30 FT. GZ,Niederschlagsdaten aus Niederschlagsroutine des DWD oder Vorgängerdienste bis Einrichtung Nst(A) oder Nst(k) (1 Termin ca 7 MOZ und Tagessummen)
03773,20070101,20071231,05:51 - 05:50 FT. UTC,Niederschlagsdaten aus Niederschlagsroutine des DWD mit Nst(k)  und ANKONDA-Stationen (1 Termin 06 UTC und Tagessummen)
03789,18910501,19301231,NBL:07:00-07:00 FT. GZ (bis 1990)  sonst 07:30 - 07:30 FT. GZ,KLIDADIGI: Niederschlagsdaten nacherfasst (1 Termin: ca 07 MOZ und Tagessummen)
03789,19310101,19970630,NBL:07:00-07:00 FT. GZ (bis 1990)  sonst 07:30 - 07:30 FT. GZ,Niederschlagsdaten aus Niederschlagsroutine des DWD oder Vorgängerdienste bis Einrichtung Nst(A) oder Nst(k) (1 Termin ca 7 MOZ und Tagessummen)
03792,19801001,20061231,NBL:07:00-07:00 FT. GZ (bis 1990)  sonst 07:30 - 07:30 FT. GZ,Niederschlagsdaten aus Niederschlagsroutine des DWD oder Vorgängerdienste bis Einrichtung Nst(A) oder Nst(k) (1 Termin ca 7 MOZ und Tagessummen)
03792,20070101,20260417,05:51 - 05:50 FT. UTC,Niederschlagsdaten aus Niederschlagsroutine des DWD mit Nst(k)  und ANKONDA-Stationen (1 Termin 06 UTC und Tagessummen)
03792,20070101,20261001,05:51 - 05:50 FT. UTC,Niederschlagsdaten aus Niederschlagsroutine des DWD mit Nst(k)  und ANKONDA-Stationen (1 Termin 06 UTC und Tagessummen)
03793,19310101,20061231,NBL:07:00-07:00 FT. GZ (bis 1990)  sonst 07:30 - 07:30 FT. GZ,Niederschlagsdaten aus Niederschlagsroutine des DWD oder Vorgängerdienste bis Einrichtung Nst(A) oder Nst(k) (1 Termin ca 7 MOZ und Tagessummen)
03813,18910510,19351230,NBL:07:00-07:00 FT. GZ (bis 1990)  sonst 07:30 - 07:30 FT. GZ,KLIDADIGI: Niederschlagsdaten nacherfasst (1 Termin: ca 07 MOZ und Tagessummen)
03813,19510101,20061231,NBL:07:00-07:00 FT. GZ (bis 1990)  sonst 07:30 - 07:30 FT. GZ,Niederschlagsdaten aus Niederschlagsroutine des DWD oder Vorgängerdienste bis Einrichtung Nst(A) oder Nst(k) (1 Termin ca 7 MOZ und Tagessummen)
03813,20070101,20260106,05:51 - 05:50 FT. UTC,Niederschlagsdaten aus Niederschlagsroutine des DWD mit Nst(k)  und ANKONDA-Stationen (1 Termin 06 UTC und Tagessummen)
03847,19410101,20061231,NBL:07:00-07:00 FT. GZ (bis 1990)  sonst 07:30 - 07:30 FT. GZ,Niederschlagsdaten aus Niederschlagsroutine des DWD oder Vorgängerdienste bis Einrichtung Nst(A) oder Nst(k) (1 Termin ca 7 MOZ und Tagessummen)
03847,20070101,20171015,05:51 - 05:50 FT. UTC,Niederschlagsdaten aus Niederschlagsroutine des DWD mit Nst(k)  und ANKONDA-Stationen (1 Termin 06 UTC und Tagessummen)
03853,19030501,19301231,NBL:07:00-07:00 FT. GZ (bis 1990)  sonst 07:30 - 07:30 FT. GZ,KLIDADIGI: Niederschlagsdaten nacherfasst (1 Termin: ca 07 MOZ und Tagessummen)
03853,19310101,20041031,NBL:07:00-07:00 FT. GZ (bis 1990)  sonst 07:30 - 07:30 FT. GZ,Niederschlagsdaten aus Niederschlagsroutine des DWD oder Vorgängerdienste bis Einrichtung Nst(A) oder Nst(k) (1 Termin ca 7 MOZ und Tagessummen)
03853,20041101,20260418,06:00 - 06 FT. UTC (05:51-05:50 FT.UTC),Niederschlagsdaten aus Niederschlagsroutine nach 01.04.2001 Terminwert und Tagessummen generiert aus SYNOP-Meldung des 06 UTC Termins
03853,20041101,20261002,06:00 - 06 FT. UTC (05:51-05:50 FT.UTC),Niederschlagsdaten aus Niederschlagsroutine nach 01.04.2001 Terminwert und Tagessummen generiert aus SYNOP-Meldung des 06 UTC Termins
03870,19340110,19351230,NBL:07:00-07:00 FT. GZ (bis 1990)  sonst 07:30 - 07:30 FT. GZ,KLIDADIGI: Niederschlagsdaten nacherfasst (1 Termin: ca 07 MOZ und Tagessummen)
03870,19510101,19901231,NBL:07:00 GZ (bis 1990)  sonst 07:30 GZ,Niederschlagsdaten aus Niederschlagsroutine des eMD bis 10/1991 (1 Termin ca 7 MOZ und Tagessummen)
03870,19910101,20051231,NBL:07:00-07:00 FT. GZ (bis 1990)  sonst 07:30 - 07:30 FT. GZ,Niederschlagsdaten aus Niederschlagsroutine des DWD oder Vorgängerdienste bis Einrichtung Nst(A) oder Nst(k) (1 Termin ca 7 MOZ und Tagessummen)
03870,20060101,20260418,05:51 - 05:50 FT. UTC,Niederschlagsdaten aus Niederschlagsroutine des DWD mit Nst(k)  und ANKONDA-Stationen (1 Termin 06 UTC und Tagessummen)
03870,20060101,20261002,05:51 - 05:50 FT. UTC,Niederschlagsdaten aus Niederschlagsroutine des DWD mit Nst(k)  und ANKONDA-Stationen (1 Termin 06 UTC und Tagessummen)
03880,18980801,19351230,NBL:07:00-07:00 FT. GZ (bis 1990)  sonst 07:30 - 07:30 FT. GZ,KLIDADIGI: Niederschlagsdaten nacherfasst (1 Termin: ca 07 MOZ und Tagessummen)
03880,19690101,19901231,NBL:07:00 GZ (bis 1990)  sonst 07:30 GZ,Niederschlagsdaten aus Niederschlagsroutine des eMD bis 10/1991 (1 Termin ca 7 MOZ und Tagessummen)
03880,19910101,20041231,NBL:07:00-07:00 FT. GZ (bis 1990)  sonst 07:30 - 07:30 FT. GZ,Niederschlagsdaten aus Niederschlagsroutine des DWD oder Vorgängerdienste bis Einrichtung Nst(A) oder Nst(k) (1 Termin ca 7 MOZ und Tagessummen)
03895,19310101,20061231,NBL:07:00-07:00 FT. GZ (bis 1990)  sonst 07:30 - 07:30 FT. GZ,Niederschlagsdaten aus Niederschlagsroutine des DWD oder Vorgängerdienste bis Einrichtung Nst(A) oder Nst(k) (1 Termin ca 7 MOZ und Tagessummen)
03897,19410101,19801231,NBL:07:00-07:00 FT. GZ (bis 1990)  sonst 07:30 - 07:30 FT. GZ,Niederschlagsdaten aus Niederschlagsroutine des DWD oder Vorgängerdienste bis Einrichtung Nst(A) oder Nst(k) (1 Termin ca 7 MOZ und Tagessummen)
03897,20060818,20260418,06:00 - 06 FT. UTC (05:51-05:50 FT.UTC),Niederschlagsdaten aus Niederschlagsroutine nach 01.04.2001 Terminwert und Tagessummen generiert aus SYNOP-Meldung des 06 UTC Termins
03897,20060818,20261002,06:00 - 06 FT. UTC (05:51-05:50 FT.UTC),Niederschlagsdaten aus Niederschlagsroutine nach 01.04.2001 Terminwert und Tagessummen generiert aus SYNOP-Meldung des 06 UTC Termins
03908,19690101,19901231,NBL:07:00 GZ (bis 1990)  sonst 07:30 GZ,Niederschlagsdaten aus Niederschlagsroutine des eMD bis 10/1991 (1 Termin ca 7 MOZ und Tagessummen)
03908,19910101,20051231,NBL:07:00-07:00 FT. GZ (bis 1990)  sonst 07:30 - 07:30 FT. GZ,Niederschlagsdaten aus Niederschlagsroutine des DWD oder Vorgängerdienste bis Einrichtung Nst(A) oder Nst(k) (1 Termin ca 7 MOZ und Tagessummen)
03916,19510101,19901231,NBL:07:00 GZ (bis 1990)  sonst 07:30 GZ,Niederschlagsdaten aus Niederschlagsroutine des eMD bis 10/1991 (1 Termin ca 7 MOZ und Tagessummen)
03916,19910101,20010331,NBL:07:00-07:00 FT. GZ (bis 1990)  sonst 07:30 - 07:30 FT. GZ,Niederschlagsdaten aus Niederschlagsroutine des DWD oder Vorgängerdienste bis Einrichtung Nst(A) oder Nst(k) (1 Termin ca 7 MOZ und Tagessummen)
03932,19510101,19901231,NBL:07:00 GZ (bis 1990)  sonst 07:30 GZ,Niederschlagsdaten aus Niederschlagsroutine des eMD bis 10/1991 (1 Termin ca 7 MOZ und Tagessummen)
03932,19910101,20051231,NBL:07:00-07:00 FT. GZ (bis 1990)  sonst 07:30 - 07:30 FT. GZ,Niederschlagsdaten aus Niederschlagsroutine des DWD oder Vorgängerdienste bis Einrichtung Nst(A) oder Nst(k) (1 Termin ca 7 MOZ und Tagessummen)
03932,20060101,20260418,05:51 - 05:50 FT. UTC,Niederschlagsdaten aus Niederschlagsroutine des DWD mit Nst(k)  und ANKONDA-Stationen (1 Termin 06 UTC und Tagessummen)
03932,20060101,20261002,05:51 - 05:50 FT. UTC,Niederschlagsdaten aus Niederschlagsroutine des DWD mit Nst(k)  und ANKONDA-Stationen (1 Termin 06 UTC und Tagessummen)
03935,19310101,19581130,NBL:07:00-07:00 FT. GZ (bis 1990)  sonst 07:30 - 07:30 FT. GZ,Niederschlagsdaten aus Niederschlagsroutine des DWD oder Vorgängerdienste bis Einrichtung Nst(A) oder Nst(k) (1 Termin ca 7 MOZ und Tagessummen)
03935,19581201,19761130,NBL:07:00-07:00 FT. GZ (bis 1990)  sonst 07:30 - 07:30 FT. GZ,KLIDADIGI: Niederschlagsdaten nacherfasst (1 Termin: ca 07 MOZ und Tagessummen)
03935,19761201,20041231,NBL:07:00-07:00 FT. GZ (bis 1990)  sonst 07:30 - 07:30 FT. GZ,Niederschlagsdaten aus Niederschlagsroutine des DWD oder Vorgängerdienste bis Einrichtung Nst(A) oder Nst(k) (1 Termin ca 7 MOZ und Tagessummen)
03943,19780101,19901231,NBL:07:00 GZ (bis 1990)  sonst 07:30 GZ,Niederschlagsdaten aus Niederschlagsroutine des eMD bis 10/1991 (1 Termin ca 7 MOZ und Tagessummen)
03943,19910101,20051231,NBL:07:00-07:00 FT. GZ (bis 1990)  sonst 07:30 - 07:30 FT. GZ,Niederschlagsdaten aus Niederschlagsroutine des DWD oder Vorgängerdienste bis Einrichtung Nst(A) oder Nst(k) (1 Termin ca 7 MOZ und Tagessummen)
03943,20060101,20191231,05:51 - 05:50 FT. UTC,Niederschlagsdaten aus Niederschlagsroutine des DWD mit Nst(k)  und ANKONDA-Stationen (1 Termin 06 UTC und Tagessummen)
03945,19690701,19901231,NBL:07:00 GZ (bis 1990)  sonst 07:30 GZ,Niederschlagsdaten aus Niederschlagsroutine des eMD bis 10/1991 (1 Termin ca 7 MOZ und Tagessummen)
03945,19910101,20050228,NBL:07:00-07:00 FT. GZ (bis 1990)  sonst 07:30 - 07:30 FT. GZ,Niederschlagsdaten aus Niederschlagsroutine des DWD oder Vorgängerdienste bis Einrichtung Nst(A) oder Nst(k) (1 Termin ca 7 MOZ und Tagessummen)
03945,20050301,20260418,06:00 - 06 FT. UTC (05:51-05:50 FT.UTC),Niederschlagsdaten aus Niederschlagsroutine nach 01.04.2001 Terminwert und Tagessummen generiert aus SYNOP-Meldung des 06 UTC Termins
03945,20050301,20261002,06:00 - 06 FT. UTC (05:51-05:50 FT.UTC),Niederschlagsdaten aus Niederschlagsroutine nach 01.04.2001 Terminwert und Tagessummen generiert aus SYNOP-Meldung des 06 UTC Termins
03954,18910601,19981231,NBL:07:00-07:00 FT. GZ (bis 1990)  sonst 07:30 - 07:30 FT. GZ,Niederschlagsdaten aus Niederschlagsroutine des DWD oder Vorgängerdienste bis Einrichtung Nst(A) oder Nst(k) (1 Termin ca 7 MOZ und Tagessummen)
03955,19500101,19970131,NBL:07:00-07:00 FT. GZ (bis 1990)  sonst 07:30 - 07:30 FT. GZ,Niederschlagsdaten aus Niederschlagsroutine des DWD oder Vorgängerdienste bis Einrichtung Nst(A) oder Nst(k) (1 Termin ca 7 MOZ und Tagessummen)
03976,19410101,20061231,NBL:07:00-07:00 FT. GZ (bis 1990)  sonst 07:30 - 07:30 FT. GZ,Niederschlagsdaten aus Niederschlagsroutine des DWD oder Vorgängerdienste bis Einrichtung Nst(A) oder Nst(k) (1 Termin ca 7 MOZ und Tagessummen)
03993,19251121,19301231,NBL:07:00-07:00 FT. GZ (bis 1990)  sonst 07:30 - 07:30 FT. GZ,KLIDADIGI: Niederschlagsdaten nacherfasst (1 Termin: ca 07 MOZ und Tagessummen)
03993,19310101,19981231,NBL:07:00-07:00 FT. GZ (bis 1990)  sonst 07:30 - 07:30 FT. GZ,Niederschlagsdaten aus Niederschlagsroutine des DWD oder Vorgängerdienste bis Einrichtung Nst(A) oder Nst(k) (1 Termin ca 7 MOZ und Tagessummen)
03996,19510101,19901231,NBL:07:00 GZ (bis 1990)  sonst 07:30 GZ,Niederschlagsdaten aus Niederschlagsroutine des eMD bis 10/1991 (1 Termin ca 7 MOZ und Tagessummen)
03996,19910101,20011231,NBL:07:00-07:00 FT. GZ (bis 1990)  sonst 07:30 - 07:30 FT. GZ,Niederschlagsdaten aus Niederschlagsroutine des DWD oder Vorgängerdienste bis Einrichtung Nst(A) oder Nst(k) (1 Termin ca 7 MOZ und Tagessummen)
04009,19841001,20040531,NBL:07:00-07:00 FT. GZ (bis 1990)  sonst 07:30 - 07:30 FT. GZ,Niederschlagsdaten aus Niederschlagsroutine des DWD oder Vorgängerdienste bis Einrichtung Nst(A) oder Nst(k) (1 Termin ca 7 MOZ und Tagessummen)
04009,20080301,20260417,05:51 - 05:50 FT. UTC,Niederschlagsdaten aus Niederschlagsroutine des DWD mit Nst(k)  und ANKONDA-Stationen (1 Termin 06 UTC und Tagessummen)
04009,20080301,20261001,05:51 - 05:50 FT. UTC,Niederschlagsdaten aus Niederschlagsroutine des DWD mit Nst(k)  und ANKONDA-Stationen (1 Termin 06 UTC und Tagessummen)
04030,19740101,19901231,NBL:07:00 GZ (bis 1990)  sonst 07:30 GZ,Niederschlagsdaten aus Niederschlagsroutine des eMD bis 10/1991 (1 Termin ca 7 MOZ und Tagessummen)
04030,19910101,20051231,NBL:07:00-07:00 FT. GZ (bis 1990)  sonst 07:30 - 07:30 FT. GZ,Niederschlagsdaten aus Niederschlagsroutine des DWD oder Vorgängerdienste bis Einrichtung Nst(A) oder Nst(k) (1 Termin ca 7 MOZ und Tagessummen)
04030,20060101,20070531,05:51 - 05:50 FT. UTC,Niederschlagsdaten aus Niederschlagsroutine des DWD mit Nst(k)  und ANKONDA-Stationen (1 Termin 06 UTC und Tagessummen)
04039,19741201,20010331,NBL:07:00-07:00 FT. GZ (bis 1990)  sonst 07:30 - 07:30 FT. GZ,Niederschlagsdaten aus Niederschlagsroutine des DWD oder Vorgängerdienste bis Einrichtung Nst(A) oder Nst(k) (1 Termin ca 7 MOZ und Tagessummen)
04039,20010401,20260418,06:00 - 06 FT. UTC (05:51-05:50 FT.UTC),Niederschlagsdaten aus Niederschlagsroutine nach 01.04.2001 Terminwert und Tagessummen generiert aus SYNOP-Meldung des 06 UTC Termins
04039,20010401,20261002,06:00 - 06 FT. UTC (05:51-05:50 FT.UTC),Niederschlagsdaten aus Niederschlagsroutine nach 01.04.2001 Terminwert und Tagessummen generiert aus SYNOP-Meldung des 06 UTC Termins
04046,19310101,20001130,NBL:07:00-07:00 FT. GZ (bis 1990)  sonst 07:30 - 07:30 FT. GZ,Niederschlagsdaten aus Niederschlagsroutine des DWD oder Vorgängerdienste bis Einrichtung Nst(A) oder Nst(k) (1 Termin ca 7 MOZ und Tagessummen)
04070,19690101,19901231,NBL:07:00 GZ (bis 1990)  sonst 07:30 GZ,Niederschlagsdaten aus Niederschlagsroutine des eMD bis 10/1991 (1 Termin ca 7 MOZ und Tagessummen)
04070,19910101,20051231,NBL:07:00-07:00 FT. GZ (bis 1990)  sonst 07:30 - 07:30 FT. GZ,Niederschlagsdaten aus Niederschlagsroutine des DWD oder Vorgängerdienste bis Einrichtung Nst(A) oder Nst(k) (1 Termin ca 7 MOZ und Tagessummen)
04085,19310101,20061231,NBL:07:00-07:00 FT. GZ (bis 1990)  sonst 07:30 - 07:30 FT. GZ,Niederschlagsdaten aus Niederschlagsroutine des DWD oder Vorgängerdienste bis Einrichtung Nst(A) oder Nst(k) (1 Termin ca 7 MOZ und Tagessummen)
04085,20070101,20100831,05:51 - 05:50 FT. UTC,Niederschlagsdaten aus Niederschlagsroutine des DWD mit Nst(k)  und ANKONDA-Stationen (1 Termin 06 UTC und Tagessummen)
04101,19690101,19901231,NBL:07:00 GZ (bis 1990)  sonst 07:30 GZ,Niederschlagsdaten aus Niederschlagsroutine des eMD bis 10/1991 (1 Termin ca 7 MOZ und Tagessummen)
04101,19910101,20040731,NBL:07:00-07:00 FT. GZ (bis 1990)  sonst 07:30 - 07:30 FT. GZ,Niederschlagsdaten aus Niederschlagsroutine des DWD oder Vorgängerdienste bis Einrichtung Nst(A) oder Nst(k) (1 Termin ca 7 MOZ und Tagessummen)
04101,20040801,20260418,06:00 - 06 FT. UTC (05:51-05:50 FT.UTC),Niederschlagsdaten aus Niederschlagsroutine nach 01.04.2001 Terminwert und Tagessummen generiert aus SYNOP-Meldung des 06 UTC Termins
04101,20040801,20261001,06:00 - 06 FT. UTC (05:51-05:50 FT.UTC),Niederschlagsdaten aus Niederschlagsroutine nach 01.04.2001 Terminwert und Tagessummen generiert aus SYNOP-Meldung des 06 UTC Termins
04117,18881027,19071030,NBL:07:00-07:00 FT. GZ (bis 1990)  sonst 07:30 - 07:30 FT. GZ,KLIDADIGI: Niederschlagsdaten nacherfasst (1 Termin: ca 07 MOZ und Tagessummen)
04117,19690101,19901231,NBL:07:00 GZ (bis 1990)  sonst 07:30 GZ,Niederschlagsdaten aus Niederschlagsroutine des eMD bis 10/1991 (1 Termin ca 7 MOZ und Tagessummen)
04117,19910101,20051231,NBL:07:00-07:00 FT. GZ (bis 1990)  sonst 07:30 - 07:30 FT. GZ,Niederschlagsdaten aus Niederschlagsroutine des DWD oder Vorgängerdienste bis Einrichtung Nst(A) oder Nst(k) (1 Termin ca 7 MOZ und Tagessummen)
04130,19310101,20061231,NBL:07:00-07:00 FT. GZ (bis 1990)  sonst 07:30 - 07:30 FT. GZ,Niederschlagsdaten aus Niederschlagsroutine des DWD oder Vorgängerdienste bis Einrichtung Nst(A) oder Nst(k) (1 Termin ca 7 MOZ und Tagessummen)
04130,20070101,20111031,05:51 - 05:50 FT. UTC,Niederschlagsdaten aus Niederschlagsroutine des DWD mit Nst(k)  und ANKONDA-Stationen (1 Termin 06 UTC und Tagessummen)
04147,19410101,20061231,NBL:07:00-07:00 FT. GZ (bis 1990)  sonst 07:30 - 07:30 FT. GZ,Niederschlagsdaten aus Niederschlagsroutine des DWD oder Vorgängerdienste bis Einrichtung Nst(A) oder Nst(k) (1 Termin ca 7 MOZ und Tagessummen)
04156,19310101,19980228,NBL:07:00-07:00 FT. GZ (bis 1990)  sonst 07:30 - 07:30 FT. GZ,Niederschlagsdaten aus Niederschlagsroutine des DWD oder Vorgängerdienste bis Einrichtung Nst(A) oder Nst(k) (1 Termin ca 7 MOZ und Tagessummen)
04162,18880101,19351230,NBL:07:00-07:00 FT. GZ (bis 1990)  sonst 07:30 - 07:30 FT. GZ,KLIDADIGI: Niederschlagsdaten nacherfasst (1 Termin: ca 07 MOZ und Tagessummen)
04162,19690101,19901231,NBL:07:00 GZ (bis 1990)  sonst 07:30 GZ,Niederschlagsdaten aus Niederschlagsroutine des eMD bis 10/1991 (1 Termin ca 7 MOZ und Tagessummen)
04162,19910101,20051231,NBL:07:00-07:00 FT. GZ (bis 1990)  sonst 07:30 - 07:30 FT. GZ,Niederschlagsdaten aus Niederschlagsroutine des DWD oder Vorgängerdienste bis Einrichtung Nst(A) oder Nst(k) (1 Termin ca 7 MOZ und Tagessummen)
04163,19690101,19901231,NBL:07:00 GZ (bis 1990)  sonst 07:30 GZ,Niederschlagsdaten aus Niederschlagsroutine des eMD bis 10/1991 (1 Termin ca 7 MOZ und Tagessummen)
04163,19910101,20020831,NBL:07:00-07:00 FT. GZ (bis 1990)  sonst 07:30 - 07:30 FT. GZ,Niederschlagsdaten aus Niederschlagsroutine des DWD oder Vorgängerdienste bis Einrichtung Nst(A) oder Nst(k) (1 Termin ca 7 MOZ und Tagessummen)
04184,19470101,19501231,NBL:07:00-07:00 FT. GZ (bis 1990)  sonst 07:30 - 07:30 FT. GZ,KLIDADIGI: Niederschlagsdaten nacherfasst (1 Termin: ca 07 MOZ und Tagessummen)
04184,19510101,19901231,NBL:07:00 GZ (bis 1990)  sonst 07:30 GZ,Niederschlagsdaten aus Niederschlagsroutine des eMD bis 10/1991 (1 Termin ca 7 MOZ und Tagessummen)
04184,19910101,20051231,NBL:07:00-07:00 FT. GZ (bis 1990)  sonst 07:30 - 07:30 FT. GZ,Niederschlagsdaten aus Niederschlagsroutine des DWD oder Vorgängerdienste bis Einrichtung Nst(A) oder Nst(k) (1 Termin ca 7 MOZ und Tagessummen)
04184,20060101,20260418,05:51 - 05:50 FT. UTC,Niederschlagsdaten aus Niederschlagsroutine des DWD mit Nst(k)  und ANKONDA-Stationen (1 Termin 06 UTC und Tagessummen)
04184,20060101,20261002,05:51 - 05:50 FT. UTC,Niederschlagsdaten aus Niederschlagsroutine des DWD mit Nst(k)  und ANKONDA-Stationen (1 Termin 06 UTC und Tagessummen)
04226,19110701,19351230,NBL:07:00-07:00 FT. GZ (bis 1990)  sonst 07:30 - 07:30 FT. GZ,KLIDADIGI: Niederschlagsdaten nacherfasst (1 Termin: ca 07 MOZ und Tagessummen)
04226,19510101,19901231,NBL:07:00 GZ (bis 1990)  sonst 07:30 GZ,Niederschlagsdaten aus Niederschlagsroutine des eMD bis 10/1991 (1 Termin ca 7 MOZ und Tagessummen)
04226,19910101,20051231,NBL:07:00-07:00 FT. GZ (bis 1990)  sonst 07:30 - 07:30 FT. GZ,Niederschlagsdaten aus Niederschlagsroutine des DWD oder Vorgängerdienste bis Einrichtung Nst(A) oder Nst(k) (1 Termin ca 7 MOZ und Tagessummen)
04226,20060101,20260418,05:51 - 05:50 FT. UTC,Niederschlagsdaten aus Niederschlagsroutine des DWD mit Nst(k)  und ANKONDA-Stationen (1 Termin 06 UTC und Tagessummen)
04226,20060101,20261002,05:51 - 05:50 FT. UTC,Niederschlagsdaten aus Niederschlagsroutine des DWD mit Nst(k)  und ANKONDA-Stationen (1 Termin 06 UTC und Tagessummen)
04232,19690101,19901231,NBL:07:00 GZ (bis 1990)  sonst 07:30 GZ,Niederschlagsdaten aus Niederschlagsroutine des eMD bis 10/1991 (1 Termin ca 7 MOZ und Tagessummen)
04232,19910101,20051231,NBL:07:00-07:00 FT. GZ (bis 1990)  sonst 07:30 - 07:30 FT. GZ,Niederschlagsdaten aus Niederschlagsroutine des DWD oder Vorgängerdienste bis Einrichtung Nst(A) oder Nst(k) (1 Termin ca 7 MOZ und Tagessummen)
04232,20060101,20231231,05:51 - 05:50 FT. UTC,Niederschlagsdaten aus Niederschlagsroutine des DWD mit Nst(k)  und ANKONDA-Stationen (1 Termin 06 UTC und Tagessummen)
04245,19690101,19901231,NBL:07:00 GZ (bis 1990)  sonst 07:30 GZ,Niederschlagsdaten aus Niederschlagsroutine des eMD bis 10/1991 (1 Termin ca 7 MOZ und Tagessummen)
04245,19910101,20011231,NBL:07:00-07:00 FT. GZ (bis 1990)  sonst 07:30 - 07:30 FT. GZ,Niederschlagsdaten aus Niederschlagsroutine des DWD oder Vorgängerdienste bis Einrichtung Nst(A) oder Nst(k) (1 Termin ca 7 MOZ und Tagessummen)
04260,19510101,19980430,NBL:07:00-07:00 FT. GZ (bis 1990)  sonst 07:30 - 07:30 FT. GZ,Niederschlagsdaten aus Niederschlagsroutine des DWD oder Vorgängerdienste bis Einrichtung Nst(A) oder Nst(k) (1 Termin ca 7 MOZ und Tagessummen)
04270,19000101,19501231,NBL:07:00-07:00 FT. GZ (bis 1990)  sonst 07:30 - 07:30 FT. GZ,KLIDADIGI: Niederschlagsdaten nacherfasst (1 Termin: ca 07 MOZ und Tagessummen)
04270,19510101,19901231,NBL:07:00 GZ (bis 1990)  sonst 07:30 GZ,Niederschlagsdaten aus Niederschlagsroutine des eMD bis 10/1991 (1 Termin ca 7 MOZ und Tagessummen)
04270,19910101,20051231,NBL:07:00-07:00 FT. GZ (bis 1990)  sonst 07:30 - 07:30 FT. GZ,Niederschlagsdaten aus Niederschlagsroutine des DWD oder Vorgängerdienste bis Einrichtung Nst(A) oder Nst(k) (1 Termin ca 7 MOZ und Tagessummen)
04271,19200101,19350730,NBL:07:00-07:00 FT. GZ (bis 1990)  sonst 07:30 - 07:30 FT. GZ,KLIDADIGI: Niederschlagsdaten nacherfasst (1 Termin: ca 07 MOZ und Tagessummen)
04271,19510101,19901231,NBL:07:00 GZ (bis 1990)  sonst 07:30 GZ,Niederschlagsdaten aus Niederschlagsroutine des eMD bis 10/1991 (1 Termin ca 7 MOZ und Tagessummen)
04271,19910101,20010331,NBL:07:00-07:00 FT. GZ (bis 1990)  sonst 07:30 - 07:30 FT. GZ,Niederschlagsdaten aus Niederschlagsroutine des DWD oder Vorgängerdienste bis Einrichtung Nst(A) oder Nst(k) (1 Termin ca 7 MOZ und Tagessummen)
04271,20010401,20260418,06:00 - 06 FT. UTC (05:51-05:50 FT.UTC),Niederschlagsdaten aus Niederschlagsroutine nach 01.04.2001 Terminwert und Tagessummen generiert aus SYNOP-Meldung des 06 UTC Termins
04271,20010401,20261002,06:00 - 06 FT. UTC (05:51-05:50 FT.UTC),Niederschlagsdaten aus Niederschlagsroutine nach 01.04.2001 Terminwert und Tagessummen generiert aus SYNOP-Meldung des 06 UTC Termins
04314,19690101,19901231,NBL:07:00 GZ (bis 1990)  sonst 07:30 GZ,Niederschlagsdaten aus Niederschlagsroutine des eMD bis 10/1991 (1 Termin ca 7 MOZ und Tagessummen)
04314,19910101,20051231,NBL:07:00-07:00 FT. GZ (bis 1990)  sonst 07:30 - 07:30 FT. GZ,Niederschlagsdaten aus Niederschlagsroutine des DWD oder Vorgängerdienste bis Einrichtung Nst(A) oder Nst(k) (1 Termin ca 7 MOZ und Tagessummen)
04314,20060101,20260418,05:51 - 05:50 FT. UTC,Niederschlagsdaten aus Niederschlagsroutine des DWD mit Nst(k)  und ANKONDA-Stationen (1 Termin 06 UTC und Tagessummen)
04314,20060101,20261002,05:51 - 05:50 FT. UTC,Niederschlagsdaten aus Niederschlagsroutine des DWD mit Nst(k)  und ANKONDA-Stationen (1 Termin 06 UTC und Tagessummen)
04320,19880601,19920930,NBL:07:00-07:00 FT. GZ (bis 1990)  sonst 07:30 - 07:30 FT. GZ,Niederschlagsdaten aus Niederschlagsroutine des DWD oder Vorgängerdienste bis Einrichtung Nst(A) oder Nst(k) (1 Termin ca 7 MOZ und Tagessummen)
04378,19610101,20061231,NBL:07:00-07:00 FT. GZ (bis 1990)  sonst 07:30 - 07:30 FT. GZ,Niederschlagsdaten aus Niederschlagsroutine des DWD oder Vorgängerdienste bis Einrichtung Nst(A) oder Nst(k) (1 Termin ca 7 MOZ und Tagessummen)
04380,19310101,20061231,NBL:07:00-07:00 FT. GZ (bis 1990)  sonst 07:30 - 07:30 FT. GZ,Niederschlagsdaten aus Niederschlagsroutine des DWD oder Vorgängerdienste bis Einrichtung Nst(A) oder Nst(k) (1 Termin ca 7 MOZ und Tagessummen)
04393,19510101,20010331,NBL:07:00-07:00 FT. GZ (bis 1990)  sonst 07:30 - 07:30 FT. GZ,Niederschlagsdaten aus Niederschlagsroutine des DWD oder Vorgängerdienste bis Einrichtung Nst(A) oder Nst(k) (1 Termin ca 7 MOZ und Tagessummen)
04393,20010401,20260418,06:00 - 06 FT. UTC (05:51-05:50 FT.UTC),Niederschlagsdaten aus Niederschlagsroutine nach 01.04.2001 Terminwert und Tagessummen generiert aus SYNOP-Meldung des 06 UTC Termins
04393,20010401,20261002,06:00 - 06 FT. UTC (05:51-05:50 FT.UTC),Niederschlagsdaten aus Niederschlagsroutine nach 01.04.2001 Terminwert und Tagessummen generiert aus SYNOP-Meldung des 06 UTC Termins
04405,19410101,20050531,NBL:07:00-07:00 FT. GZ (bis 1990)  sonst 07:30 - 07:30 FT. GZ,Niederschlagsdaten aus Niederschlagsroutine des DWD oder Vorgängerdienste bis Einrichtung Nst(A) oder Nst(k) (1 Termin ca 7 MOZ und Tagessummen)
04405,20060301,20260418,06:00 - 06 FT. UTC (05:51-05:50 FT.UTC),Niederschlagsdaten aus Niederschlagsroutine nach 01.04.2001 Terminwert und Tagessummen generiert aus SYNOP-Meldung des 06 UTC Termins
04405,20060301,20261002,06:00 - 06 FT. UTC (05:51-05:50 FT.UTC),Niederschlagsdaten aus Niederschlagsroutine nach 01.04.2001 Terminwert und Tagessummen generiert aus SYNOP-Meldung des 06 UTC Termins
04406,18940101,19301231,NBL:07:00-07:00 FT. GZ (bis 1990)  sonst 07:30 - 07:30 FT. GZ,KLIDADIGI: Niederschlagsdaten nacherfasst (1 Termin: ca 07 MOZ und Tagessummen)
04406,19310101,19581130,NBL:07:00-07:00 FT. GZ (bis 1990)  sonst 07:30 - 07:30 FT. GZ,Niederschlagsdaten aus Niederschlagsroutine des DWD oder Vorgängerdienste bis Einrichtung Nst(A) oder Nst(k) (1 Termin ca 7 MOZ und Tagessummen)
04406,19581201,19781231,NBL:07:00-07:00 FT. GZ (bis 1990)  sonst 07:30 - 07:30 FT. GZ,KLIDADIGI: Niederschlagsdaten nacherfasst (1 Termin: ca 07 MOZ und Tagessummen)
04406,19790101,20061231,NBL:07:00-07:00 FT. GZ (bis 1990)  sonst 07:30 - 07:30 FT. GZ,Niederschlagsdaten aus Niederschlagsroutine des DWD oder Vorgängerdienste bis Einrichtung Nst(A) oder Nst(k) (1 Termin ca 7 MOZ und Tagessummen)
04456,19750101,19901231,NBL:07:00 GZ (bis 1990)  sonst 07:30 GZ,Niederschlagsdaten aus Niederschlagsroutine des eMD bis 10/1991 (1 Termin ca 7 MOZ und Tagessummen)
04456,19910101,20031231,NBL:07:00-07:00 FT. GZ (bis 1990)  sonst 07:30 - 07:30 FT. GZ,Niederschlagsdaten aus Niederschlagsroutine des DWD oder Vorgängerdienste bis Einrichtung Nst(A) oder Nst(k) (1 Termin ca 7 MOZ und Tagessummen)
04465,19690101,19901231,NBL:07:00 GZ (bis 1990)  sonst 07:30 GZ,Niederschlagsdaten aus Niederschlagsroutine des eMD bis 10/1991 (1 Termin ca 7 MOZ und Tagessummen)
04465,19910101,20031231,NBL:07:00-07:00 FT. GZ (bis 1990)  sonst 07:30 - 07:30 FT. GZ,Niederschlagsdaten aus Niederschlagsroutine des DWD oder Vorgängerdienste bis Einrichtung Nst(A) oder Nst(k) (1 Termin ca 7 MOZ und Tagessummen)
04466,19470101,20010331,NBL:07:00-07:00 FT. GZ (bis 1990)  sonst 07:30 - 07:30 FT. GZ,Niederschlagsdaten aus Niederschlagsroutine des DWD oder Vorgängerdienste bis Einrichtung Nst(A) oder Nst(k) (1 Termin ca 7 MOZ und Tagessummen)
04466,20010401,20260418,06:00 - 06 FT. UTC (05:51-05:50 FT.UTC),Niederschlagsdaten aus Niederschlagsroutine nach 01.04.2001 Terminwert und Tagessummen generiert aus SYNOP-Meldung des 06 UTC Termins
04466,20010401,20261002,06:00 - 06 FT. UTC (05:51-05:50 FT.UTC),Niederschlagsdaten aus Niederschlagsroutine nach 01.04.2001 Terminwert und Tagessummen generiert aus SYNOP-Meldung des 06 UTC Termins
04525,18911101,19351230,NBL:07:00-07:00 FT. GZ (bis 1990)  sonst 07:30 - 07:30 FT. GZ,KLIDADIGI: Niederschlagsdaten nacherfasst (1 Termin: ca 07 MOZ und Tagessummen)
04525,19510101,19901231,NBL:07:00 GZ (bis 1990)  sonst 07:30 GZ,Niederschlagsdaten aus Niederschlagsroutine des eMD bis 10/1991 (1 Termin ca 7 MOZ und Tagessummen)
04525,19910101,20001231,NBL:07:00-07:00 FT. GZ (bis 1990)  sonst 07:30 - 07:30 FT. GZ,Niederschlagsdaten aus Niederschlagsroutine des DWD oder Vorgängerdienste bis Einrichtung Nst(A) oder Nst(k) (1 Termin ca 7 MOZ und Tagessummen)
04526,19310101,20061231,NBL:07:00-07:00 FT. GZ (bis 1990)  sonst 07:30 - 07:30 FT. GZ,Niederschlagsdaten aus Niederschlagsroutine des DWD oder Vorgängerdienste bis Einrichtung Nst(A) oder Nst(k) (1 Termin ca 7 MOZ und Tagessummen)
04575,19790101,19901231,NBL:07:00 GZ (bis 1990)  sonst 07:30 GZ,Niederschlagsdaten aus Niederschlagsroutine des eMD bis 10/1991 (1 Termin ca 7 MOZ und Tagessummen)
04575,19910101,20051231,NBL:07:00-07:00 FT. GZ (bis 1990)  sonst 07:30 - 07:30 FT. GZ,Niederschlagsdaten aus Niederschlagsroutine des DWD oder Vorgängerdienste bis Einrichtung Nst(A) oder Nst(k) (1 Termin ca 7 MOZ und Tagessummen)
04575,20060101,20260418,05:51 - 05:50 FT. UTC,Niederschlagsdaten aus Niederschlagsroutine des DWD mit Nst(k)  und ANKONDA-Stationen (1 Termin 06 UTC und Tagessummen)
04575,20060101,20261002,05:51 - 05:50 FT. UTC,Niederschlagsdaten aus Niederschlagsroutine des DWD mit Nst(k)  und ANKONDA-Stationen (1 Termin 06 UTC und Tagessummen)
04602,19850701,20061231,NBL:07:00-07:00 FT. GZ (bis 1990)  sonst 07:30 - 07:30 FT. GZ,Niederschlagsdaten aus Niederschlagsroutine des DWD oder Vorgängerdienste bis Einrichtung Nst(A) oder Nst(k) (1 Termin ca 7 MOZ und Tagessummen)
04602,20070101,20081130,05:51 - 05:50 FT. UTC,Niederschlagsdaten aus Niederschlagsroutine des DWD mit Nst(k)  und ANKONDA-Stationen (1 Termin 06 UTC und Tagessummen)
04602,20081201,20260418,06:00 - 06 FT. UTC (05:51-05:50 FT.UTC),Niederschlagsdaten aus Niederschlagsroutine nach 01.04.2001 Terminwert und Tagessummen generiert aus SYNOP-Meldung des 06 UTC Termins
04602,20081201,20261002,06:00 - 06 FT. UTC (05:51-05:50 FT.UTC),Niederschlagsdaten aus Niederschlagsroutine nach 01.04.2001 Terminwert und Tagessummen generiert aus SYNOP-Meldung des 06 UTC Termins
04611,18970501,19301231,NBL:07:00-07:00 FT. GZ (bis 1990)  sonst 07:30 - 07:30 FT. GZ,KLIDADIGI: Niederschlagsdaten nacherfasst (1 Termin: ca 07 MOZ und Tagessummen)
04611,19310101,19581031,NBL:07:00-07:00 FT. GZ (bis 1990)  sonst 07:30 - 07:30 FT. GZ,Niederschlagsdaten aus Niederschlagsroutine des DWD oder Vorgängerdienste bis Einrichtung Nst(A) oder Nst(k) (1 Termin ca 7 MOZ und Tagessummen)
04611,19581101,19781231,NBL:07:00-07:00 FT. GZ (bis 1990)  sonst 07:30 - 07:30 FT. GZ,KLIDADIGI: Niederschlagsdaten nacherfasst (1 Termin: ca 07 MOZ und Tagessummen)
04611,19790101,20061231,NBL:07:00-07:00 FT. GZ (bis 1990)  sonst 07:30 - 07:30 FT. GZ,Niederschlagsdaten aus Niederschlagsroutine des DWD oder Vorgängerdienste bis Einrichtung Nst(A) oder Nst(k) (1 Termin ca 7 MOZ und Tagessummen)
04611,20070101,20080831,05:51 - 05:50 FT. UTC,Niederschlagsdaten aus Niederschlagsroutine des DWD mit Nst(k)  und ANKONDA-Stationen (1 Termin 06 UTC und Tagessummen)
04625,18900101,19411231,NBL:07:00 GZ (bis 1990)  sonst 07:30 GZ,Niederschlagsdaten aus Niederschlagsroutine des eMD bis 10/1991 (1 Termin ca 7 MOZ und Tagessummen)
04625,19420101,19430130,NBL:07:00-07:00 FT. GZ (bis 1990)  sonst 07:30 - 07:30 FT. GZ,KLIDADIGI: Niederschlagsdaten nacherfasst (1 Termin: ca 07 MOZ und Tagessummen)
04625,19460701,19901231,NBL:07:00 GZ (bis 1990)  sonst 07:30 GZ,Niederschlagsdaten aus Niederschlagsroutine des eMD bis 10/1991 (1 Termin ca 7 MOZ und Tagessummen)
04625,19910101,20010331,NBL:07:00-07:00 FT. GZ (bis 1990)  sonst 07:30 - 07:30 FT. GZ,Niederschlagsdaten aus Niederschlagsroutine des DWD oder Vorgängerdienste bis Einrichtung Nst(A) oder Nst(k) (1 Termin ca 7 MOZ und Tagessummen)
04625,20010401,20260418,06:00 - 06 FT. UTC (05:51-05:50 FT.UTC),Niederschlagsdaten aus Niederschlagsroutine nach 01.04.2001 Terminwert und Tagessummen generiert aus SYNOP-Meldung des 06 UTC Termins
04625,20010401,20261002,06:00 - 06 FT. UTC (05:51-05:50 FT.UTC),Niederschlagsdaten aus Niederschlagsroutine nach 01.04.2001 Terminwert und Tagessummen generiert aus SYNOP-Meldung des 06 UTC Termins
04626,19690101,19901231,NBL:07:00 GZ (bis 1990)  sonst 07:30 GZ,Niederschlagsdaten aus Niederschlagsroutine des eMD bis 10/1991 (1 Termin ca 7 MOZ und Tagessummen)
04626,19910101,20051231,NBL:07:00-07:00 FT. GZ (bis 1990)  sonst 07:30 - 07:30 FT. GZ,Niederschlagsdaten aus Niederschlagsroutine des DWD oder Vorgängerdienste bis Einrichtung Nst(A) oder Nst(k) (1 Termin ca 7 MOZ und Tagessummen)
04626,20060101,20210131,05:51 - 05:50 FT. UTC,Niederschlagsdaten aus Niederschlagsroutine des DWD mit Nst(k)  und ANKONDA-Stationen (1 Termin 06 UTC und Tagessummen)
04627,19690101,19901231,NBL:07:00 GZ (bis 1990)  sonst 07:30 GZ,Niederschlagsdaten aus Niederschlagsroutine des eMD bis 10/1991 (1 Termin ca 7 MOZ und Tagessummen)
04627,19910301,19970831,NBL:07:00-07:00 FT. GZ (bis 1990)  sonst 07:30 - 07:30 FT. GZ,Niederschlagsdaten aus Niederschlagsroutine des DWD oder Vorgängerdienste bis Einrichtung Nst(A) oder Nst(k) (1 Termin ca 7 MOZ und Tagessummen)
04629,19740701,19991130,NBL:07:00-07:00 FT. GZ (bis 1990)  sonst 07:30 - 07:30 FT. GZ,Niederschlagsdaten aus Niederschlagsroutine des DWD oder Vorgängerdienste bis Einrichtung Nst(A) oder Nst(k) (1 Termin ca 7 MOZ und Tagessummen)
04632,19510101,19901231,NBL:07:00 GZ (bis 1990)  sonst 07:30 GZ,Niederschlagsdaten aus Niederschlagsroutine des eMD bis 10/1991 (1 Termin ca 7 MOZ und Tagessummen)
04632,19910101,20051231,NBL:07:00-07:00 FT. GZ (bis 1990)  sonst 07:30 - 07:30 FT. GZ,Niederschlagsdaten aus Niederschlagsroutine des DWD oder Vorgängerdienste bis Einrichtung Nst(A) oder Nst(k) (1 Termin ca 7 MOZ und Tagessummen)
04632,20060101,20260416,05:51 - 05:50 FT. UTC,Niederschlagsdaten aus Niederschlagsroutine des DWD mit Nst(k)  und ANKONDA-Stationen (1 Termin 06 UTC und Tagessummen)
04632,20060101,20260926,05:51 - 05:50 FT. UTC,Niederschlagsdaten aus Niederschlagsroutine des DWD mit Nst(k)  und ANKONDA-Stationen (1 Termin 06 UTC und Tagessummen)
04639,19510101,20061231,NBL:07:00-07:00 FT. GZ (bis 1990)  sonst 07:30 - 07:30 FT. GZ,Niederschlagsdaten aus Niederschlagsroutine des DWD oder Vorgängerdienste bis Einrichtung Nst(A) oder Nst(k) (1 Termin ca 7 MOZ und Tagessummen)
04639,20070101,20260418,05:51 - 05:50 FT. UTC,Niederschlagsdaten aus Niederschlagsroutine des DWD mit Nst(k)  und ANKONDA-Stationen (1 Termin 06 UTC und Tagessummen)
04639,20070101,20261002,05:51 - 05:50 FT. UTC,Niederschlagsdaten aus Niederschlagsroutine des DWD mit Nst(k)  und ANKONDA-Stationen (1 Termin 06 UTC und Tagessummen)
04666,20050601,20260418,06:00 - 06 FT. UTC (05:51-05:50 FT.UTC),Niederschlagsdaten aus Niederschlagsroutine nach 01.04.2001 Terminwert und Tagessummen generiert aus SYNOP-Meldung des 06 UTC Termins
04666,20050601,20261002,06:00 - 06 FT. UTC (05:51-05:50 FT.UTC),Niederschlagsdaten aus Niederschlagsroutine nach 01.04.2001 Terminwert und Tagessummen generiert aus SYNOP-Meldung des 06 UTC Termins
04669,19820101,19901231,NBL:07:00 GZ (bis 1990)  sonst 07:30 GZ,Niederschlagsdaten aus Niederschlagsroutine des eMD bis 10/1991 (1 Termin ca 7 MOZ und Tagessummen)
04669,19910101,20050331,NBL:07:00-07:00 FT. GZ (bis 1990)  sonst 07:30 - 07:30 FT. GZ,Niederschlagsdaten aus Niederschlagsroutine des DWD oder Vorgängerdienste bis Einrichtung Nst(A) oder Nst(k) (1 Termin ca 7 MOZ und Tagessummen)
04670,19310101,20061231,NBL:07:00-07:00 FT. GZ (bis 1990)  sonst 07:30 - 07:30 FT. GZ,Niederschlagsdaten aus Niederschlagsroutine des DWD oder Vorgängerdienste bis Einrichtung Nst(A) oder Nst(k) (1 Termin ca 7 MOZ und Tagessummen)
04670,20070101,20090131,05:51 - 05:50 FT. UTC,Niederschlagsdaten aus Niederschlagsroutine des DWD mit Nst(k)  und ANKONDA-Stationen (1 Termin 06 UTC und Tagessummen)
04699,19690101,19901231,NBL:07:00 GZ (bis 1990)  sonst 07:30 GZ,Niederschlagsdaten aus Niederschlagsroutine des eMD bis 10/1991 (1 Termin ca 7 MOZ und Tagessummen)
04699,19910401,20051231,NBL:07:00-07:00 FT. GZ (bis 1990)  sonst 07:30 - 07:30 FT. GZ,Niederschlagsdaten aus Niederschlagsroutine des DWD oder Vorgängerdienste bis Einrichtung Nst(A) oder Nst(k) (1 Termin ca 7 MOZ und Tagessummen)
04701,19690101,19901231,NBL:07:00 GZ (bis 1990)  sonst 07:30 GZ,Niederschlagsdaten aus Niederschlagsroutine des eMD bis 10/1991 (1 Termin ca 7 MOZ und Tagessummen)
04701,19910101,20031231,NBL:07:00-07:00 FT. GZ (bis 1990)  sonst 07:30 - 07:30 FT. GZ,Niederschlagsdaten aus Niederschlagsroutine des DWD oder Vorgängerdienste bis Einrichtung Nst(A) oder Nst(k) (1 Termin ca 7 MOZ und Tagessummen)
04732,19510101,20061231,NBL:07:00-07:00 FT. GZ (bis 1990)  sonst 07:30 - 07:30 FT. GZ,Niederschlagsdaten aus Niederschlagsroutine des DWD oder Vorgängerdienste bis Einrichtung Nst(A) oder Nst(k) (1 Termin ca 7 MOZ und Tagessummen)
04732,20070101,20260418,05:51 - 05:50 FT. UTC,Niederschlagsdaten aus Niederschlagsroutine des DWD mit Nst(k)  und ANKONDA-Stationen (1 Termin 06 UTC und Tagessummen)
04732,20070101,20261002,05:51 - 05:50 FT. UTC,Niederschlagsdaten aus Niederschlagsroutine des DWD mit Nst(k)  und ANKONDA-Stationen (1 Termin 06 UTC und Tagessummen)
04800,19510101,20030630,NBL:07:00-07:00 FT. GZ (bis 1990)  sonst 07:30 - 07:30 FT. GZ,Niederschlagsdaten aus Niederschlagsroutine des DWD oder Vorgängerdienste bis Einrichtung Nst(A) oder Nst(k) (1 Termin ca 7 MOZ und Tagessummen)
04800,20130501,20260418,05:51 - 05:50 FT. UTC,Niederschlagsdaten aus Niederschlagsroutine des DWD mit Nst(k)  und ANKONDA-Stationen (1 Termin 06 UTC und Tagessummen)
04800,20130501,20261002,05:51 - 05:50 FT. UTC,Niederschlagsdaten aus Niederschlagsroutine des DWD mit Nst(k)  und ANKONDA-Stationen (1 Termin 06 UTC und Tagessummen)
04802,19510101,20061231,NBL:07:00-07:00 FT. GZ (bis 1990)  sonst 07:30 - 07:30 FT. GZ,Niederschlagsdaten aus Niederschlagsroutine des DWD oder Vorgängerdienste bis Einrichtung Nst(A) oder Nst(k) (1 Termin ca 7 MOZ und Tagessummen)
04803,19220601,19351230,NBL:07:00-07:00 FT. GZ (bis 1990)  sonst 07:30 - 07:30 FT. GZ,KLIDADIGI: Niederschlagsdaten nacherfasst (1 Termin: ca 07 MOZ und Tagessummen)
04803,19510101,20020331,NBL:07:00-07:00 FT. GZ (bis 1990)  sonst 07:30 - 07:30 FT. GZ,Niederschlagsdaten aus Niederschlagsroutine des DWD oder Vorgängerdienste bis Einrichtung Nst(A) oder Nst(k) (1 Termin ca 7 MOZ und Tagessummen)
04803,20090901,20260418,06:00 - 06 FT. UTC (05:51-05:50 FT.UTC),Niederschlagsdaten aus Niederschlagsroutine nach 01.04.2001 Terminwert und Tagessummen generiert aus SYNOP-Meldung des 06 UTC Termins
04803,20090901,20261002,06:00 - 06 FT. UTC (05:51-05:50 FT.UTC),Niederschlagsdaten aus Niederschlagsroutine nach 01.04.2001 Terminwert und Tagessummen generiert aus SYNOP-Meldung des 06 UTC Termins
04830,19180901,19351230,NBL:07:00-07:00 FT. GZ (bis 1990)  sonst 07:30 - 07:30 FT. GZ,KLIDADIGI: Niederschlagsdaten nacherfasst (1 Termin: ca 07 MOZ und Tagessummen)
04830,19510101,19901231,NBL:07:00 GZ (bis 1990)  sonst 07:30 GZ,Niederschlagsdaten aus Niederschlagsroutine des eMD bis 10/1991 (1 Termin ca 7 MOZ und Tagessummen)
04830,19910101,20051231,NBL:07:00-07:00 FT. GZ (bis 1990)  sonst 07:30 - 07:30 FT. GZ,Niederschlagsdaten aus Niederschlagsroutine des DWD oder Vorgängerdienste bis Einrichtung Nst(A) oder Nst(k) (1 Termin ca 7 MOZ und Tagessummen)
04830,20060101,20101231,05:51 - 05:50 FT. UTC,Niederschlagsdaten aus Niederschlagsroutine des DWD mit Nst(k)  und ANKONDA-Stationen (1 Termin 06 UTC und Tagessummen)
04833,19310101,20010331,NBL:07:00-07:00 FT. GZ (bis 1990)  sonst 07:30 - 07:30 FT. GZ,Niederschlagsdaten aus Niederschlagsroutine des DWD oder Vorgängerdienste bis Einrichtung Nst(A) oder Nst(k) (1 Termin ca 7 MOZ und Tagessummen)
04841,19310101,20040630,NBL:07:00-07:00 FT. GZ (bis 1990)  sonst 07:30 - 07:30 FT. GZ,Niederschlagsdaten aus Niederschlagsroutine des DWD oder Vorgängerdienste bis Einrichtung Nst(A) oder Nst(k) (1 Termin ca 7 MOZ und Tagessummen)
04841,20040701,20260418,06:00 - 06 FT. UTC (05:51-05:50 FT.UTC),Niederschlagsdaten aus Niederschlagsroutine nach 01.04.2001 Terminwert und Tagessummen generiert aus SYNOP-Meldung des 06 UTC Termins
04841,20040701,20261002,06:00 - 06 FT. UTC (05:51-05:50 FT.UTC),Niederschlagsdaten aus Niederschlagsroutine nach 01.04.2001 Terminwert und Tagessummen generiert aus SYNOP-Meldung des 06 UTC Termins
04851,19690101,19901231,NBL:07:00 GZ (bis 1990)  sonst 07:30 GZ,Niederschlagsdaten aus Niederschlagsroutine des eMD bis 10/1991 (1 Termin ca 7 MOZ und Tagessummen)
04851,19910101,20010430,NBL:07:00-07:00 FT. GZ (bis 1990)  sonst 07:30 - 07:30 FT. GZ,Niederschlagsdaten aus Niederschlagsroutine des DWD oder Vorgängerdienste bis Einrichtung Nst(A) oder Nst(k) (1 Termin ca 7 MOZ und Tagessummen)
04856,19510101,20061231,NBL:07:00-07:00 FT. GZ (bis 1990)  sonst 07:30 - 07:30 FT. GZ,Niederschlagsdaten aus Niederschlagsroutine des DWD oder Vorgängerdienste bis Einrichtung Nst(A) oder Nst(k) (1 Termin ca 7 MOZ und Tagessummen)
04856,20070101,20071231,05:51 - 05:50 FT. UTC,Niederschlagsdaten aus Niederschlagsroutine des DWD mit Nst(k)  und ANKONDA-Stationen (1 Termin 06 UTC und Tagessummen)
04857,19901101,20040831,NBL:07:00-07:00 FT. GZ (bis 1990)  sonst 07:30 - 07:30 FT. GZ,Niederschlagsdaten aus Niederschlagsroutine des DWD oder Vorgängerdienste bis Einrichtung Nst(A) oder Nst(k) (1 Termin ca 7 MOZ und Tagessummen)
04857,20040901,20260418,06:00 - 06 FT. UTC (05:51-05:50 FT.UTC),Niederschlagsdaten aus Niederschlagsroutine nach 01.04.2001 Terminwert und Tagessummen generiert aus SYNOP-Meldung des 06 UTC Termins
04857,20040901,20261002,06:00 - 06 FT. UTC (05:51-05:50 FT.UTC),Niederschlagsdaten aus Niederschlagsroutine nach 01.04.2001 Terminwert und Tagessummen generiert aus SYNOP-Meldung des 06 UTC Termins
04871,19690101,19901231,NBL:07:00 GZ (bis 1990)  sonst 07:30 GZ,Niederschlagsdaten aus Niederschlagsroutine des eMD bis 10/1991 (1 Termin ca 7 MOZ und Tagessummen)
04871,19910101,20050531,NBL:07:00-07:00 FT. GZ (bis 1990)  sonst 07:30 - 07:30 FT. GZ,Niederschlagsdaten aus Niederschlagsroutine des DWD oder Vorgängerdienste bis Einrichtung Nst(A) oder Nst(k) (1 Termin ca 7 MOZ und Tagessummen)
04873,19710101,19990228,NBL:07:00-07:00 FT. GZ (bis 1990)  sonst 07:30 - 07:30 FT. GZ,Niederschlagsdaten aus Niederschlagsroutine des DWD oder Vorgängerdienste bis Einrichtung Nst(A) oder Nst(k) (1 Termin ca 7 MOZ und Tagessummen)
04891,19780101,20061231,NBL:07:00-07:00 FT. GZ (bis 1990)  sonst 07:30 - 07:30 FT. GZ,Niederschlagsdaten aus Niederschlagsroutine des DWD oder Vorgängerdienste bis Einrichtung Nst(A) oder Nst(k) (1 Termin ca 7 MOZ und Tagessummen)
04891,20070101,20091231,05:51 - 05:50 FT. UTC,Niederschlagsdaten aus Niederschlagsroutine des DWD mit Nst(k)  und ANKONDA-Stationen (1 Termin 06 UTC und Tagessummen)
04893,19690101,19901231,NBL:07:00 GZ (bis 1990)  sonst 07:30 GZ,Niederschlagsdaten aus Niederschlagsroutine des eMD bis 10/1991 (1 Termin ca 7 MOZ und Tagessummen)
04893,19910101,20051231,NBL:07:00-07:00 FT. GZ (bis 1990)  sonst 07:30 - 07:30 FT. GZ,Niederschlagsdaten aus Niederschlagsroutine des DWD oder Vorgängerdienste bis Einrichtung Nst(A) oder Nst(k) (1 Termin ca 7 MOZ und Tagessummen)
04893,20060101,20150430,05:51 - 05:50 FT. UTC,Niederschlagsdaten aus Niederschlagsroutine des DWD mit Nst(k)  und ANKONDA-Stationen (1 Termin 06 UTC und Tagessummen)
04896,19741201,20050630,NBL:07:00-07:00 FT. GZ (bis 1990)  sonst 07:30 - 07:30 FT. GZ,Niederschlagsdaten aus Niederschlagsroutine des DWD oder Vorgängerdienste bis Einrichtung Nst(A) oder Nst(k) (1 Termin ca 7 MOZ und Tagessummen)
04896,20050701,20221130,06:00 - 06 FT. UTC (05:51-05:50 FT.UTC),Niederschlagsdaten aus Niederschlagsroutine nach 01.04.2001 Terminwert und Tagessummen generiert aus SYNOP-Meldung des 06 UTC Termins
04903,19510101,20061231,NBL:07:00-07:00 FT. GZ (bis 1990)  sonst 07:30 - 07:30 FT. GZ,Niederschlagsdaten aus Niederschlagsroutine des DWD oder Vorgängerdienste bis Einrichtung Nst(A) oder Nst(k) (1 Termin ca 7 MOZ und Tagessummen)
04920,19410101,20061231,NBL:07:00-07:00 FT. GZ (bis 1990)  sonst 07:30 - 07:30 FT. GZ,Niederschlagsdaten aus Niederschlagsroutine des DWD oder Vorgängerdienste bis Einrichtung Nst(A) oder Nst(k) (1 Termin ca 7 MOZ und Tagessummen)
04920,20070101,20090831,05:51 - 05:50 FT. UTC,Niederschlagsdaten aus Niederschlagsroutine des DWD mit Nst(k)  und ANKONDA-Stationen (1 Termin 06 UTC und Tagessummen)
04920,20090901,20260418,06:00 - 06 FT. UTC (05:51-05:50 FT.UTC),Niederschlagsdaten aus Niederschlagsroutine nach 01.04.2001 Terminwert und Tagessummen generiert aus SYNOP-Meldung des 06 UTC Termins
04920,20090901,20261002,06:00 - 06 FT. UTC (05:51-05:50 FT.UTC),Niederschlagsdaten aus Niederschlagsroutine nach 01.04.2001 Terminwert und Tagessummen generiert aus SYNOP-Meldung des 06 UTC Termins
04941,18910501,19130227,NBL:07:00-07:00 FT. GZ (bis 1990)  sonst 07:30 - 07:30 FT. GZ,KLIDADIGI: Niederschlagsdaten nacherfasst (1 Termin: ca 07 MOZ und Tagessummen)
04941,19310101,20061231,NBL:07:00-07:00 FT. GZ (bis 1990)  sonst 07:30 - 07:30 FT. GZ,Niederschlagsdaten aus Niederschlagsroutine des DWD oder Vorgängerdienste bis Einrichtung Nst(A) oder Nst(k) (1 Termin ca 7 MOZ und Tagessummen)
04941,20110301,20260418,05:51 - 05:50 FT. UTC,Niederschlagsdaten aus Niederschlagsroutine des DWD mit Nst(k)  und ANKONDA-Stationen (1 Termin 06 UTC und Tagessummen)
04941,20110301,20261001,05:51 - 05:50 FT. UTC,Niederschlagsdaten aus Niederschlagsroutine des DWD mit Nst(k)  und ANKONDA-Stationen (1 Termin 06 UTC und Tagessummen)
04942,19410101,20020831,NBL:07:00-07:00 FT. GZ (bis 1990)  sonst 07:30 - 07:30 FT. GZ,Niederschlagsdaten aus Niederschlagsroutine des DWD oder Vorgängerdienste bis Einrichtung Nst(A) oder Nst(k) (1 Termin ca 7 MOZ und Tagessummen)
04944,19690101,19901231,NBL:07:00 GZ (bis 1990)  sonst 07:30 GZ,Niederschlagsdaten aus Niederschlagsroutine des eMD bis 10/1991 (1 Termin ca 7 MOZ und Tagessummen)
04944,19910101,20051231,NBL:07:00-07:00 FT. GZ (bis 1990)  sonst 07:30 - 07:30 FT. GZ,Niederschlagsdaten aus Niederschlagsroutine des DWD oder Vorgängerdienste bis Einrichtung Nst(A) oder Nst(k) (1 Termin ca 7 MOZ und Tagessummen)
05004,19310101,20030630,NBL:07:00-07:00 FT. GZ (bis 1990)  sonst 07:30 - 07:30 FT. GZ,Niederschlagsdaten aus Niederschlagsroutine des DWD oder Vorgängerdienste bis Einrichtung Nst(A) oder Nst(k) (1 Termin ca 7 MOZ und Tagessummen)
05008,19110901,19351230,NBL:07:00-07:00 FT. GZ (bis 1990)  sonst 07:30 - 07:30 FT. GZ,KLIDADIGI: Niederschlagsdaten nacherfasst (1 Termin: ca 07 MOZ und Tagessummen)
05008,19690101,19901231,NBL:07:00 GZ (bis 1990)  sonst 07:30 GZ,Niederschlagsdaten aus Niederschlagsroutine des eMD bis 10/1991 (1 Termin ca 7 MOZ und Tagessummen)
05008,19910101,20051231,NBL:07:00-07:00 FT. GZ (bis 1990)  sonst 07:30 - 07:30 FT. GZ,Niederschlagsdaten aus Niederschlagsroutine des DWD oder Vorgängerdienste bis Einrichtung Nst(A) oder Nst(k) (1 Termin ca 7 MOZ und Tagessummen)
05009,18900301,19461231,NBL:07:00-07:00 FT. GZ (bis 1990)  sonst 07:30 - 07:30 FT. GZ,KLIDADIGI: Niederschlagsdaten nacherfasst (1 Termin: ca 07 MOZ und Tagessummen)
05009,19470101,19901231,NBL:07:00 GZ (bis 1990)  sonst 07:30 GZ,Niederschlagsdaten aus Niederschlagsroutine des eMD bis 10/1991 (1 Termin ca 7 MOZ und Tagessummen)
05009,19910101,20010331,NBL:07:00-07:00 FT. GZ (bis 1990)  sonst 07:30 - 07:30 FT. GZ,Niederschlagsdaten aus Niederschlagsroutine des DWD oder Vorgängerdienste bis Einrichtung Nst(A) oder Nst(k) (1 Termin ca 7 MOZ und Tagessummen)
05009,20010401,20260418,06:00 - 06 FT. UTC (05:51-05:50 FT.UTC),Niederschlagsdaten aus Niederschlagsroutine nach 01.04.2001 Terminwert und Tagessummen generiert aus SYNOP-Meldung des 06 UTC Termins
05009,20010401,20261002,06:00 - 06 FT. UTC (05:51-05:50 FT.UTC),Niederschlagsdaten aus Niederschlagsroutine nach 01.04.2001 Terminwert und Tagessummen generiert aus SYNOP-Meldung des 06 UTC Termins
05043,19710101,20061231,NBL:07:00-07:00 FT. GZ (bis 1990)  sonst 07:30 - 07:30 FT. GZ,Niederschlagsdaten aus Niederschlagsroutine des DWD oder Vorgängerdienste bis Einrichtung Nst(A) oder Nst(k) (1 Termin ca 7 MOZ und Tagessummen)
05057,19510101,20050731,NBL:07:00-07:00 FT. GZ (bis 1990)  sonst 07:30 - 07:30 FT. GZ,Niederschlagsdaten aus Niederschlagsroutine des DWD oder Vorgängerdienste bis Einrichtung Nst(A) oder Nst(k) (1 Termin ca 7 MOZ und Tagessummen)
05057,20050801,20260418,06:00 - 06 FT. UTC (05:51-05:50 FT.UTC),Niederschlagsdaten aus Niederschlagsroutine nach 01.04.2001 Terminwert und Tagessummen generiert aus SYNOP-Meldung des 06 UTC Termins
05057,20050801,20261002,06:00 - 06 FT. UTC (05:51-05:50 FT.UTC),Niederschlagsdaten aus Niederschlagsroutine nach 01.04.2001 Terminwert und Tagessummen generiert aus SYNOP-Meldung des 06 UTC Termins
05058,19780101,20051130,NBL:07:00-07:00 FT. GZ (bis 1990)  sonst 07:30 - 07:30 FT. GZ,Niederschlagsdaten aus Niederschlagsroutine des DWD oder Vorgängerdienste bis Einrichtung Nst(A) oder Nst(k) (1 Termin ca 7 MOZ und Tagessummen)
05058,20051201,20260418,06:00 - 06 FT. UTC (05:51-05:50 FT.UTC),Niederschlagsdaten aus Niederschlagsroutine nach 01.04.2001 Terminwert und Tagessummen generiert aus SYNOP-Meldung des 06 UTC Termins
05058,20051201,20261002,06:00 - 06 FT. UTC (05:51-05:50 FT.UTC),Niederschlagsdaten aus Niederschlagsroutine nach 01.04.2001 Terminwert und Tagessummen generiert aus SYNOP-Meldung des 06 UTC Termins
05066,19510101,20061231,NBL:07:00-07:00 FT. GZ (bis 1990)  sonst 07:30 - 07:30 FT. GZ,Niederschlagsdaten aus Niederschlagsroutine des DWD oder Vorgängerdienste bis Einrichtung Nst(A) oder Nst(k) (1 Termin ca 7 MOZ und Tagessummen)
05078,19400101,20010930,NBL:07:00-07:00 FT. GZ (bis 1990)  sonst 07:30 - 07:30 FT. GZ,Niederschlagsdaten aus Niederschlagsroutine des DWD oder Vorgängerdienste bis Einrichtung Nst(A) oder Nst(k) (1 Termin ca 7 MOZ und Tagessummen)
05085,19140521,19230429,NBL:07:00-07:00 FT. GZ (bis 1990)  sonst 07:30 - 07:30 FT. GZ,KLIDADIGI: Niederschlagsdaten nacherfasst (1 Termin: ca 07 MOZ und Tagessummen)
05085,19310101,20061231,NBL:07:00-07:00 FT. GZ (bis 1990)  sonst 07:30 - 07:30 FT. GZ,Niederschlagsdaten aus Niederschlagsroutine des DWD oder Vorgängerdienste bis Einrichtung Nst(A) oder Nst(k) (1 Termin ca 7 MOZ und Tagessummen)
05097,19510101,19901231,NBL:07:00 GZ (bis 1990)  sonst 07:30 GZ,Niederschlagsdaten aus Niederschlagsroutine des eMD bis 10/1991 (1 Termin ca 7 MOZ und Tagessummen)
05097,19910101,20041231,NBL:07:00-07:00 FT. GZ (bis 1990)  sonst 07:30 - 07:30 FT. GZ,Niederschlagsdaten aus Niederschlagsroutine des DWD oder Vorgängerdienste bis Einrichtung Nst(A) oder Nst(k) (1 Termin ca 7 MOZ und Tagessummen)
05097,20050101,20260418,06:00 - 06 FT. UTC (05:51-05:50 FT.UTC),Niederschlagsdaten aus Niederschlagsroutine nach 01.04.2001 Terminwert und Tagessummen generiert aus SYNOP-Meldung des 06 UTC Termins
05097,20050101,20261002,06:00 - 06 FT. UTC (05:51-05:50 FT.UTC),Niederschlagsdaten aus Niederschlagsroutine nach 01.04.2001 Terminwert und Tagessummen generiert aus SYNOP-Meldung des 06 UTC Termins
05104,18910607,19301231,NBL:07:00-07:00 FT. GZ (bis 1990)  sonst 07:30 - 07:30 FT. GZ,KLIDADIGI: Niederschlagsdaten nacherfasst (1 Termin: ca 07 MOZ und Tagessummen)
05104,19310101,20061231,NBL:07:00-07:00 FT. GZ (bis 1990)  sonst 07:30 - 07:30 FT. GZ,Niederschlagsdaten aus Niederschlagsroutine des DWD oder Vorgängerdienste bis Einrichtung Nst(A) oder Nst(k) (1 Termin ca 7 MOZ und Tagessummen)
05145,19710101,20061231,NBL:07:00-07:00 FT. GZ (bis 1990)  sonst 07:30 - 07:30 FT. GZ,Niederschlagsdaten aus Niederschlagsroutine des DWD oder Vorgängerdienste bis Einrichtung Nst(A) oder Nst(k) (1 Termin ca 7 MOZ und Tagessummen)
05145,20070101,20151129,05:51 - 05:50 FT. UTC,Niederschlagsdaten aus Niederschlagsroutine des DWD mit Nst(k)  und ANKONDA-Stationen (1 Termin 06 UTC und Tagessummen)
05172,19901201,20061231,NBL:07:00-07:00 FT. GZ (bis 1990)  sonst 07:30 - 07:30 FT. GZ,Niederschlagsdaten aus Niederschlagsroutine des DWD oder Vorgängerdienste bis Einrichtung Nst(A) oder Nst(k) (1 Termin ca 7 MOZ und Tagessummen)
05173,19610101,20050331,NBL:07:00-07:00 FT. GZ (bis 1990)  sonst 07:30 - 07:30 FT. GZ,Niederschlagsdaten aus Niederschlagsroutine des DWD oder Vorgängerdienste bis Einrichtung Nst(A) oder Nst(k) (1 Termin ca 7 MOZ und Tagessummen)
05183,19510101,19980430,NBL:07:00-07:00 FT. GZ (bis 1990)  sonst 07:30 - 07:30 FT. GZ,Niederschlagsdaten aus Niederschlagsroutine des DWD oder Vorgängerdienste bis Einrichtung Nst(A) oder Nst(k) (1 Termin ca 7 MOZ und Tagessummen)
05188,19410101,20061231,NBL:07:00-07:00 FT. GZ (bis 1990)  sonst 07:30 - 07:30 FT. GZ,Niederschlagsdaten aus Niederschlagsroutine des DWD oder Vorgängerdienste bis Einrichtung Nst(A) oder Nst(k) (1 Termin ca 7 MOZ und Tagessummen)
05195,19690101,19901231,NBL:07:00 GZ (bis 1990)  sonst 07:30 GZ,Niederschlagsdaten aus Niederschlagsroutine des eMD bis 10/1991 (1 Termin ca 7 MOZ und Tagessummen)
05195,19910101,20051231,NBL:07:00-07:00 FT. GZ (bis 1990)  sonst 07:30 - 07:30 FT. GZ,Niederschlagsdaten aus Niederschlagsroutine des DWD oder Vorgängerdienste bis Einrichtung Nst(A) oder Nst(k) (1 Termin ca 7 MOZ und Tagessummen)
05195,20060101,20260418,05:51 - 05:50 FT. UTC,Niederschlagsdaten aus Niederschlagsroutine des DWD mit Nst(k)  und ANKONDA-Stationen (1 Termin 06 UTC und Tagessummen)
05195,20060101,20261002,05:51 - 05:50 FT. UTC,Niederschlagsdaten aus Niederschlagsroutine des DWD mit Nst(k)  und ANKONDA-Stationen (1 Termin 06 UTC und Tagessummen)
05196,19030501,19301231,NBL:07:00-07:00 FT. GZ (bis 1990)  sonst 07:30 - 07:30 FT. GZ,KLIDADIGI: Niederschlagsdaten nacherfasst (1 Termin: ca 07 MOZ und Tagessummen)
05196,19310101,20061231,NBL:07:00-07:00 FT. GZ (bis 1990)  sonst 07:30 - 07:30 FT. GZ,Niederschlagsdaten aus Niederschlagsroutine des DWD oder Vorgängerdienste bis Einrichtung Nst(A) oder Nst(k) (1 Termin ca 7 MOZ und Tagessummen)
05196,20070101,20260418,05:51 - 05:50 FT. UTC,Niederschlagsdaten aus Niederschlagsroutine des DWD mit Nst(k)  und ANKONDA-Stationen (1 Termin 06 UTC und Tagessummen)
05196,20070101,20261002,05:51 - 05:50 FT. UTC,Niederschlagsdaten aus Niederschlagsroutine des DWD mit Nst(k)  und ANKONDA-Stationen (1 Termin 06 UTC und Tagessummen)
05214,19890301,19901231,NBL:07:00 GZ (bis 1990)  sonst 07:30 GZ,Niederschlagsdaten aus Niederschlagsroutine des eMD bis 10/1991 (1 Termin ca 7 MOZ und Tagessummen)
05214,19910101,19970930,NBL:07:00-07:00 FT. GZ (bis 1990)  sonst 07:30 - 07:30 FT. GZ,Niederschlagsdaten aus Niederschlagsroutine des DWD oder Vorgängerdienste bis Einrichtung Nst(A) oder Nst(k) (1 Termin ca 7 MOZ und Tagessummen)
05233,19610101,20061231,NBL:07:00-07:00 FT. GZ (bis 1990)  sonst 07:30 - 07:30 FT. GZ,Niederschlagsdaten aus Niederschlagsroutine des DWD oder Vorgängerdienste bis Einrichtung Nst(A) oder Nst(k) (1 Termin ca 7 MOZ und Tagessummen)
05257,19310101,20061231,NBL:07:00-07:00 FT. GZ (bis 1990)  sonst 07:30 - 07:30 FT. GZ,Niederschlagsdaten aus Niederschlagsroutine des DWD oder Vorgängerdienste bis Einrichtung Nst(A) oder Nst(k) (1 Termin ca 7 MOZ und Tagessummen)
05259,19690101,19901231,NBL:07:00 GZ (bis 1990)  sonst 07:30 GZ,Niederschlagsdaten aus Niederschlagsroutine des eMD bis 10/1991 (1 Termin ca 7 MOZ und Tagessummen)
05259,19910101,20011231,NBL:07:00-07:00 FT. GZ (bis 1990)  sonst 07:30 - 07:30 FT. GZ,Niederschlagsdaten aus Niederschlagsroutine des DWD oder Vorgängerdienste bis Einrichtung Nst(A) oder Nst(k) (1 Termin ca 7 MOZ und Tagessummen)
05268,19510101,19980630,NBL:07:00-07:00 FT. GZ (bis 1990)  sonst 07:30 - 07:30 FT. GZ,Niederschlagsdaten aus Niederschlagsroutine des DWD oder Vorgängerdienste bis Einrichtung Nst(A) oder Nst(k) (1 Termin ca 7 MOZ und Tagessummen)
05280,19810401,20070228,NBL:07:00-07:00 FT. GZ (bis 1990)  sonst 07:30 - 07:30 FT. GZ,Niederschlagsdaten aus Niederschlagsroutine des DWD oder Vorgängerdienste bis Einrichtung Nst(A) oder Nst(k) (1 Termin ca 7 MOZ und Tagessummen)
05280,20070301,20260418,06:00 - 06 FT. UTC (05:51-05:50 FT.UTC),Niederschlagsdaten aus Niederschlagsroutine nach 01.04.2001 Terminwert und Tagessummen generiert aus SYNOP-Meldung des 06 UTC Termins
05280,20070301,20261002,06:00 - 06 FT. UTC (05:51-05:50 FT.UTC),Niederschlagsdaten aus Niederschlagsroutine nach 01.04.2001 Terminwert und Tagessummen generiert aus SYNOP-Meldung des 06 UTC Termins
05326,19510101,19901231,NBL:07:00 GZ (bis 1990)  sonst 07:30 GZ,Niederschlagsdaten aus Niederschlagsroutine des eMD bis 10/1991 (1 Termin ca 7 MOZ und Tagessummen)
05326,19910101,20051231,NBL:07:00-07:00 FT. GZ (bis 1990)  sonst 07:30 - 07:30 FT. GZ,Niederschlagsdaten aus Niederschlagsroutine des DWD oder Vorgängerdienste bis Einrichtung Nst(A) oder Nst(k) (1 Termin ca 7 MOZ und Tagessummen)
05326,20060101,20260418,05:51 - 05:50 FT. UTC,Niederschlagsdaten aus Niederschlagsroutine des DWD mit Nst(k)  und ANKONDA-Stationen (1 Termin 06 UTC und Tagessummen)
05326,20060101,20261002,05:51 - 05:50 FT. UTC,Niederschlagsdaten aus Niederschlagsroutine des DWD mit Nst(k)  und ANKONDA-Stationen (1 Termin 06 UTC und Tagessummen)
05342,19030401,19301231,NBL:07:00-07:00 FT. GZ (bis 1990)  sonst 07:30 - 07:30 FT. GZ,KLIDADIGI: Niederschlagsdaten nacherfasst (1 Termin: ca 07 MOZ und Tagessummen)
05342,19310101,20061231,NBL:07:00-07:00 FT. GZ (bis 1990)  sonst 07:30 - 07:30 FT. GZ,Niederschlagsdaten aus Niederschlagsroutine des DWD oder Vorgängerdienste bis Einrichtung Nst(A) oder Nst(k) (1 Termin ca 7 MOZ und Tagessummen)
05342,20070101,20260418,05:51 - 05:50 FT. UTC,Niederschlagsdaten aus Niederschlagsroutine des DWD mit Nst(k)  und ANKONDA-Stationen (1 Termin 06 UTC und Tagessummen)
05342,20070101,20261002,05:51 - 05:50 FT. UTC,Niederschlagsdaten aus Niederschlagsroutine des DWD mit Nst(k)  und ANKONDA-Stationen (1 Termin 06 UTC und Tagessummen)
05343,19510101,20061231,NBL:07:00-07:00 FT. GZ (bis 1990)  sonst 07:30 - 07:30 FT. GZ,Niederschlagsdaten aus Niederschlagsroutine des DWD oder Vorgängerdienste bis Einrichtung Nst(A) oder Nst(k) (1 Termin ca 7 MOZ und Tagessummen)
05344,18850601,20061231,NBL:07:00-07:00 FT. GZ (bis 1990)  sonst 07:30 - 07:30 FT. GZ,Niederschlagsdaten aus Niederschlagsroutine des DWD oder Vorgängerdienste bis Einrichtung Nst(A) oder Nst(k) (1 Termin ca 7 MOZ und Tagessummen)
05344,20161101,20260417,05:51 - 05:50 FT. UTC,Niederschlagsdaten aus Niederschlagsroutine des DWD mit Nst(k)  und ANKONDA-Stationen (1 Termin 06 UTC und Tagessummen)
05344,20161101,20261002,05:51 - 05:50 FT. UTC,Niederschlagsdaten aus Niederschlagsroutine des DWD mit Nst(k)  und ANKONDA-Stationen (1 Termin 06 UTC und Tagessummen)
05349,18890701,19501231,NBL:07:00-07:00 FT. GZ (bis 1990)  sonst 07:30 - 07:30 FT. GZ,KLIDADIGI: Niederschlagsdaten nacherfasst (1 Termin: ca 07 MOZ und Tagessummen)
05349,19510101,19940609,NBL:07:00 GZ (bis 1990)  sonst 07:30 GZ,Niederschlagsdaten aus Niederschlagsroutine des eMD bis 10/1991 (1 Termin ca 7 MOZ und Tagessummen)
05349,19940610,19971231,NBL:07:00-07:00 FT. GZ (bis 1990)  sonst 07:30 - 07:30 FT. GZ,Niederschlagsdaten aus Niederschlagsroutine des DWD oder Vorgängerdienste bis Einrichtung Nst(A) oder Nst(k) (1 Termin ca 7 MOZ und Tagessummen)
05349,19980101,20000630,NBL:07:00-07:00 FT. GZ (bis 1990)  sonst 07:30 - 07:30 FT. GZ,KLIDADIGI: Niederschlagsdaten nacherfasst (1 Termin: ca 07 MOZ und Tagessummen)
05349,20000701,20010331,NBL:07:00-07:00 FT. GZ (bis 1990)  sonst 07:30 - 07:30 FT. GZ,Niederschlagsdaten aus Niederschlagsroutine des DWD oder Vorgängerdienste bis Einrichtung Nst(A) oder Nst(k) (1 Termin ca 7 MOZ und Tagessummen)
05349,20010401,20260418,06:00 - 06 FT. UTC (05:51-05:50 FT.UTC),Niederschlagsdaten aus Niederschlagsroutine nach 01.04.2001 Terminwert und Tagessummen generiert aus SYNOP-Meldung des 06 UTC Termins
05349,20010401,20261002,06:00 - 06 FT. UTC (05:51-05:50 FT.UTC),Niederschlagsdaten aus Niederschlagsroutine nach 01.04.2001 Terminwert und Tagessummen generiert aus SYNOP-Meldung des 06 UTC Termins
05350,19690101,19901231,NBL:07:00 GZ (bis 1990)  sonst 07:30 GZ,Niederschlagsdaten aus Niederschlagsroutine des eMD bis 10/1991 (1 Termin ca 7 MOZ und Tagessummen)
05350,19910101,20011231,NBL:07:00-07:00 FT. GZ (bis 1990)  sonst 07:30 - 07:30 FT. GZ,Niederschlagsdaten aus Niederschlagsroutine des DWD oder Vorgängerdienste bis Einrichtung Nst(A) oder Nst(k) (1 Termin ca 7 MOZ und Tagessummen)
05353,19690101,19901231,NBL:07:00 GZ (bis 1990)  sonst 07:30 GZ,Niederschlagsdaten aus Niederschlagsroutine des eMD bis 10/1991 (1 Termin ca 7 MOZ und Tagessummen)
05353,19910101,20051231,NBL:07:00-07:00 FT. GZ (bis 1990)  sonst 07:30 - 07:30 FT. GZ,Niederschlagsdaten aus Niederschlagsroutine des DWD oder Vorgängerdienste bis Einrichtung Nst(A) oder Nst(k) (1 Termin ca 7 MOZ und Tagessummen)
05381,19890101,20061231,NBL:07:00-07:00 FT. GZ (bis 1990)  sonst 07:30 - 07:30 FT. GZ,Niederschlagsdaten aus Niederschlagsroutine des DWD oder Vorgängerdienste bis Einrichtung Nst(A) oder Nst(k) (1 Termin ca 7 MOZ und Tagessummen)
05381,20070101,20260418,05:51 - 05:50 FT. UTC,Niederschlagsdaten aus Niederschlagsroutine des DWD mit Nst(k)  und ANKONDA-Stationen (1 Termin 06 UTC und Tagessummen)
05381,20070101,20261002,05:51 - 05:50 FT. UTC,Niederschlagsdaten aus Niederschlagsroutine des DWD mit Nst(k)  und ANKONDA-Stationen (1 Termin 06 UTC und Tagessummen)
05469,19700101,19901231,NBL:07:00 GZ (bis 1990)  sonst 07:30 GZ,Niederschlagsdaten aus Niederschlagsroutine des eMD bis 10/1991 (1 Termin ca 7 MOZ und Tagessummen)
05469,19910101,20051231,NBL:07:00-07:00 FT. GZ (bis 1990)  sonst 07:30 - 07:30 FT. GZ,Niederschlagsdaten aus Niederschlagsroutine des DWD oder Vorgängerdienste bis Einrichtung Nst(A) oder Nst(k) (1 Termin ca 7 MOZ und Tagessummen)
05469,20060101,20100630,05:51 - 05:50 FT. UTC,Niederschlagsdaten aus Niederschlagsroutine des DWD mit Nst(k)  und ANKONDA-Stationen (1 Termin 06 UTC und Tagessummen)
05481,19510101,19901231,NBL:07:00 GZ (bis 1990)  sonst 07:30 GZ,Niederschlagsdaten aus Niederschlagsroutine des eMD bis 10/1991 (1 Termin ca 7 MOZ und Tagessummen)
05481,19910101,19991231,NBL:07:00-07:00 FT. GZ (bis 1990)  sonst 07:30 - 07:30 FT. GZ,Niederschlagsdaten aus Niederschlagsroutine des DWD oder Vorgängerdienste bis Einrichtung Nst(A) oder Nst(k) (1 Termin ca 7 MOZ und Tagessummen)
05507,19610101,20021231,NBL:07:00-07:00 FT. GZ (bis 1990)  sonst 07:30 - 07:30 FT. GZ,Niederschlagsdaten aus Niederschlagsroutine des DWD oder Vorgängerdienste bis Einrichtung Nst(A) oder Nst(k) (1 Termin ca 7 MOZ und Tagessummen)
05512,18910601,19301230,NBL:07:00-07:00 FT. GZ (bis 1990)  sonst 07:30 - 07:30 FT. GZ,KLIDADIGI: Niederschlagsdaten nacherfasst (1 Termin: ca 07 MOZ und Tagessummen)
05512,19310101,19601130,NBL:07:00-07:00 FT. GZ (bis 1990)  sonst 07:30 - 07:30 FT. GZ,Niederschlagsdaten aus Niederschlagsroutine des DWD oder Vorgängerdienste bis Einrichtung Nst(A) oder Nst(k) (1 Termin ca 7 MOZ und Tagessummen)
05512,19601201,19781231,NBL:07:00-07:00 FT. GZ (bis 1990)  sonst 07:30 - 07:30 FT. GZ,KLIDADIGI: Niederschlagsdaten nacherfasst (1 Termin: ca 07 MOZ und Tagessummen)
05512,19790101,20061231,NBL:07:00-07:00 FT. GZ (bis 1990)  sonst 07:30 - 07:30 FT. GZ,Niederschlagsdaten aus Niederschlagsroutine des DWD oder Vorgängerdienste bis Einrichtung Nst(A) oder Nst(k) (1 Termin ca 7 MOZ und Tagessummen)
05512,20201001,20260418,05:51 - 05:50 FT. UTC,Niederschlagsdaten aus Niederschlagsroutine des DWD mit Nst(k)  und ANKONDA-Stationen (1 Termin 06 UTC und Tagessummen)
05512,20201001,20261002,05:51 - 05:50 FT. UTC,Niederschlagsdaten aus Niederschlagsroutine des DWD mit Nst(k)  und ANKONDA-Stationen (1 Termin 06 UTC und Tagessummen)
05514,19360101,20061231,NBL:07:00-07:00 FT. GZ (bis 1990)  sonst 07:30 - 07:30 FT. GZ,Niederschlagsdaten aus Niederschlagsroutine des DWD oder Vorgängerdienste bis Einrichtung Nst(A) oder Nst(k) (1 Termin ca 7 MOZ und Tagessummen)
05516,19410101,20010331,NBL:07:00-07:00 FT. GZ (bis 1990)  sonst 07:30 - 07:30 FT. GZ,Niederschlagsdaten aus Niederschlagsroutine des DWD oder Vorgängerdienste bis Einrichtung Nst(A) oder Nst(k) (1 Termin ca 7 MOZ und Tagessummen)
05516,20010401,20260418,06:00 - 06 FT. UTC (05:51-05:50 FT.UTC),Niederschlagsdaten aus Niederschlagsroutine nach 01.04.2001 Terminwert und Tagessummen generiert aus SYNOP-Meldung des 06 UTC Termins
05516,20010401,20261002,06:00 - 06 FT. UTC (05:51-05:50 FT.UTC),Niederschlagsdaten aus Niederschlagsroutine nach 01.04.2001 Terminwert und Tagessummen generiert aus SYNOP-Meldung des 06 UTC Termins
05520,19871001,19930131,NBL:07:00-07:00 FT. GZ (bis 1990)  sonst 07:30 - 07:30 FT. GZ,Niederschlagsdaten aus Niederschlagsroutine des DWD oder Vorgängerdienste bis Einrichtung Nst(A) oder Nst(k) (1 Termin ca 7 MOZ und Tagessummen)
05521,19020607,19300330,NBL:07:00-07:00 FT. GZ (bis 1990)  sonst 07:30 - 07:30 FT. GZ,KLIDADIGI: Niederschlagsdaten nacherfasst (1 Termin: ca 07 MOZ und Tagessummen)
05521,19310101,20061231,NBL:07:00-07:00 FT. GZ (bis 1990)  sonst 07:30 - 07:30 FT. GZ,Niederschlagsdaten aus Niederschlagsroutine des DWD oder Vorgängerdienste bis Einrichtung Nst(A) oder Nst(k) (1 Termin ca 7 MOZ und Tagessummen)
05552,19310101,20061231,NBL:07:00-07:00 FT. GZ (bis 1990)  sonst 07:30 - 07:30 FT. GZ,Niederschlagsdaten aus Niederschlagsroutine des DWD oder Vorgängerdienste bis Einrichtung Nst(A) oder Nst(k) (1 Termin ca 7 MOZ und Tagessummen)
05552,20070101,20260418,05:51 - 05:50 FT. UTC,Niederschlagsdaten aus Niederschlagsroutine des DWD mit Nst(k)  und ANKONDA-Stationen (1 Termin 06 UTC und Tagessummen)
05552,20070101,20261002,05:51 - 05:50 FT. UTC,Niederschlagsdaten aus Niederschlagsroutine des DWD mit Nst(k)  und ANKONDA-Stationen (1 Termin 06 UTC und Tagessummen)
05575,18800101,19401231,NBL:07:00-07:00 FT. GZ (bis 1990)  sonst 07:30 - 07:30 FT. GZ,KLIDADIGI: Niederschlagsdaten nacherfasst (1 Termin: ca 07 MOZ und Tagessummen)
05575,19410101,19980630,NBL:07:00-07:00 FT. GZ (bis 1990)  sonst 07:30 - 07:30 FT. GZ,Niederschlagsdaten aus Niederschlagsroutine des DWD oder Vorgängerdienste bis Einrichtung Nst(A) oder Nst(k) (1 Termin ca 7 MOZ und Tagessummen)
05589,18970501,19100130,NBL:07:00-07:00 FT. GZ (bis 1990)  sonst 07:30 - 07:30 FT. GZ,KLIDADIGI: Niederschlagsdaten nacherfasst (1 Termin: ca 07 MOZ und Tagessummen)
05589,19510101,20061231,NBL:07:00-07:00 FT. GZ (bis 1990)  sonst 07:30 - 07:30 FT. GZ,Niederschlagsdaten aus Niederschlagsroutine des DWD oder Vorgängerdienste bis Einrichtung Nst(A) oder Nst(k) (1 Termin ca 7 MOZ und Tagessummen)
05589,20070101,20260417,05:51 - 05:50 FT. UTC,Niederschlagsdaten aus Niederschlagsroutine des DWD mit Nst(k)  und ANKONDA-Stationen (1 Termin 06 UTC und Tagessummen)
05589,20070101,20261001,05:51 - 05:50 FT. UTC,Niederschlagsdaten aus Niederschlagsroutine des DWD mit Nst(k)  und ANKONDA-Stationen (1 Termin 06 UTC und Tagessummen)
05608,19510101,20061231,NBL:07:00-07:00 FT. GZ (bis 1990)  sonst 07:30 - 07:30 FT. GZ,Niederschlagsdaten aus Niederschlagsroutine des DWD oder Vorgängerdienste bis Einrichtung Nst(A) oder Nst(k) (1 Termin ca 7 MOZ und Tagessummen)
05608,20070101,20260418,05:51 - 05:50 FT. UTC,Niederschlagsdaten aus Niederschlagsroutine des DWD mit Nst(k)  und ANKONDA-Stationen (1 Termin 06 UTC und Tagessummen)
05608,20070101,20261002,05:51 - 05:50 FT. UTC,Niederschlagsdaten aus Niederschlagsroutine des DWD mit Nst(k)  und ANKONDA-Stationen (1 Termin 06 UTC und Tagessummen)
05624,19200101,19351129,NBL:07:00-07:00 FT. GZ (bis 1990)  sonst 07:30 - 07:30 FT. GZ,KLIDADIGI: Niederschlagsdaten nacherfasst (1 Termin: ca 07 MOZ und Tagessummen)
05624,19470101,19501231,NBL:07:00 GZ (bis 1990)  sonst 07:30 GZ,Niederschlagsdaten aus Niederschlagsroutine des eMD bis 10/1991 (1 Termin ca 7 MOZ und Tagessummen)
05624,19470101,19901231,NBL:07:00 GZ (bis 1990)  sonst 07:30 GZ,Niederschlagsdaten aus Niederschlagsroutine des eMD bis 10/1991 (1 Termin ca 7 MOZ und Tagessummen)
05624,19510101,19661230,NBL:07:00-07:00 FT. GZ (bis 1990)  sonst 07:30 - 07:30 FT. GZ,KLIDADIGI: Niederschlagsdaten nacherfasst (1 Termin: ca 07 MOZ und Tagessummen)
05624,19690101,19901231,NBL:07:00 GZ (bis 1990)  sonst 07:30 GZ,Niederschlagsdaten aus Niederschlagsroutine des eMD bis 10/1991 (1 Termin ca 7 MOZ und Tagessummen)
05624,19910101,20051231,NBL:07:00-07:00 FT. GZ (bis 1990)  sonst 07:30 - 07:30 FT. GZ,Niederschlagsdaten aus Niederschlagsroutine des DWD oder Vorgängerdienste bis Einrichtung Nst(A) oder Nst(k) (1 Termin ca 7 MOZ und Tagessummen)
05624,20060101,20260418,05:51 - 05:50 FT. UTC,Niederschlagsdaten aus Niederschlagsroutine des DWD mit Nst(k)  und ANKONDA-Stationen (1 Termin 06 UTC und Tagessummen)
05624,20060101,20261002,05:51 - 05:50 FT. UTC,Niederschlagsdaten aus Niederschlagsroutine des DWD mit Nst(k)  und ANKONDA-Stationen (1 Termin 06 UTC und Tagessummen)
05630,19510101,19901231,NBL:07:00 GZ (bis 1990)  sonst 07:30 GZ,Niederschlagsdaten aus Niederschlagsroutine des eMD bis 10/1991 (1 Termin ca 7 MOZ und Tagessummen)
05630,19910101,20041031,NBL:07:00-07:00 FT. GZ (bis 1990)  sonst 07:30 - 07:30 FT. GZ,Niederschlagsdaten aus Niederschlagsroutine des DWD oder Vorgängerdienste bis Einrichtung Nst(A) oder Nst(k) (1 Termin ca 7 MOZ und Tagessummen)
05638,19410101,20061231,NBL:07:00-07:00 FT. GZ (bis 1990)  sonst 07:30 - 07:30 FT. GZ,Niederschlagsdaten aus Niederschlagsroutine des DWD oder Vorgängerdienste bis Einrichtung Nst(A) oder Nst(k) (1 Termin ca 7 MOZ und Tagessummen)
05638,20070101,20260414,05:51 - 05:50 FT. UTC,Niederschlagsdaten aus Niederschlagsroutine des DWD mit Nst(k)  und ANKONDA-Stationen (1 Termin 06 UTC und Tagessummen)
05638,20070101,20261001,05:51 - 05:50 FT. UTC,Niederschlagsdaten aus Niederschlagsroutine des DWD mit Nst(k)  und ANKONDA-Stationen (1 Termin 06 UTC und Tagessummen)
05639,19410101,20061231,NBL:07:00-07:00 FT. GZ (bis 1990)  sonst 07:30 - 07:30 FT. GZ,Niederschlagsdaten aus Niederschlagsroutine des DWD oder Vorgängerdienste bis Einrichtung Nst(A) oder Nst(k) (1 Termin ca 7 MOZ und Tagessummen)
05639,20181101,20260418,05:51 - 05:50 FT. UTC,Niederschlagsdaten aus Niederschlagsroutine des DWD mit Nst(k)  und ANKONDA-Stationen (1 Termin 06 UTC und Tagessummen)
05639,20181101,20261002,05:51 - 05:50 FT. UTC,Niederschlagsdaten aus Niederschlagsroutine des DWD mit Nst(k)  und ANKONDA-Stationen (1 Termin 06 UTC und Tagessummen)
05661,19510101,20061231,NBL:07:00-07:00 FT. GZ (bis 1990)  sonst 07:30 - 07:30 FT. GZ,Niederschlagsdaten aus Niederschlagsroutine des DWD oder Vorgängerdienste bis Einrichtung Nst(A) oder Nst(k) (1 Termin ca 7 MOZ und Tagessummen)
05661,20070101,20151231,05:51 - 05:50 FT. UTC,Niederschlagsdaten aus Niederschlagsroutine des DWD mit Nst(k)  und ANKONDA-Stationen (1 Termin 06 UTC und Tagessummen)
05713,19510101,20061231,NBL:07:00-07:00 FT. GZ (bis 1990)  sonst 07:30 - 07:30 FT. GZ,Niederschlagsdaten aus Niederschlagsroutine des DWD oder Vorgängerdienste bis Einrichtung Nst(A) oder Nst(k) (1 Termin ca 7 MOZ und Tagessummen)
05730,19221001,19351230,NBL:07:00-07:00 FT. GZ (bis 1990)  sonst 07:30 - 07:30 FT. GZ,KLIDADIGI: Niederschlagsdaten nacherfasst (1 Termin: ca 07 MOZ und Tagessummen)
05730,19720101,19901231,NBL:07:00 GZ (bis 1990)  sonst 07:30 GZ,Niederschlagsdaten aus Niederschlagsroutine des eMD bis 10/1991 (1 Termin ca 7 MOZ und Tagessummen)
05730,19910101,20051231,NBL:07:00-07:00 FT. GZ (bis 1990)  sonst 07:30 - 07:30 FT. GZ,Niederschlagsdaten aus Niederschlagsroutine des DWD oder Vorgängerdienste bis Einrichtung Nst(A) oder Nst(k) (1 Termin ca 7 MOZ und Tagessummen)
05732,18870701,19371231,NBL:07:00-07:00 FT. GZ (bis 1990)  sonst 07:30 - 07:30 FT. GZ,Niederschlagsdaten aus Niederschlagsroutine des DWD oder Vorgängerdienste bis Einrichtung Nst(A) oder Nst(k) (1 Termin ca 7 MOZ und Tagessummen)
05732,19380101,19470831,NBL:07:00-07:00 FT. GZ (bis 1990)  sonst 07:30 - 07:30 FT. GZ,KLIDADIGI: Niederschlagsdaten nacherfasst (1 Termin: ca 07 MOZ und Tagessummen)
05732,19470901,20030630,NBL:07:00-07:00 FT. GZ (bis 1990)  sonst 07:30 - 07:30 FT. GZ,Niederschlagsdaten aus Niederschlagsroutine des DWD oder Vorgängerdienste bis Einrichtung Nst(A) oder Nst(k) (1 Termin ca 7 MOZ und Tagessummen)
05732,20050701,20260418,06:00 - 06 FT. UTC (05:51-05:50 FT.UTC),Niederschlagsdaten aus Niederschlagsroutine nach 01.04.2001 Terminwert und Tagessummen generiert aus SYNOP-Meldung des 06 UTC Termins
05732,20050701,20261002,06:00 - 06 FT. UTC (05:51-05:50 FT.UTC),Niederschlagsdaten aus Niederschlagsroutine nach 01.04.2001 Terminwert und Tagessummen generiert aus SYNOP-Meldung des 06 UTC Termins
05740,19690101,19901231,NBL:07:00 GZ (bis 1990)  sonst 07:30 GZ,Niederschlagsdaten aus Niederschlagsroutine des eMD bis 10/1991 (1 Termin ca 7 MOZ und Tagessummen)
05740,19910101,20011231,NBL:07:00-07:00 FT. GZ (bis 1990)  sonst 07:30 - 07:30 FT. GZ,Niederschlagsdaten aus Niederschlagsroutine des DWD oder Vorgängerdienste bis Einrichtung Nst(A) oder Nst(k) (1 Termin ca 7 MOZ und Tagessummen)
05741,18880101,19220130,NBL:07:00-07:00 FT. GZ (bis 1990)  sonst 07:30 - 07:30 FT. GZ,KLIDADIGI: Niederschlagsdaten nacherfasst (1 Termin: ca 07 MOZ und Tagessummen)
05741,19510101,19901231,NBL:07:00 GZ (bis 1990)  sonst 07:30 GZ,Niederschlagsdaten aus Niederschlagsroutine des eMD bis 10/1991 (1 Termin ca 7 MOZ und Tagessummen)
05741,19910101,20051231,NBL:07:00-07:00 FT. GZ (bis 1990)  sonst 07:30 - 07:30 FT. GZ,Niederschlagsdaten aus Niederschlagsroutine des DWD oder Vorgängerdienste bis Einrichtung Nst(A) oder Nst(k) (1 Termin ca 7 MOZ und Tagessummen)
05777,18941001,19501231,NBL:07:00-07:00 FT. GZ (bis 1990)  sonst 07:30 - 07:30 FT. GZ,KLIDADIGI: Niederschlagsdaten nacherfasst (1 Termin: ca 07 MOZ und Tagessummen)
05777,19510101,19901231,NBL:07:00 GZ (bis 1990)  sonst 07:30 GZ,Niederschlagsdaten aus Niederschlagsroutine des eMD bis 10/1991 (1 Termin ca 7 MOZ und Tagessummen)
05777,19910101,20051231,NBL:07:00-07:00 FT. GZ (bis 1990)  sonst 07:30 - 07:30 FT. GZ,Niederschlagsdaten aus Niederschlagsroutine des DWD oder Vorgängerdienste bis Einrichtung Nst(A) oder Nst(k) (1 Termin ca 7 MOZ und Tagessummen)
05777,20060101,20260418,05:51 - 05:50 FT. UTC,Niederschlagsdaten aus Niederschlagsroutine des DWD mit Nst(k)  und ANKONDA-Stationen (1 Termin 06 UTC und Tagessummen)
05777,20060101,20261002,05:51 - 05:50 FT. UTC,Niederschlagsdaten aus Niederschlagsroutine des DWD mit Nst(k)  und ANKONDA-Stationen (1 Termin 06 UTC und Tagessummen)
05839,19970701,20010331,NBL:07:00-07:00 FT. GZ (bis 1990)  sonst 07:30 - 07:30 FT. GZ,Niederschlagsdaten aus Niederschlagsroutine des DWD oder Vorgängerdienste bis Einrichtung Nst(A) oder Nst(k) (1 Termin ca 7 MOZ und Tagessummen)
05839,20010401,20260418,06:00 - 06 FT. UTC (05:51-05:50 FT.UTC),Niederschlagsdaten aus Niederschlagsroutine nach 01.04.2001 Terminwert und Tagessummen generiert aus SYNOP-Meldung des 06 UTC Termins
05839,20010401,20261002,06:00 - 06 FT. UTC (05:51-05:50 FT.UTC),Niederschlagsdaten aus Niederschlagsroutine nach 01.04.2001 Terminwert und Tagessummen generiert aus SYNOP-Meldung des 06 UTC Termins
05924,19710101,20040630,NBL:07:00-07:00 FT. GZ (bis 1990)  sonst 07:30 - 07:30 FT. GZ,Niederschlagsdaten aus Niederschlagsroutine des DWD oder Vorgängerdienste bis Einrichtung Nst(A) oder Nst(k) (1 Termin ca 7 MOZ und Tagessummen)
05930,20070701,20260418,06:00 - 06 FT. UTC (05:51-05:50 FT.UTC),Niederschlagsdaten aus Niederschlagsroutine nach 01.04.2001 Terminwert und Tagessummen generiert aus SYNOP-Meldung des 06 UTC Termins
05930,20070701,20261002,06:00 - 06 FT. UTC (05:51-05:50 FT.UTC),Niederschlagsdaten aus Niederschlagsroutine nach 01.04.2001 Terminwert und Tagessummen generiert aus SYNOP-Meldung des 06 UTC Termins
05952,19610101,20060630,NBL:07:00-07:00 FT. GZ (bis 1990)  sonst 07:30 - 07:30 FT. GZ,Niederschlagsdaten aus Niederschlagsroutine des DWD oder Vorgängerdienste bis Einrichtung Nst(A) oder Nst(k) (1 Termin ca 7 MOZ und Tagessummen)
05952,20090301,20161231,05:51 - 05:50 FT. UTC,Niederschlagsdaten aus Niederschlagsroutine des DWD mit Nst(k)  und ANKONDA-Stationen (1 Termin 06 UTC und Tagessummen)
06105,19980601,20040430,NBL:07:00-07:00 FT. GZ (bis 1990)  sonst 07:30 - 07:30 FT. GZ,Niederschlagsdaten aus Niederschlagsroutine des DWD oder Vorgängerdienste bis Einrichtung Nst(A) oder Nst(k) (1 Termin ca 7 MOZ und Tagessummen)
06105,20040501,20260418,06:00 - 06 FT. UTC (05:51-05:50 FT.UTC),Niederschlagsdaten aus Niederschlagsroutine nach 01.04.2001 Terminwert und Tagessummen generiert aus SYNOP-Meldung des 06 UTC Termins
06105,20040501,20261002,06:00 - 06 FT. UTC (05:51-05:50 FT.UTC),Niederschlagsdaten aus Niederschlagsroutine nach 01.04.2001 Terminwert und Tagessummen generiert aus SYNOP-Meldung des 06 UTC Termins
06157,19990201,20070930,NBL:07:00-07:00 FT. GZ (bis 1990)  sonst 07:30 - 07:30 FT. GZ,Niederschlagsdaten aus Niederschlagsroutine des DWD oder Vorgängerdienste bis Einrichtung Nst(A) oder Nst(k) (1 Termin ca 7 MOZ und Tagessummen)
06157,20071001,20260418,06:00 - 06 FT. UTC (05:51-05:50 FT.UTC),Niederschlagsdaten aus Niederschlagsroutine nach 01.04.2001 Terminwert und Tagessummen generiert aus SYNOP-Meldung des 06 UTC Termins
06157,20071001,20261002,06:00 - 06 FT. UTC (05:51-05:50 FT.UTC),Niederschlagsdaten aus Niederschlagsroutine nach 01.04.2001 Terminwert und Tagessummen generiert aus SYNOP-Meldung des 06 UTC Termins
06163,20061001,20260418,06:00 - 06 FT. UTC (05:51-05:50 FT.UTC),Niederschlagsdaten aus Niederschlagsroutine nach 01.04.2001 Terminwert und Tagessummen generiert aus SYNOP-Meldung des 06 UTC Termins
06163,20061001,20261002,06:00 - 06 FT. UTC (05:51-05:50 FT.UTC),Niederschlagsdaten aus Niederschlagsroutine nach 01.04.2001 Terminwert und Tagessummen generiert aus SYNOP-Meldung des 06 UTC Termins
06165,19991201,20051231,NBL:07:00-07:00 FT. GZ (bis 1990)  sonst 07:30 - 07:30 FT. GZ,Niederschlagsdaten aus Niederschlagsroutine des DWD oder Vorgängerdienste bis Einrichtung Nst(A) oder Nst(k) (1 Termin ca 7 MOZ und Tagessummen)
06177,19991201,20061231,NBL:07:00-07:00 FT. GZ (bis 1990)  sonst 07:30 - 07:30 FT. GZ,Niederschlagsdaten aus Niederschlagsroutine des DWD oder Vorgängerdienste bis Einrichtung Nst(A) oder Nst(k) (1 Termin ca 7 MOZ und Tagessummen)
06177,20070101,20260418,05:51 - 05:50 FT. UTC,Niederschlagsdaten aus Niederschlagsroutine des DWD mit Nst(k)  und ANKONDA-Stationen (1 Termin 06 UTC und Tagessummen)
06177,20070101,20261002,05:51 - 05:50 FT. UTC,Niederschlagsdaten aus Niederschlagsroutine des DWD mit Nst(k)  und ANKONDA-Stationen (1 Termin 06 UTC und Tagessummen)
07078,20041101,20260418,06:00 - 06 FT. UTC (05:51-05:50 FT.UTC),Niederschlagsdaten aus Niederschlagsroutine nach 01.04.2001 Terminwert und Tagessummen generiert aus SYNOP-Meldung des 06 UTC Termins
07078,20041101,20261002,06:00 - 06 FT. UTC (05:51-05:50 FT.UTC),Niederschlagsdaten aus Niederschlagsroutine nach 01.04.2001 Terminwert und Tagessummen generiert aus SYNOP-Meldung des 06 UTC Termins
07298,20050701,20260418,06:00 - 06 FT. UTC (05:51-05:50 FT.UTC),Niederschlagsdaten aus Niederschlagsroutine nach 01.04.2001 Terminwert und Tagessummen generiert aus SYNOP-Meldung des 06 UTC Termins
07298,20050701,20261002,06:00 - 06 FT. UTC (05:51-05:50 FT.UTC),Niederschlagsdaten aus Niederschlagsroutine nach 01.04.2001 Terminwert und Tagessummen generiert aus SYNOP-Meldung des 06 UTC Termins
07373,20060301,20260418,06:00 - 06 FT. UTC (05:51-05:50 FT.UTC),Niederschlagsdaten aus Niederschlagsroutine nach 01.04.2001 Terminwert und Tagessummen generiert aus SYNOP-Meldung des 06 UTC Termins
07373,20060301,20261002,06:00 - 06 FT. UTC (05:51-05:50 FT.UTC),Niederschlagsdaten aus Niederschlagsroutine nach 01.04.2001 Terminwert und Tagessummen generiert aus SYNOP-Meldung des 06 UTC Termins
07427,20070901,20260418,06:00 - 06 FT. UTC (05:51-05:50 FT.UTC),Niederschlagsdaten aus Niederschlagsroutine nach 01.04.2001 Terminwert und Tagessummen generiert aus SYNOP-Meldung des 06 UTC Termins
07427,20070901,20261002,06:00 - 06 FT. UTC (05:51-05:50 FT.UTC),Niederschlagsdaten aus Niederschlagsroutine nach 01.04.2001 Terminwert und Tagessummen generiert aus SYNOP-Meldung des 06 UTC Termins
13687,20071101,20260418,06:00 - 06 FT. UTC (05:51-05:50 FT.UTC),Niederschlagsdaten aus Niederschlagsroutine nach 01.04.2001 Terminwert und Tagessummen generiert aus SYNOP-Meldung des 06 UTC Termins
13687,20071101,20261002,06:00 - 06 FT. UTC (05:51-05:50 FT.UTC),Niederschlagsdaten aus Niederschlagsroutine nach 01.04.2001 Terminwert und Tagessummen generiert aus SYNOP-Meldung des 06 UTC Termins
13926,19690101,19901231,NBL:07:00 GZ (bis 1990)  sonst 07:30 GZ,Niederschlagsdaten aus Niederschlagsroutine des eMD bis 10/1991 (1 Termin ca 7 MOZ und Tagessummen)
13926,19910101,20051231,NBL:07:00-07:00 FT. GZ (bis 1990)  sonst 07:30 - 07:30 FT. GZ,Niederschlagsdaten aus Niederschlagsroutine des DWD oder Vorgängerdienste bis Einrichtung Nst(A) oder Nst(k) (1 Termin ca 7 MOZ und Tagessummen)
13926,20060101,20071231,05:51 - 05:50 FT. UTC,Niederschlagsdaten aus Niederschlagsroutine des DWD mit Nst(k)  und ANKONDA-Stationen (1 Termin 06 UTC und Tagessummen)
13926,20080101,20080131,06:00 - 06 FT. UTC (05:51-05:50 FT.UTC),Niederschlagsdaten aus Niederschlagsroutine nach 01.04.2001 Terminwert und Tagessummen generiert aus SYNOP-Meldung des 06 UTC Termins
13926,20080201,20190731,05:51 - 05:50 FT. UTC,Niederschlagsdaten aus Niederschlagsroutine des DWD mit Nst(k)  und ANKONDA-Stationen (1 Termin 06 UTC und Tagessummen)
14001,20090501,20100630,05:51 - 05:50 FT. UTC,Niederschlagsdaten aus Niederschlagsroutine des DWD mit Nst(k)  und ANKONDA-Stationen (1 Termin 06 UTC und Tagessummen)
15147,20120501,20260418,05:51 - 05:50 FT. UTC,Niederschlagsdaten aus Niederschlagsroutine des DWD mit Nst(k)  und ANKONDA-Stationen (1 Termin 06 UTC und Tagessummen)
15147,20120501,20261002,05:51 - 05:50 FT. UTC,Niederschlagsdaten aus Niederschlagsroutine des DWD mit Nst(k)  und ANKONDA-Stationen (1 Termin 06 UTC und Tagessummen)
15518,20150701,20260416,05:51 - 05:50 FT. UTC,Niederschlagsdaten aus Niederschlagsroutine des DWD mit Nst(k)  und ANKONDA-Stationen (1 Termin 06 UTC und Tagessummen)
15518,20150701,20261002,05:51 - 05:50 FT. UTC,Niederschlagsdaten aus Niederschlagsroutine des DWD mit Nst(k)  und ANKONDA-Stationen (1 Termin 06 UTC und Tagessummen)
15553,20160401,20260416,05:51 - 05:50 FT. UTC,Niederschlagsdaten aus Niederschlagsroutine des DWD mit Nst(k)  und ANKONDA-Stationen (1 Termin 06 UTC und Tagessummen)
15553,20160401,20261001,05:51 - 05:50 FT. UTC,Niederschlagsdaten aus Niederschlagsroutine des DWD mit Nst(k)  und ANKONDA-Stationen (1 Termin 06 UTC und Tagessummen)
15994,20181001,20260414,05:51 - 05:50 FT. UTC,Niederschlagsdaten aus Niederschlagsroutine des DWD mit Nst(k)  und ANKONDA-Stationen (1 Termin 06 UTC und Tagessummen)
15994,20181001,20260929,05:51 - 05:50 FT. UTC,Niederschlagsdaten aus Niederschlagsroutine des DWD mit Nst(k)  und ANKONDA-Stationen (1 Termin 06 UTC und Tagessummen)
16086,20181001,20260411,05:51 - 05:50 FT. UTC,Niederschlagsdaten aus Niederschlagsroutine des DWD mit Nst(k)  und ANKONDA-Stationen (1 Termin 06 UTC und Tagessummen)
16086,20181001,20260926,05:51 - 05:50 FT. UTC,Niederschlagsdaten aus Niederschlagsroutine des DWD mit Nst(k)  und ANKONDA-Stationen (1 Termin 06 UTC und Tagessummen)
19123,20190701,20260413,05:51 - 05:50 FT. UTC,Niederschlagsdaten aus Niederschlagsroutine des DWD mit Nst(k)  und ANKONDA-Stationen (1 Termin 06 UTC und Tagessummen)
19123,20190701,20261002,05:51 - 05:50 FT. UTC,Niederschlagsdaten aus Niederschlagsroutine des DWD mit Nst(k)  und ANKONDA-Stationen (1 Termin 06 UTC und Tagessummen)
19171,20200901,20260418,06:00 - 06 FT. UTC (05:51-05:50 FT.UTC),Niederschlagsdaten aus Niederschlagsroutine nach 01.04.2001 Terminwert und Tagessummen generiert aus SYNOP-Meldung des 06 UTC Termins
19171,20200901,20261002,06:00 - 06 FT. UTC (05:51-05:50 FT.UTC),Niederschlagsdaten aus Niederschlagsroutine nach 01.04.2001 Terminwert und Tagessummen generiert aus SYNOP-Meldung des 06 UTC Termins
19172,20200901,20260418,06:00 - 06 FT. UTC (05:51-05:50 FT.UTC),Niederschlagsdaten aus Niederschlagsroutine nach 01.04.2001 Terminwert und Tagessummen generiert aus SYNOP-Meldung des 06 UTC Termins
19172,20200901,20261002,06:00 - 06 FT. UTC (05:51-05:50 FT.UTC),Niederschlagsdaten aus Niederschlagsroutine nach 01.04.2001 Terminwert und Tagessummen generiert aus SYNOP-Meldung des 06 UTC Termins
19193,20200301,20260417,05:51 - 05:50 FT. UTC,Niederschlagsdaten aus Niederschlagsroutine des DWD mit Nst(k)  und ANKONDA-Stationen (1 Termin 06 UTC und Tagessummen)
19193,20200301,20261002,05:51 - 05:50 FT. UTC,Niederschlagsdaten aus Niederschlagsroutine des DWD mit Nst(k)  und ANKONDA-Stationen (1 Termin 06 UTC und Tagessummen)
19207,20230401,20260418,06:00 - 06 FT. UTC (05:51-05:50 FT.UTC),Niederschlagsdaten aus Niederschlagsroutine nach 01.04.2001 Terminwert und Tagessummen generiert aus SYNOP-Meldung des 06 UTC Termins
19207,20230401,20261002,06:00 - 06 FT. UTC (05:51-05:50 FT.UTC),Niederschlagsdaten aus Niederschlagsroutine nach 01.04.2001 Terminwert und Tagessummen generiert aus SYNOP-Meldung des 06 UTC Termins
19307,19160401,19301231,NBL:07:00-07:00 FT. GZ (bis 1990)  sonst 07:30 - 07:30 FT. GZ,KLIDADIGI: Niederschlagsdaten nacherfasst (1 Termin: ca 07 MOZ und Tagessummen)
19307,19310101,20050531,NBL:07:00-07:00 FT. GZ (bis 1990)  sonst 07:30 - 07:30 FT. GZ,Niederschlagsdaten aus Niederschlagsroutine des DWD oder Vorgängerdienste bis Einrichtung Nst(A) oder Nst(k) (1 Termin ca 7 MOZ und Tagessummen)
19578,20230101,20260418,05:51 - 05:50 FT. UTC,Niederschlagsdaten aus Niederschlagsroutine des DWD mit Nst(k)  und ANKONDA-Stationen (1 Termin 06 UTC und Tagessummen)
19578,20230101,20261002,05:51 - 05:50 FT. UTC,Niederschlagsdaten aus Niederschlagsroutine des DWD mit Nst(k)  und ANKONDA-Stationen (1 Termin 06 UTC und Tagessummen)
19995,20240801,20260417,05:51 - 05:50 FT. UTC,Niederschlagsdaten aus Niederschlagsroutine des DWD mit Nst(k)  und ANKONDA-Stationen (1 Termin 06 UTC und Tagessummen)
19995,20240801,20261002,05:51 - 05:50 FT. UTC,Niederschlagsdaten aus Niederschlagsroutine des DWD mit Nst(k)  und ANKONDA-Stationen (1 Termin 06 UTC und Tagessummen)
