series_id,network,station_id,name,lat,lon,height,from,to,instrument,split_reason,complete_years
DMI-05005-0,DMI,05005,Uggerby,57.5705,10.1074,8.0,2009-12-16,2999-12-31,,first,15
DMI-05009-0,DMI,05009,Nørre Lyngby N,57.4185,9.7607,22.0,2010-04-13,2999-12-31,,first,15
DMI-05015-0,DMI,05015,Lendum,57.4029,10.2704,61.0,2009-12-16,2999-12-31,,first,15
DMI-05031-0,DMI,05031,Byrum,57.2746,11.0292,5.0,2010-04-13,2999-12-31,,first,15
DMI-05035-0,DMI,05035,Voerså Hede,57.2215,10.471,22.0,2009-12-16,2999-12-31,,first,15
DMI-05042-0,DMI,05042,Møllegård Huse,56.9564,10.2232,7.0,2014-10-30,2999-12-31,,first,11
DMI-05065-0,DMI,05065,Mørkeskov,56.8136,9.8247,85.0,2009-12-15,2999-12-31,,first,15
DMI-05070-0,DMI,05070,Havnø,56.7157,10.1644,2.0,2009-12-15,2999-12-31,,first,15
DMI-05075-0,DMI,05075,Hannerup,56.6646,9.7204,,2009-12-15,2011-11-02,,first,0
DMI-05075-1,DMI,05075,Hannerup,56.6509,9.7012,48.0,2011-11-02,2999-12-31,,moved,14
DMI-05081-0,DMI,05081,Gatten,56.879,9.4041,22.0,2010-04-13,2999-12-31,,first,15
DMI-05085-0,DMI,05085,Aggersund,57.0143,9.2889,8.0,2009-12-16,2999-12-31,,first,15
DMI-05089-0,DMI,05089,Lild Strand,57.1518,8.9649,6.0,2010-04-13,2999-12-31,,first,15
DMI-05095-0,DMI,05095,Nørre Vorupør,56.9514,8.3774,16.0,2009-12-15,2999-12-31,,first,15
DMI-05105-0,DMI,05105,Erslev,56.8334,8.7296,26.0,2009-12-15,2999-12-31,,first,15
DMI-05109-0,DMI,05109,Junget,56.7637,9.0945,21.0,2010-04-13,2999-12-31,,first,15
DMI-05135-0,DMI,05135,Grønbæk,56.2763,9.6213,25.0,2010-01-18,2999-12-31,,first,15
DMI-05140-0,DMI,05140,Hald,56.5665,10.1004,75.0,2009-12-14,2999-12-31,,first,15
DMI-05150-0,DMI,05150,Hevringholm,56.5062,10.4403,12.0,2009-12-14,2999-12-31,,first,15
DMI-05160-0,DMI,05160,Sibirien,56.1103,10.5466,14.0,2009-12-14,2999-12-31,,first,15
DMI-05165-0,DMI,05165,Tranebjerg Øst,55.8322,10.6185,18.0,2010-11-18,2025-11-11,,first,14
DMI-05169-0,DMI,05169,Hov,55.9126,10.2535,,2010-04-12,2999-12-31,,first,15
DMI-05185-0,DMI,05185,Flensted,56.1496,9.7877,96.0,2009-12-14,2024-10-29,,first,13
DMI-05199-0,DMI,05199,Gludsted Plantage Nv,56.0761,9.3298,85.0,2013-09-17,2025-05-09,,first,11
DMI-05202-0,DMI,05202,Nørre Snede,55.9603,9.3768,91.0,2011-10-17,2999-12-31,,first,14
DMI-05205-0,DMI,05205,Vestbirk,55.961,9.7022,56.0,2009-12-14,2999-12-31,,first,15
DMI-05220-0,DMI,05220,Juelsminde,55.7102,9.9962,24.0,2009-12-14,2999-12-31,,first,15
DMI-05225-0,DMI,05225,Hesselballe,55.8314,9.5533,69.0,2009-12-14,2999-12-31,,first,15
DMI-05269-0,DMI,05269,Blåhøj Kirkeby,55.8528,9.0163,52.0,2010-04-13,2999-12-31,,first,15
DMI-05272-0,DMI,05272,Brande,55.9654,9.1168,48.0,2011-10-17,2999-12-31,,first,14
DMI-05276-0,DMI,05276,Voulund Testfelt P,56.0372,9.1594,67.0,2009-04-16,2024-07-31,,first,13
DMI-05277-0,DMI,05277,Høgild,56.0626,8.9854,43.0,2011-10-17,2999-12-31,,first,14
DMI-05290-0,DMI,05290,Semb,56.6489,8.5246,,2009-12-14,2010-05-04,,first,0
DMI-05290-1,DMI,05290,Semb,56.6553,8.5476,23.0,2010-05-04,2999-12-31,,moved,15
DMI-05296-0,DMI,05296,Trans,56.5032,8.1465,15.0,2012-06-12,2999-12-31,,first,13
DMI-05298-0,DMI,05298,Struer,56.481,8.5653,31.0,2025-05-07,2999-12-31,,first,0
DMI-05300-0,DMI,05300,Øby,56.2604,8.1659,3.0,2009-12-14,2999-12-31,,first,15
DMI-05305-0,DMI,05305,Grønbjerg,56.1828,8.4716,35.0,2009-12-14,2999-12-31,,first,15
DMI-05320-0,DMI,05320,Skovlund,55.7246,8.6933,38.0,2009-12-09,2999-12-31,,first,15
DMI-05329-0,DMI,05329,Outrup,55.7199,8.3425,,2010-04-13,2999-12-31,,first,15
DMI-05343-0,DMI,05343,Holsted,55.4929,8.9036,35.0,2013-07-24,2999-12-31,,first,12
DMI-05345-0,DMI,05345,Ribe Renseanlæg,55.3286,8.7433,3.0,2009-12-09,2999-12-31,,first,15
DMI-05350-0,DMI,05350,Bredebro,55.0561,8.8326,6.0,2009-12-09,2999-12-31,,first,15
DMI-05355-0,DMI,05355,Emmerlev Klev,54.9872,8.6652,8.0,2009-12-09,2999-12-31,,first,15
DMI-05365-0,DMI,05365,Kliplev,54.9377,9.4092,,2009-12-09,2999-12-31,,first,15
DMI-05375-0,DMI,05375,Nørreløkke,55.0646,9.6811,8.0,2009-12-09,2999-12-31,,first,15
DMI-05381-0,DMI,05381,Rangstrup,55.147,9.2058,52.0,2010-04-13,2999-12-31,,first,15
DMI-05384-0,DMI,05384,Vojens Airport,55.2217,9.292,42.5,2024-10-07,2999-12-31,,first,1
DMI-05395-0,DMI,05395,Hajstrup,55.2555,9.6684,23.0,2009-12-09,2999-12-31,,first,15
DMI-05400-0,DMI,05400,Båring,55.4927,9.8949,63.0,2009-12-09,2999-12-31,,first,15
DMI-05406-0,DMI,05406,Tørresø,55.5815,10.393,3.0,2014-10-28,2999-12-31,,first,11
DMI-05408-0,DMI,05408,H. C. Andersen Airport,55.4749,10.3305,14.0,2018-11-26,2999-12-31,,first,7
DMI-05435-0,DMI,05435,Bøjden,55.0977,10.1025,23.0,2009-12-09,2999-12-31,,first,15
DMI-05440-0,DMI,05440,Ulbølle,55.0741,10.4211,,2009-12-09,2999-12-31,,first,15
DMI-05450-0,DMI,05450,Søndenbro,54.7567,10.7094,7.0,2009-12-09,2999-12-31,,first,15
DMI-05455-0,DMI,05455,Rudkøbing,54.9463,10.7234,8.0,2009-12-09,2999-12-31,,first,15
DMI-05469-0,DMI,05469,Regstrup,55.3041,10.7279,8.0,2010-04-13,2020-08-19,,first,9
DMI-05469-1,DMI,05469,Regstrup,55.3474,10.7618,8.0,2020-08-19,2999-12-31,,moved,5
DMI-05499-0,DMI,05499,Mulstrup,55.4069,11.8623,39.0,2010-04-13,2999-12-31,,first,15
DMI-05505-0,DMI,05505,Store Merløse,55.5633,11.709,37.0,2009-12-08,2025-07-10,,first,12
DMI-05505-1,DMI,05505,Store Merløse,55.5506,11.7039,37.0,2025-07-10,2999-12-31,,moved,0
DMI-05510-0,DMI,05510,Rye,55.5271,11.238,8.0,2009-12-08,2022-12-16,,first,12
DMI-05510-1,DMI,05510,Rye,55.5183,11.2329,8.0,2022-12-16,2999-12-31,,moved,3
DMI-05529-0,DMI,05529,Havnsø,55.7521,11.3309,,2010-04-13,2999-12-31,,first,15
DMI-05537-0,DMI,05537,Mørkøv Syd,55.6366,11.4942,35.0,2012-03-01,2999-12-31,,first,13
DMI-05545-0,DMI,05545,Kollekolle,55.8689,11.6053,29.0,2009-12-08,2025-08-04,,first,14
DMI-05545-1,DMI,05545,Kollekolle,55.8601,11.6284,42.0,2025-08-04,2999-12-31,,moved,0
DMI-05575-0,DMI,05575,Græsted,56.0428,12.292,36.0,2009-12-08,2999-12-31,,first,15
DMI-05735-0,DMI,05735,Botanisk Have,55.6878,12.5742,6.0,2010-01-14,2999-12-31,,first,15
DMI-05880-0,DMI,05880,Møllebjerggård,55.2932,12.4223,37.0,2009-12-08,2999-12-31,,first,15
DMI-05889-0,DMI,05889,Orup,55.2075,12.098,38.0,2010-04-13,2999-12-31,,first,15
DMI-05935-0,DMI,05935,Køng,55.0983,11.8285,4.0,2009-12-08,2999-12-31,,first,15
DMI-05945-0,DMI,05945,Nørreby,54.9798,11.5336,13.0,2009-12-08,2999-12-31,,first,15
DMI-05960-0,DMI,05960,Nakskov,54.826,11.1541,,2009-12-08,2019-04-24,,first,8
DMI-05970-0,DMI,05970,Rødbyhavn,54.6573,11.3515,2.0,2009-12-21,2999-12-31,,first,15
DMI-05981-0,DMI,05981,Bjørup,54.7793,11.931,21.0,2023-02-22,2999-12-31,,first,2
DMI-05986-0,DMI,05986,Neble,54.9922,12.4538,,2010-04-13,2021-06-08,,first,10
DMI-05986-1,DMI,05986,Neble,54.96,12.24,2.0,2021-06-08,2999-12-31,,moved,4
DMI-06019-0,DMI,06019,Silstrup,56.93,8.6412,42.0,2002-03-22,2999-12-31,,first,15
DMI-06030-0,DMI,06030,Flyvestation Ålborg,57.0963,9.8505,3.0,1953-01-01,2999-12-31,,first,15
DMI-06031-0,DMI,06031,Tylstrup,57.1852,9.9527,13.0,1987-09-18,2999-12-31,,first,15
DMI-06039-0,DMI,06039,Galten,56.1618,9.9033,32.0,2025-10-23,2999-12-31,,first,0
DMI-06041-0,DMI,06041,Skagen Fyr,57.7363,10.6318,3.2,1953-01-01,2999-12-31,,first,15
DMI-06049-0,DMI,06049,Hald Vest,56.5604,10.0929,87.59,1999-11-19,2999-12-31,,first,0
DMI-06051-0,DMI,06051,Vestervig,56.7637,8.3207,18.0,2003-09-11,2999-12-31,,first,15
DMI-06052-0,DMI,06052,Thyborøn,56.705,8.2206,,1961-01-01,2999-12-31,,first,15
DMI-06058-0,DMI,06058,Hvide Sande,56.0005,8.1293,,1989-01-01,2001-11-07,,first,0
DMI-06058-1,DMI,06058,Hvide Sande,56.0072,8.1413,2.0,2001-11-07,2999-12-31,,moved,15
DMI-06060-0,DMI,06060,Flyvestation Karup,56.2935,9.1138,52.0,1953-01-01,2999-12-31,,first,15
DMI-06065-1,DMI,06065,Års Syd,56.7558,9.5067,31.74,1988-04-01,2999-12-31,,moved,15
DMI-06068-0,DMI,06068,Isenvad,56.0939,9.1811,60.35,2002-10-10,2999-12-31,,first,15
DMI-06069-0,DMI,06069,Foulum,56.4931,9.5709,53.4,1984-09-04,2999-12-31,,first,15
DMI-06070-0,DMI,06070,Århus Lufthavn,56.3083,10.6254,20.0,1998-05-20,2999-12-31,,first,15
DMI-06072-0,DMI,06072,Ødum,56.3027,10.1272,60.33,2001-05-28,2999-12-31,,first,15
DMI-06074-0,DMI,06074,Århus Syd,56.1945,10.1703,57.0,1976-06-14,2001-04-18,,first,0
DMI-06074-1,DMI,06074,Århus Syd,56.0803,10.1353,53.82,2001-04-18,2025-10-09,,moved,14
DMI-06079-2,DMI,06079,Anholt Havn,56.7169,11.5098,2.36,1980-04-06,2999-12-31,,moved,15
DMI-06080-0,DMI,06080,Esbjerg Lufthavn,55.5281,8.5626,25.0,1984-10-01,2999-12-31,,first,6
DMI-06082-0,DMI,06082,Borris,55.9591,8.6242,25.0,2002-04-17,2999-12-31,,first,15
DMI-06088-0,DMI,06088,Nordby,55.4483,8.4003,4.0,2003-07-23,2023-08-18,,first,12
DMI-06088-1,DMI,06088,Nordby,55.4426,8.3869,4.0,2023-08-18,2999-12-31,,moved,2
DMI-06102-0,DMI,06102,Bygholm Landbrugsskole,55.868,9.7872,22.09199905,2001-05-28,2024-12-05,,first,14
DMI-06102-1,DMI,06102,Bygholm Landbrugsskole,55.8583,9.7985,25.29,2024-12-05,2999-12-31,,moved,1
DMI-06104-0,DMI,06104,Billund Lufthavn,55.7379,9.1674,75.0,1973-05-11,2999-12-31,,first,15
DMI-06109-0,DMI,06109,Askov,55.4715,9.1124,62.0,1987-09-24,2999-12-31,,first,15
DMI-06110-0,DMI,06110,Flyvestation Skrydstrup,55.2251,9.2634,41.0,1985-01-16,2999-12-31,,first,15
DMI-06116-0,DMI,06116,Store Jyndevad,54.8987,9.123,15.3,1984-09-05,2999-12-31,,first,15
DMI-06119-0,DMI,06119,Kegnæs Fyr,54.8529,9.988,17.05,1961-01-01,2999-12-31,,first,15
DMI-06120-0,DMI,06120,H. C. Andersen Airport,55.4735,10.3297,15.0,1959-01-01,2999-12-31,,first,7
DMI-06126-0,DMI,06126,Årslev,55.3088,10.4398,49.2,2001-06-14,2999-12-31,,first,15
DMI-06134-0,DMI,06134,Tranebjerg Syd,55.811,10.5839,27.158,2025-04-25,2999-12-31,,first,0
DMI-06135-0,DMI,06135,Flakkebjerg,55.3224,11.3879,32.5,2001-06-06,2999-12-31,,first,15
DMI-06136-0,DMI,06136,Tystofte,55.2465,11.3285,12.0,2002-04-11,2999-12-31,,first,15
DMI-06138-0,DMI,06138,Langø,54.8205,10.9939,2.01,2000-05-23,2999-12-31,,first,15
DMI-06141-0,DMI,06141,Abed,54.8275,11.3292,7.0,1999-08-31,2999-12-31,,first,15
DMI-06147-1,DMI,06147,Vindebæk Kyst,54.879,12.1841,3.05,1976-04-01,2999-12-31,,moved,15
DMI-06149-0,DMI,06149,Gedser,54.5639,11.964,,1959-01-01,2003-02-20,,first,0
DMI-06149-1,DMI,06149,Gedser,54.5687,11.9435,3.26,2003-02-20,2999-12-31,,moved,15
DMI-06154-0,DMI,06154,Brandelev,55.2075,11.8605,44.52,2004-01-21,2999-12-31,,first,15
DMI-06156-0,DMI,06156,Holbæk Flyveplads,55.7154,11.7088,,1967-01-01,1997-07-12,,first,0
DMI-06156-1,DMI,06156,Holbæk Flyveplads,55.7358,11.6035,11.58,1997-07-12,2999-12-31,,moved,15
DMI-06159-0,DMI,06159,Røsnæs Fyr,55.7436,10.8691,14.16,1959-01-01,2999-12-31,,first,15
DMI-06169-0,DMI,06169,Gniben,56.0067,11.2805,14.39,1961-01-01,2999-12-31,,first,15
DMI-06170-0,DMI,06170,Roskilde Lufthavn,55.5867,12.1366,42.0,1973-04-01,2999-12-31,,first,15
DMI-06174-1,DMI,06174,Tessebølle,55.3955,12.149,20.74,1982-01-01,2999-12-31,,moved,15
DMI-06180-0,DMI,06180,Københavns Lufthavn,55.614,12.6455,5.0,1983-06-16,2999-12-31,,first,15
DMI-06188-0,DMI,06188,Sjælsmark,55.8764,12.4121,39.69,2003-08-08,2999-12-31,,first,15
DMI-20000-0,DMI,20000,Skagen Fyr,57.7363,10.6318,3.0,2001-03-02,2999-12-31,,first,9
DMI-20010-1,DMI,20010,HULSIG,57.6565,10.4502,11.0,1988-05-01,2010-01-02,,moved,11
DMI-20014-0,DMI,20014,BUNKEN,57.6289,10.4371,5.0,1985-11-01,1994-10-01,,first,0
DMI-20020-5,DMI,20020,NØRRE SØRIG,57.565,10.3458,12.0,1977-11-01,2009-04-02,,moved,12
DMI-20025-0,DMI,20025,TVERSTED,57.5791,10.1826,11.0,1980-05-01,1994-10-01,,first,0
DMI-20030-0,DMI,20030,Uggerby,57.5705,10.1073,8.0,2011-10-01,2999-12-31,,first,0
DMI-20050-0,DMI,20050,HIRTSHALS,57.5845,9.9422,28.0,1953-04-01,2005-02-17,,first,8
DMI-20050-1,DMI,20050,HIRTSHALS,57.5735,9.9658,21.0,2005-02-17,2007-01-02,,moved,1
DMI-20052-0,DMI,20052,SØNDERLEV,57.4733,9.8763,22.0,1959-10-01,1991-05-01,,first,0
DMI-20052-1,DMI,20052,SØNDERLEV,57.4736,9.9099,10.0,1991-05-01,2007-01-02,,moved,10
DMI-20055-0,DMI,20055,Nørre Lyngby N,57.4185,9.7608,22.0,2011-10-01,2999-12-31,,first,0
DMI-20058-0,DMI,20058,RAKKEBY,57.3888,9.9001,14.0,1860-12-01,1998-11-02,,first,0
DMI-20058-1,DMI,20058,RAKKEBY,57.3867,9.8717,14.0,1998-11-02,2001-11-02,,moved,2
DMI-20058-2,DMI,20058,RAKKEBY,57.3887,9.9004,14.0,2001-11-02,2002-11-22,,moved,0
DMI-20058-3,DMI,20058,RAKKEBY,57.3926,9.9296,18.0,2002-11-22,2005-12-02,,moved,3
DMI-20059-0,DMI,20059,GULDAGER,57.381,10.0095,30.0,1979-12-01,1999-01-02,,first,2
DMI-20060-3,DMI,20060,HJØRRING,57.4359,10.0117,25.0,1954-10-01,2010-08-02,,moved,13
DMI-20065-0,DMI,20065,KLASTRUP,57.4781,10.0558,26.0,1991-05-01,2007-01-02,,first,10
DMI-20079-0,DMI,20079,MOSBJERG,57.4933,10.2122,28.0,1994-11-01,2001-11-02,,first,4
DMI-20079-1,DMI,20079,MOSBJERG,57.5007,10.2495,28.0,2001-11-02,2006-02-02,,moved,4
DMI-20085-0,DMI,20085,Lendum,57.4029,10.2705,61.0,2011-10-01,2999-12-31,,first,0
DMI-20090-0,DMI,20090,ÅSTED VANDVÆRK,57.4262,10.4047,47.0,1965-10-01,1991-07-01,,first,0
DMI-20100-5,DMI,20100,FREDERIKSHAVN,57.4583,10.4946,10.0,1987-12-01,2010-08-02,,moved,13
DMI-20110-0,DMI,20110,HIRSHOLM FYR,57.4853,10.6253,3.0,1953-04-01,1995-10-01,,first,0
DMI-20120-1,DMI,20120,SÆBY VANDFORSYNING,57.3347,10.4958,23.0,1966-09-01,2008-06-02,,moved,11
DMI-20125-0,DMI,20125,HØRBY,57.3186,10.3844,33.0,1975-08-01,1992-01-01,,first,0
DMI-20127-0,DMI,20127,NYBORG,57.2748,10.3602,17.0,1883-12-01,1995-05-01,,first,0
DMI-20127-1,DMI,20127,NYBORG,57.2848,10.3324,26.0,1995-05-01,2007-01-02,,moved,10
DMI-20140-0,DMI,20140,KIRKHOLT,57.2976,10.1828,92.0,1953-01-01,2007-01-02,,first,10
DMI-20147-0,DMI,20147,FLAUENSKJOLD,57.2478,10.2853,16.0,1977-12-01,1991-07-01,,first,0
DMI-20150-4,DMI,20150,HELLUM,57.2644,10.205,98.0,1965-09-01,2010-08-02,,moved,12
DMI-20153-0,DMI,20153,HVILSHØJ,57.2297,10.0523,19.0,1991-05-01,1993-07-01,,first,0
DMI-20153-1,DMI,20153,HVILSHØJ,57.2401,10.0329,25.0,1993-07-01,2000-07-02,,moved,3
DMI-20153-2,DMI,20153,HVILSHØJ,57.2237,10.0735,18.0,2000-07-02,2003-07-30,,moved,2
DMI-20153-3,DMI,20153,HVILSHØJ,57.2257,10.0426,20.0,2003-07-30,2005-12-02,,moved,2
DMI-20160-0,DMI,20160,SERRITSLEV,57.3131,9.9749,27.0,1966-09-01,2009-04-02,,first,12
DMI-20182-0,DMI,20182,INGSTRUP,57.3206,9.7273,11.0,1991-05-01,2003-07-03,,first,6
DMI-20182-1,DMI,20182,INGSTRUP,57.3144,9.7083,17.0,2003-07-03,2009-04-02,,moved,5
DMI-20195-3,DMI,20195,PANDRUP,57.2191,9.6478,10.0,1977-08-01,2003-07-31,,moved,6
DMI-20195-4,DMI,20195,PANDRUP,57.21,9.6666,13.0,2003-07-31,2010-08-02,,moved,6
DMI-20199-0,DMI,20199,SKOVENGENE,57.1845,9.7569,6.0,1991-05-01,2007-01-02,,first,10
DMI-20200-0,DMI,20200,CENTRALGÅRDEN,57.2055,9.7899,8.0,1938-11-01,1993-01-01,,first,0
DMI-20210-0,DMI,20210,TYLSTRUP,57.1849,9.9542,13.0,1905-11-01,2003-10-21,,first,6
DMI-20210-1,DMI,20210,TYLSTRUP,57.1972,9.9468,12.0,2003-10-21,2009-04-02,,moved,5
DMI-20213-0,DMI,20213,LANGHOLT,57.1167,10.0957,13.0,1991-05-01,1996-12-21,,first,0
DMI-20213-1,DMI,20213,LANGHOLT,57.105,10.0812,13.0,1996-12-21,2010-01-02,,moved,13
DMI-20219-0,DMI,20219,HJALLERUP,57.1716,10.149,20.0,2002-06-02,2006-07-02,,first,3
DMI-20220-0,DMI,20220,THORUP,57.1853,10.2247,38.0,1966-09-01,1998-09-02,,first,1
DMI-20220-1,DMI,20220,THORUP,57.1831,10.203,33.0,1998-09-02,2001-04-02,,moved,2
DMI-20220-2,DMI,20220,THORUP,57.1853,10.228,40.0,2001-04-02,2002-05-02,,moved,0
DMI-20223-0,DMI,20223,ØRSØ,57.1794,10.334,36.0,2003-07-01,2007-01-02,,first,3
DMI-20225-0,DMI,20225,RØRHOLT,57.1334,10.2789,10.0,1975-08-01,2003-07-02,,first,6
DMI-20228-0,DMI,20228,Voerså Hede,57.2214,10.4708,22.0,2011-10-01,2999-12-31,,first,0
DMI-20230-0,DMI,20230,VOERSÅ,57.2064,10.4855,8.0,1952-11-01,1991-03-01,,first,0
DMI-20240-1,DMI,20240,MELHOLT,57.1125,10.3721,5.0,1986-01-01,2003-07-01,,moved,6
DMI-20240-2,DMI,20240,MELHOLT,57.1048,10.363,5.0,2003-07-01,2009-04-02,,moved,5
DMI-20270-0,DMI,20270,HALS,57.0,10.3089,3.0,1882-12-01,2004-05-26,,first,7
DMI-20270-1,DMI,20270,HALS,57.0087,10.3005,3.0,2004-05-26,2004-10-20,,moved,0
DMI-20272-0,DMI,20272,SPRINGBORG,57.0224,10.2311,4.0,1979-03-01,2010-08-02,,first,13
DMI-20275-1,DMI,20275,GANDRUP ENGE,57.0292,10.1784,2.0,1978-08-01,1992-06-01,,moved,0
DMI-20280-0,DMI,20280,DOKKEDAL,56.9295,10.2487,7.0,1942-11-01,2007-01-02,,first,10
DMI-20285-0,DMI,20285,DOKKEDAL S,56.8792,10.2617,3.0,1972-09-01,1997-12-02,,first,1
DMI-20286-0,DMI,20286,ØSTER HURUP,56.7951,10.2655,6.0,1991-05-01,2003-05-14,,first,6
DMI-20286-1,DMI,20286,ØSTER HURUP,56.8043,10.2651,7.0,2003-05-14,2006-06-02,,moved,0
DMI-20286-2,DMI,20286,ØSTER HURUP,56.7933,10.2617,5.0,2006-06-02,2006-07-02,,moved,0
DMI-20291-0,DMI,20291,DOLLERUP,56.8812,10.0124,43.0,1988-08-01,2003-05-14,,first,6
DMI-20291-1,DMI,20291,DOLLERUP,56.8782,10.0299,21.0,2003-05-14,2004-02-02,,moved,0
DMI-20292-0,DMI,20292,TORDERUP,56.9624,10.0406,9.0,1983-10-01,2005-05-10,,first,8
DMI-20295-0,DMI,20295,GUNDERUP,56.9262,9.9875,59.0,1973-11-01,2005-09-02,,first,0
DMI-20295-1,DMI,20295,GUNDERUP,56.9216,10.0145,62.0,2005-09-02,2008-05-02,,moved,2
DMI-20295-2,DMI,20295,GUNDERUP,56.9406,10.0215,55.0,2008-05-02,2010-01-02,,moved,1
DMI-20300-2,DMI,20300,KLARUP,57.0279,10.0596,2.0,1988-06-07,2003-05-09,,moved,6
DMI-20300-3,DMI,20300,KLARUP,57.0132,10.0399,5.0,2003-05-09,2007-01-02,,moved,3
DMI-20320-1,DMI,20320,NØRRE ØKSE,57.0967,9.5747,2.0,1953-05-01,1998-07-02,,moved,1
DMI-20320-2,DMI,20320,NØRRE ØKSE,57.1216,9.5837,3.0,1998-07-02,2009-04-02,,moved,10
DMI-20330-1,DMI,20330,ATTRUP,57.0489,9.4714,4.0,1986-08-01,2007-01-02,,moved,10
DMI-20340-0,DMI,20340,TRANUM KLIT,57.1684,9.4741,8.0,1956-05-01,2004-01-02,,first,7
DMI-20350-1,DMI,20350,HJORTDAL,57.1375,9.3732,37.0,1988-08-01,1992-09-01,,moved,0
DMI-20352-0,DMI,20352,SLETTESTRAND,57.1517,9.3639,5.0,1972-06-01,2010-01-02,,first,13
DMI-20360-1,DMI,20360,FJERRITSLEV,57.0835,9.255,12.0,1951-08-01,1994-06-01,,moved,0
DMI-20365-0,DMI,20365,UDKLIT,57.1008,9.2273,4.0,1973-06-01,1995-02-02,,first,0
DMI-20367-0,DMI,20367,KLIM STRAND,57.1324,9.181,5.0,1985-09-01,1994-10-01,,first,0
DMI-20370-0,DMI,20370,THORUP STRAND,57.1342,9.1307,7.0,1969-05-01,2005-04-02,,first,8
DMI-20380-4,DMI,20380,KLIM ODDE,57.0866,9.1637,2.0,1975-10-01,1994-10-01,,moved,0
DMI-20390-1,DMI,20390,GØTTRUP,57.0553,9.2108,7.0,1982-08-01,1999-03-02,,moved,2
DMI-20390-2,DMI,20390,GØTTRUP,57.0401,9.203,2.0,1999-03-02,2007-01-02,,moved,7
DMI-20400-0,DMI,20400,Aggersund,57.0143,9.2889,8.0,2011-10-01,2999-12-31,,first,0
DMI-20410-0,DMI,20410,LIVØ,56.89,9.0903,8.0,1913-03-01,2009-04-02,,first,12
DMI-20415-0,DMI,20415,RØNBJERG,56.9012,9.1798,23.0,1972-11-01,2007-01-02,,first,10
DMI-20430-1,DMI,20430,SKARP SALLING,56.9503,9.3595,28.0,1962-11-01,2007-01-02,,moved,10
DMI-20440-0,DMI,20440,FARSTRUP,56.9892,9.4678,9.0,1961-05-01,2007-01-02,,first,9
DMI-20450-1,DMI,20450,LUNDBÆK,56.9546,9.5968,41.0,1971-12-01,1991-10-01,,moved,0
DMI-20453-0,DMI,20453,GELSTRUP,56.9789,9.6642,18.0,2003-07-01,2010-08-02,,first,6
DMI-20455-0,DMI,20455,SØNDERHOLM,56.9985,9.7071,20.0,1994-11-01,1999-04-09,,first,2
DMI-20455-1,DMI,20455,SØNDERHOLM,57.0024,9.7549,34.0,1999-04-09,2003-07-02,,moved,3
DMI-20457-0,DMI,20457,FREJLEV,57.0021,9.8229,53.0,1997-07-02,2007-01-02,,first,9
DMI-20460-1,DMI,20460,SVENSTRUP J.,56.9708,9.8556,9.0,1959-07-01,2002-01-02,,moved,5
DMI-20470-1,DMI,20470,STØVRING HEDE,56.9173,9.8256,60.0,1976-04-01,2007-01-02,,moved,10
DMI-20480-0,DMI,20480,VEGGERBY,56.9054,9.6238,48.0,1961-05-01,2009-04-02,,first,12
DMI-20490-0,DMI,20490,GATTEN,56.8813,9.4015,22.0,1912-12-01,2015-05-01,,first,14
DMI-20500-0,DMI,20500,HORNUM,56.8334,9.4366,30.0,1917-06-01,1991-12-01,,first,0
DMI-20510-0,DMI,20510,RISGÅRDE,56.7963,9.2113,26.0,1961-04-01,2001-05-30,,first,4
DMI-20510-1,DMI,20510,RISGÅRDE,56.7677,9.2097,3.0,2001-05-30,2004-10-05,,moved,2
DMI-20512-0,DMI,20512,SJØRUP GÅRDE,56.7885,9.2577,18.0,2006-07-02,2009-04-02,,first,2
DMI-20520-2,DMI,20520,HVALPSUND,56.6923,9.1953,28.0,1986-11-01,1991-07-01,,moved,0
DMI-20530-1,DMI,20530,FARSØ,56.7736,9.3434,30.0,1970-05-01,2006-02-02,,moved,9
DMI-20540-2,DMI,20540,ÅRS,56.8018,9.5068,38.0,1928-04-01,1999-05-02,,moved,2
DMI-20540-3,DMI,20540,ÅRS,56.8063,9.4862,36.0,1999-05-02,2007-01-02,,moved,7
DMI-20550-4,DMI,20550,MORUM,56.7647,9.4709,28.0,1988-06-07,1991-07-01,,moved,0
DMI-20555-0,DMI,20555,BORREMOSE,56.7657,9.5765,31.0,1970-11-01,1994-10-01,,first,0
DMI-20560-1,DMI,20560,NØRAGER,56.6906,9.6503,42.0,1983-01-01,2001-04-26,,moved,4
DMI-20560-2,DMI,20560,NØRAGER,56.7054,9.625,38.0,2001-04-26,2006-11-07,,moved,4
DMI-20562-0,DMI,20562,HVORNUM,56.602,9.6587,12.0,1994-05-01,2007-01-02,,first,10
DMI-20563-0,DMI,20563,HANDEST,56.568,9.819,12.0,1994-11-01,2009-04-02,,first,12
DMI-20565-0,DMI,20565,HØRBY,56.6627,9.7696,53.0,1991-05-01,2003-10-23,,first,6
DMI-20565-1,DMI,20565,HØRBY,56.6525,9.745,53.0,2003-10-23,2010-08-02,,moved,6
DMI-20570-1,DMI,20570,HAVERSLEV,56.7856,9.6981,51.0,1985-10-01,2005-12-15,,moved,9
DMI-20570-2,DMI,20570,HAVERSLEV,56.7858,9.6765,41.0,2005-12-15,2009-04-02,,moved,3
DMI-20590-0,DMI,20590,SKØRPING,56.8361,9.8747,68.0,1906-10-01,1994-09-01,,first,0
DMI-20600-0,DMI,20600,Mørkeskov,56.8136,9.8247,84.0,2011-10-01,2999-12-31,,first,0
DMI-20610-1,DMI,20610,TERNDRUP,56.8118,10.0404,30.0,1974-05-01,1995-05-01,,moved,0
DMI-20610-2,DMI,20610,TERNDRUP,56.8081,10.069,41.0,1995-05-01,2010-08-02,,moved,12
DMI-20620-1,DMI,20620,ARDEN,56.767,9.8772,62.0,1984-09-01,2007-01-02,,moved,10
DMI-20630-0,DMI,20630,STENSTRUPGÅRD,56.7255,9.8958,65.0,1917-12-01,1991-07-01,,first,0
DMI-20640-0,DMI,20640,STUBBERUP,56.7133,9.9447,30.0,1968-09-01,2004-09-22,,first,7
DMI-20670-0,DMI,20670,Havnø,56.7157,10.1645,2.0,2011-10-01,2999-12-31,,first,0
DMI-21012-0,DMI,21012,VIGSØ,57.0954,8.7125,24.0,1995-04-01,2004-05-02,,first,7
DMI-21015-0,DMI,21015,HJARDEMÅL KLIT,57.1007,8.9001,10.0,1991-05-01,1995-04-01,,first,0
DMI-21020-0,DMI,21020,Lild Strand,57.1518,8.9649,6.0,2011-10-01,2999-12-31,,first,0
DMI-21030-0,DMI,21030,FRØSTRUP,57.0874,8.9962,16.0,1969-05-01,2007-01-02,,first,10
DMI-21035-1,DMI,21035,LYNGE,57.0609,9.0219,8.0,1981-01-01,1999-01-02,,moved,2
DMI-21040-1,DMI,21040,ØSLØS,57.0475,9.0148,9.0,1982-09-01,1991-07-01,,moved,0
DMI-21050-1,DMI,21050,ØSTERILD,57.0149,8.8486,5.0,1973-06-01,2009-04-02,,moved,12
DMI-21051-0,DMI,21051,SENNELS ÅS,56.9835,8.7996,33.0,1987-04-01,1991-07-01,,first,0
DMI-21055-0,DMI,21055,HINDING,57.0403,8.6583,37.0,1983-10-01,2011-04-02,,first,14
DMI-21056-0,DMI,21056,VILSBØL KLITPLANTAGE,57.0275,8.5559,25.0,1995-04-01,2000-06-02,,first,3
DMI-21057-0,DMI,21057,VESTER VANDET,57.0177,8.5741,28.0,1989-01-01,1991-04-01,,first,0
DMI-21060-0,DMI,21060,SILSTRUP,56.9319,8.64,43.0,1960-11-01,2003-08-02,,first,6
DMI-21074-0,DMI,21074,KLITMØLLER,57.0359,8.5354,14.0,2000-06-02,2003-07-02,,first,2
DMI-21080-0,DMI,21080,Nørre Vorupør,56.951,8.3769,16.0,2011-10-01,2999-12-31,,first,0
DMI-21085-0,DMI,21085,SVANKÆR,56.8395,8.3619,16.0,2001-04-02,2007-01-02,,first,5
DMI-21090-0,DMI,21090,LODBJERG FYR,56.8235,8.2634,20.0,1945-10-01,2001-01-02,,first,4
DMI-21100-0,DMI,21100,Vestervig,56.7637,8.3207,,1971-01-01,2020-10-01,,first,20
DMI-21100-1,DMI,21100,Vestervig,56.7793,8.3316,21.5,2020-10-01,2999-12-31,,moved,0
DMI-21110-1,DMI,21110,HØRDUM,56.8355,8.4818,15.0,1983-11-01,1998-09-02,,moved,1
DMI-21110-2,DMI,21110,HØRDUM,56.8444,8.5056,28.0,1998-09-02,2009-04-02,,moved,10
DMI-21120-0,DMI,21120,Erslev,56.8334,8.7297,26.0,2018-06-11,2999-12-31,,first,0
DMI-21125-0,DMI,21125,ØSTER HVIDBJERG,56.7443,8.611,25.0,1983-10-01,2009-04-02,,first,12
DMI-21130-2,DMI,21130,ØSTER ASSELS,56.701,8.6936,10.0,1983-04-01,2007-01-02,,moved,10
DMI-21140-1,DMI,21140,NYKØBING M.,56.7937,8.8459,2.0,1962-11-01,2002-08-29,,moved,5
DMI-21140-2,DMI,21140,NYKØBING M.,56.7741,8.8284,3.0,2002-08-29,2009-04-02,,moved,6
DMI-21145-0,DMI,21145,ALSTED,56.8504,8.8247,17.0,1973-03-01,2004-10-20,,first,7
DMI-21149-0,DMI,21149,FUR,56.8006,9.0078,2.0,1985-06-01,2007-01-02,,first,10
DMI-21160-0,DMI,21160,Junget,56.7637,9.0946,21.0,2011-10-01,2999-12-31,,first,0
DMI-21165-0,DMI,21165,ROSLEV,56.7052,8.9823,34.0,1983-10-01,2003-06-02,,first,6
DMI-21170-0,DMI,21170,OTTING,56.65,8.9323,38.0,1954-12-01,1996-12-12,,first,0
DMI-21170-1,DMI,21170,OTTING,56.6638,8.9007,30.0,1996-12-12,1998-09-02,,moved,1
DMI-21170-2,DMI,21170,OTTING,56.6394,8.9114,33.0,1998-09-02,2009-04-02,,moved,10
DMI-21175-0,DMI,21175,HÅSUM,56.5738,8.8341,3.0,1972-07-01,2009-04-02,,first,12
DMI-21180-0,DMI,21180,ØSTER LYBY,56.6276,9.044,28.0,1954-05-01,2010-01-02,,first,13
DMI-21195-0,DMI,21195,TASTUM,56.4933,9.0552,46.0,1972-01-01,1994-10-01,,first,0
DMI-21200-0,DMI,21200,SKIVE VANDVÆRK,56.5432,9.1068,1.0,1960-01-01,1994-05-01,,first,0
DMI-21200-1,DMI,21200,SKIVE VANDVÆRK,56.5354,9.0564,4.0,1994-05-01,2007-01-02,,moved,10
DMI-21215-0,DMI,21215,KVOSTED,56.5253,9.2462,8.0,1984-11-01,1999-01-02,,first,2
DMI-21217-0,DMI,21217,SPARKÆR,56.4855,9.2125,18.0,2002-02-02,2010-08-02,,first,8
DMI-21220-0,DMI,21220,LØGSTRUP,56.512,9.337,45.0,1962-11-01,2006-01-02,,first,5
DMI-21230-1,DMI,21230,ULBJERG,56.6275,9.3506,31.0,1979-06-01,2011-04-02,,moved,13
DMI-21240-1,DMI,21240,ÅLESTRUP,56.7022,9.4775,27.0,1990-09-01,2007-01-02,,moved,10
DMI-21245-0,DMI,21245,ETTRUP,56.6488,9.4493,18.0,1985-06-01,2003-07-02,,first,6
DMI-21260-0,DMI,21260,BJERREGRAV,56.5776,9.5017,5.0,1961-07-01,2009-04-02,,first,4
DMI-21265-0,DMI,21265,LØVEL,56.5306,9.4776,46.0,1995-04-01,2002-01-02,,first,5
DMI-21270-0,DMI,21270,KLEJTRUP,56.5894,9.6306,19.0,1953-10-01,1993-01-01,,first,0
DMI-21280-0,DMI,21280,ØRUM,56.5099,9.6116,50.0,1952-11-01,2002-02-02,,first,0
DMI-21280-1,DMI,21280,ØRUM,56.484,9.6011,59.0,2002-02-02,2003-07-10,,moved,1
DMI-21280-2,DMI,21280,ØRUM,56.4809,9.6337,57.0,2003-07-10,2010-08-02,,moved,6
DMI-21295-0,DMI,21295,OVERLUND,56.4519,9.442,55.0,2003-12-10,2007-01-02,,first,3
DMI-21302-0,DMI,21302,VIBORG SYGEHUS VEST,56.4452,9.4036,32.0,1980-03-30,2999-12-31,,first,14
DMI-21310-1,DMI,21310,STANGHEDE,56.3872,9.3085,62.0,1970-06-01,2009-04-02,,moved,12
DMI-21312-0,DMI,21312,RINDSHOLM,56.4105,9.4105,24.0,1982-08-01,2003-07-02,,first,5
DMI-21320-0,DMI,21320,SJØRUP,56.4273,9.0849,44.0,1966-04-01,2007-01-02,,first,10
DMI-21330-0,DMI,21330,RESEN,56.3793,9.0876,30.0,1966-04-01,1996-12-14,,first,0
DMI-21330-1,DMI,21330,RESEN,56.3943,9.088,36.0,1996-12-14,1997-03-02,,moved,0
DMI-21330-2,DMI,21330,RESEN,56.3818,9.0884,28.0,1997-03-02,1997-07-02,,moved,0
DMI-21335-0,DMI,21335,RESEN NØRREHEDE,56.396,9.0764,33.0,1974-09-01,1994-10-01,,first,0
DMI-21340-0,DMI,21340,SEJBÆK,56.3938,9.1519,46.0,1966-08-01,1992-12-01,,first,0
DMI-21355-0,DMI,21355,FIREHUSE,56.338,9.2085,60.0,1974-10-01,1994-10-01,,first,0
DMI-21360-0,DMI,21360,HØGILD VANDMØLLE,56.3458,9.1147,24.0,1966-05-01,2005-08-02,,first,8
DMI-21370-2,DMI,21370,KARUP,56.3067,9.166,36.0,1957-11-01,2011-04-02,,moved,6
DMI-21380-1,DMI,21380,HAVREDAL,56.3344,9.2725,68.0,1973-06-01,1993-12-01,,moved,0
DMI-21380-2,DMI,21380,HAVREDAL,56.3232,9.2702,62.0,1993-12-01,2001-12-02,,moved,5
DMI-21390-0,DMI,21390,TORNING VESTERMARK,56.2808,9.2786,66.0,1966-05-01,1991-10-01,,first,0
DMI-21400-0,DMI,21400,VALLERBÆK,56.2586,9.2072,49.0,1966-05-01,1998-03-12,,first,1
DMI-21400-1,DMI,21400,VALLERBÆK,56.2715,9.2168,48.0,1998-03-12,2004-07-02,,moved,5
DMI-21405-0,DMI,21405,VINDUM HEDE,56.3887,9.55,49.0,1982-11-01,2009-04-02,,first,12
DMI-21410-2,DMI,21410,GRÅMOSE,56.2367,9.3221,73.0,1974-07-01,1994-10-01,,moved,0
DMI-21420-2,DMI,21420,ASTRUP,56.2756,9.5189,68.0,1954-04-01,1991-09-01,,moved,0
DMI-21420-3,DMI,21420,ASTRUP,56.2842,9.5106,60.0,1991-09-01,1994-05-20,,moved,0
DMI-21420-4,DMI,21420,ASTRUP,56.2786,9.4957,60.0,1994-05-20,1997-10-02,,moved,0
DMI-21430-0,DMI,21430,Grønbæk,56.2761,9.6256,,2011-10-01,2999-12-31,,first,0
DMI-21433-0,DMI,21433,LEVRING,56.3005,9.4605,51.0,1998-03-02,2007-01-02,,first,8
DMI-21437-0,DMI,21437,RØDKÆRSBRO,56.3583,9.4828,48.0,1971-04-01,1994-01-01,,first,0
DMI-21440-0,DMI,21440,TANGE,56.3545,9.6026,13.0,1955-11-01,2007-01-02,,first,10
DMI-21450-0,DMI,21450,BJERRINGBRO,56.3779,9.6577,12.0,1943-11-01,1991-07-01,,first,0
DMI-21460-0,DMI,21460,TINDBÆK,56.4614,9.7628,50.0,1995-04-01,2007-01-02,,first,10
DMI-21470-0,DMI,21470,HVORSLEV,56.3639,9.7601,65.0,1995-04-01,1996-05-02,,first,0
DMI-21471-0,DMI,21471,TIND,56.3572,9.7363,62.0,1996-09-01,2000-10-12,,first,3
DMI-21471-1,DMI,21471,TIND,56.3543,9.714,56.0,2000-10-12,2007-01-02,,moved,6
DMI-22005-0,DMI,22005,HAVNDAL,56.6422,10.1807,38.0,1981-08-01,2009-04-02,,first,12
DMI-22007-0,DMI,22007,SØDRINGHOLM,56.6289,10.3201,3.0,1984-12-01,1994-04-01,,first,0
DMI-22007-1,DMI,22007,SØDRINGHOLM,56.6405,10.3163,2.0,1994-04-01,2007-01-02,,moved,10
DMI-22015-0,DMI,22015,ASFERG,56.5464,9.937,47.0,1981-08-01,1995-12-01,,first,0
DMI-22015-1,DMI,22015,ASFERG,56.5473,9.9591,40.0,1995-12-01,2002-02-02,,moved,5
DMI-22015-2,DMI,22015,ASFERG,56.544,9.9208,36.0,2002-02-02,2002-07-02,,moved,0
DMI-22020-0,DMI,22020,Hald,56.5664,10.0983,78.0,2008-08-27,2999-12-31,,first,2
DMI-22025-0,DMI,22025,HEM,56.6144,10.0363,58.0,1981-08-01,1994-10-01,,first,0
DMI-22030-2,DMI,22030,KLOSTERMARKEN,56.6036,9.9431,35.0,1982-03-01,1994-05-19,,moved,0
DMI-22030-3,DMI,22030,KLOSTERMARKEN,56.6079,9.9963,56.0,1994-05-19,2000-02-16,,moved,3
DMI-22030-4,DMI,22030,KLOSTERMARKEN,56.6341,9.9793,51.0,2000-02-16,2009-04-02,,moved,8
DMI-22040-2,DMI,22040,ÅLUM,56.4523,9.8482,15.0,1990-09-01,1994-10-01,,moved,0
DMI-22045-0,DMI,22045,ØSTER BJERREGRAV,56.4866,9.9095,48.0,1994-10-01,2003-06-12,,first,6
DMI-22045-1,DMI,22045,ØSTER BJERREGRAV,56.4855,9.9301,33.0,2003-06-12,2010-01-02,,moved,6
DMI-22055-0,DMI,22055,STEVNSTRUP,56.4328,9.9617,3.0,1972-09-01,1998-01-02,,first,1
DMI-22060-0,DMI,22060,RANDERS,56.4519,10.0467,5.0,1926-07-01,1998-03-02,,first,0
DMI-22060-1,DMI,22060,RANDERS,56.4481,10.0183,7.0,1998-03-02,2004-02-14,,moved,5
DMI-22062-0,DMI,22062,ALBÆK,56.482,10.153,3.0,1981-08-01,2009-04-02,,first,12
DMI-22065-0,DMI,22065,HOLLANDSBJERG,56.5023,10.3095,11.0,1976-12-01,2003-05-15,,first,6
DMI-22065-1,DMI,22065,HOLLANDSBJERG,56.494,10.2722,9.0,2003-05-15,2007-01-02,,moved,3
DMI-22070-1,DMI,22070,AUNING,56.4248,10.411,28.0,1961-01-01,1994-10-01,,moved,0
DMI-22075-0,DMI,22075,SORVAD,56.4687,10.4094,15.0,1971-01-01,2007-01-02,,first,10
DMI-22080-0,DMI,22080,Hevringsholm,56.5062,10.4403,12.0,2011-10-01,2999-12-31,,first,0
DMI-22090-0,DMI,22090,MEILGAARD,56.5023,10.6574,14.0,1890-01-01,2007-01-02,,first,10
DMI-22095-1,DMI,22095,RAMTEN,56.4407,10.6812,21.0,1989-04-01,1994-05-01,,moved,0
DMI-22095-2,DMI,22095,RAMTEN,56.4359,10.6218,26.0,1994-05-01,2007-01-02,,moved,10
DMI-22096-0,DMI,22096,FANNERUP,56.3964,10.7139,2.0,1874-11-01,1994-10-01,,first,0
DMI-22100-0,DMI,22100,LANGHOLM,56.5214,10.8029,8.0,1966-09-01,2003-04-02,,first,6
DMI-22102-0,DMI,22102,STOKKEBRO,56.5029,10.818,12.0,1988-11-01,2009-04-02,,first,4
DMI-22125-0,DMI,22125,FUGLSANG,56.3893,10.9122,3.0,1984-09-01,1991-07-01,,first,0
DMI-22130-1,DMI,22130,DJURSGÅRD,56.4226,10.7986,18.0,1972-05-01,2010-08-02,,moved,13
DMI-22140-0,DMI,22140,TRUSTRUP,56.3491,10.8084,33.0,1873-11-01,2002-03-02,,first,4
DMI-22140-1,DMI,22140,TRUSTRUP,56.3446,10.785,32.0,2002-03-02,2002-08-02,,moved,0
DMI-22140-2,DMI,22140,TRUSTRUP,56.3417,10.7528,33.0,2002-08-02,2007-01-02,,moved,3
DMI-22145-0,DMI,22145,GRAVLEV,56.2698,10.7396,15.0,1981-08-01,2010-01-02,,first,13
DMI-22150-4,DMI,22150,EBELTOFT,56.2153,10.676,4.0,1981-09-01,1995-05-01,,moved,0
DMI-22150-5,DMI,22150,EBELTOFT,56.2068,10.689,13.0,1995-05-01,2009-04-02,,moved,12
DMI-22152-0,DMI,22152,BOESLUM,56.202,10.7144,10.0,1991-10-01,1993-04-01,,first,0
DMI-22155-1,DMI,22155,ELSEGÅRDE,56.1693,10.7241,21.0,1986-08-01,1991-07-01,,moved,0
DMI-22162-0,DMI,22162,Sibirien,56.1103,10.5466,14.0,2011-10-01,2999-12-31,,first,0
DMI-22165-0,DMI,22165,TVED,56.1989,10.4279,21.0,1995-05-01,2010-01-02,,first,13
DMI-22170-0,DMI,22170,TOGGERBO,56.2152,10.5434,79.0,1924-04-01,1999-01-02,,first,2
DMI-22180-1,DMI,22180,ULSTRUP,56.2498,10.6169,23.0,1985-02-01,1991-07-01,,moved,0
DMI-22202-0,DMI,22202,ATTRUP DJURS,56.3874,10.5542,35.0,1991-10-01,2005-04-02,,first,8
DMI-22204-0,DMI,22204,MARIE MAGDALENE,56.386,10.4767,,2005-10-20,2008-07-02,,first,2
DMI-22208-0,DMI,22208,SKAFØGÅRD,56.3612,10.4054,13.0,1971-08-01,1997-02-02,,first,0
DMI-22208-1,DMI,22208,SKAFØGÅRD,56.3597,10.386,37.0,1997-02-02,2005-04-02,,moved,8
DMI-22212-0,DMI,22212,HAVHUSENE,56.2895,10.3819,1.0,1982-01-01,2007-01-02,,first,10
DMI-22215-0,DMI,22215,LIME,56.3843,10.2488,25.0,1982-01-01,1991-07-01,,first,0
DMI-22216-0,DMI,22216,LIME II,56.3883,10.2512,32.0,1983-11-01,2010-01-02,,first,13
DMI-22230-0,DMI,22230,RØVED,56.3033,10.128,61.0,1950-10-01,1995-05-01,,first,0
DMI-22230-1,DMI,22230,RØVED,56.316,10.1573,77.0,1995-05-01,2005-03-02,,moved,8
DMI-22244-0,DMI,22244,ØLST,56.393,10.0983,19.0,2000-10-02,2007-01-02,,first,6
DMI-22245-0,DMI,22245,ASKILDRUP,56.3876,10.055,71.0,1991-05-01,2000-06-02,,first,3
DMI-22250-2,DMI,22250,LINDKÆR,56.3726,9.9518,71.0,1972-11-01,2009-04-02,,moved,12
DMI-22260-3,DMI,22260,HAMMEL,56.2534,9.8649,68.0,1970-01-01,1998-03-02,,moved,1
DMI-22260-4,DMI,22260,HAMMEL,56.242,9.8645,78.0,1998-03-02,2004-06-02,,moved,5
DMI-22265-0,DMI,22265,GJERN,56.2451,9.7495,61.0,1995-06-01,2007-01-02,,first,10
DMI-22280-0,DMI,22280,LADING,56.2195,9.996,72.0,1969-03-01,2010-01-02,,first,13
DMI-22320-0,DMI,22320,ELSTED,56.2417,10.2277,56.0,1959-06-01,1991-10-01,,first,0
DMI-22320-1,DMI,22320,ELSTED,56.231,10.2068,53.0,1991-10-01,2003-10-24,,moved,6
DMI-22320-2,DMI,22320,ELSTED,56.2464,10.2301,60.0,2003-10-24,2009-04-02,,moved,5
DMI-22360-0,DMI,22360,VIBY J.,56.1222,10.1847,53.0,1967-01-01,2010-08-02,,first,13
DMI-22367-0,DMI,22367,BRABRAND,56.1609,10.1259,68.0,1979-02-01,1994-10-01,,first,0
DMI-22375-0,DMI,22375,BRABRAND NV,56.1651,10.081,33.0,1989-12-01,2007-01-02,,first,10
DMI-22390-0,DMI,22390,TÅSTRUP,56.1269,9.9879,13.0,1969-03-01,2003-10-02,,first,6
DMI-22392-0,DMI,22392,STJÆR,56.1215,9.9534,52.0,2003-09-25,2007-01-02,,first,3
DMI-22400-0,DMI,22400,SJELLE,56.1829,9.9334,67.0,1969-03-01,1991-07-01,,first,0
DMI-22410-0,DMI,22410,Låsby,56.1496,9.7876,,2011-10-01,2024-10-31,,first,0
DMI-22410-1,DMI,22410,Låsby,56.1581,9.8145,63.5,2024-10-31,2999-12-31,,moved,0
DMI-22412-0,DMI,22412,SORRING VANDVÆRK,56.1631,9.7751,55.0,1986-11-01,1994-10-01,,first,0
DMI-22415-0,DMI,22415,SKANNERUP,56.2093,9.7438,83.0,1981-08-01,1994-08-01,,first,0
DMI-22420-2,DMI,22420,SILKEBORG,56.1604,9.5589,26.0,1954-04-01,1995-06-01,,moved,0
DMI-22420-3,DMI,22420,SILKEBORG,56.1559,9.5397,24.0,1995-06-01,2010-08-02,,moved,13
DMI-22422-0,DMI,22422,HVINNINGDAL,56.1636,9.4905,47.0,1977-09-01,1991-07-01,,first,0
DMI-22435-0,DMI,22435,SINDING,56.2092,9.4593,76.0,1972-05-01,2007-01-02,,first,10
DMI-22450-0,DMI,22450,KOLPENSIG,56.0856,9.3493,79.0,1893-12-01,2007-01-02,,first,10
DMI-22451-0,DMI,22451,GLUDSTED PLANTAGE,56.0736,9.3341,85.0,2008-11-14,2016-09-21,,first,2
DMI-22460-1,DMI,22460,VELLING BRYRUP,56.0324,9.5162,102.0,1988-05-01,1994-10-01,,moved,0
DMI-22500-1,DMI,22500,HIMMELBJERGET,56.0954,9.6717,123.0,1964-11-01,2001-03-02,,moved,4
DMI-22502-0,DMI,22502,GAMMEL RYE,56.0803,9.7023,107.0,2001-03-02,2009-04-02,,first,7
DMI-22505-0,DMI,22505,LAVEN,56.1234,9.7055,54.0,1987-07-01,1994-10-01,,first,0
DMI-22510-0,DMI,22510,RY,56.0913,9.7586,32.0,1962-04-01,1991-07-01,,first,0
DMI-22520-3,DMI,22520,EJER BAVNEHØJ,55.9782,9.8267,166.0,1971-04-01,2005-03-12,,moved,8
DMI-22530-0,DMI,22530,SKANDERBORG CENTRALRENSEANLÆG,56.0361,9.9084,28.0,1968-10-01,2009-04-02,,first,12
DMI-22540-0,DMI,22540,SKANDERBORG,56.0444,9.9227,60.0,1917-04-01,2003-07-02,,first,6
DMI-22550-0,DMI,22550,HØRNING,56.0852,10.0357,67.0,1913-05-01,1991-07-01,,first,0
DMI-22563-0,DMI,22563,TAMMESTRUP ØDE,56.0069,10.0119,71.0,1995-06-01,2001-11-02,,first,4
DMI-22564-0,DMI,22564,GJESING,55.9963,10.024,70.0,2001-11-02,2010-01-02,,first,8
DMI-22570-0,DMI,22570,MALLING,56.0357,10.1955,51.0,1890-01-01,2003-05-02,,first,6
DMI-22571-0,DMI,22571,BEDER,56.0537,10.207,49.0,2003-05-02,2005-03-15,,first,1
DMI-22590-0,DMI,22590,ODDER,55.969,10.1468,8.0,1968-03-01,1999-03-02,,first,2
DMI-22590-1,DMI,22590,ODDER,55.9707,10.1784,11.0,1999-03-02,1999-08-02,,moved,0
DMI-22590-2,DMI,22590,ODDER,55.9885,10.1757,9.0,1999-08-02,2009-04-02,,moved,9
DMI-22593-0,DMI,22593,DYNGBY,55.9494,10.254,15.0,1985-06-01,1994-10-01,,first,0
DMI-22595-0,DMI,22595,SPØTTRUP STRAND,55.927,10.257,1.0,1973-05-01,1997-10-02,,first,0
DMI-22600-0,DMI,22600,HOV,55.9127,10.2533,2.0,1901-01-01,2010-03-02,,first,13
DMI-22615-0,DMI,22615,ALRØ,55.85,10.0663,3.0,2006-06-02,2007-01-02,,first,0
DMI-23020-0,DMI,23020,EJSTRUPHOLM,55.9852,9.287,64.0,1966-05-01,1991-07-01,,first,0
DMI-23020-1,DMI,23020,EJSTRUPHOLM,55.9743,9.2752,67.0,1991-07-01,2007-01-02,,moved,10
DMI-23030-0,DMI,23030,HAMPEN,56.0194,9.3527,79.0,1959-09-01,2007-01-02,,first,10
DMI-23040-0,DMI,23040,PALSGÅRD,56.0043,9.3913,92.0,1893-11-01,1994-10-01,,first,0
DMI-23050-0,DMI,23050,NØRRE SNEDE,55.969,9.3943,113.0,1862-11-01,1996-08-31,,first,0
DMI-23050-1,DMI,23050,NØRRE SNEDE,55.9742,9.3942,85.0,1996-08-31,2001-07-02,,moved,4
DMI-23050-2,DMI,23050,NØRRE SNEDE,55.9624,9.3837,99.0,2001-07-02,2010-01-02,,moved,8
DMI-23060-1,DMI,23060,RISHEDE,55.9544,9.4801,99.0,1967-04-01,2007-01-02,,moved,10
DMI-23070-1,DMI,23070,LINNERUP,55.9016,9.4903,100.0,1968-05-01,1994-10-01,,moved,0
DMI-23075-0,DMI,23075,SKOVBY,55.8829,9.5977,66.0,1971-05-01,1994-10-01,,first,0
DMI-23080-0,DMI,23080,ÅSTEDBRO,55.8991,9.6092,51.0,1966-06-01,1993-09-01,,first,0
DMI-23090-2,DMI,23090,HÅRUP,55.9215,9.6038,71.0,1987-12-01,2007-01-02,,moved,10
DMI-23095-0,DMI,23095,LØNDAL,56.0492,9.5893,53.0,1901-03-01,2007-01-02,,first,10
DMI-23097-0,DMI,23097,VISSING KLOSTER,56.0509,9.6488,35.0,1975-06-01,1993-07-01,,first,0
DMI-23100-0,DMI,23100,Vestbirk,55.961,9.7021,56.0,2003-09-25,2999-12-31,,first,7
DMI-23120-0,DMI,23120,TVINGSTRUP,55.9139,9.9284,67.0,1880-07-26,2005-04-02,,first,8
DMI-23125-0,DMI,23125,VORSØ,55.8661,10.0038,3.0,1979-10-01,2006-04-02,,first,9
DMI-23130-0,DMI,23130,SEJET,55.826,9.9442,14.0,1962-09-01,2009-04-02,,first,12
DMI-23133-0,DMI,23133,Juelsminde,55.7102,9.9962,24.0,2011-10-01,2999-12-31,,first,0
DMI-23135-1,DMI,23135,BRETH,55.728,9.8811,70.0,1981-10-01,2007-01-02,,moved,10
DMI-23140-0,DMI,23140,HATTING,55.8603,9.7887,29.0,1963-05-01,1995-06-01,,first,0
DMI-23140-1,DMI,23140,HATTING,55.8671,9.7692,34.0,1995-06-01,1998-04-02,,moved,1
DMI-23145-0,DMI,23145,KORNING,55.8518,9.7034,38.0,1940-12-01,1998-04-02,,first,0
DMI-23145-1,DMI,23145,KORNING,55.8571,9.7262,32.0,1998-04-02,2009-04-02,,moved,10
DMI-23154-0,DMI,23154,HEDENSTED,55.7533,9.6813,75.0,1995-07-01,2003-06-02,,first,6
DMI-23154-1,DMI,23154,HEDENSTED,55.7407,9.676,79.0,2003-06-02,2004-10-02,,moved,0
DMI-23154-2,DMI,23154,HEDENSTED,55.7723,9.6864,64.0,2004-10-02,2004-12-02,,moved,0
DMI-23160-0,DMI,23160,Hesseballe,55.8314,9.5533,68.0,2011-10-01,2999-12-31,,first,0
DMI-23180-1,DMI,23180,TØRRING,55.862,9.4911,72.0,1985-04-01,1993-01-01,,moved,0
DMI-23200-0,DMI,23200,ØRNSHOLT,55.8817,9.4158,97.0,1966-06-01,2007-01-02,,first,10
DMI-23210-0,DMI,23210,THYREGOD,55.9093,9.2527,76.0,1966-04-01,1991-07-01,,first,0
DMI-23220-0,DMI,23220,GIVE,55.8428,9.2335,83.0,1937-04-01,1991-10-01,,first,0
DMI-23220-1,DMI,23220,GIVE,55.8382,9.2065,99.0,1991-10-01,2007-01-02,,moved,10
DMI-23230-2,DMI,23230,KULHEDE,55.8026,9.3352,88.0,1970-06-01,2008-10-02,,moved,11
DMI-23250-0,DMI,23250,BREDSTEN,55.6954,9.3826,80.0,1959-07-01,2007-01-02,,first,10
DMI-23260-0,DMI,23260,VEJLE GREJSDAL,55.7267,9.5321,10.0,1880-09-01,2000-04-02,,first,3
DMI-23262-0,DMI,23262,VEJLE,55.693,9.5195,70.0,2000-07-02,2001-11-02,,first,0
DMI-23262-1,DMI,23262,VEJLE,55.6723,9.5754,71.0,2001-11-02,2004-10-01,,moved,1
DMI-23262-2,DMI,23262,VEJLE,55.7013,9.5148,2.0,2004-10-01,2004-12-02,,moved,0
DMI-23270-1,DMI,23270,BØRKOP,55.6268,9.6467,52.0,1980-05-01,2010-01-02,,moved,13
DMI-23295-0,DMI,23295,ERRITSØ,55.5499,9.7267,8.0,1873-10-01,1994-10-01,,first,0
DMI-23297-0,DMI,23297,SØNDERSKOV,55.5305,9.6782,23.0,1994-10-01,2007-01-02,,first,10
DMI-23300-0,DMI,23300,HÅSTRUP,55.5912,9.5455,60.0,1964-06-01,2007-01-02,,first,10
DMI-23309-2,DMI,23309,EGTVED,55.5991,9.3912,78.0,1909-06-01,1995-07-01,,moved,0
DMI-23309-3,DMI,23309,EGTVED,55.6295,9.3016,68.0,1995-07-01,2010-01-02,,moved,13
DMI-23310-0,DMI,23310,BRAKKER S,55.5891,9.3952,53.0,1955-05-01,2007-01-02,,first,10
DMI-23320-1,DMI,23320,HARTE,55.5076,9.4302,50.0,1972-05-01,2001-03-02,,moved,4
DMI-23320-2,DMI,23320,HARTE,55.526,9.4024,48.0,2001-03-02,2003-06-28,,moved,1
DMI-23320-3,DMI,23320,HARTE,55.506,9.4289,52.0,2003-06-28,2010-08-02,,moved,6
DMI-23330-2,DMI,23330,AGTRUP,55.4573,9.6055,16.0,1952-04-01,2004-10-02,,moved,7
DMI-23330-3,DMI,23330,AGTRUP,55.4609,9.5591,23.0,2004-10-02,2005-09-02,,moved,0
DMI-23335-0,DMI,23335,LUNDERSKOV,55.4643,9.2956,45.0,1981-07-01,2003-07-02,,first,6
DMI-23335-1,DMI,23335,LUNDERSKOV,55.4898,9.2916,43.0,2003-07-02,2005-07-05,,moved,1
DMI-23335-2,DMI,23335,LUNDERSKOV,55.4679,9.3127,46.0,2005-07-05,2007-01-02,,moved,1
DMI-23340-0,DMI,23340,VAMDRUP,55.4284,9.2868,38.0,1953-06-01,1991-07-01,,first,0
DMI-23350-0,DMI,23350,ØDIS,55.4178,9.4371,54.0,1997-07-02,1998-10-02,,first,0
DMI-23350-1,DMI,23350,ØDIS,55.4089,9.4522,45.0,1998-10-02,2003-06-28,,moved,4
DMI-23350-2,DMI,23350,ØDIS,55.4154,9.4072,50.0,2003-06-28,2007-01-02,,moved,3
DMI-24020-0,DMI,24020,TRANS,56.5132,8.1199,41.0,1876-03-01,1994-09-01,,first,0
DMI-24020-1,DMI,24020,TRANS,56.5298,8.1301,12.0,1994-09-01,1996-11-02,,moved,0
DMI-24020-2,DMI,24020,TRANS,56.5073,8.1276,35.0,1996-11-02,2009-05-02,,moved,12
DMI-24030-0,DMI,24030,NØRMARK,56.5535,8.2932,23.0,1893-12-01,2007-03-02,,first,10
DMI-24040-1,DMI,24040,GUDUM J.,56.5048,8.4874,39.0,1983-11-01,1994-10-01,,moved,0
DMI-24042-0,DMI,24042,JESTRUP,56.6634,8.435,2.0,1998-02-02,1999-11-02,,first,1
DMI-24043-0,DMI,24043,Semb,56.6553,8.5476,23.0,2011-10-01,2999-12-31,,first,0
DMI-24045-0,DMI,24045,SØNDBJERG,56.6197,8.5732,26.0,1986-08-01,1991-02-01,,first,0
DMI-24050-0,DMI,24050,HUMLUM,56.5335,8.5594,26.0,1873-12-01,1998-07-02,,first,1
DMI-24050-1,DMI,24050,HUMLUM,56.5358,8.5415,16.0,1998-07-02,2001-04-02,,moved,2
DMI-24050-2,DMI,24050,HUMLUM,56.5312,8.5678,31.0,2001-04-02,2005-04-02,,moved,3
DMI-24060-1,DMI,24060,SEVEL,56.4515,8.8762,35.0,1972-05-01,2007-01-02,,moved,10
DMI-24070-0,DMI,24070,MOGENSTRUP,56.4712,8.9631,11.0,1893-12-01,2010-01-02,,first,13
DMI-24078-0,DMI,24078,HØSTRUP,56.383,9.0319,23.0,1974-07-01,1994-10-01,,first,0
DMI-24080-0,DMI,24080,HADERUPLUND,56.3704,8.9889,22.0,1966-08-01,2009-04-02,,first,12
DMI-24085-0,DMI,24085,OVER FELDBORG,56.3521,8.9374,37.0,1973-11-01,1994-10-01,,first,0
DMI-24086-0,DMI,24086,VESTER FELDBORG,56.3462,8.9165,33.0,1974-10-01,1992-01-01,,first,0
DMI-24090-0,DMI,24090,HODSAGER,56.3038,8.8844,31.0,1966-08-01,1991-07-01,,first,0
DMI-24093-0,DMI,24093,SAVSTRUP,56.3621,8.7485,18.0,1994-09-01,2007-01-02,,first,10
DMI-24097-1,DMI,24097,KVIUM,56.4359,8.6828,32.0,1986-08-01,2010-08-02,,moved,13
DMI-24105-0,DMI,24105,NØRRE FELDING,56.323,8.6223,26.0,1978-05-01,2010-01-02,,first,13
DMI-24108-0,DMI,24108,FALSIG,56.3921,8.4774,29.0,1994-09-01,2005-12-02,,first,9
DMI-24110-0,DMI,24110,FRUERHØJ,56.4561,8.4116,27.0,1893-12-01,2009-04-02,,first,12
DMI-24120-1,DMI,24120,MØBORG N,56.4289,8.3623,14.0,1974-02-01,1991-04-02,,moved,0
DMI-24121-0,DMI,24121,BØVLINGBJERG,56.4407,8.2213,5.0,1994-09-01,2003-05-08,,first,6
DMI-24121-1,DMI,24121,BØVLINGBJERG,56.4294,8.2136,6.0,2003-05-08,2003-06-06,,moved,0
DMI-24127-0,DMI,24127,NEES,56.3953,8.2148,3.0,2006-07-02,2009-04-02,,first,2
DMI-24130-0,DMI,24130,VEMB,56.3271,8.331,4.0,1912-04-01,1991-06-01,,first,0
DMI-24130-1,DMI,24130,VEMB,56.3347,8.3512,3.0,1991-06-01,2009-04-02,,moved,12
DMI-24140-2,DMI,24140,STABY,56.2663,8.2454,11.0,1967-12-01,2007-01-02,,moved,10
DMI-24142-0,DMI,24142,Øby,56.2604,8.1659,3.0,1993-08-01,2999-12-31,,first,17
DMI-24148-0,DMI,24148,ALRUM,56.1737,8.2555,2.0,1994-10-01,2009-04-02,,first,12
DMI-24158-0,DMI,24158,KRONHEDE,56.254,8.3959,24.0,1994-09-01,2004-05-02,,first,0
DMI-24158-1,DMI,24158,KRONHEDE,56.2411,8.4276,30.0,2004-05-02,2007-01-02,,moved,2
DMI-24160-1,DMI,24160,LYSTLUND,56.2629,8.4317,48.0,1966-09-01,2004-05-02,,moved,7
DMI-24170-2,DMI,24170,GRØNBJERG,56.1825,8.4721,36.0,1972-05-01,2011-04-02,,moved,14
DMI-24180-1,DMI,24180,RØDDING,56.2114,8.6956,63.0,1986-08-01,1999-04-08,,moved,2
DMI-24180-2,DMI,24180,RØDDING,56.2069,8.6732,78.0,1999-04-08,2003-05-02,,moved,3
DMI-24180-3,DMI,24180,RØDDING,56.2052,8.7177,48.0,2003-05-02,2007-01-02,,moved,3
DMI-24200-0,DMI,24200,ØRRE,56.2356,8.8727,30.0,1927-10-01,2010-08-02,,first,13
DMI-24210-0,DMI,24210,SIMMELKÆR,56.2676,8.9984,43.0,1966-06-01,1991-07-01,,first,0
DMI-24220-1,DMI,24220,GROVE,56.3048,9.0331,42.0,1975-11-01,2007-01-02,,moved,10
DMI-24240-0,DMI,24240,ILSKOV,56.2398,9.0905,53.0,1941-04-01,1991-09-01,,first,0
DMI-24240-1,DMI,24240,ILSKOV,56.2264,9.0784,51.0,1991-09-01,1996-06-27,,moved,0
DMI-24240-2,DMI,24240,ILSKOV,56.2365,9.065,49.0,1996-06-27,2003-05-07,,moved,6
DMI-24240-3,DMI,24240,ILSKOV,56.2377,9.0977,54.0,2003-05-07,2007-01-02,,moved,1
DMI-24250-0,DMI,24250,MUNKLINDE,56.2255,9.183,63.0,1966-06-01,1994-10-01,,first,0
DMI-24270-1,DMI,24270,BODHOLT,56.1407,9.2676,78.0,1952-04-01,2010-01-02,,moved,13
DMI-24275-1,DMI,24275,ENGESVANG,56.1785,9.3294,80.0,1979-06-01,1991-08-01,,moved,0
DMI-24280-0,DMI,24280,IKAST,56.1428,9.1583,75.0,1964-09-01,2003-05-07,,first,6
DMI-24280-1,DMI,24280,IKAST,56.1299,9.1489,70.0,2003-05-07,2007-01-02,,moved,3
DMI-24290-0,DMI,24290,GULLESTRUP,56.1351,8.9915,50.0,1944-05-01,2005-04-02,,first,8
DMI-24290-1,DMI,24290,GULLESTRUP,56.1534,8.9829,47.0,2005-04-02,2005-10-02,,moved,0
DMI-24290-2,DMI,24290,GULLESTRUP,56.1664,8.9872,44.0,2005-10-02,2007-01-02,,moved,1
DMI-24291-0,DMI,24291,HERNING VANDVÆRK,56.1337,8.9631,52.0,1977-12-01,1994-10-01,,first,0
DMI-24305-0,DMI,24305,TRØSTRUP MARK,56.1491,8.7847,43.0,1994-10-01,2010-01-02,,first,12
DMI-24310-0,DMI,24310,VIDEBÆK,56.0951,8.639,32.0,1948-02-01,1994-08-23,,first,0
DMI-24310-1,DMI,24310,VIDEBÆK,56.0867,8.6136,44.0,1994-08-23,2002-12-05,,moved,6
DMI-24310-2,DMI,24310,VIDEBÆK,56.0841,8.6351,29.0,2002-12-05,2009-04-02,,moved,6
DMI-24315-0,DMI,24315,ØLSTRUP,56.0994,8.4325,35.0,1994-09-01,2003-11-02,,first,6
DMI-24320-1,DMI,24320,VELLING,56.026,8.3141,2.0,1973-08-01,1991-07-01,,moved,0
DMI-24330-0,DMI,24330,RINGKØBING VANDVÆRK,56.0924,8.2425,3.0,1950-01-01,2006-08-02,,first,9
DMI-24340-0,DMI,24340,NØRRE LYNGVIG FYR,56.0506,8.1044,6.0,1908-05-01,2007-01-02,,first,8
DMI-24350-0,DMI,24350,TIPPERNE,55.8959,8.2135,2.0,1929-06-01,1998-01-02,,first,1
DMI-24352-0,DMI,24352,OBLING,55.8281,8.2931,2.0,1994-09-01,2007-01-02,,first,9
DMI-24355-0,DMI,24355,HANNING,56.0048,8.4971,30.0,1979-08-01,2011-04-02,,first,12
DMI-24358-0,DMI,24358,TARM V,55.9043,8.4882,6.0,1994-09-01,2009-01-02,,first,12
DMI-24380-0,DMI,24380,Tarm,55.9571,8.6196,,2011-12-22,2019-11-01,,first,0
DMI-24380-1,DMI,24380,Tarm,55.9126,8.5112,,2019-11-01,2999-12-31,,moved,0
DMI-24390-1,DMI,24390,GÅSDAL,55.9849,8.7064,21.0,1973-01-01,1991-07-01,,moved,0
DMI-24393-0,DMI,24393,SØNDER FELDING,55.9547,8.7966,26.0,1994-09-01,2009-04-02,,first,12
DMI-24400-0,DMI,24400,HARRESKOV,56.0374,8.9032,48.0,1920-09-01,2005-04-02,,first,8
DMI-24420-1,DMI,24420,VOLSGÅRD,56.0785,8.8864,50.0,1989-03-01,1995-03-01,,moved,0
DMI-24426-0,DMI,24426,KØLKÆR ØST,56.0655,9.1497,58.0,1986-12-01,2007-01-02,,first,9
DMI-24430-0,DMI,24430,Høgild,56.0627,8.9855,43.0,2011-12-21,2999-12-31,,first,0
DMI-24450-1,DMI,24450,ARNBORG,56.0194,8.9924,38.0,1990-06-01,1994-10-01,,moved,0
DMI-24456-0,DMI,24456,VOULUND TESTFELT R,56.0372,9.1593,67.0,2009-04-16,2017-03-24,,first,1
DMI-24459-1,DMI,24459,FASTERHOLT,56.0063,9.1118,49.0,1967-02-11,2004-08-02,,moved,7
DMI-24470-0,DMI,24470,BRANDE,55.9627,9.1203,42.0,1954-06-01,1993-09-07,,first,0
DMI-24470-1,DMI,24470,BRANDE,55.9719,9.1158,48.0,1993-09-07,2009-04-02,,moved,12
DMI-24485-0,DMI,24485,DØVLING,55.9171,8.9262,30.0,1974-10-01,2005-12-02,,first,8
DMI-24490-0,DMI,24490,Blåhøj Kirkeby,55.8527,9.0162,52.0,2011-10-01,2999-12-31,,first,0
DMI-24500-0,DMI,24500,HOVEN,55.8232,8.7559,22.0,1888-08-01,2000-05-11,,first,3
DMI-24500-1,DMI,24500,HOVEN,55.8567,8.7422,20.0,2000-05-11,2007-01-02,,moved,6
DMI-24510-0,DMI,24510,LYNE,55.7996,8.5021,40.0,1982-08-01,2007-01-02,,first,10
DMI-25030-0,DMI,25030,GRINDSTED L/S,55.7701,8.9181,40.0,1961-01-01,2007-01-02,,first,10
DMI-25032-0,DMI,25032,KRAGERIS,55.8395,8.6682,40.0,1982-08-01,1994-10-01,,first,0
DMI-25034-0,DMI,25034,ØLGOD,55.8039,8.5842,50.0,1982-08-01,2009-04-02,,first,12
DMI-25039-1,DMI,25039,HINDSIG,55.7291,8.4946,40.0,1986-07-01,2007-01-02,,moved,10
DMI-25040-1,DMI,25040,ÅSTED,55.7738,8.4205,23.0,1986-08-01,1994-02-01,,moved,0
DMI-25042-0,DMI,25042,VESTER DEBEL,55.7217,8.3976,20.0,1982-08-01,1991-07-01,,first,0
DMI-25043-0,DMI,25043,LUNDE,55.7516,8.371,23.0,1982-08-01,2004-01-02,,first,7
DMI-25045-0,DMI,25045,Outrup,55.723,8.3327,18.0,2012-10-25,2999-12-31,,first,0
DMI-25050-0,DMI,25050,HENNEBJERG,55.7404,8.3046,12.0,1969-05-01,1994-10-01,,first,0
DMI-25055-0,DMI,25055,NEDER FIDDE,55.7179,8.2851,8.0,1982-11-01,1994-10-01,,first,0
DMI-25057-0,DMI,25057,DYREBY,55.6903,8.2826,9.0,1982-08-01,1994-10-01,,first,0
DMI-25060-0,DMI,25060,HENNE KIRKEBY,55.7272,8.2407,9.0,1954-09-01,2003-07-02,,first,6
DMI-25075-0,DMI,25075,NYMINDEGAB,55.8155,8.1977,4.0,1998-04-02,2011-04-02,,first,12
DMI-25080-0,DMI,25080,HENNE STRAND,55.7374,8.1814,13.0,1971-06-01,1991-10-01,,first,0
DMI-25086-0,DMI,25086,BØRSMOSE N,55.6721,8.2242,12.0,1982-08-01,1994-09-01,,first,0
DMI-25089-0,DMI,25089,OKSBØL,55.6222,8.2956,17.0,1991-05-01,2010-01-02,,first,13
DMI-25090-1,DMI,25090,VEJERS,55.621,8.1511,7.0,1932-03-01,2009-04-02,,moved,12
DMI-25110-0,DMI,25110,BLÅVAND,55.5538,8.1129,6.0,1964-05-01,2000-06-02,,first,3
DMI-25110-1,DMI,25110,BLÅVAND,55.5535,8.1407,6.0,2000-06-02,2004-04-02,,moved,3
DMI-25120-0,DMI,25120,OKSBY,55.5567,8.1393,7.0,1948-07-01,1994-10-01,,first,0
DMI-25132-0,DMI,25132,HO,55.5418,8.2383,5.0,2004-03-02,2007-01-02,,first,2
DMI-25135-0,DMI,25135,LANGLI,55.5122,8.3161,3.0,1983-08-01,2000-12-02,,first,2
DMI-25138-0,DMI,25138,Fanø Bugt,55.3456,8.2285,0.0,2000-11-21,2999-12-31,,first,10
DMI-25140-0,DMI,25140,NORDBY,55.4415,8.3989,4.0,1871-09-01,2009-01-02,,first,12
DMI-25145-0,DMI,25145,SØNDERHO,55.3524,8.4672,4.0,1988-06-01,2009-04-02,,first,12
DMI-25172-0,DMI,25172,HJERTING,55.5159,8.3741,9.0,1985-12-01,2007-01-02,,first,10
DMI-25180-3,DMI,25180,TOFTNÆS,55.6293,8.4779,17.0,1974-04-01,2004-10-01,,moved,6
DMI-25180-4,DMI,25180,TOFTNÆS,55.5982,8.438,8.0,2004-10-01,2009-04-02,,moved,4
DMI-25185-1,DMI,25185,ROUSTHØJE,55.5868,8.5942,28.0,1988-05-20,2007-01-02,,moved,10
DMI-25190-0,DMI,25190,KARLSGÅRDE,55.6496,8.5768,4.0,1955-04-01,1991-07-01,,first,0
DMI-25193-3,DMI,25193,KRARUP,55.7154,8.6462,30.0,1989-07-01,2009-08-02,,moved,12
DMI-25195-0,DMI,25195,ANSAGER,55.7018,8.7686,25.0,1979-08-01,2007-01-02,,first,10
DMI-25200-1,DMI,25200,AGERBÆK,55.6068,8.8227,30.0,1976-07-01,1995-06-01,,moved,0
DMI-25200-2,DMI,25200,AGERBÆK,55.6197,8.802,35.0,1995-06-01,1997-06-02,,moved,0
DMI-25200-3,DMI,25200,AGERBÆK,55.5952,8.7989,27.0,1997-06-02,2006-07-15,,moved,8
DMI-25201-0,DMI,25201,FÅBORG,55.5874,8.7405,43.0,2006-09-02,2010-01-02,,first,3
DMI-25205-1,DMI,25205,HOLSTED,55.5173,8.9143,37.0,1973-02-01,1991-07-01,,moved,0
DMI-25220-0,DMI,25220,HOVBORG,55.601,8.9394,43.0,1960-04-01,2009-04-02,,first,12
DMI-25230-2,DMI,25230,NEBEL,55.6605,8.9963,53.0,1990-04-01,2002-11-02,,moved,5
DMI-25235-0,DMI,25235,HEJNSVIG,55.6879,9.001,63.0,2002-11-02,2011-01-02,,first,8
DMI-25245-0,DMI,25245,SKJOLDBJERG,55.6771,9.0874,75.0,1997-08-02,2007-01-02,,first,8
DMI-25250-0,DMI,25250,SLAUGGÅRD,55.6505,9.1061,70.0,1954-09-01,1997-08-02,,first,0
DMI-25260-0,DMI,25260,VEERST,55.5632,9.2404,58.0,1953-07-01,1993-06-01,,first,0
DMI-25260-1,DMI,25260,VEERST,55.571,9.2289,57.0,1993-06-01,2007-01-02,,moved,10
DMI-25265-0,DMI,25265,GESTEN,55.5195,9.1824,44.0,1977-11-01,1994-10-01,,first,0
DMI-25270-0,DMI,25270,Askov,55.471,9.0906,61.0,2015-01-01,2999-12-31,,first,0
DMI-25275-0,DMI,25275,BRØRUP,55.4812,9.0138,62.0,1974-08-01,2007-01-02,,first,10
DMI-25282-0,DMI,25282,ASBO,55.5576,9.1231,70.0,2003-01-02,2009-04-02,,first,6
DMI-25300-0,DMI,25300,STILDE,55.5288,8.9822,47.0,1954-09-01,2002-12-02,,first,6
DMI-25317-0,DMI,25317,FØVLING,55.4533,8.9581,48.0,1986-08-01,1991-07-01,,first,0
DMI-25319-0,DMI,25319,SØNDER VEJRUP,55.5112,8.7852,21.0,1991-05-01,2007-01-02,,first,9
DMI-25325-1,DMI,25325,SNEUM KIRKE,55.4658,8.5892,13.0,1986-09-01,2008-12-02,,moved,11
DMI-25325-2,DMI,25325,SNEUM KIRKE,55.4586,8.6368,6.0,2008-12-02,2009-04-02,,moved,0
DMI-25330-0,DMI,25330,TOBØL,55.4178,8.8919,15.0,1953-07-01,1994-03-01,,first,0
DMI-25335-0,DMI,25335,GREDSTEDBRO,55.4006,8.7778,8.0,1991-05-01,1994-05-01,,first,0
DMI-25335-1,DMI,25335,GREDSTEDBRO,55.3991,8.7474,7.0,1994-05-01,2006-12-02,,moved,9
DMI-25339-0,DMI,25339,Ribe Renseanlæg,55.3286,8.7433,3.0,2011-10-01,2999-12-31,,first,0
DMI-25350-0,DMI,25350,HVIDING,55.2666,8.7065,9.0,1955-12-01,2007-09-02,,first,10
DMI-25355-0,DMI,25355,LUNDSMARK,55.2607,8.7728,13.0,1973-01-01,1991-04-01,,first,0
DMI-25360-0,DMI,25360,SPANDET,55.2579,8.9135,50.0,1952-11-01,2010-01-02,,first,13
DMI-26010-0,DMI,26010,SKODBORG,55.4194,9.1539,40.0,1915-01-01,2006-03-02,,first,8
DMI-26014-0,DMI,26014,SKOVLUND,55.4188,9.0115,47.0,1995-03-01,2010-08-02,,first,13
DMI-26015-0,DMI,26015,LINTRUP,55.4106,8.9685,35.0,1994-03-01,1994-12-01,,first,0
DMI-26020-0,DMI,26020,RØDDING,55.3696,9.0585,36.0,1960-06-01,2007-01-02,,first,10
DMI-26030-4,DMI,26030,GRAM,55.3172,9.0252,38.0,1980-08-01,2003-05-27,,moved,0
DMI-26030-5,DMI,26030,GRAM,55.2837,9.0605,49.0,2003-05-27,2003-07-22,,moved,0
DMI-26040-0,DMI,26040,ØSTER LINDET,55.3106,9.1534,49.0,1969-05-01,2003-06-02,,first,6
DMI-26050-0,DMI,26050,OKSENVAD,55.325,9.2506,39.0,1920-09-01,2009-04-02,,first,12
DMI-26060-0,DMI,26060,STEPPING,55.3547,9.3593,50.0,1953-09-01,2007-01-02,,first,10
DMI-26065-0,DMI,26065,BRÆNORE,55.3917,9.4359,56.0,1991-05-01,1997-07-02,,first,0
DMI-26070-2,DMI,26070,CHRISTIANSFELD,55.3521,9.4873,15.0,1955-10-01,2010-01-02,,moved,13
DMI-26075-0,DMI,26075,KNUD LYNG,55.3201,9.6398,2.0,1972-11-01,2003-07-02,,first,6
DMI-26080-0,DMI,26080,HAJSTRUP,55.2558,9.6644,24.0,1920-08-01,2011-04-02,,first,14
DMI-26090-0,DMI,26090,HADERSLEV V,55.2438,9.4435,12.0,1967-11-01,1992-07-01,,first,0
DMI-26090-1,DMI,26090,HADERSLEV V,55.2472,9.4276,23.0,1992-07-01,2009-04-02,,moved,12
DMI-26097-0,DMI,26097,FLYVESTATION SKRYDSTRUP,55.2255,9.2636,41.0,2005-06-07,2006-09-28,,first,0
DMI-26102-0,DMI,26102,HJARTBRO,55.2095,9.1735,32.0,1981-12-01,1994-10-01,,first,0
DMI-26103-0,DMI,26103,KOLSNAP ENGE,55.2427,9.1945,34.0,1981-12-01,1992-08-01,,first,0
DMI-26120-0,DMI,26120,ÅBØL,55.2324,9.1234,26.0,1969-05-01,2009-04-02,,first,12
DMI-26130-0,DMI,26130,KONGSMARK,55.1317,8.5494,6.0,1892-01-01,2010-01-02,,first,13
DMI-26135-0,DMI,26135,HAVNEBY,55.0861,8.564,5.0,1989-10-01,2007-01-02,,first,10
DMI-26140-0,DMI,26140,VESTER ÅBØLLING,55.1965,8.7402,6.0,1952-12-01,1997-04-02,,first,0
DMI-26140-1,DMI,26140,VESTER ÅBØLLING,55.1949,8.7195,4.0,1997-04-02,1997-12-02,,moved,0
DMI-26140-2,DMI,26140,VESTER ÅBØLLING,55.1955,8.7512,6.0,1997-12-02,2000-05-02,,moved,2
DMI-26140-3,DMI,26140,VESTER ÅBØLLING,55.212,8.7018,4.0,2000-05-02,2007-01-02,,moved,6
DMI-26150-1,DMI,26150,SKÆRBÆK,55.1633,8.7671,17.0,1978-06-01,2009-04-02,,moved,12
DMI-26154-0,DMI,26154,VINUM,55.128,8.8269,16.0,1991-05-01,1993-01-01,,first,0
DMI-26155-0,DMI,26155,TEVRING,55.1373,8.8602,15.0,1977-09-01,1991-07-01,,first,0
DMI-26170-0,DMI,26170,ARRILD,55.1508,8.9567,38.0,1953-06-01,2007-01-02,,first,10
DMI-26172-0,DMI,26172,ROOST,55.1399,8.9865,23.0,1982-05-01,1994-10-01,,first,0
DMI-26180-0,DMI,26180,MANDBJERG,55.1477,9.0668,72.0,1969-05-01,1995-01-01,,first,0
DMI-26185-0,DMI,26185,MANDBJERG N,55.1649,9.0521,34.0,1981-12-01,1994-10-01,,first,0
DMI-26190-1,DMI,26190,TOFTLUND,55.1833,9.0674,53.0,1970-12-01,2007-01-02,,moved,10
DMI-26200-0,DMI,26200,HYRUP,55.1748,9.1532,56.0,1969-05-01,1994-10-01,,first,0
DMI-26206-0,DMI,26206,ABKÆR,55.1708,9.321,47.0,1982-05-01,2007-01-02,,first,10
DMI-26210-0,DMI,26210,Rangstrup,55.147,9.2057,52.0,2002-09-13,2999-12-31,,first,8
DMI-26213-0,DMI,26213,HORSBYG,55.1214,9.2608,48.0,1981-12-01,1994-10-01,,first,0
DMI-26214-0,DMI,26214,BJØRNSKOV,55.1241,9.2021,78.0,1981-12-01,1994-10-01,,first,0
DMI-26230-0,DMI,26230,DIERNÆS,55.155,9.4841,17.0,1966-08-01,2010-01-02,,first,13
DMI-26240-2,DMI,26240,ÅBENRÅ,55.0337,9.3936,22.0,1971-04-01,2007-09-02,,moved,10
DMI-26242-0,DMI,26242,HJORDKÆR,55.0361,9.3032,39.0,1985-09-01,1994-10-01,,first,0
DMI-26244-0,DMI,26244,LUNDERUP MARK,55.0943,9.3258,47.0,1982-05-01,2007-01-02,,first,10
DMI-26250-0,DMI,26250,GOLDBÆK,55.1066,9.2213,66.0,1969-06-01,1994-10-01,,first,0
DMI-26260-0,DMI,26260,HELLEVAD,55.0759,9.2193,35.0,1969-05-01,2007-01-02,,first,10
DMI-26270-1,DMI,26270,HØJSET,55.1071,9.1393,46.0,1980-10-01,1994-10-01,,moved,0
DMI-26280-0,DMI,26280,FOVERUP,55.0278,9.1821,28.0,1921-01-01,1991-07-01,,first,0
DMI-26287-0,DMI,26287,HOLME ØSTER HØJST,54.9839,9.0718,16.0,1988-10-01,2006-12-02,,first,10
DMI-26290-1,DMI,26290,ØSTER TERP,55.0733,9.0518,23.0,1970-09-01,1995-04-01,,moved,0
DMI-26290-2,DMI,26290,ØSTER TERP,55.0828,9.0573,22.0,1995-04-01,2006-10-02,,moved,9
DMI-26293-0,DMI,26293,BEDSTED NØRREMARK,55.078,9.1048,26.0,1983-08-01,1994-10-01,,first,0
DMI-26310-0,DMI,26310,BJERNDRUP,55.0878,9.007,18.0,1966-04-01,1991-02-01,,first,0
DMI-26321-0,DMI,26321,LØGUMKLOSTER SV,55.057,8.9635,13.0,1974-09-01,1994-05-23,,first,0
DMI-26321-1,DMI,26321,LØGUMKLOSTER SV,55.0524,8.9408,11.0,1994-05-23,2007-01-02,,moved,10
DMI-26335-1,DMI,26335,ABILD,54.9804,8.8418,15.0,1988-10-01,2007-01-02,,moved,10
DMI-26340-0,DMI,26340,Bredebro,55.0561,8.8326,6.0,2001-12-14,2999-12-31,,first,9
DMI-26350-0,DMI,26350,BALLUM,55.0897,8.6603,8.0,1920-07-01,2007-01-02,,first,10
DMI-26358-0,DMI,26358,Emmerlev Klev,54.9872,8.6652,8.0,2011-10-01,2024-09-30,,first,0
DMI-26373-0,DMI,26373,RUDBØL KOG,54.9125,8.7419,3.0,2001-09-02,2006-10-02,,first,4
DMI-26375-0,DMI,26375,TØNDER FLYVEPLADS,54.9266,8.8447,1.0,1991-08-20,2001-12-02,,first,5
DMI-26380-0,DMI,26380,TØNDER,54.9386,8.8695,2.0,1920-09-01,2001-08-02,,first,4
DMI-26380-1,DMI,26380,TØNDER,54.9246,8.8445,1.0,2001-08-02,2009-04-02,,moved,4
DMI-26383-0,DMI,26383,GRØNGÅRD,54.9157,8.9675,4.0,2005-07-02,2007-01-02,,first,1
DMI-26390-2,DMI,26390,RENS,54.8859,9.0759,11.0,1989-10-01,1991-07-01,,moved,0
DMI-26400-0,DMI,26400,STORE JYNDEVAD,54.9007,9.1293,15.0,1960-10-15,2999-12-31,,first,14
DMI-26402-0,DMI,26402,STORE JYNDEVAD,54.8986,9.1224,15.0,2009-09-02,2011-04-02,,first,1
DMI-26407-0,DMI,26407,KLIPLEV,54.9415,9.4113,38.0,1988-10-01,2011-04-02,,first,14
DMI-26409-0,DMI,26409,TINGLEV,54.9401,9.2539,23.0,1995-06-01,2007-01-02,,first,10
DMI-26410-0,DMI,26410,BRODERUP MARK,54.9036,9.2601,22.0,1894-11-01,1992-07-01,,first,0
DMI-26410-1,DMI,26410,BRODERUP MARK,54.8872,9.2658,25.0,1992-07-01,1993-07-01,,moved,0
DMI-26420-2,DMI,26420,BOV,54.8359,9.365,52.0,1986-08-01,2005-03-02,,moved,8
DMI-26425-0,DMI,26425,RØNSHOVED,54.8743,9.521,7.0,1974-08-01,1991-07-01,,first,0
DMI-26430-0,DMI,26430,BROAGER BUSHOLM,54.8623,9.6557,25.0,1874-04-01,2009-02-02,,first,12
DMI-26440-0,DMI,26440,FISKBÆK,54.9399,9.6014,18.0,1924-06-01,1991-05-01,,first,0
DMI-26440-1,DMI,26440,FISKBÆK,54.948,9.6424,39.0,1991-05-01,1997-06-02,,moved,0
DMI-26440-2,DMI,26440,FISKBÆK,54.9443,9.6005,23.0,1997-06-02,2007-01-02,,moved,9
DMI-26445-1,DMI,26445,FELSTED,54.9629,9.5646,66.0,1973-01-01,2002-03-02,,moved,5
DMI-26447-0,DMI,26447,NY SKOVBØL,55.0272,9.5373,28.0,1978-05-01,2007-01-02,,first,10
DMI-26450-0,DMI,26450,Nørreløkke,55.0646,9.6811,8.4,2011-10-01,2023-04-30,,first,0
DMI-26455-0,DMI,26455,HIMMARK,55.0345,9.831,22.0,1998-02-02,2007-01-02,,first,9
DMI-26460-1,DMI,26460,FREDERIKSGÅRD,54.9913,9.9634,38.0,1951-12-01,2010-01-02,,moved,13
DMI-26463-0,DMI,26463,ELSTRUP,54.9982,9.8937,20.0,1988-10-01,1998-02-02,,first,1
DMI-26470-0,DMI,26470,RØNHAVE,54.9515,9.7719,17.0,1955-04-01,2003-06-02,,first,6
DMI-26472-0,DMI,26472,KÆR,54.9363,9.8032,18.0,2003-05-24,2007-01-02,,first,3
DMI-26489-0,DMI,26489,SKOVBY,54.8817,9.9963,12.0,1991-05-01,2008-01-02,,first,11
DMI-27006-0,DMI,27006,GAMMEL ØSTERBY,57.3118,11.1591,3.0,1975-05-01,2000-02-18,,first,3
DMI-27006-1,DMI,27006,GAMMEL ØSTERBY,57.3031,11.1218,3.0,2000-02-18,2003-08-07,,moved,2
DMI-27006-2,DMI,27006,GAMMEL ØSTERBY,57.3071,11.1445,3.0,2003-08-07,2007-11-02,,moved,3
DMI-27008-0,DMI,27008,Byrum,57.2746,11.0292,5.0,2002-07-05,2999-12-31,,first,8
DMI-27010-1,DMI,27010,VESTERØ HAVN,57.2951,10.936,7.0,1981-05-01,2007-01-02,,moved,9
DMI-27020-2,DMI,27020,ANHOLT,56.7034,11.547,7.5,1966-07-01,2011-04-02,,moved,14
DMI-27030-0,DMI,27030,HESSELØ,56.197,11.7095,18.0,1872-12-01,2009-01-02,,first,12
DMI-27040-0,DMI,27040,TUNØ,55.9491,10.4457,10.0,1932-01-01,2009-04-02,,first,11
DMI-27050-1,DMI,27050,ISSEHOVED,55.979,10.5569,30.0,1963-11-01,1998-01-02,,moved,1
DMI-27055-0,DMI,27055,NORDBY SAMSØ,55.9589,10.5558,9.0,1921-07-01,2009-04-02,,first,9
DMI-27070-1,DMI,27070,KANHAVE,55.9192,10.6192,3.0,1929-01-01,1997-05-02,,moved,0
DMI-27070-2,DMI,27070,KANHAVE,55.9059,10.6042,2.0,1997-05-02,2007-01-02,,moved,9
DMI-27080-1,DMI,27080,TRANEBJERG,55.8469,10.596,11.0,1972-11-01,2003-08-11,,moved,6
DMI-27082-0,DMI,27082,Tranebjerg Øst,55.8322,10.6185,18.0,2009-11-18,2999-12-31,,first,1
DMI-27090-0,DMI,27090,BRATTINGSBORG,55.7795,10.596,11.0,1864-01-01,2004-06-02,,first,7
DMI-27094-0,DMI,27094,KOLBY,55.7977,10.5567,18.0,2005-06-01,2007-01-02,,first,1
DMI-27100-0,DMI,27100,VESBORG FYR,55.7701,10.5508,15.0,1953-03-01,1991-07-01,,first,0
DMI-27120-0,DMI,27120,ENDELAVE,55.7571,10.2819,5.0,1989-02-01,2007-06-15,,first,9
DMI-27120-1,DMI,27120,ENDELAVE,55.7548,10.3063,4.0,2007-06-15,2009-04-02,,moved,1
DMI-28010-2,DMI,28010,BOGENSE,55.5445,10.0506,3.0,1987-08-01,2001-02-02,,moved,3
DMI-28010-3,DMI,28010,BOGENSE,55.5538,10.0822,3.0,2001-02-02,2007-01-02,,moved,6
DMI-28030-0,DMI,28030,AGERNÆS,55.6028,10.3494,8.0,1887-08-01,2003-05-21,,first,6
DMI-28030-1,DMI,28030,AGERNÆS,55.5942,10.3569,6.0,2003-05-21,2014-11-11,,moved,7
DMI-28040-0,DMI,28040,NORDSKOV,55.5971,10.6274,3.0,1965-04-01,1994-10-01,,first,0
DMI-28050-2,DMI,28050,SCHEELENBORG,55.5423,10.6593,15.0,1901-01-01,2005-03-22,,moved,8
DMI-28050-3,DMI,28050,SCHEELENBORG,55.5338,10.6477,10.0,2005-03-22,2008-12-02,,moved,3
DMI-28070-0,DMI,28070,HOFMANSGAVE,55.537,10.4822,3.0,1874-05-01,1991-07-01,,first,0
DMI-28080-1,DMI,28080,OTTERUP,55.5234,10.4196,2.0,1959-07-01,2003-05-21,,moved,0
DMI-28080-2,DMI,28080,OTTERUP,55.5153,10.4341,5.0,2003-05-21,2004-08-02,,moved,0
DMI-28095-0,DMI,28095,ENGELDRUP,55.5299,10.2439,31.0,1983-10-01,2006-08-02,,first,6
DMI-28095-1,DMI,28095,ENGELDRUP,55.5437,10.2368,21.0,2006-08-02,2007-01-02,,moved,0
DMI-28110-0,DMI,28110,Båring,55.4927,9.8948,64.0,2011-10-01,2999-12-31,,first,0
DMI-28120-1,DMI,28120,FØNSSKOV ODDE,55.4673,9.7179,2.0,1964-10-01,2010-01-02,,moved,13
DMI-28130-0,DMI,28130,FØNS,55.426,9.8297,9.0,1955-01-01,2003-01-02,,first,6
DMI-28133-0,DMI,28133,TYBRIND,55.3846,9.8504,14.0,2003-06-02,2004-01-02,,first,0
DMI-28133-1,DMI,28133,TYBRIND,55.4002,9.8652,13.0,2004-01-02,2007-05-02,,moved,3
DMI-28150-0,DMI,28150,GRØNNEMOSE,55.4119,10.0611,74.0,1956-06-01,2007-01-02,,first,10
DMI-28160-1,DMI,28160,SASSEROD,55.4447,10.1395,53.0,1989-01-01,1999-11-02,,moved,2
DMI-28161-0,DMI,28161,VEFLINGE,55.4639,10.1529,37.0,1999-11-02,2010-01-02,,first,10
DMI-28170-0,DMI,28170,DALUM,55.3655,10.3961,23.0,1889-02-01,2009-04-02,,first,12
DMI-28190-1,DMI,28190,AGEDRUP,55.4341,10.4902,2.0,1976-04-01,1998-09-02,,moved,1
DMI-28190-2,DMI,28190,AGEDRUP,55.4351,10.5096,4.0,1998-09-02,1999-03-02,,moved,0
DMI-28190-3,DMI,28190,AGEDRUP,55.4258,10.5052,3.0,1999-03-02,2003-10-02,,moved,3
DMI-28200-1,DMI,28200,LUNDSGÅRD,55.4363,10.6874,21.0,1984-10-12,2005-09-20,,moved,8
DMI-28200-2,DMI,28200,LUNDSGÅRD,55.4428,10.6642,2.0,2005-09-20,2010-01-02,,moved,4
DMI-28210-0,DMI,28210,BOVENSE,55.4031,10.7239,5.0,1955-05-01,1994-10-01,,first,0
DMI-28218-0,DMI,28218,GAMMEL LANGESKOV,55.3622,10.609,18.0,1995-04-01,2003-05-22,,first,6
DMI-28218-1,DMI,28218,GAMMEL LANGESKOV,55.359,10.6287,18.0,2003-05-22,2004-02-02,,moved,0
DMI-28220-1,DMI,28220,ULLERSLEV,55.3651,10.6652,21.0,1982-07-01,1991-02-01,,moved,0
DMI-28230-1,DMI,28230,SLIPSHAVN,55.2869,10.8256,2.0,1985-12-01,1991-07-01,,moved,0
DMI-28240-0,DMI,28240,Regstrup,55.3042,10.7279,,2002-03-02,2020-08-19,,first,8
DMI-28240-1,DMI,28240,Regstrup,55.3474,10.7618,22.0,2020-08-19,2999-12-31,,moved,0
DMI-28260-0,DMI,28260,MÅRE,55.2746,10.6082,61.0,1951-05-01,2007-01-02,,first,10
DMI-28271-0,DMI,28271,RYSLINGE I,55.2297,10.544,79.0,1983-07-01,1994-12-01,,first,0
DMI-28275-0,DMI,28275,SØNDER NÆRÅ,55.3028,10.5181,52.0,1998-04-01,2003-04-02,,first,4
DMI-28275-1,DMI,28275,SØNDER NÆRÅ,55.3067,10.4799,47.0,2003-04-02,2009-04-02,,moved,5
DMI-28280-0,DMI,28280,Højby,55.3088,10.4398,,2012-01-01,2019-11-19,,first,0
DMI-28280-1,DMI,28280,Højby,55.3257,10.438,,2019-11-19,2021-05-31,,moved,0
DMI-28290-1,DMI,28290,ESPE,55.2101,10.4081,63.0,1970-06-01,1994-10-01,,moved,0
DMI-28300-0,DMI,28300,HEDEN,55.2478,10.3726,44.0,1966-06-01,2009-02-02,,first,12
DMI-28310-1,DMI,28310,NØRRE BROBY,55.2544,10.2388,29.0,1966-06-01,2007-01-02,,moved,10
DMI-28320-0,DMI,28320,BELLINGE,55.3389,10.3178,27.0,1959-11-01,2003-06-02,,first,6
DMI-28325-1,DMI,28325,VERNINGE,55.287,10.1796,47.0,1971-10-01,1994-05-01,,moved,0
DMI-28325-2,DMI,28325,VERNINGE,55.2937,10.2174,45.0,1994-05-01,2007-01-02,,moved,10
DMI-28335-0,DMI,28335,GUNDESTRUP,55.3347,10.2454,50.0,1979-07-01,2010-08-02,,first,13
DMI-28340-1,DMI,28340,FRØBJERG,55.3357,10.0939,63.0,1957-07-01,1991-05-01,,moved,0
DMI-28340-2,DMI,28340,FRØBJERG,55.3411,10.128,76.0,1991-05-01,1993-06-01,,moved,0
DMI-28340-3,DMI,28340,FRØBJERG,55.331,10.1137,76.0,1993-06-01,2003-05-02,,moved,6
DMI-28342-0,DMI,28342,ØRSTED,55.3324,10.0532,61.0,2003-05-02,2005-08-12,,first,1
DMI-28342-1,DMI,28342,ØRSTED,55.328,10.0348,52.0,2005-08-12,2009-04-02,,moved,3
DMI-28345-0,DMI,28345,BARLØSE,55.3147,9.9709,28.0,1980-12-01,1991-07-01,,first,0
DMI-28350-0,DMI,28350,FLEMLØSE,55.2455,10.066,59.0,1952-05-01,2005-01-18,,first,8
DMI-28350-1,DMI,28350,FLEMLØSE,55.2597,10.0721,56.0,2005-01-18,2007-01-02,,moved,2
DMI-28358-0,DMI,28358,ABORG MARK,55.3079,9.9112,11.0,1995-04-01,1999-10-02,,first,2
DMI-28359-0,DMI,28359,ASSENS,55.2725,9.9151,34.0,1999-10-02,2010-01-02,,first,10
DMI-28360-0,DMI,28360,ASSENS,55.272,9.8957,2.0,1962-06-01,1991-07-01,,first,0
DMI-28370-0,DMI,28370,BÅGØ,55.2957,9.7986,1.0,1900-07-01,2001-12-02,,first,0
DMI-28370-1,DMI,28370,BÅGØ,55.3141,9.8065,6.0,2001-12-02,2002-04-23,,moved,0
DMI-28370-2,DMI,28370,BÅGØ,55.3017,9.8093,4.0,2002-04-23,2007-01-02,,moved,4
DMI-28385-0,DMI,28385,Bøjden,55.0977,10.1024,25.0,2011-10-01,2999-12-31,,first,0
DMI-28390-0,DMI,28390,HÅSTRUP,55.1727,10.2006,68.0,1879-11-01,2009-04-02,,first,12
DMI-28400-0,DMI,28400,KORINTH,55.1451,10.3455,46.0,1904-06-01,2004-06-09,,first,7
DMI-28400-1,DMI,28400,KORINTH,55.149,10.3303,47.0,2004-06-09,2009-04-02,,moved,4
DMI-28405-0,DMI,28405,PEJRUP,55.0928,10.3493,36.0,1974-09-01,1994-03-01,,first,0
DMI-28406-0,DMI,28406,ULBØLLE,55.0731,10.4301,27.0,1994-05-01,1995-04-01,,first,0
DMI-28406-1,DMI,28406,ULBØLLE,55.0806,10.4396,30.0,1995-04-01,2002-04-19,,moved,5
DMI-28406-2,DMI,28406,ULBØLLE,55.073,10.4285,27.0,2002-04-19,2016-01-01,,moved,8
DMI-28420-0,DMI,28420,HUNDTOFTE MARK,55.1737,10.4881,61.0,1951-05-01,1995-09-01,,first,0
DMI-28420-1,DMI,28420,HUNDTOFTE MARK,55.1578,10.4892,65.0,1995-09-01,2007-01-02,,moved,10
DMI-28428-0,DMI,28428,ØKSENDRUP,55.2191,10.7317,50.0,2001-12-02,2007-01-02,,first,5
DMI-28429-0,DMI,28429,GLORUP,55.2042,10.7198,55.0,1972-03-01,1994-10-01,,first,0
DMI-28430-1,DMI,28430,RYGÅRD,55.1947,10.7293,48.0,1955-04-01,2001-12-02,,moved,5
DMI-28435-1,DMI,28435,BØSØRE,55.1954,10.7975,9.0,1988-07-01,1994-10-01,,moved,0
DMI-28438-0,DMI,28438,BOELSMOSE,55.1299,10.7507,38.0,1988-10-01,2003-09-09,,first,6
DMI-28440-0,DMI,28440,GUDME,55.1541,10.6753,70.0,1955-03-01,2001-11-02,,first,4
DMI-28440-1,DMI,28440,GUDME,55.1511,10.7044,59.0,2001-11-02,2010-01-02,,moved,8
DMI-28452-0,DMI,28452,ÅBYSKOV,55.0677,10.7345,2.0,2003-09-09,2004-09-02,,first,0
DMI-28460-0,DMI,28460,SVENDBORG,55.0652,10.618,23.0,1957-02-01,1997-11-02,,first,0
DMI-28460-1,DMI,28460,SVENDBORG,55.0652,10.5812,37.0,1997-11-02,2007-01-02,,moved,8
DMI-28480-0,DMI,28480,LYØ,55.0418,10.1538,13.0,1957-09-01,1991-07-01,,first,0
DMI-28485-0,DMI,28485,AVERNAKØ,55.022,10.2637,18.0,1993-06-01,1994-01-01,,first,0
DMI-28485-1,DMI,28485,AVERNAKØ,55.0102,10.3272,7.0,1994-01-01,2007-01-02,,moved,10
DMI-28490-0,DMI,28490,SKJOLDNÆS FYR,54.9691,10.2072,15.0,1882-02-01,1995-02-02,,first,0
DMI-28495-0,DMI,28495,RØNDAL,54.9301,10.2772,37.0,1995-06-01,2009-04-02,,first,12
DMI-28500-1,DMI,28500,VINDEBALLE,54.8749,10.351,53.0,1976-06-01,2007-01-02,,moved,10
DMI-28510-2,DMI,28510,MARSTAL,54.8461,10.5037,15.0,1984-06-01,2009-05-12,,moved,12
DMI-28510-3,DMI,28510,MARSTAL,54.8549,10.5098,20.0,2009-05-12,2010-01-02,,moved,0
DMI-28520-0,DMI,28520,DREJØ,54.9703,10.42,7.0,1951-07-01,1994-01-01,,first,0
DMI-28535-0,DMI,28535,LUNDBY,54.9877,10.6062,20.0,1975-02-01,1994-12-01,,first,0
DMI-28535-1,DMI,28535,LUNDBY,54.9966,10.601,11.0,1994-12-01,2005-04-02,,moved,7
DMI-28542-0,DMI,28542,SIØ,54.9544,10.6892,1.0,1976-06-01,1994-10-01,,first,0
DMI-28552-0,DMI,28552,Søndenbro,54.7567,10.7094,7.0,2011-10-01,2999-12-31,,first,0
DMI-28560-2,DMI,28560,FREDMOSE,54.7894,10.7482,7.0,1969-05-01,1991-07-01,,moved,0
DMI-28565-0,DMI,28565,HUMBLE,54.8272,10.7007,24.0,2001-01-02,2006-01-02,,first,5
DMI-28570-0,DMI,28570,KÆDEBY,54.8545,10.6991,2.0,1952-01-01,2006-07-02,,first,4
DMI-28570-1,DMI,28570,KÆDEBY,54.8411,10.7042,19.0,2006-07-02,2007-01-02,,moved,0
DMI-28580-2,DMI,28580,SKOVSBO,54.8952,10.7732,13.0,1963-11-01,1994-10-01,,moved,0
DMI-28590-0,DMI,28590,Rudkøbing,54.9462,10.7234,8.0,2011-10-01,2999-12-31,,first,0
DMI-28600-3,DMI,28600,TRANEKÆR,55.015,10.8527,11.0,1989-04-01,2002-08-02,,moved,5
DMI-28600-4,DMI,28600,TRANEKÆR,54.9976,10.8473,15.0,2002-08-02,2007-01-02,,moved,4
DMI-28620-0,DMI,28620,LOHALS SYD,55.1148,10.9107,20.0,1951-12-01,2005-09-07,,first,1
DMI-28630-0,DMI,28630,LOHALS,55.1267,10.9213,20.0,2005-09-02,2009-04-02,,first,3
DMI-28640-0,DMI,28640,ØSTERHUSE,55.1306,10.9419,6.0,1976-06-01,2003-09-02,,first,6
DMI-29005-0,DMI,29005,RØRVIG,55.9357,11.7464,7.0,1977-09-01,2010-01-02,,first,13
DMI-29010-0,DMI,29010,GNIBEN,56.0081,11.2783,13.0,1988-11-01,2002-01-11,,first,5
DMI-29010-1,DMI,29010,GNIBEN,55.9981,11.2865,2.0,2002-01-11,2004-09-02,,moved,2
DMI-29010-2,DMI,29010,GNIBEN,55.9857,11.3011,2.0,2004-09-02,2005-12-02,,moved,1
DMI-29013-0,DMI,29013,OVERBY LYNG,55.9583,11.4087,12.0,1985-04-01,2003-10-15,,first,6
DMI-29013-1,DMI,29013,OVERBY LYNG,55.9603,11.4349,5.0,2003-10-15,2009-04-02,,moved,5
DMI-29015-0,DMI,29015,SONNERUP,55.9418,11.5378,17.0,1975-04-01,1991-07-01,,first,0
DMI-29017-0,DMI,29017,NYRUP,55.9291,11.6002,16.0,1984-08-01,2005-02-02,,first,8
DMI-29020-0,DMI,29020,Kollekolle,55.8686,11.6064,30.0,2015-07-22,2999-12-31,,first,0
DMI-29030-2,DMI,29030,ORØ,55.7692,11.8001,7.0,1990-08-01,2010-01-02,,moved,13
DMI-29040-1,DMI,29040,HOLBÆK VANDVÆRK,55.6965,11.718,19.0,1942-06-01,2007-01-02,,moved,10
DMI-29045-0,DMI,29045,GAMMEL TØLLØSE,55.6216,11.7381,47.0,1995-09-01,2007-01-02,,first,10
DMI-29062-0,DMI,29062,MØRKØV,55.6733,11.4802,17.0,1975-07-01,2002-06-02,,first,5
DMI-29062-1,DMI,29062,MØRKØV,55.6596,11.5064,13.0,2002-06-02,2008-12-02,,moved,6
DMI-29063-0,DMI,29063,JYDERUP,55.6625,11.4027,28.0,2008-12-02,2011-04-02,,first,2
DMI-29065-0,DMI,29065,RØRTE HUSE,55.6857,11.4472,8.0,1975-07-01,1994-10-01,,first,0
DMI-29068-0,DMI,29068,SNERTINGE,55.7172,11.4065,2.0,1996-09-01,1999-11-02,,first,2
DMI-29070-0,DMI,29070,SVINNINGE,55.7236,11.4673,11.0,1953-11-01,2007-01-02,,first,10
DMI-29075-0,DMI,29075,LAMMEFJORDSDÆMNINGEN,55.7704,11.6332,1.0,1875-05-01,2006-06-02,,first,9
DMI-29075-1,DMI,29075,LAMMEFJORDSDÆMNINGEN,55.7775,11.6101,-1.0,2006-06-02,2009-04-02,,moved,2
DMI-29080-1,DMI,29080,FÅREVEJLE STATIONSBY,55.7989,11.4633,-2.0,1988-05-01,2000-12-02,,moved,4
DMI-29080-2,DMI,29080,FÅREVEJLE STATIONSBY,55.785,11.4652,-2.0,2000-12-02,2007-01-02,,moved,6
DMI-29082-0,DMI,29082,HAVNSØ,55.741,11.3154,7.0,1995-08-01,2004-08-02,,first,7
DMI-29082-1,DMI,29082,HAVNSØ,55.7521,11.3309,10.0,2004-08-02,2011-04-02,,moved,6
DMI-29090-0,DMI,29090,SEJERBY,55.8814,11.1372,6.0,1915-11-01,1995-08-16,,first,0
DMI-29090-1,DMI,29090,SEJERBY,55.8702,11.163,7.0,1995-08-16,1999-12-02,,moved,2
DMI-29090-2,DMI,29090,SEJERBY,55.8793,11.1708,7.0,1999-12-02,2003-10-17,,moved,3
DMI-29090-3,DMI,29090,SEJERBY,55.8856,11.1443,8.0,2003-10-17,2010-01-02,,moved,6
DMI-29135-1,DMI,29135,BROKKEBJERG,55.7213,11.1165,5.0,1982-07-01,1991-11-01,,moved,0
DMI-29136-0,DMI,29136,TRANEMOSE,55.7101,11.086,6.0,1995-08-01,2010-01-02,,first,13
DMI-29150-0,DMI,29150,HAVNEMARK,55.6646,10.9555,15.0,1961-06-01,2005-04-02,,first,8
DMI-29161-0,DMI,29161,ASNÆS MINESLUND,55.6614,10.9997,19.0,1980-09-01,1994-10-01,,first,0
DMI-29162-0,DMI,29162,FRANKERUP,55.6468,11.1609,20.0,1980-11-01,2001-12-02,,first,4
DMI-29162-1,DMI,29162,FRANKERUP,55.6406,11.189,13.0,2001-12-02,2009-04-02,,moved,7
DMI-29168-0,DMI,29168,BJERGSTED,55.6606,11.3376,28.0,1970-10-01,2007-01-02,,first,4
DMI-29170-4,DMI,29170,GAMMEL SVEBØLLE,55.6366,11.2985,36.0,1988-05-01,2002-08-02,,moved,5
DMI-29180-0,DMI,29180,SELCHAUSDAL,55.5948,11.317,5.0,1964-01-01,2007-01-02,,first,10
DMI-29185-1,DMI,29185,MUNKE BJERGBY,55.5311,11.5501,40.0,1973-10-27,1999-08-17,,moved,2
DMI-29185-2,DMI,29185,MUNKE BJERGBY,55.5187,11.5242,31.0,1999-08-17,2005-01-02,,moved,5
DMI-29187-0,DMI,29187,NILØSE HOLME,55.569,11.4898,30.0,1986-06-01,1994-10-01,,first,0
DMI-29188-0,DMI,29188,BIRKEGÅRDENS HAVER,55.5578,11.448,32.0,2004-09-02,2005-09-02,,first,0
DMI-29199-0,DMI,29199,UNDLØSE,55.6157,11.5947,47.0,1995-08-01,2007-01-02,,first,10
DMI-29205-0,DMI,29205,GYRSTINGE,55.4911,11.6951,38.0,1986-08-01,1991-07-01,,first,0
DMI-29209-0,DMI,29209,TÅSTRUP HUSE,55.5633,11.709,37.0,1999-11-02,2011-04-02,,first,11
DMI-29210-2,DMI,29210,ALLINDELILLE,55.5273,11.767,53.0,1984-12-01,1999-11-02,,moved,2
DMI-29215-1,DMI,29215,HOPPEOLD,55.5526,11.8279,87.0,1979-06-01,1994-10-01,,moved,0
DMI-29217-0,DMI,29217,JYSTRUP,55.5193,11.8786,80.0,2005-05-02,2006-01-21,,first,0
DMI-29220-0,DMI,29220,STAVEDSBRO,55.478,11.8359,26.0,1961-05-01,1992-12-01,,first,0
DMI-29230-0,DMI,29230,LILLE SVENSTRUP,55.4669,11.7514,26.0,1909-12-01,2007-01-02,,first,10
DMI-29243-0,DMI,29243,Mulstrup,55.4069,11.862,,2011-12-01,2999-12-31,,first,0
DMI-29250-0,DMI,29250,BREGENTVED,55.3059,12.0043,51.0,1957-03-01,2007-01-02,,first,10
DMI-29258-0,DMI,29258,SVALEBÆK,55.2999,11.8775,,1995-11-20,2001-11-02,,first,4
DMI-29258-1,DMI,29258,SVALEBÆK,55.3181,11.865,30.0,2001-11-02,2004-12-02,,moved,3
DMI-29260-1,DMI,29260,HASLEV,55.3185,11.9692,50.0,1938-08-01,1995-12-02,,moved,0
DMI-29270-0,DMI,29270,ALSTEDGÅRD,55.4053,11.6705,47.0,1959-08-01,1991-07-01,,first,0
DMI-29275-0,DMI,29275,BROBY GRÆSLOD,55.4023,11.611,49.0,1987-08-01,2003-07-02,,first,6
DMI-29290-2,DMI,29290,SORØ,55.4425,11.5695,46.0,1988-05-01,2000-09-02,,moved,3
DMI-29290-3,DMI,29290,SORØ,55.4556,11.5602,45.0,2000-09-02,2009-04-02,,moved,8
DMI-29300-0,DMI,29300,GUDUM,55.4415,11.3886,26.0,1912-04-01,2010-08-02,,first,13
DMI-29310-0,DMI,29310,HAVREBJERG,55.4501,11.3079,20.0,1959-06-01,1994-10-01,,first,0
DMI-29320-1,DMI,29320,TJØRNELUNDE,55.5205,11.3609,42.0,1988-04-14,1998-09-12,,moved,1
DMI-29320-2,DMI,29320,TJØRNELUNDE,55.5423,11.3966,45.0,1998-09-12,1998-11-02,,moved,0
DMI-29320-3,DMI,29320,TJØRNELUNDE,55.5096,11.355,32.0,1998-11-02,2007-01-02,,moved,8
DMI-29330-0,DMI,29330,Rye,55.5271,11.2379,,2011-10-01,2999-12-31,,first,0
DMI-29335-0,DMI,29335,REERSØ,55.5207,11.0935,8.0,1975-06-01,2005-12-02,,first,9
DMI-29340-0,DMI,29340,DRØSSELBJERG,55.4644,11.2101,15.0,1966-09-01,1999-01-02,,first,2
DMI-29350-1,DMI,29350,BILDSØ,55.4368,11.2487,13.0,1943-04-01,1998-11-02,,moved,0
DMI-29350-2,DMI,29350,BILDSØ,55.4555,11.2493,17.0,1998-11-02,2007-01-02,,moved,8
DMI-29355-1,DMI,29355,SLAGELSE VANDVÆRK,55.4135,11.3406,23.0,1973-05-01,2007-01-02,,moved,10
DMI-29360-0,DMI,29360,ANTVORSKOV,55.3905,11.3604,55.0,1957-04-01,2001-07-02,,first,4
DMI-29380-0,DMI,29380,VEMMELEV,55.3603,11.2581,18.0,1912-04-01,2007-01-02,,first,10
DMI-29400-1,DMI,29400,KORSØR,55.3284,11.1437,2.0,1962-04-01,2003-07-02,,moved,6
DMI-29410-0,DMI,29410,KRUUSESMINDE,55.3541,11.115,3.0,1878-05-01,2010-01-02,,first,13
DMI-29441-0,DMI,29441,MAGLEBY,55.2448,11.3372,12.0,1971-04-01,2001-04-02,,first,4
DMI-29441-1,DMI,29441,MAGLEBY,55.2376,11.3157,9.0,2001-04-02,2003-04-02,,moved,1
DMI-29450-0,DMI,29450,FLAKKEBJERG,55.3191,11.3921,32.0,1966-08-01,1995-08-01,,first,0
DMI-29450-1,DMI,29450,FLAKKEBJERG,55.3082,11.3959,33.0,1995-08-01,2013-03-27,,moved,10
DMI-29455-0,DMI,29455,GYLDENHOLM GODS,55.3402,11.4606,44.0,1984-01-01,2011-04-02,,first,14
DMI-29465-0,DMI,29465,SØNDER BJERGE,55.2667,11.4135,23.0,1978-09-01,1993-02-26,,first,0
DMI-29465-1,DMI,29465,SØNDER BJERGE,55.2512,11.4194,17.0,1993-02-26,2009-04-02,,moved,12
DMI-29467-1,DMI,29467,KVISLEMARK,55.2419,11.5255,18.0,1989-06-01,2000-03-23,,moved,3
DMI-29467-2,DMI,29467,KVISLEMARK,55.2389,11.5589,13.0,2000-03-23,2001-09-02,,moved,0
DMI-29467-3,DMI,29467,KVISLEMARK,55.2506,11.5376,18.0,2001-09-02,2003-07-02,,moved,1
DMI-29470-0,DMI,29470,NÆBLERØDGÅRD,55.3382,11.5269,45.0,1961-01-01,1998-09-02,,first,1
DMI-29480-0,DMI,29480,HJORTHOLM,55.287,11.5566,29.0,1860-12-01,1994-10-01,,first,0
DMI-30010-0,DMI,30010,NAKKEHOVED FYR,56.1193,12.3428,37.0,1872-11-01,2004-01-02,,first,7
DMI-30019-0,DMI,30019,HORNBÆK RENSEANLÆG,56.0919,12.4637,3.0,1986-01-01,2007-01-02,,first,10
DMI-30021-0,DMI,30021,SAUNTE,56.0769,12.483,21.0,1985-10-01,1994-10-01,,first,0
DMI-30026-0,DMI,30026,Hellebæk,56.0568,12.538,30.0,2000-06-01,2999-12-31,,first,10
DMI-30030-0,DMI,30030,HELSINGØR,56.0352,12.6157,3.0,1950-01-01,2009-06-02,,first,12
DMI-30035-0,DMI,30035,SNEKKERSTEN,56.0084,12.5712,23.0,1971-12-01,1991-07-01,,first,0
DMI-30050-1,DMI,30050,DAGELØKKE,55.9593,12.4927,22.0,1978-11-01,1994-05-01,,moved,0
DMI-30050-2,DMI,30050,DAGELØKKE,55.951,12.5062,17.0,1994-05-01,2006-10-02,,moved,9
DMI-30055-0,DMI,30055,TIKØB,56.0353,12.4575,30.0,1977-10-01,2001-12-02,,first,0
DMI-30055-1,DMI,30055,TIKØB,56.0218,12.4511,37.0,2001-12-02,2009-04-02,,moved,7
DMI-30070-0,DMI,30070,GRIBSKOV,56.0187,12.3108,47.0,1928-05-01,2000-01-02,,first,3
DMI-30075-0,DMI,30075,Græsted,56.0428,12.2918,36.0,2000-01-02,2024-09-30,,first,11
DMI-30078-0,DMI,30078,HØJELT,56.085,12.2279,28.0,1995-12-01,2004-09-02,,first,7
DMI-30081-1,DMI,30081,ANNISSE NORD,55.986,12.2035,15.0,1988-07-01,2002-10-11,,moved,5
DMI-30081-2,DMI,30081,ANNISSE NORD,55.9913,12.188,25.0,2002-10-11,2007-01-02,,moved,4
DMI-30082-0,DMI,30082,LAUGØ,56.0358,12.1642,19.0,1984-11-01,1994-10-01,,first,0
DMI-30087-0,DMI,30087,TISVILDELEJE,56.0563,12.0685,23.0,2003-10-16,2009-04-02,,first,5
DMI-30089-0,DMI,30089,TIBIRKE,56.0338,12.1048,10.0,1978-09-01,2001-12-02,,first,5
DMI-30089-1,DMI,30089,TIBIRKE,56.0451,12.1263,15.0,2001-12-02,2003-02-02,,moved,1
DMI-30089-2,DMI,30089,TIBIRKE,56.0402,12.1086,10.0,2003-02-02,2003-05-02,,moved,0
DMI-30105-0,DMI,30105,FREDERIKSVÆRK,55.9706,12.0313,35.0,1976-12-01,2004-07-02,,first,7
DMI-30108-0,DMI,30108,KIKHAVN,55.9768,11.8787,8.0,1995-12-01,2003-11-02,,first,6
DMI-30110-0,DMI,30110,SPODSBJERG FYR,55.9756,11.8559,30.0,1909-08-01,1993-03-01,,first,0
DMI-30111-0,DMI,30111,HUNDESTED,55.967,11.8627,19.0,2003-11-07,2007-01-02,,first,2
DMI-30115-0,DMI,30115,KULHUSE,55.9268,11.9133,13.0,1978-09-01,1991-07-01,,first,0
DMI-30122-0,DMI,30122,KYNDBY,55.7938,11.9154,30.0,1978-10-01,2002-01-02,,first,5
DMI-30123-0,DMI,30123,SVANHOLM,55.7839,11.9413,28.0,1979-04-01,2007-11-02,,first,5
DMI-30130-0,DMI,30130,FREDERIKSSUND,55.847,12.0465,2.0,1947-12-01,2009-04-02,,first,12
DMI-30140-1,DMI,30140,GØRLØSE,55.872,12.1922,20.0,1956-01-01,2007-01-02,,moved,10
DMI-30146-0,DMI,30146,KREGME,55.9327,12.0456,37.0,2004-07-02,2010-01-02,,first,5
DMI-30148-0,DMI,30148,STORE LYNGBY,55.9306,12.1214,13.0,1995-12-01,2005-03-02,,first,8
DMI-30150-0,DMI,30150,MELØSE,55.9348,12.1643,12.0,1953-11-01,1991-07-01,,first,0
DMI-30164-0,DMI,30164,LYNGE OVERDREV,55.8504,12.3157,42.0,1996-12-02,2003-04-02,,first,6
DMI-30165-0,DMI,30165,KOLLERØD,55.8727,12.3005,40.0,1984-10-01,1991-07-01,,first,0
DMI-30170-0,DMI,30170,LILLE DYREHAVEGÅRD,55.9401,12.3048,36.0,1959-06-01,1996-01-01,,first,0
DMI-30180-0,DMI,30180,HILLERØD SØ,55.9317,12.3203,55.0,1962-04-01,2009-04-02,,first,12
DMI-30186-0,DMI,30186,SJÆLSØ VANDVÆRK,55.8737,12.4751,20.0,1972-03-01,2003-04-02,,first,6
DMI-30188-0,DMI,30188,SJÆLSMARK,55.8758,12.418,28.0,1977-10-01,2003-07-28,,first,6
DMI-30190-0,DMI,30190,RUDE SKOV,55.8437,12.4534,46.0,1931-01-01,1992-03-01,,first,0
DMI-30205-0,DMI,30205,NÆRUM,55.8126,12.5422,33.0,1997-09-02,1998-04-02,,first,0
DMI-30214-0,DMI,30214,DMI,55.716,12.5615,8.0,1977-03-06,2025-02-23,,first,14
DMI-30216-0,DMI,30216,JÆGERSBORG,55.7663,12.5263,40.0,1990-11-01,2001-02-02,,first,4
DMI-30220-1,DMI,30220,VIRUM,55.7796,12.492,31.0,1976-10-01,1997-07-02,,moved,0
DMI-30230-0,DMI,30230,STORE HARESKOV,55.772,12.4247,48.0,1862-09-01,2010-01-02,,first,13
DMI-30240-0,DMI,30240,SØNDERSØ VANDVÆRK,55.7728,12.3684,14.0,1924-04-01,2006-12-02,,first,10
DMI-30250-0,DMI,30250,BOGØGÅRD VANDVÆRK,55.7775,12.3051,8.0,1933-01-01,1992-07-01,,first,0
DMI-30270-0,DMI,30270,KILDEDAL VANDVÆRK,55.7502,12.2795,8.0,1968-04-01,1992-07-01,,first,0
DMI-30275-0,DMI,30275,STENLØSE,55.7663,12.1639,10.0,1978-10-01,2010-08-02,,first,12
DMI-30290-0,DMI,30290,MARBJERG VANDVÆRK,55.6663,12.1397,17.0,1936-04-01,2007-01-02,,first,10
DMI-30300-0,DMI,30300,NYBØLLE VANDVÆRK,55.7048,12.261,13.0,1930-01-01,2005-03-02,,first,8
DMI-30308-1,DMI,30308,HERSTEDØSTER,55.6841,12.3509,21.0,1973-07-01,1991-07-01,,moved,0
DMI-30310-0,DMI,30310,ISLEVBRO VANDVÆRK,55.7045,12.4551,10.0,1925-01-01,2007-01-02,,first,10
DMI-30320-0,DMI,30320,TINGHØJ VANDVÆRK,55.7364,12.4973,48.0,1958-05-01,2007-01-02,,first,10
DMI-30360-0,DMI,30360,DRAGØR,55.5907,12.6669,1.0,1939-01-01,2009-04-02,,first,12
DMI-30370-0,DMI,30370,BOTANISK HAVE,55.6877,12.5742,6.0,1945-11-01,2017-05-01,,first,14
DMI-30380-0,DMI,30380,LANDBOHØJSKOLEN,55.6814,12.5403,9.0,1860-01-01,1997-07-02,,first,0
DMI-30382-0,DMI,30382,BRØNDBY STRAND,55.6161,12.4393,2.0,1997-09-02,2010-01-02,,first,12
DMI-30385-0,DMI,30385,ALBERTSLUND,55.6566,12.358,11.0,1973-05-01,1991-07-01,,first,0
DMI-30390-1,DMI,30390,THORSBRO VANDVÆRK II,55.6229,12.2714,15.0,1921-05-01,2007-01-02,,moved,10
DMI-30410-1,DMI,30410,ROSKILDE S,55.6151,12.0446,41.0,1982-07-01,1996-04-01,,moved,0
DMI-30410-2,DMI,30410,ROSKILDE S,55.6225,12.0902,48.0,1996-04-01,2009-04-02,,moved,12
DMI-30430-0,DMI,30430,LEJRE,55.6121,11.9745,10.0,1937-08-01,2005-11-02,,first,8
DMI-30430-1,DMI,30430,LEJRE,55.5964,11.982,29.0,2005-11-02,2007-01-02,,moved,1
DMI-30435-0,DMI,30435,RYE,55.6797,11.8819,25.0,1980-08-01,2008-01-02,,first,9
DMI-30440-0,DMI,30440,ORUP MARK,55.5636,11.915,57.0,1967-09-01,2005-03-02,,first,8
DMI-30450-0,DMI,30450,VIBY S.,55.5613,12.0244,39.0,1943-05-01,2010-08-02,,first,13
DMI-30455-0,DMI,30455,SOLRØD,55.5401,12.2022,7.0,1997-09-02,2003-08-02,,first,5
DMI-30470-0,DMI,30470,REGNEMARK VANDVÆRK,55.4625,12.0059,26.0,1964-07-01,2007-01-02,,first,10
DMI-30480-0,DMI,30480,KØGE HAVN,55.4554,12.1891,2.0,1958-06-01,2009-04-02,,first,12
DMI-30483-0,DMI,30483,ALGESTRUP,55.3738,12.0754,33.0,2002-10-02,2008-02-02,,first,4
DMI-30490-0,DMI,30490,STRØBY LADEPLADS,55.4013,12.2565,6.0,1966-09-01,1993-09-01,,first,0
DMI-30490-1,DMI,30490,STRØBY LADEPLADS,55.3995,12.291,10.0,1993-09-01,2005-12-02,,moved,8
DMI-30500-0,DMI,30500,VARPELEV,55.3534,12.2794,16.0,1966-09-01,1994-10-01,,first,0
DMI-30510-0,DMI,30510,ENDESLEV,55.365,12.1897,21.0,1966-08-01,2007-01-02,,first,10
DMI-31010-0,DMI,31010,GJORSLEV,55.3545,12.3798,22.0,1873-11-01,2004-08-02,,first,7
DMI-31020-0,DMI,31020,SEGNHUS,55.3276,12.3336,21.0,1966-09-01,1994-10-01,,first,0
DMI-31025-0,DMI,31025,VILHELMSHÅB,55.3384,12.4299,34.0,1973-01-01,1994-10-01,,first,0
DMI-31030-0,DMI,31030,STORE HEDDINGE,55.3109,12.3899,29.0,1873-12-01,1991-07-01,,first,0
DMI-31035-0,DMI,31035,BOELSHØJGÅRD,55.2984,12.4174,32.0,1971-01-01,1994-10-01,,first,0
DMI-31040-0,DMI,31040,Møllebjerggård,55.2932,12.4223,37.0,2011-10-01,2999-12-31,,first,0
DMI-31050-0,DMI,31050,STEVNS FYR,55.2904,12.4535,40.0,1872-11-12,1992-07-01,,first,0
DMI-31060-0,DMI,31060,THINGHØJ,55.2912,12.3523,25.0,1966-06-01,2007-01-02,,first,10
DMI-31070-0,DMI,31070,LYDERSLEV,55.275,12.2844,15.0,1966-06-01,1994-10-01,,first,0
DMI-31080-1,DMI,31080,HELLESTED,55.3283,12.2448,13.0,1979-04-01,2011-04-02,,moved,14
DMI-31085-0,DMI,31085,STORE SPJELLERUP,55.2772,12.2331,7.0,1993-10-01,1995-10-02,,first,0
DMI-31095-0,DMI,31095,TÅGERUP,55.2686,12.1898,20.0,1972-04-01,2007-01-02,,first,10
DMI-31100-1,DMI,31100,KARISE,55.3092,12.188,16.0,1987-11-01,1994-10-01,,moved,0
DMI-31103-0,DMI,31103,KÆDERUP,55.3269,12.1304,18.0,1973-01-01,1994-10-01,,first,0
DMI-31110-0,DMI,31110,TUREBY,55.3642,12.0485,33.0,1934-08-01,2002-08-02,,first,5
DMI-31120-1,DMI,31120,ÅS,55.2998,12.0999,24.0,1971-05-01,2006-09-02,,moved,9
DMI-31141-0,DMI,31141,TYVELSE,55.3747,11.7153,36.0,1980-04-01,2007-01-02,,first,10
DMI-31149-0,DMI,31149,KYSE OVERDREV,55.2897,11.6465,35.0,1985-12-01,2007-01-02,,first,10
DMI-31160-3,DMI,31160,RISLEV,55.2776,11.7538,8.0,1974-04-01,2009-04-02,,moved,12
DMI-31164-0,DMI,31164,NÆSTELSØ,55.2158,11.8688,35.0,1994-07-01,2005-07-28,,first,7
DMI-31164-1,DMI,31164,NÆSTELSØ,55.2025,11.8441,45.0,2005-07-28,2009-04-02,,moved,3
DMI-31165-0,DMI,31165,HOLMEGÅRD,55.2743,11.8372,33.0,1976-04-01,1994-03-01,,first,0
DMI-31170-0,DMI,31170,KARREBÆK,55.1775,11.646,1.0,1956-03-01,2005-02-02,,first,8
DMI-31170-1,DMI,31170,KARREBÆK,55.1906,11.6543,5.0,2005-02-02,2005-09-02,,moved,0
DMI-31170-2,DMI,31170,KARREBÆK,55.1942,11.6335,6.0,2005-09-02,2010-01-02,,moved,4
DMI-31185-0,DMI,31185,Køng,55.0984,11.8285,4.0,2009-07-30,2999-12-31,,first,1
DMI-31190-1,DMI,31190,SKALLERUP,55.0765,11.9461,50.0,1973-01-01,1997-02-02,,moved,0
DMI-31190-2,DMI,31190,SKALLERUP,55.0676,11.968,59.0,1997-02-02,1999-10-02,,moved,2
DMI-31190-3,DMI,31190,SKALLERUP,55.0777,11.9477,52.0,1999-10-02,2000-03-20,,moved,0
DMI-31190-4,DMI,31190,SKALLERUP,55.0662,11.9376,43.0,2000-03-20,2000-09-02,,moved,0
DMI-31199-0,DMI,31199,Orup,55.2074,12.0979,38.0,2011-10-01,2999-12-31,,first,0
DMI-31200-1,DMI,31200,VINDBYHOLT,55.1949,12.0744,15.0,1985-08-01,1991-07-01,,moved,0
DMI-31210-0,DMI,31210,EVENSØLUND,55.1326,12.0077,15.0,1908-04-01,2007-01-02,,first,10
DMI-31218-0,DMI,31218,TÅGEBY,55.0565,12.0958,36.0,1994-07-01,2007-01-02,,first,10
DMI-31225-0,DMI,31225,ØRSLEV,55.0384,11.9547,11.0,2001-04-02,2002-04-02,,first,0
DMI-31225-1,DMI,31225,ØRSLEV,55.0595,11.9686,61.0,2002-04-02,2009-04-02,,moved,6
DMI-31230-0,DMI,31230,ORE,55.0131,11.8979,12.0,1912-09-01,1994-11-01,,first,0
DMI-31230-1,DMI,31230,ORE,54.9996,11.9019,1.0,1994-11-01,2004-01-22,,moved,6
DMI-31230-2,DMI,31230,ORE,55.0101,11.8707,4.0,2004-01-22,2007-01-02,,moved,3
DMI-31240-0,DMI,31240,PETERSVÆRFT,54.9713,12.0762,5.0,1912-10-01,2007-01-02,,first,10
DMI-31260-0,DMI,31260,NY BORRE,54.9947,12.4541,2.0,1901-04-01,1998-11-02,,first,1
DMI-31260-1,DMI,31260,NY BORRE,54.9879,12.4688,15.0,1998-11-02,2000-08-02,,moved,1
DMI-31260-2,DMI,31260,NY BORRE,55.0122,12.4577,9.0,2000-08-02,2005-07-28,,moved,4
DMI-31260-3,DMI,31260,NY BORRE,54.9922,12.4538,2.0,2005-07-28,2011-04-02,,moved,5
DMI-31265-0,DMI,31265,NYORD,55.0419,12.1976,7.0,1975-04-01,2008-12-02,,first,12
DMI-31270-1,DMI,31270,STEGE ØST,55.0038,12.2938,13.0,1990-11-01,2002-12-11,,moved,6
DMI-31270-2,DMI,31270,STEGE ØST,54.974,12.2735,8.0,2002-12-11,2009-02-02,,moved,4
DMI-31270-3,DMI,31270,STEGE ØST,54.9942,12.3028,11.0,2009-02-02,2009-04-02,,moved,0
DMI-31285-0,DMI,31285,STORE DAMME,54.9122,12.1616,18.0,1886-03-01,1994-08-01,,first,0
DMI-31285-1,DMI,31285,STORE DAMME,54.9227,12.1497,15.0,1994-08-01,2011-04-02,,moved,14
DMI-31290-0,DMI,31290,NÆSGÅRD,54.8694,12.1154,10.0,1860-07-01,1994-04-23,,first,0
DMI-31305-0,DMI,31305,SORTSØ,54.916,11.9744,8.0,1994-07-01,2010-01-02,,first,13
DMI-31310-2,DMI,31310,OREHOVED,54.9474,11.862,3.0,1985-04-01,1991-07-01,,moved,0
DMI-31313-0,DMI,31313,VÅLSE,54.928,11.7796,9.0,2005-11-02,2007-01-02,,first,1
DMI-31329-0,DMI,31329,NØRREBY,54.9798,11.5335,11.0,1971-05-01,2011-04-02,,first,14
DMI-31340-0,DMI,31340,ASKØ,54.8966,11.4813,1.0,1959-10-01,1996-10-02,,first,0
DMI-31350-0,DMI,31350,Tjennemarke,54.8073,11.3405,8.0,2012-01-01,2022-09-30,,first,0
DMI-31360-1,DMI,31360,VESTERBORG,54.8617,11.2657,3.0,1926-06-01,2007-01-02,,moved,4
DMI-31362-0,DMI,31362,STORE LINDET,54.881,11.3115,10.0,1988-10-01,2002-01-02,,first,5
DMI-31363-0,DMI,31363,KRAGENÆS,54.9165,11.3454,2.0,2002-04-02,2009-04-02,,first,6
DMI-31365-0,DMI,31365,NORDLUNDE,54.8733,11.2331,11.0,1976-08-01,1994-10-01,,first,0
DMI-31370-0,DMI,31370,HORSLUNDE,54.9078,11.2134,13.0,1928-04-01,2009-04-02,,first,12
DMI-31380-0,DMI,31380,FREDERIKSDAL,54.904,11.042,4.0,1878-09-01,2010-01-02,,first,13
DMI-31390-2,DMI,31390,LØJTOFTE,54.8795,11.1725,9.0,1934-09-01,2002-09-02,,moved,5
DMI-31404-0,DMI,31404,TORPE/NAKSKOV S,54.8137,11.1607,2.0,1994-07-01,2007-01-02,,first,10
DMI-31408-0,DMI,31408,LANGØ,54.8139,11.0114,5.0,2003-01-02,2003-11-02,,first,0
DMI-31415-0,DMI,31415,SJUNKEBY,54.769,11.0307,6.0,1873-10-01,2003-06-20,,first,0
DMI-31415-1,DMI,31415,SJUNKEBY,54.7823,11.0607,,2003-06-20,2009-04-02,,moved,5
DMI-31420-0,DMI,31420,GRÆSHAVE,54.7751,11.2151,2.0,1919-09-01,2010-01-02,,first,13
DMI-31428-0,DMI,31428,VEJLEBY,54.7482,11.318,2.0,1994-07-01,2003-06-02,,first,6
DMI-31430-0,DMI,31430,VESTER SKØRRINGE,54.7562,11.3555,8.0,1967-04-01,2003-06-20,,first,0
DMI-31430-1,DMI,31430,VESTER SKØRRINGE,54.7523,11.3709,8.0,2003-06-20,2007-01-02,,moved,3
DMI-31440-0,DMI,31440,MARIBO VANDVÆRK,54.7742,11.5006,13.0,1915-06-01,2007-01-02,,first,10
DMI-31450-0,DMI,31450,SAKSKØBING SUKKERFABRIK,54.7981,11.6485,3.0,1928-01-01,1992-07-01,,first,0
DMI-31460-1,DMI,31460,KALLØ,54.8405,11.6514,4.0,1968-07-01,2009-12-02,,moved,13
DMI-31470-2,DMI,31470,ALSTRUP,54.8867,11.7482,1.0,1973-01-01,2003-06-18,,moved,6
DMI-31470-3,DMI,31470,ALSTRUP,54.8869,11.779,10.0,2003-06-18,2004-07-02,,moved,0
DMI-31480-2,DMI,31480,ØNSLEV,54.8492,11.8344,5.0,1989-03-14,2009-04-02,,moved,12
DMI-31485-0,DMI,31485,OVSTRUP SKOV,54.8396,11.9286,12.0,1979-02-01,2003-06-02,,first,6
DMI-31487-0,DMI,31487,SKJØRRINGE GODS,54.8506,11.9635,18.0,1980-02-01,1994-10-01,,first,0
DMI-31492-0,DMI,31492,HORBELEV,54.8253,12.0757,24.0,1995-03-01,2001-10-12,,first,4
DMI-31492-1,DMI,31492,HORBELEV,54.815,12.0525,11.0,2001-10-12,2007-01-02,,moved,5
DMI-31495-1,DMI,31495,LISTRUP,54.8032,11.9601,10.0,1976-08-01,1995-02-01,,moved,0
DMI-31500-1,DMI,31500,ULSLEV,54.7384,12.0238,10.0,1911-01-01,1994-01-23,,moved,0
DMI-31500-2,DMI,31500,ULSLEV,54.7301,12.0069,6.0,1994-01-23,2003-06-18,,moved,6
DMI-31500-3,DMI,31500,ULSLEV,54.7393,12.0121,7.0,2003-06-18,2010-08-02,,moved,6
DMI-31510-0,DMI,31510,NYKØBING F.,54.7761,11.8944,2.0,1954-08-01,2001-10-02,,first,4
DMI-31510-1,DMI,31510,NYKØBING F.,54.7587,11.8939,7.0,2001-10-02,2009-04-02,,moved,7
DMI-31520-1,DMI,31520,NYKØBING F. SUKKERFABRIK,54.7624,11.8755,6.0,1953-12-01,2007-01-02,,moved,10
DMI-31522-0,DMI,31522,ØSTER TOREBY,54.7578,11.828,7.0,1972-06-01,2003-04-02,,first,6
DMI-31525-0,DMI,31525,FLINTINGE,54.7582,11.7396,6.0,2003-06-19,2007-01-02,,first,3
DMI-31530-0,DMI,31530,FREJLEV,54.7207,11.7959,4.0,1874-02-01,2000-06-02,,first,3
DMI-31530-1,DMI,31530,FREJLEV,54.7069,11.7767,6.0,2000-06-02,2003-06-02,,moved,2
DMI-31540-1,DMI,31540,ETTEHAVE RODE,54.7349,11.62,15.0,1974-04-01,2003-10-02,,moved,6
DMI-31542-0,DMI,31542,GODSTED,54.7224,11.5973,17.0,2005-07-29,2010-01-02,,first,4
DMI-31560-0,DMI,31560,KRAMNITSE,54.711,11.2483,1.0,1967-04-01,2007-01-02,,first,10
DMI-31570-0,DMI,31570,Rødbyhavn,54.6573,11.3515,2.0,2011-10-01,2999-12-31,,first,0
DMI-31593-0,DMI,31593,LOLLAND FALSTER AIRPORT,54.6965,11.4491,6.0,1928-01-01,2009-04-02,,first,12
DMI-31595-0,DMI,31595,BILLITSE MØLLE,54.6268,11.4627,,1972-05-01,1996-10-01,,first,0
DMI-31595-1,DMI,31595,BILLITSE MØLLE,54.6178,11.4714,2.0,1996-10-01,2003-06-02,,moved,6
DMI-31602-0,DMI,31602,LUNDEHØJE,54.6445,11.5163,3.0,2003-06-19,2007-01-02,,first,3
DMI-31610-0,DMI,31610,NYSTED,54.6531,11.7355,5.0,1969-04-01,1994-07-01,,first,0
DMI-31610-1,DMI,31610,NYSTED,54.6655,11.7489,13.0,1994-07-01,2007-01-02,,moved,10
DMI-31613-0,DMI,31613,STAVREBY,54.6607,11.8725,2.0,1994-07-01,1998-12-02,,first,2
DMI-31614-0,DMI,31614,SKELBY,54.6238,11.91,7.0,1998-12-02,2005-05-20,,first,6
DMI-31614-1,DMI,31614,SKELBY,54.6324,11.905,7.0,2005-05-20,2007-01-02,,moved,1
DMI-31617-0,DMI,31617,GEDSER HAVN,54.5684,11.9512,2.0,1877-12-01,2005-05-27,,first,0
DMI-31617-1,DMI,31617,GEDSER HAVN,54.5722,11.9245,2.0,2005-05-27,2009-04-02,,moved,3
DMI-31620-0,DMI,31620,GEDSER FYR,54.5639,11.964,8.0,1872-01-01,1995-02-01,,first,0
DMI-31622-0,DMI,31622,Gedser,54.5634,11.9641,7.0,2000-06-01,2007-06-22,,first,6
DMI-31622-1,DMI,31622,Gedser,54.5688,11.9431,3.0,2007-06-22,2999-12-31,,moved,3
DMI-31625-0,DMI,31625,GEDSER ODDE,54.5601,11.9709,8.0,1994-08-01,2004-01-02,,first,7
DWD-00052-0,DWD,00052,Ahrensburg-Wulfsdorf,53.6623,10.199,46.0,1973-01-01,2001-12-31,Hellmann,first,11
DWD-00066-0,DWD,00066,Albersdorf,54.15,9.2833,40.0,1929-04-01,2005-04-30,Hellmann,first,14
DWD-00094-0,DWD,00094,Alt Krenzlin-Krenzliner Hütte,53.3096,11.3133,52.0,1991-04-01,2005-12-31,Hellmann,first,14
DWD-00119-0,DWD,00119,Altenhagen-Starkow,54.2756,12.7514,7.0,1969-03-15,2005-12-31,Hellmann,first,15
DWD-00199-0,DWD,00199,Artlenburg,53.3752,10.4795,6.0,1890-01-01,2006-12-31,Hellmann,first,16
DWD-00243-1,DWD,00243,Aurich,53.4488,7.4659,4.0,1965-06-28,1991-06-30,Hellmann,moved,0
DWD-00243-2,DWD,00243,Aurich,53.4621,7.467,4.0,1991-07-01,2006-12-31,Hellmann,moved,15
DWD-00244-0,DWD,00244,Aurich-Dietrichsfeld,53.5392,7.5159,10.0,1976-03-25,2006-12-31,Hellmann,first,16
DWD-00245-0,DWD,00245,Aurich-Wiesens,53.4557,7.5436,7.0,1971-01-01,2006-12-31,Hellmann,first,16
DWD-00245-1,DWD,00245,Aurich-Wiesens,53.4551,7.5756,8.0,2012-08-01,2026-10-02,Hellmann,moved,13
DWD-00289-2,DWD,00289,Bargteheide,53.7277,10.2559,42.0,1949-05-01,2026-10-02,Hellmann,moved,35
DWD-00291-0,DWD,00291,Barnin,53.5968,11.6952,42.0,1911-10-01,2003-12-31,Hellmann,first,13
DWD-00297-0,DWD,00297,Bartenshagen-Parkentin,54.0809,11.9792,22.0,1974-01-01,2002-04-02,Hellmann,first,11
DWD-00298-10,DWD,00298,Barth,54.3405,12.7108,2.67,2011-09-04,2017-05-03,Niederschlags-Detektor,instrument,5
DWD-00298-11,DWD,00298,Barth,54.3405,12.7108,2.67,2011-09-04,2018-09-24,PLUVIO,instrument,6
DWD-00298-12,DWD,00298,Barth,54.3405,12.7108,2.67,2017-05-04,2026-10-02,Niederschlagswächter,instrument,8
DWD-00298-13,DWD,00298,Barth,54.3405,12.7108,2.67,2018-09-28,2020-09-07,PLUVIO,instrument,1
DWD-00298-14,DWD,00298,Barth,54.3405,12.7108,2.67,2020-09-08,2026-10-02,"rain[e]H3, Wägetechnologie",instrument,5
DWD-00298-2,DWD,00298,Barth,54.3365,12.7172,6.0,1990-11-29,1993-07-14,NG 200,instrument,1
DWD-00298-3,DWD,00298,Barth,54.3365,12.7172,6.0,1990-11-29,1993-07-14,"NG 200, Tröpfchenzähler",instrument,1
DWD-00298-4,DWD,00298,Barth,54.3359,12.7141,5.45,1993-07-15,2007-05-10,NG 200,instrument,13
DWD-00298-5,DWD,00298,Barth,54.3359,12.7141,5.45,1993-07-15,2007-05-10,"NG 200, Tröpfchenzähler",instrument,13
DWD-00298-6,DWD,00298,Barth,54.3359,12.7141,5.45,1995-05-10,2007-05-10,Niederschlags-Detektor,instrument,11
DWD-00298-7,DWD,00298,Barth,54.3405,12.7108,2.67,2007-05-11,2009-10-26,PLUVIO,instrument,1
DWD-00298-8,DWD,00298,Barth,54.3405,12.7108,2.67,2007-05-11,2011-09-03,Niederschlags-Detektor,instrument,3
DWD-00298-9,DWD,00298,Barth,54.3405,12.7108,2.67,2009-10-31,2011-09-03,PLUVIO,instrument,1
DWD-00304-1,DWD,00304,Basdahl-Volkmarst,53.4307,8.9545,27.0,1960-10-01,2002-01-02,Hellmann,instrument,11
DWD-00312-0,DWD,00312,Baumgarten,53.8146,11.8827,52.0,1969-01-01,2003-12-31,Hellmann,first,13
DWD-00312-1,DWD,00312,Baumgarten,53.8149,11.8818,50.0,2007-06-01,2019-10-16,PLUVIO,instrument,11
DWD-00312-2,DWD,00312,Baumgarten,53.8149,11.8818,50.0,2019-10-17,2026-10-02,"rain[e]H3, Wägetechnologie",instrument,6
DWD-00462-0,DWD,00462,Besdorf,54.05,9.35,16.0,1941-01-01,2006-12-31,Hellmann,first,16
DWD-00529-0,DWD,00529,Blankenhagen,54.1733,12.3413,26.0,1946-01-01,2017-07-01,Hellmann,first,26
DWD-00561-0,DWD,00561,Bockhorn-Grabstede,53.3492,7.9923,13.0,1985-02-01,2005-09-30,Hellmann,first,14
DWD-00561-1,DWD,00561,Bockhorn-Grabstede,53.3667,7.9681,11.0,2005-10-01,2020-10-19,PLUVIO,moved,13
DWD-00561-2,DWD,00561,Bockhorn-Grabstede,53.367,7.9679,11.0,2019-04-11,2026-10-02,"rain[e]H3, Wägetechnologie",instrument,5
DWD-00580-0,DWD,00580,Boek,53.4054,12.7861,64.0,1969-01-01,2003-12-31,Hellmann,first,12
DWD-00581-0,DWD,00581,Groß Bölkow-Matersen,53.9853,11.9981,15.0,1969-01-01,1999-05-31,Gerätetyp unbekannt,first,8
DWD-00581-1,DWD,00581,Groß Bölkow-Matersen,53.9853,11.9981,17.0,1999-06-01,2015-07-02,Hellmann,instrument,15
DWD-00590-0,DWD,00590,Boitin,53.7595,11.9815,45.0,1946-09-01,1996-09-30,Hellmann,first,5
DWD-00590-1,DWD,00590,Boitin,53.749,11.9799,55.5,1997-09-01,2025-01-31,Hellmann,moved,27
DWD-00591-10,DWD,00591,Boizenburg,53.3911,10.6878,44.72,2011-09-04,2019-07-24,PLUVIO,instrument,7
DWD-00591-11,DWD,00591,Boizenburg,53.3911,10.6878,44.72,2011-09-04,2026-10-02,Niederschlagswächter,instrument,14
DWD-00591-12,DWD,00591,Boizenburg,53.3911,10.6878,44.72,2019-07-25,2026-10-02,"rain[e]H3, Wägetechnologie",instrument,6
DWD-00591-5,DWD,00591,Boizenburg,53.3911,10.6878,44.72,1989-04-14,2007-08-29,NG 200,instrument,15
DWD-00591-6,DWD,00591,Boizenburg,53.3911,10.6878,44.72,1989-04-14,2007-08-29,"NG 200, Tröpfchenzähler",instrument,15
DWD-00591-7,DWD,00591,Boizenburg,53.3911,10.6878,44.72,1995-06-16,2007-08-29,Niederschlags-Detektor,instrument,11
DWD-00591-8,DWD,00591,Boizenburg,53.3911,10.6878,44.72,2007-08-30,2011-09-03,PLUVIO,instrument,3
DWD-00591-9,DWD,00591,Boizenburg,53.3911,10.6878,44.72,2007-08-30,2011-09-03,Niederschlagswächter,instrument,3
DWD-00596-10,DWD,00596,Boltenhagen,54.0027,11.1908,15.0,2007-08-14,2026-10-02,Niederschlagswächter,instrument,18
DWD-00596-11,DWD,00596,Boltenhagen,54.0027,11.1908,15.0,2018-06-27,2026-10-02,"rain[e]H3, Wägetechnologie",instrument,7
DWD-00596-4,DWD,00596,Boltenhagen,54.0027,11.1908,15.0,1977-04-01,1991-04-15,"Niederschlagsgeber / Ombrometer, Wippfunktion",instrument,0
DWD-00596-5,DWD,00596,Boltenhagen,54.0027,11.1908,15.0,1991-04-16,1998-12-05,NG 200,instrument,7
DWD-00596-6,DWD,00596,Boltenhagen,54.0027,11.1908,15.0,1991-04-16,1998-12-05,"NG 200, Tröpfchenzähler",instrument,7
DWD-00596-7,DWD,00596,Boltenhagen,54.0027,11.1908,15.0,1998-12-09,2007-08-13,NG 200,instrument,8
DWD-00596-8,DWD,00596,Boltenhagen,54.0027,11.1908,15.0,1998-12-09,2007-08-13,"NG 200, Tröpfchenzähler",instrument,8
DWD-00596-9,DWD,00596,Boltenhagen,54.0027,11.1908,15.0,2007-08-14,2018-06-26,PLUVIO,instrument,10
DWD-00611-0,DWD,00611,Bordesholm,54.1762,10.0308,27.0,1891-05-01,2026-10-02,Hellmann,first,35
DWD-00619-3,DWD,00619,Borkum-Süderstraße,53.5609,6.7462,5.0,1972-07-01,2006-02-28,Hellmann,moved,15
DWD-00625-0,DWD,00625,Bornhöved,54.0667,10.2333,40.0,1891-06-07,2007-12-31,Hellmann,first,17
DWD-00628-1,DWD,00628,Borstel über Bad Oldesloe,53.8308,10.1804,40.0,1974-02-01,2026-10-02,Hellmann,instrument,35
DWD-00629-0,DWD,00629,Bosau-Hutzfeld,54.089,10.4845,47.0,1994-01-01,2006-12-31,Hellmann,first,13
DWD-00646-0,DWD,00646,"Bramstedt, Bad-Bimöhlen",53.9362,9.9532,15.0,1891-05-01,2007-05-31,Hellmann,first,15
DWD-00648-0,DWD,00648,Brande-Hörnerkirchen,53.8551,9.7152,9.0,1963-05-02,2006-12-31,Hellmann,first,16
DWD-00664-0,DWD,00664,Brebel,54.6333,9.7333,23.0,1931-01-01,2006-12-31,Hellmann,first,16
DWD-00671-0,DWD,00671,Breklum-Riddorf,54.6152,8.9886,21.0,1891-05-15,2006-12-31,Hellmann,first,16
DWD-00688-0,DWD,00688,Brekendorf,54.4333,9.6333,35.0,1891-05-01,2006-12-31,Hellmann,first,16
DWD-00701-10,DWD,00701,Bremerhaven,53.5332,8.5761,6.45,2016-09-15,2017-12-19,Niederschlagswächter,instrument,1
DWD-00701-11,DWD,00701,Bremerhaven,53.5332,8.5761,6.45,2017-12-19,2026-10-02,"rain[e]H3, Wägetechnologie",instrument,8
DWD-00701-12,DWD,00701,Bremerhaven,53.5332,8.5761,6.45,2017-12-27,2026-10-02,Niederschlagswächter,instrument,8
DWD-00701-2,DWD,00701,Bremerhaven,53.5328,8.5771,6.0,1962-04-16,1998-06-09,Hellmann,moved,7
DWD-00701-3,DWD,00701,Bremerhaven,53.5328,8.5771,6.0,1997-11-19,1998-06-09,Niederschlagssensor nach Joss-Tognini,instrument,0
DWD-00701-4,DWD,00701,Bremerhaven,53.5332,8.5761,6.45,1998-06-10,2005-05-09,Niederschlags-Detektor,instrument,6
DWD-00701-5,DWD,00701,Bremerhaven,53.5332,8.5761,6.45,1998-06-10,2005-09-20,Niederschlagssensor nach Joss-Tognini,instrument,6
DWD-00701-6,DWD,00701,Bremerhaven,53.5332,8.5761,6.45,2005-05-10,2015-02-04,Niederschlagswächter,instrument,9
DWD-00701-7,DWD,00701,Bremerhaven,53.5332,8.5761,6.45,2005-09-21,2015-02-04,PLUVIO,instrument,9
DWD-00701-8,DWD,00701,Bremerhaven,53.5332,8.5761,6.45,2015-02-05,2016-09-08,Niederschlagswächter,instrument,1
DWD-00701-9,DWD,00701,Bremerhaven,53.5332,8.5761,6.45,2015-02-05,2017-12-04,PLUVIO,instrument,3
DWD-00704-0,DWD,00704,Bremervörde,53.4972,9.1717,3.0,1998-01-01,2002-05-29,Niederschlagssensor nach Joss-Tognini,first,2
DWD-00704-1,DWD,00704,Bremervörde,53.4972,9.1717,3.0,1998-01-01,2002-05-29,Regenmelder,instrument,2
DWD-00704-2,DWD,00704,Bremervörde,53.4451,9.139,10.57,2002-05-30,2003-11-10,Niederschlagssensor nach Joss-Tognini,moved,0
DWD-00704-3,DWD,00704,Bremervörde,53.4451,9.139,10.57,2002-05-30,2006-07-05,Regenmelder,instrument,3
DWD-00704-4,DWD,00704,Bremervörde,53.4451,9.139,10.57,2003-11-11,2018-08-13,PLUVIO,instrument,14
DWD-00704-5,DWD,00704,Bremervörde,53.4451,9.139,10.57,2006-07-06,2026-10-02,Niederschlagswächter,instrument,19
DWD-00704-6,DWD,00704,Bremervörde,53.4451,9.139,10.57,2018-08-14,2026-10-02,"rain[e]H3, Wägetechnologie",instrument,7
DWD-00705-1,DWD,00705,Bremervörde-Niederochtenhausen,53.5312,9.1664,5.0,1985-06-05,2006-12-31,Hellmann,instrument,16
DWD-00726-0,DWD,00726,Brokstedt,53.9965,9.8194,10.0,1898-09-01,2000-12-31,Hellmann,first,10
DWD-00741-0,DWD,00741,Brüel,53.7389,11.7142,25.0,1888-05-01,2026-10-02,Hellmann,first,35
DWD-00747-2,DWD,00747,Brunsbüttel,53.9071,9.1478,2.0,1983-04-01,1996-03-31,Hellmann,moved,5
DWD-00747-3,DWD,00747,Brunsbüttel,53.9196,9.1417,1.0,1996-08-01,2026-10-02,Hellmann,moved,28
DWD-00750-0,DWD,00750,Brunsmark,53.617,10.7486,40.0,1987-10-01,2006-12-31,Hellmann,first,16
DWD-00760-0,DWD,00760,Rosengarten-Klecken,53.3552,9.9355,77.0,1976-06-01,2004-05-31,Hellmann,first,13
DWD-00760-1,DWD,00760,Rosengarten-Klecken,53.3635,9.9434,82.0,2015-07-01,2017-11-30,Hellmann,moved,2
DWD-00760-2,DWD,00760,Rosengarten-Klecken,53.3629,9.9435,83.0,2017-12-01,2020-09-01,PLUVIO,instrument,2
DWD-00760-3,DWD,00760,Rosengarten-Klecken,53.3629,9.9435,83.0,2020-09-02,2026-10-02,"rain[e]H3, Wägetechnologie",instrument,5
DWD-00761-0,DWD,00761,"Buchholz (-Moor), Kreis Dithmarschen",53.969,9.2367,0.0,1994-04-14,2003-12-31,Hellmann,first,9
DWD-00787-0,DWD,00787,Büsum (Stadt),54.1332,8.8618,7.0,1961-01-01,1991-06-30,Hellmann,first,0
DWD-00788-0,DWD,00788,Büsum,54.1297,8.8618,7.0,1891-05-01,2006-12-31,Hellmann,first,0
DWD-00791-2,DWD,00791,Bordelum,54.6525,8.9095,5.0,1973-11-18,2005-12-31,Hellmann,moved,15
DWD-00791-3,DWD,00791,Bordelum,54.6328,8.937,5.0,2006-01-01,2022-06-20,PLUVIO,moved,16
DWD-00791-4,DWD,00791,Bordelum,54.6328,8.937,5.0,2019-05-14,2026-10-02,"rain[e]H3, Wägetechnologie",instrument,6
DWD-00792-0,DWD,00792,Bützow-Wolken,53.85,12.0167,10.0,1975-01-01,1999-08-31,Hellmann,first,8
DWD-00794-0,DWD,00794,Bullenkuhlen,53.7667,9.7333,10.0,1891-05-01,2006-12-31,Hellmann,first,16
DWD-00799-0,DWD,00799,Burg/Fehmarn,54.45,11.2,10.0,1979-01-01,1996-04-30,Hellmann,first,5
DWD-00827-3,DWD,00827,Butjadingen-Burhave,53.5797,8.3621,1.0,1988-11-23,2026-10-02,Hellmann,moved,35
DWD-00839-0,DWD,00839,Carlow,53.7587,10.9364,40.0,1974-01-01,2004-04-30,Hellmann,first,13
DWD-00839-1,DWD,00839,Carlow,53.7575,10.9288,27.0,2011-01-01,2020-06-11,PLUVIO,instrument,9
DWD-00839-2,DWD,00839,Carlow,53.7575,10.9288,27.0,2020-06-12,2026-10-02,"rain[e]H3, Wägetechnologie",instrument,5
DWD-00889-0,DWD,00889,Crivitz,53.5805,11.6467,40.0,1969-01-01,1993-06-30,Gerätetyp unbekannt,first,2
DWD-00889-1,DWD,00889,Crivitz,53.5735,11.6456,40.0,1993-07-01,2018-02-28,Hellmann,instrument,24
DWD-00891-1,DWD,00891,Cuxhaven,53.8712,8.7071,4.0,1951-05-04,2000-05-09,Hellmann,moved,9
DWD-00891-10,DWD,00891,Cuxhaven,53.8712,8.7058,5.14,2024-09-04,2025-11-17,Niederschlagswächter,instrument,0
DWD-00891-11,DWD,00891,Cuxhaven,53.8712,8.7058,5.14,2024-09-04,2026-03-30,"rain[e]H3, Wägetechnologie",instrument,1
DWD-00891-12,DWD,00891,Cuxhaven,53.8712,8.7058,5.14,2025-12-11,2026-03-30,Niederschlagswächter,instrument,0
DWD-00891-2,DWD,00891,Cuxhaven,53.8713,8.7058,5.0,1999-04-29,2017-09-19,PLUVIO,instrument,17
DWD-00891-3,DWD,00891,Cuxhaven,53.8713,8.7058,5.0,2000-05-10,2013-05-24,Niederschlags-Detektor,instrument,12
DWD-00891-4,DWD,00891,Cuxhaven,53.8713,8.7058,5.0,2013-05-30,2019-05-26,Niederschlagswächter,instrument,5
DWD-00891-5,DWD,00891,Cuxhaven,53.8713,8.706,4.9,2017-09-28,2020-01-26,PLUVIO,instrument,2
DWD-00891-6,DWD,00891,Cuxhaven,53.8713,8.706,4.9,2019-06-19,2024-09-03,Niederschlagswächter,instrument,4
DWD-00891-7,DWD,00891,Cuxhaven,53.8713,8.706,4.9,2020-01-27,2024-09-03,"rain[e]H3, Wägetechnologie",instrument,4
DWD-00891-8,DWD,00891,Cuxhaven,53.8712,8.7058,5.14,2024-09-04,2025-11-17,Niederschlagswächter,instrument,0
DWD-00891-9,DWD,00891,Cuxhaven,53.8712,8.7058,5.14,2024-09-04,2025-11-17,"rain[e]H3, Wägetechnologie",instrument,0
DWD-00892-0,DWD,00892,Cuxhaven-Altenbruch,53.8256,8.7721,2.0,1895-10-20,2006-12-31,Hellmann,first,16
DWD-00893-0,DWD,00893,Hohen Pritz-Kukuk,53.6643,11.912,42.0,1969-01-01,2011-08-10,Hellmann,first,20
DWD-00893-1,DWD,00893,Hohen Pritz-Kukuk,53.6377,11.9229,41.0,2011-08-11,2026-10-02,Hellmann,moved,14
DWD-00900-0,DWD,00900,Dagebüll,54.7289,8.7071,1.0,1941-01-01,2006-12-31,Hellmann,first,16
DWD-00915-1,DWD,00915,Dargun,53.9,12.85,17.0,1974-05-16,2000-12-31,Hellmann,instrument,10
DWD-00939-8,DWD,00939,Demmin-Drönnewitz,53.9164,12.977,22.5,2014-04-01,2026-10-02,Hellmann,moved,11
DWD-00946-0,DWD,00946,Dersenow,53.3824,10.8897,30.0,1969-01-01,2005-12-31,Hellmann,first,15
DWD-00968-0,DWD,00968,Diestelow,53.5538,12.0676,57.0,1994-02-01,2003-12-31,Hellmann,first,10
DWD-00999-0,DWD,00999,"Doberan, Bad",54.1137,11.9129,15.0,1894-05-01,2005-12-31,Hellmann,first,15
DWD-01000-1,DWD,01000,"Doberan, Bad-Heiligendamm",54.1442,11.8454,3.0,1976-10-01,1997-08-31,Hellmann,instrument,6
DWD-01016-1,DWD,01016,Langballig,54.7845,9.6669,27.0,1970-10-01,2008-01-31,Hellmann,moved,17
DWD-01016-2,DWD,01016,Langballig,54.7949,9.6429,25.0,2009-04-01,2026-10-02,Hellmann,moved,16
DWD-01017-0,DWD,01017,Domsühl-Zieslübbe,53.4727,11.7729,54.0,1976-01-01,2005-12-31,Hellmann,first,15
DWD-01030-0,DWD,01030,Dornum,53.6461,7.43,3.0,1958-04-01,2005-02-28,Hellmann,first,13
DWD-01030-1,DWD,01030,Dornum,53.646,7.4302,2.5,2005-03-01,2020-05-27,PLUVIO,instrument,14
DWD-01030-2,DWD,01030,Dornum,53.646,7.4302,2.5,2020-05-28,2026-10-02,"rain[e]H3, Wägetechnologie",instrument,5
DWD-01056-1,DWD,01056,Drochtersen,53.7098,9.3947,1.0,1983-10-26,2005-11-30,Hellmann,moved,15
DWD-01056-2,DWD,01056,Drochtersen,53.7118,9.3791,2.0,2005-12-01,2018-11-15,PLUVIO,moved,12
DWD-01056-3,DWD,01056,Drochtersen,53.7118,9.3791,2.0,2018-11-15,2026-10-02,"rain[e]H3, Wägetechnologie",instrument,7
DWD-01115-0,DWD,01115,Eckernförde,54.4536,9.843,25.0,1891-05-01,2001-02-28,Hellmann,first,10
DWD-01115-1,DWD,01115,Eckernförde,54.4844,9.843,8.0,2001-03-01,2006-12-31,Hellmann,moved,5
DWD-01130-0,DWD,01130,Eggebek,54.6248,9.3498,18.0,1979-01-01,2005-01-31,Hellmann,first,13
DWD-01130-1,DWD,01130,Eggebek,54.6282,9.3649,18.0,2009-07-01,2022-06-22,PLUVIO,moved,12
DWD-01130-2,DWD,01130,Eggebek,54.6282,9.3649,18.0,2019-05-16,2026-10-02,"rain[e]H3, Wägetechnologie",instrument,6
DWD-01189-0,DWD,01189,Elisendorf,54.4667,10.05,35.0,1978-01-01,2006-12-31,Hellmann,first,16
DWD-01199-0,DWD,01199,Elmenhorst-Lichtenhagen,54.1392,12.0323,8.0,1974-01-01,1998-12-31,Hellmann,first,8
DWD-01200-0,DWD,01200,Elpersbüttel,54.0691,9.0105,2.99,2006-02-01,2013-03-11,Niederschlags-Detektor,first,7
DWD-01200-1,DWD,01200,Elpersbüttel,54.0691,9.0105,2.99,2006-02-01,2018-10-08,PLUVIO,instrument,12
DWD-01200-2,DWD,01200,Elpersbüttel,54.0691,9.0105,2.99,2013-03-12,2019-06-25,Niederschlagswächter,instrument,5
DWD-01200-3,DWD,01200,Elpersbüttel,54.0691,9.0105,2.99,2018-10-09,2026-10-02,"rain[e]H3, Wägetechnologie",instrument,7
DWD-01200-4,DWD,01200,Elpersbüttel,54.0691,9.0105,2.99,2019-07-01,2026-10-02,Niederschlagswächter,instrument,6
DWD-01219-0,DWD,01219,Emden-Nesserland,53.3446,7.1906,6.0,1947-01-01,1997-06-30,Hellmann,first,6
DWD-01220-0,DWD,01220,Emden-Widdelswehr,53.3402,7.2598,0.0,1996-07-01,2006-12-31,Hellmann,first,10
DWD-01266-3,DWD,01266,Erfde,54.3067,9.3006,18.0,1964-04-13,1994-01-05,Hellmann,moved,3
DWD-01266-4,DWD,01266,Erfde,54.2992,9.3162,18.0,1994-01-06,2004-05-31,Hellmann,moved,10
DWD-01266-5,DWD,01266,Erfde,54.2992,9.3162,18.0,2004-06-01,2019-09-25,PLUVIO,instrument,14
DWD-01266-6,DWD,01266,Erfde,54.2992,9.3162,18.0,2019-03-21,2026-10-02,"rain[e]H3, Wägetechnologie",instrument,6
DWD-01299-0,DWD,01299,Esens,53.6431,7.6055,4.0,1979-09-01,1999-10-31,Hellmann,first,8
DWD-01329-2,DWD,01329,Eutin,54.134,10.5865,50.0,1978-09-01,2003-12-31,Hellmann,moved,13
DWD-01362-0,DWD,01362,Finkenthal,53.9401,12.7819,29.0,1995-11-01,2005-12-31,Hellmann,first,9
DWD-01376-0,DWD,01376,Fleestedt,53.4185,9.9916,50.0,1961-01-01,2017-12-31,Hellmann,first,27
DWD-01378-0,DWD,01378,Flensburg,54.8086,9.4182,45.0,1985-07-01,2006-12-31,Hellmann,first,16
DWD-01379-3,DWD,01379,Flensburg (Schäferhaus),54.7752,9.3756,41.0,1963-04-29,2006-05-31,Hellmann,moved,15
DWD-01394-0,DWD,01394,Föhrden,54.3333,9.5,5.0,1987-10-01,1995-03-31,Hellmann,first,4
DWD-01429-0,DWD,01429,Franzburg,54.1883,12.8793,14.0,1897-05-01,2026-10-02,Hellmann,first,34
DWD-01451-3,DWD,01451,Freiburg/Elbe,53.8277,9.2483,2.0,1980-07-03,2004-05-31,Hellmann,moved,13
DWD-01451-4,DWD,01451,Freiburg/Elbe,53.8277,9.2493,2.0,2004-06-01,2020-04-21,PLUVIO,instrument,15
DWD-01451-5,DWD,01451,Freiburg/Elbe,53.8277,9.2493,2.0,2020-04-22,2026-10-02,"rain[e]H3, Wägetechnologie",instrument,5
DWD-01480-0,DWD,01480,Friedeburg-Wiesedermeer,53.4816,7.7269,8.0,1992-06-01,2006-12-31,Hellmann,first,14
DWD-01494-2,DWD,01494,Friedrichskoog,54.0056,8.9299,2.0,1988-10-12,1991-09-30,Hellmann,moved,0
DWD-01494-3,DWD,01494,Friedrichskoog,54.006,8.8794,2.0,1991-10-01,2009-01-31,Hellmann,moved,17
DWD-01494-4,DWD,01494,Friedrichskoog,53.971,8.9166,1.0,2017-07-01,2026-10-02,Hellmann,moved,8
DWD-01495-0,DWD,01495,Friedrichsruhe-Goldenbow,53.5253,11.7414,53.0,1969-01-01,2004-09-30,Hellmann,first,13
DWD-01495-1,DWD,01495,Friedrichsruhe-Goldenbow,53.5389,11.7607,52.0,2004-10-01,2020-03-10,PLUVIO,moved,14
DWD-01495-2,DWD,01495,Friedrichsruhe-Goldenbow,53.5389,11.7607,52.0,2020-03-11,2026-10-02,"rain[e]H3, Wägetechnologie",instrument,5
DWD-01496-0,DWD,01496,Friedrichstadt,54.3833,9.1,1.0,1891-06-01,2003-08-31,Hellmann,first,12
DWD-01532-1,DWD,01532,Gadebusch-Ganzow,53.6865,11.0608,55.0,1990-01-01,2005-12-31,Hellmann,instrument,15
DWD-01543-0,DWD,01543,Ganzlin-Twietfort,53.4002,12.2781,80.0,1951-01-01,1997-06-30,Gerätetyp unbekannt,first,5
DWD-01543-1,DWD,01543,Ganzlin-Twietfort,53.4002,12.2781,80.0,1997-07-01,2005-12-31,Hellmann,instrument,8
DWD-01546-1,DWD,01546,Garding,54.33,8.7947,2.0,1974-09-12,2026-02-01,Hellmann,moved,35
DWD-01562-0,DWD,01562,Geesthacht,53.4354,10.3343,7.0,1992-03-19,2006-12-31,Hellmann,first,14
DWD-01665-0,DWD,01665,Glücksburg-Holnis,54.8664,9.5977,5.0,1897-09-01,2006-12-31,Hellmann,first,16
DWD-01666-0,DWD,01666,Glücksburg-Meierwik,54.8305,9.5069,27.0,1988-04-01,2009-11-04,Hellmann,first,18
DWD-01666-1,DWD,01666,Glücksburg-Meierwik,54.8273,9.5058,11.72,2009-11-05,2018-05-16,PLUVIO,instrument,8
DWD-01666-2,DWD,01666,Glücksburg-Meierwik,54.8273,9.5058,11.72,2018-05-17,2026-10-02,"rain[e]H3, Wägetechnologie",instrument,7
DWD-01667-2,DWD,01667,Glückstadt,53.7971,9.4307,2.0,1979-12-01,2021-07-24,Hellmann,moved,29
DWD-01668-0,DWD,01668,Gnarrenburg-Karlshöfen,53.3333,9.0,5.0,1981-08-01,1998-12-31,Hellmann,first,8
DWD-01669-0,DWD,01669,Borrentin,53.7807,12.937,34.0,1969-01-01,2006-10-31,Hellmann,first,15
DWD-01669-1,DWD,01669,Borrentin,53.8083,12.9678,40.0,2006-11-01,2015-11-30,PLUVIO,moved,9
DWD-01669-2,DWD,01669,Borrentin,53.808,12.9607,42.5,2018-10-01,2026-10-02,"rain[e]H3, Wägetechnologie",instrument,7
DWD-01671-0,DWD,01671,Gnutz,54.1353,9.8249,25.0,1998-11-01,2006-12-31,Hellmann,first,8
DWD-01694-2,DWD,01694,Goldberg,53.6058,12.1034,58.65,1989-04-27,2006-06-14,NG 200,instrument,5
DWD-01694-3,DWD,01694,Goldberg,53.6058,12.1034,58.65,1989-04-27,2006-06-14,"NG 200, Tröpfchenzähler",instrument,5
DWD-01694-4,DWD,01694,Goldberg,53.6058,12.1034,58.65,1995-05-24,2011-09-03,Niederschlags-Detektor,instrument,9
DWD-01694-5,DWD,01694,Goldberg,53.6058,12.1034,58.65,2006-06-15,2011-09-03,PLUVIO,instrument,4
DWD-01694-6,DWD,01694,Goldberg,53.6058,12.1034,58.65,2011-09-04,2016-07-25,Niederschlags-Detektor,instrument,4
DWD-01694-7,DWD,01694,Goldberg,53.6058,12.1034,58.65,2011-09-04,2017-10-18,PLUVIO,instrument,5
DWD-01694-8,DWD,01694,Goldberg,53.6058,12.1034,58.65,2016-07-26,2026-10-02,Niederschlagswächter,instrument,9
DWD-01694-9,DWD,01694,Goldberg,53.6058,12.1034,58.65,2017-10-19,2026-10-02,"rain[e]H3, Wägetechnologie",instrument,8
DWD-01714-2,DWD,01714,"Graal-Müritz, Seeheilbad",54.252,12.2536,6.0,1968-04-01,1998-11-08,Hellmann,moved,7
DWD-01714-3,DWD,01714,"Graal-Müritz, Seeheilbad",54.2475,12.2377,1.5,1999-02-01,2026-10-02,Hellmann,moved,27
DWD-01719-0,DWD,01719,Grabowhöfe,53.5699,12.6015,70.0,1970-01-01,2005-12-31,Hellmann,first,15
DWD-01736-2,DWD,01736,Grambek,53.5731,10.6797,25.5,1984-10-10,2002-06-30,Hellmann,moved,11
DWD-01736-3,DWD,01736,Grambek,53.5731,10.6797,25.5,2002-07-01,2019-05-02,PLUVIO,instrument,16
DWD-01736-4,DWD,01736,Grambek,53.5731,10.6797,25.5,2019-05-03,2026-10-02,"rain[e]H3, Wägetechnologie",instrument,6
DWD-01741-0,DWD,01741,Granzin,53.5032,11.9382,65.0,1978-10-24,2011-12-31,Hellmann,first,21
DWD-01767-0,DWD,01767,Greven-Granzin,53.4646,10.8397,52.0,1968-07-01,2005-12-31,Hellmann,first,15
DWD-01769-1,DWD,01769,Grevesmühlen,53.8558,11.1844,30.0,1954-04-01,1997-11-30,Hellmann,moved,7
DWD-01769-2,DWD,01769,Grevesmühlen,53.8629,11.1979,35.0,1998-07-01,2001-06-30,Hellmann,moved,2
DWD-01769-3,DWD,01769,Grevesmühlen,53.8312,11.1713,24.0,2001-07-01,2004-09-30,Hellmann,moved,2
DWD-01769-4,DWD,01769,Grevesmühlen,53.8312,11.1713,24.0,2004-10-01,2020-06-09,PLUVIO,instrument,15
DWD-01769-5,DWD,01769,Grevesmühlen,53.8312,11.1713,24.0,2020-06-10,2026-10-02,"rain[e]H3, Wägetechnologie",instrument,5
DWD-01787-0,DWD,01787,Grömitz,54.15,10.95,15.0,1961-01-01,2006-12-31,Hellmann,first,16
DWD-01795-0,DWD,01795,Groß Brütz,53.65,11.25,78.0,1969-01-01,1991-01-31,Hellmann,first,0
DWD-01799-0,DWD,01799,Groß Krankow-Käselow,53.8475,11.3276,50.0,1969-01-01,2018-06-30,Hellmann,first,27
DWD-01800-0,DWD,01800,Groß Krankow-Klein Krankow,53.8117,11.3142,45.0,1983-01-18,2001-12-31,Hellmann,first,11
DWD-01803-0,DWD,01803,Sanitz-Groß Lüsewitz,54.0706,12.3358,36.0,1949-07-01,2004-03-31,Hellmann,first,13
DWD-01803-1,DWD,01803,Sanitz-Groß Lüsewitz,54.0714,12.3238,34.5,2004-09-01,2019-08-19,PLUVIO,instrument,14
DWD-01803-2,DWD,01803,Sanitz-Groß Lüsewitz,54.0714,12.3238,34.5,2019-08-20,2026-10-02,"rain[e]H3, Wägetechnologie",instrument,6
DWD-01806-0,DWD,01806,Bülow-Runow,53.5888,11.8563,65.0,1997-05-01,2010-03-30,Hellmann,first,12
DWD-01806-1,DWD,01806,Bülow-Runow,53.5929,11.8296,55.0,2010-03-31,2011-09-30,Hellmann,moved,0
DWD-01813-0,DWD,01813,Groß Wittensee,54.4035,9.7676,10.0,1917-11-01,2006-12-31,Hellmann,first,16
DWD-01813-1,DWD,01813,Groß Wittensee,54.4032,9.7654,17.0,2007-01-01,2022-07-01,PLUVIO,instrument,15
DWD-01813-2,DWD,01813,Groß Wittensee,54.4032,9.7654,17.0,2020-05-05,2026-10-02,"rain[e]H3, Wägetechnologie",instrument,5
DWD-01824-0,DWD,01824,Großefehn-Strackholt,53.3696,7.6405,8.0,1947-01-01,2006-12-31,Hellmann,first,16
DWD-01825-0,DWD,01825,Großen Luckow,53.6685,12.5201,18.0,1979-06-19,2005-12-31,Hellmann,first,15
DWD-01827-0,DWD,01827,Großenbrode,54.3743,11.0871,8.0,1915-05-01,2006-12-31,Hellmann,first,16
DWD-01827-1,DWD,01827,Großenbrode,54.3726,11.0828,2.5,2007-01-01,2019-10-25,PLUVIO,instrument,12
DWD-01827-2,DWD,01827,Großenbrode,54.3726,11.0828,2.5,2019-02-27,2026-10-02,"rain[e]H3, Wägetechnologie",instrument,6
DWD-01841-0,DWD,01841,Großheide,53.5928,7.3436,4.0,1931-01-01,2006-02-28,Hellmann,first,15
DWD-01860-0,DWD,01860,Grube,54.2359,11.0355,2.0,1893-11-01,2002-06-30,Hellmann,first,10
DWD-01888-2,DWD,01888,Gülzow-Prüzen-Parum,53.7842,12.1844,10.0,1988-02-01,2005-01-31,Hellmann,moved,14
DWD-01888-3,DWD,01888,Gülzow-Prüzen-Parum,53.8119,12.114,9.5,2005-02-01,2019-07-31,PLUVIO,moved,14
DWD-01888-4,DWD,01888,Gülzow-Prüzen-Parum,53.8119,12.114,9.5,2019-08-01,2026-10-02,"rain[e]H3, Wägetechnologie",instrument,6
DWD-01889-0,DWD,01889,Güstrow-Kluess,53.7773,12.2451,15.0,1888-01-15,2003-12-31,Hellmann,first,11
DWD-01919-0,DWD,01919,Bramstedt-Hagen,53.3841,8.6323,3.0,1998-04-01,2006-12-31,Hellmann,first,7
DWD-01926-3,DWD,01926,Hagenow,53.4338,11.1767,30.0,1973-01-15,2022-12-31,Hellmann,moved,32
DWD-01970-0,DWD,01970,Hamburg (Stadtpark),53.5898,10.0299,8.0,1951-05-01,2005-12-31,Hellmann,first,15
DWD-01971-0,DWD,01971,Hamburg-Altona,53.577,9.903,44.0,1931-01-01,1999-12-31,Hellmann,first,9
DWD-01975-0,DWD,01975,Hamburg-Fuhlsbüttel,53.6308,10.0039,12.0,1936-01-01,1995-09-04,Hellmann,first,4
DWD-01975-1,DWD,01975,Hamburg-Fuhlsbüttel,53.6332,9.9881,11.0,1995-09-05,1995-09-30,Hellmann,moved,0
DWD-01975-2,DWD,01975,Hamburg-Fuhlsbüttel,53.6332,9.9881,11.0,1995-10-01,2008-05-31,Niederschlags-Detektor,instrument,12
DWD-01975-3,DWD,01975,Hamburg-Fuhlsbüttel,53.6332,9.9881,11.0,1995-10-01,2008-05-31,Niederschlagssensor nach Joss-Tognini,instrument,12
DWD-01975-4,DWD,01975,Hamburg-Fuhlsbüttel,53.6332,9.9881,10.65,2008-06-01,2008-06-15,Niederschlags-Detektor,instrument,0
DWD-01975-5,DWD,01975,Hamburg-Fuhlsbüttel,53.6332,9.9881,10.65,2008-06-01,2008-06-15,Niederschlagssensor nach Joss-Tognini,instrument,0
DWD-01975-6,DWD,01975,Hamburg-Fuhlsbüttel,53.6332,9.9881,10.65,2008-06-16,2018-06-12,PLUVIO,instrument,9
DWD-01975-7,DWD,01975,Hamburg-Fuhlsbüttel,53.6332,9.9881,10.65,2008-06-16,2026-10-02,Niederschlagswächter,instrument,17
DWD-01975-8,DWD,01975,Hamburg-Fuhlsbüttel,53.6332,9.9881,10.65,2018-06-13,2026-10-02,"rain[e]H3, Wägetechnologie",instrument,7
DWD-01979-1,DWD,01979,Hamburg-Kirchwerder,53.4213,10.1462,2.0,1988-05-01,2006-12-31,Hellmann,moved,16
DWD-01981-0,DWD,01981,Hamburg-Neuwiedenthal,53.4774,9.8971,2.5,1962-05-01,2005-02-28,Hellmann,first,14
DWD-01981-1,DWD,01981,Hamburg-Neuwiedenthal,53.4776,9.8957,3.5,2005-03-01,2019-05-21,PLUVIO,instrument,13
DWD-01981-2,DWD,01981,Hamburg-Neuwiedenthal,53.4776,9.8957,3.5,2019-05-22,2026-10-02,"rain[e]H3, Wägetechnologie",instrument,6
DWD-01983-0,DWD,01983,Hamburg-Ohlsdorf,53.6333,10.05,25.0,1951-01-01,1997-12-31,Hellmann,first,7
DWD-01984-0,DWD,01984,Hamburg-Poppenbüttel,53.6667,10.0833,30.0,1951-01-01,1993-12-31,Hellmann,first,3
DWD-01987-0,DWD,01987,Hamburg-Sankt Pauli,53.5482,9.9694,22.0,1956-01-01,2000-02-29,Hellmann,first,8
DWD-01987-1,DWD,01987,Hamburg-Sankt Pauli,53.5467,9.9662,47.24,2007-05-31,2023-12-31,Niederschlagssensor nach Joss-Tognini,moved,0
DWD-01987-2,DWD,01987,Hamburg-Sankt Pauli,53.5467,9.9662,47.24,2007-05-31,2023-12-31,Niederschlagswächter,instrument,0
DWD-01989-0,DWD,01989,Hamburg-Volksdorf,53.65,10.1833,48.0,1983-09-01,2001-06-30,Hellmann,first,10
DWD-01990-1,DWD,01990,Hamburg-Wandsbek,53.5853,10.1293,18.0,1985-09-17,2006-12-31,Hellmann,moved,16
DWD-02004-0,DWD,02004,Hanerau-Hademarschen,54.1245,9.407,46.0,1891-05-01,2006-04-30,Hellmann,first,15
DWD-02026-0,DWD,02026,Harsefeld,53.4496,9.4953,32.0,1987-07-25,2015-10-31,Hellmann,first,24
DWD-02028-0,DWD,02028,Hartenholm,53.9,10.0667,32.0,1951-01-01,2006-12-31,Hellmann,first,16
DWD-02078-2,DWD,02078,Weddingstedt,54.2106,9.1056,12.0,1965-01-27,2002-06-30,Hellmann,moved,11
DWD-02078-3,DWD,02078,Weddingstedt,54.2181,9.0853,10.0,2008-04-01,2008-04-30,Hellmann,moved,0
DWD-02115-1,DWD,02115,Helgoland,54.1752,7.8909,4.0,1952-08-29,1996-12-18,Hellmann,moved,6
DWD-02115-2,DWD,02115,Helgoland,54.175,7.892,4.0,1996-10-23,2006-07-30,Niederschlags-Detektor,instrument,9
DWD-02115-3,DWD,02115,Helgoland,54.175,7.892,4.0,1996-10-23,2006-07-30,Niederschlagssensor nach Joss-Tognini,instrument,9
DWD-02115-4,DWD,02115,Helgoland,54.175,7.892,4.36,2006-07-31,2015-08-19,PLUVIO,instrument,8
DWD-02115-5,DWD,02115,Helgoland,54.175,7.892,4.36,2006-07-31,2015-08-19,Niederschlagswächter,instrument,8
DWD-02115-6,DWD,02115,Helgoland,54.175,7.892,4.36,2015-08-20,2018-05-16,PLUVIO,instrument,2
DWD-02115-7,DWD,02115,Helgoland,54.175,7.892,4.36,2015-08-20,2026-10-02,Niederschlagswächter,instrument,10
DWD-02115-8,DWD,02115,Helgoland,54.175,7.892,4.36,2018-05-17,2026-10-02,"rain[e]H3, Wägetechnologie",instrument,7
DWD-02122-0,DWD,02122,"Helse, Kr. Dithmarschen",53.974,9.0117,2.0,1969-11-01,2002-05-31,Hellmann,first,11
DWD-02128-0,DWD,02128,Hemmoor,53.6951,9.1486,5.0,1895-11-11,2006-12-31,Hellmann,first,16
DWD-02136-0,DWD,02136,Hennstedt,54.2912,9.1581,11.0,1993-03-31,2006-12-31,Hellmann,first,13
DWD-02137-0,DWD,02137,Henstedt-Ulzburg,53.7895,10.0121,40.0,1898-05-21,2006-12-31,Hellmann,first,16
DWD-02181-1,DWD,02181,Hesel-Schwerinsdorf,53.3,7.6639,8.0,2012-07-03,2026-10-02,Hellmann,moved,13
DWD-02272-0,DWD,02272,Ventschow,53.7849,11.5138,50.0,1898-09-01,2009-11-30,Hellmann,first,18
DWD-02272-1,DWD,02272,Ventschow,53.7784,11.5595,43.5,2009-12-01,2020-03-11,PLUVIO,moved,10
DWD-02272-2,DWD,02272,Ventschow,53.7784,11.5595,43.5,2020-03-12,2026-10-02,"rain[e]H3, Wägetechnologie",instrument,5
DWD-02297-0,DWD,02297,Hohenwestedt,54.1195,9.7127,80.0,1892-05-01,1995-11-30,Hellmann,first,0
DWD-02303-0,DWD,02303,Hohn,54.3146,9.539,10.0,1981-10-01,2007-03-31,Hellmann,first,16
DWD-02303-1,DWD,02303,Hohn,54.3162,9.5385,10.0,2007-04-01,2018-04-30,PLUVIO,instrument,9
DWD-02303-2,DWD,02303,Hohn,54.3162,9.5385,10.0,2018-05-01,2026-10-02,"rain[e]H3, Wägetechnologie",instrument,7
DWD-02306-0,DWD,02306,Hohwacht,54.3192,10.673,8.0,1977-11-01,2005-07-31,Hellmann,first,14
DWD-02306-1,DWD,02306,Hohwacht,54.3194,10.6732,7.5,2005-08-01,2020-06-09,PLUVIO,instrument,14
DWD-02306-2,DWD,02306,Hohwacht,54.3194,10.6732,7.5,2020-06-10,2026-10-02,"rain[e]H3, Wägetechnologie",instrument,5
DWD-02312-0,DWD,02312,Holthusen,53.556,11.3622,51.0,1985-06-24,2005-12-31,Hellmann,first,15
DWD-02316-0,DWD,02316,Loose,54.5608,9.904,23.0,1961-01-01,2018-04-30,Hellmann,first,27
DWD-02316-1,DWD,02316,Loose,54.5352,9.9006,30.5,2018-05-01,2026-10-02,Hellmann,moved,7
DWD-02334-0,DWD,02334,Hoopte,53.3949,10.1687,2.0,1970-08-04,2003-04-02,Hellmann,first,12
DWD-02350-0,DWD,02350,"Horst, Kreis Steinburg",53.8181,9.6132,11.0,1931-01-01,2001-09-30,Hellmann,first,10
DWD-02350-1,DWD,02350,"Horst, Kreis Steinburg",53.7895,9.621,3.0,2002-02-01,2003-12-31,Hellmann,moved,2
DWD-02429-0,DWD,02429,Itzehoe,53.9897,9.5697,19.64,2003-07-01,2005-04-24,Niederschlagssensor nach Joss-Tognini,first,1
DWD-02429-1,DWD,02429,Itzehoe,53.9897,9.5697,19.64,2003-07-01,2007-01-09,Niederschlags-Detektor,instrument,3
DWD-02429-2,DWD,02429,Itzehoe,53.9897,9.5697,19.64,2005-04-25,2017-11-02,PLUVIO,instrument,11
DWD-02429-3,DWD,02429,Itzehoe,53.9897,9.5697,19.64,2007-01-10,2026-10-02,Niederschlagswächter,instrument,19
DWD-02429-4,DWD,02429,Itzehoe,53.9897,9.5697,19.64,2017-11-14,2026-10-02,"rain[e]H3, Wägetechnologie",instrument,8
DWD-02430-1,DWD,02430,Itzehoe (Gaswerk),53.9333,9.5,5.0,1961-01-01,2006-12-31,Hellmann,instrument,16
DWD-02437-0,DWD,02437,Schleswig-Jagel,54.4577,9.5149,22.0,1988-04-01,2009-08-31,Hellmann,first,18
DWD-02437-1,DWD,02437,Schleswig-Jagel,54.457,9.5203,21.3,2009-09-01,2018-04-30,PLUVIO,instrument,8
DWD-02437-2,DWD,02437,Schleswig-Jagel,54.457,9.5203,21.3,2018-05-01,2026-10-02,"rain[e]H3, Wägetechnologie",instrument,7
DWD-02445-0,DWD,02445,Jennewitz-Diedrichshagen,54.1015,11.7657,105.0,1969-01-01,2003-03-26,Hellmann,first,12
DWD-02452-2,DWD,02452,Marxen,53.3014,9.9506,28.0,1988-04-01,2016-10-31,Hellmann,moved,25
DWD-02452-3,DWD,02452,Marxen,53.3052,10.0124,39.5,2016-11-01,2026-10-02,Hellmann,moved,9
DWD-02455-0,DWD,02455,Westerrönfeld,54.2353,9.6635,7.0,1984-12-17,2010-03-31,Hellmann,first,19
DWD-02455-1,DWD,02455,Westerrönfeld,54.2706,9.6716,10.0,2010-07-01,2012-11-30,Hellmann,moved,2
DWD-02456-4,DWD,02456,Jever,53.5351,7.8926,7.0,1970-09-01,1994-07-31,Hellmann,moved,3
DWD-02459-1,DWD,02459,Jördenstorf,53.8801,12.6155,47.0,1974-01-01,2018-10-22,Hellmann,instrument,25
DWD-02462-0,DWD,02462,Joldelund,54.6541,9.1342,19.0,1931-01-01,2026-10-02,Hellmann,first,35
DWD-02465-0,DWD,02465,Jork-Moorende,53.5101,9.7295,1.0,1901-01-01,2002-06-30,Hellmann,first,11
DWD-02465-1,DWD,02465,Jork-Moorende,53.5082,9.7361,0.8,2002-07-01,2019-08-07,PLUVIO,instrument,16
DWD-02465-2,DWD,02465,Jork-Moorende,53.5083,9.7376,0.2,2019-08-08,2026-10-02,"rain[e]H3, Wägetechnologie",instrument,6
DWD-02476-0,DWD,02476,Juist,53.6717,6.9426,2.0,1991-05-30,2006-12-31,Hellmann,first,15
DWD-02495-0,DWD,02495,Kalkhorst-Groß Schwansee,53.9901,11.0083,10.0,1995-07-01,2005-12-31,Hellmann,first,10
DWD-02514-0,DWD,02514,Kappeln,54.6667,9.9333,18.0,1888-01-01,2006-12-31,Hellmann,first,16
DWD-02515-0,DWD,02515,Kappeln-Schleimünde,54.6736,10.0337,3.0,1941-01-01,2003-12-31,Hellmann,first,13
DWD-02529-0,DWD,02529,Plau am See-Karow,53.5428,12.2727,72.0,1969-01-01,2026-10-02,Hellmann,first,35
DWD-02552-0,DWD,02552,Kellinghusen,53.9537,9.7355,3.0,1895-11-12,2006-12-31,Hellmann,first,16
DWD-02564-0,DWD,02564,Kiel-Holtenau,54.3761,10.1434,27.0,1986-06-01,2009-11-17,Hellmann,first,18
DWD-02564-1,DWD,02564,Kiel-Holtenau,54.3761,10.1434,27.0,2009-11-18,2013-02-28,PLUVIO,instrument,3
DWD-02564-10,DWD,02564,Kiel-Holtenau,54.3776,10.1424,28.41,2019-09-18,2026-10-02,Niederschlagswächter,instrument,6
DWD-02564-11,DWD,02564,Kiel-Holtenau,54.3776,10.1424,28.41,2019-09-18,2026-10-02,"rain[e]H3, Wägetechnologie",instrument,6
DWD-02564-2,DWD,02564,Kiel-Holtenau,54.3761,10.1434,27.0,2013-05-01,2019-09-17,Niederschlagswächter,instrument,5
DWD-02564-3,DWD,02564,Kiel-Holtenau,54.3761,10.1434,27.0,2013-05-01,2019-09-17,PLUVIO,instrument,5
DWD-02564-4,DWD,02564,Kiel-Holtenau,54.3776,10.1424,28.41,2019-09-18,2026-04-19,Niederschlagswächter,instrument,6
DWD-02564-5,DWD,02564,Kiel-Holtenau,54.3776,10.1424,28.41,2019-09-18,2026-04-19,"rain[e]H3, Wägetechnologie",instrument,6
DWD-02564-6,DWD,02564,Kiel-Holtenau,54.3776,10.1424,28.41,2019-09-18,2026-04-19,Niederschlagswächter,instrument,6
DWD-02564-7,DWD,02564,Kiel-Holtenau,54.3776,10.1424,28.41,2019-09-18,2026-04-19,"rain[e]H3, Wägetechnologie",instrument,6
DWD-02564-8,DWD,02564,Kiel-Holtenau,54.3776,10.1424,28.41,2019-09-18,2026-04-19,Niederschlagswächter,instrument,6
DWD-02564-9,DWD,02564,Kiel-Holtenau,54.3776,10.1424,28.41,2019-09-18,2026-04-19,"rain[e]H3, Wägetechnologie",instrument,6
DWD-02578-1,DWD,02578,Kirchdorf/Poel,53.9991,11.442,4.0,1887-07-01,2004-06-30,Hellmann,instrument,13
DWD-02578-2,DWD,02578,Kirchdorf/Poel,53.9995,11.4341,13.5,2004-07-01,2019-06-12,PLUVIO,instrument,14
DWD-02578-3,DWD,02578,Kirchdorf/Poel,53.9995,11.4341,13.5,2019-06-13,2026-10-02,"rain[e]H3, Wägetechnologie",instrument,6
DWD-02599-0,DWD,02599,Kittlitz,53.6609,10.9078,42.0,1979-05-01,2005-05-31,Hellmann,first,14
DWD-02602-0,DWD,02602,Klanxbüll,54.865,8.674,1.0,1908-08-01,2012-04-30,Hellmann,first,18
DWD-02605-0,DWD,02605,Klein Bennebek,54.4009,9.4532,17.0,1903-02-01,2006-12-31,Hellmann,first,16
DWD-02606-0,DWD,02606,Klein Nordende,53.7242,9.646,5.0,1992-06-03,2006-12-31,Hellmann,first,14
DWD-02607-0,DWD,02607,Klein Plasten,53.5282,12.8577,55.0,1994-10-01,2005-12-31,Hellmann,first,11
DWD-02624-0,DWD,02624,Kleinwaabs,54.533,9.9855,32.0,1891-05-01,2006-12-31,Hellmann,first,16
DWD-02637-1,DWD,02637,Klink-Sembzin,53.4786,12.623,70.0,1946-07-01,2012-09-30,Hellmann,moved,20
DWD-02637-2,DWD,02637,Klink-Sembzin,53.4635,12.607,68.5,2012-10-01,2026-10-02,Hellmann,moved,13
DWD-02643-0,DWD,02643,Kloddram,53.4116,11.0033,45.0,1947-07-01,2003-12-31,Hellmann,first,13
DWD-02663-1,DWD,02663,Köhlen,53.5289,8.8791,7.0,1980-01-01,2026-10-02,Hellmann,moved,35
DWD-02725-0,DWD,02725,Krakow am See,53.6511,12.2709,50.0,1951-01-01,2026-10-02,Hellmann,first,33
DWD-02728-0,DWD,02728,Kratzeburg-Granzin,53.4128,12.9047,70.0,1969-01-01,2025-12-31,Hellmann,first,35
DWD-02734-2,DWD,02734,Krempel,54.3323,9.0167,1.0,1960-08-03,1994-05-31,Hellmann,moved,3
DWD-02734-3,DWD,02734,Krempel,54.3224,9.0273,5.0,1994-06-16,2005-12-31,Hellmann,moved,11
DWD-02734-4,DWD,02734,Krempel,54.3237,9.0247,1.0,2006-01-01,2019-06-11,PLUVIO,instrument,13
DWD-02734-5,DWD,02734,Krempel,54.3237,9.0247,1.0,2019-04-30,2026-10-02,"rain[e]H3, Wägetechnologie",instrument,6
DWD-02749-0,DWD,02749,Biendorf-Gersdorf,54.0686,11.7864,46.0,1969-03-01,2000-10-31,Hellmann,first,9
DWD-02749-1,DWD,02749,Biendorf-Gersdorf,54.0805,11.7425,52.0,2004-08-01,2019-06-25,PLUVIO,moved,14
DWD-02749-2,DWD,02749,Biendorf-Gersdorf,54.0805,11.7425,52.0,2018-10-24,2026-10-02,"rain[e]H3, Wägetechnologie",instrument,7
DWD-02763-0,DWD,02763,Norden-Leybuchtpolder,53.5,7.0935,1.0,1941-01-01,2003-02-28,Hellmann,first,12
DWD-02763-1,DWD,02763,Norden-Leybuchtpolder,53.5039,7.1217,1.0,2005-12-01,2019-09-17,PLUVIO,moved,12
DWD-02763-2,DWD,02763,Norden-Leybuchtpolder,53.5039,7.1217,1.0,2019-09-18,2026-10-02,"rain[e]H3, Wägetechnologie",instrument,6
DWD-02764-0,DWD,02764,Krumstedt,54.0706,9.1781,8.0,1990-01-01,2006-12-31,Hellmann,first,16
DWD-02766-0,DWD,02766,"Kühlungsborn, Ostseebad1",54.1167,11.7667,74.0,1969-01-01,1992-03-31,Hellmann,first,1
DWD-02767-0,DWD,02767,"Kühlungsborn, Ostseebad",54.132,11.7716,32.0,1951-01-01,2009-09-02,Hellmann,first,17
DWD-02767-1,DWD,02767,"Kühlungsborn, Ostseebad",54.1504,11.7634,6.0,2009-09-03,2016-12-31,Hellmann,moved,7
DWD-02791-0,DWD,02791,Kutenholz-Mulsum,53.5188,9.2872,14.0,1974-01-28,2006-12-31,Hellmann,first,16
DWD-02795-0,DWD,02795,Laage,53.9284,12.3456,15.0,1888-01-01,2000-03-31,Hellmann,first,9
DWD-02795-1,DWD,02795,Laage,53.9015,12.3792,40.0,2000-11-01,2003-03-31,Hellmann,moved,2
DWD-02795-2,DWD,02795,Laage,53.8891,12.3315,20.0,2003-04-01,2020-12-31,Hellmann,moved,17
DWD-02816-0,DWD,02816,Lalendorf,53.7598,12.3837,38.0,1990-07-01,2005-12-31,Hellmann,first,15
DWD-02822-0,DWD,02822,Lamstedt,53.635,9.0983,25.0,1931-01-01,2004-09-30,Hellmann,first,13
DWD-02822-1,DWD,02822,Lamstedt,53.6369,9.0979,26.0,2004-10-01,2020-05-11,PLUVIO,instrument,15
DWD-02822-2,DWD,02822,Lamstedt,53.6369,9.0979,26.0,2020-04-22,2026-10-02,"rain[e]H3, Wägetechnologie",instrument,5
DWD-02827-1,DWD,02827,Fehmarn-Bisdorf,54.4637,11.1423,5.0,1985-11-01,2026-10-02,Hellmann,moved,35
DWD-02844-3,DWD,02844,"Langen-Holßel, Kreis Cuxhaven",53.6956,8.6291,10.0,1976-10-01,2007-09-30,Hellmann,moved,16
DWD-02844-4,DWD,02844,"Langen-Holßel, Kreis Cuxhaven",53.6956,8.6291,9.4,2007-10-01,2019-05-22,PLUVIO,instrument,11
DWD-02844-5,DWD,02844,"Langen-Holßel, Kreis Cuxhaven",53.6956,8.6291,9.4,2019-05-23,2026-10-02,"rain[e]H3, Wägetechnologie",instrument,6
DWD-02851-0,DWD,02851,Langeneß,54.6333,8.6333,6.0,1891-05-05,2006-12-31,Hellmann,first,16
DWD-02855-0,DWD,02855,"Langenlehsten, Kreis Lauenburg",53.5004,10.7393,25.0,1961-01-01,1998-09-30,Gerätetyp unbekannt,first,7
DWD-02855-1,DWD,02855,"Langenlehsten, Kreis Lauenburg",53.5001,10.7414,25.0,1998-10-01,2016-01-31,Hellmann,instrument,17
DWD-02871-0,DWD,02871,Latendorf,54.0,10.0667,43.0,1925-05-01,1995-11-30,Hellmann,first,5
DWD-02881-0,DWD,02881,Lauenburg/Elbe,53.3791,10.542,35.0,1891-08-01,2006-12-31,Hellmann,first,16
DWD-02907-0,DWD,02907,Leck,54.7908,8.9481,7.3,1974-11-01,1999-01-31,Hellmann,first,8
DWD-02907-1,DWD,02907,Leck,54.7903,8.9514,6.69,1999-02-01,1999-06-06,Niederschlagssensor nach Joss-Tognini,instrument,0
DWD-02907-2,DWD,02907,Leck,54.7903,8.9514,6.69,1999-02-01,2001-07-12,Niederschlags-Detektor,instrument,2
DWD-02907-3,DWD,02907,Leck,54.7903,8.9514,6.69,1999-06-07,2001-07-12,PLUVIO,instrument,1
DWD-02907-4,DWD,02907,Leck,54.7903,8.9514,6.69,2001-07-13,2006-04-25,Niederschlags-Detektor,instrument,4
DWD-02907-5,DWD,02907,Leck,54.7903,8.9514,6.69,2001-07-13,2019-11-18,PLUVIO,instrument,17
DWD-02907-6,DWD,02907,Leck,54.7903,8.9514,6.69,2006-04-26,2026-10-02,Niederschlagswächter,instrument,19
DWD-02907-7,DWD,02907,Leck,54.7903,8.9514,6.69,2019-11-19,2026-10-02,"rain[e]H3, Wägetechnologie",instrument,6
DWD-02909-0,DWD,02909,Leezen,53.662,11.4952,68.0,1969-01-01,2005-12-31,Hellmann,first,15
DWD-02950-0,DWD,02950,Lensahn,54.219,10.8872,12.0,1901-06-07,2006-12-31,Hellmann,first,16
DWD-03011-0,DWD,03011,Lindau-Revensdorf,54.4,9.9333,15.0,1972-12-01,2006-12-31,Hellmann,first,16
DWD-03032-1,DWD,03032,List auf Sylt,55.0098,8.4151,15.6,1948-01-08,1995-11-30,Hellmann,moved,5
DWD-03032-2,DWD,03032,List auf Sylt,55.011,8.4125,24.7,1995-12-01,2002-08-20,Niederschlagssensor nach Joss-Tognini,instrument,6
DWD-03032-3,DWD,03032,List auf Sylt,55.011,8.4125,24.7,1995-12-01,2009-09-29,Niederschlags-Detektor,instrument,13
DWD-03032-4,DWD,03032,List auf Sylt,55.011,8.4125,24.7,2002-08-21,2009-11-17,PLUVIO,instrument,6
DWD-03032-5,DWD,03032,List auf Sylt,55.011,8.4125,24.7,2009-09-30,2009-11-17,Niederschlagswächter,instrument,0
DWD-03032-6,DWD,03032,List auf Sylt,55.011,8.4125,24.7,2009-11-18,2018-11-12,PLUVIO,instrument,8
DWD-03032-7,DWD,03032,List auf Sylt,55.011,8.4125,24.7,2009-11-18,2026-10-02,Niederschlagswächter,instrument,16
DWD-03032-8,DWD,03032,List auf Sylt,55.011,8.4125,24.7,2018-11-13,2026-10-02,"rain[e]H3, Wägetechnologie",instrument,7
DWD-03053-0,DWD,03053,Lohmen,53.6851,12.0931,50.0,1951-01-01,2005-12-31,Hellmann,first,13
DWD-03068-1,DWD,03068,Loxstedt,53.4848,8.6829,9.0,1955-04-28,2004-01-31,Hellmann,moved,13
DWD-03068-2,DWD,03068,Loxstedt,53.4647,8.6472,7.0,2019-08-01,2026-10-02,Hellmann,moved,6
DWD-03078-0,DWD,03078,Ludwigslust,53.3449,11.4871,33.0,1969-01-01,1996-03-31,Gerätetyp unbekannt,first,5
DWD-03078-1,DWD,03078,Ludwigslust,53.3449,11.4871,33.0,1996-04-01,2003-12-31,Hellmann,instrument,6
DWD-03086-0,DWD,03086,Lübeck-Blankensee,53.809,10.7054,13.7,1985-03-01,1996-07-17,Hellmann,first,5
DWD-03086-1,DWD,03086,Lübeck-Blankensee,53.809,10.7054,13.7,1996-07-18,2003-10-21,Niederschlagssensor nach Joss-Tognini,instrument,6
DWD-03086-2,DWD,03086,Lübeck-Blankensee,53.809,10.7054,13.7,1996-07-18,2006-03-30,Niederschlags-Detektor,instrument,9
DWD-03086-3,DWD,03086,Lübeck-Blankensee,53.809,10.7054,13.7,2003-10-22,2006-03-30,PLUVIO,instrument,2
DWD-03086-4,DWD,03086,Lübeck-Blankensee,53.8025,10.6989,14.74,2006-03-31,2011-03-29,Niederschlags-Detektor,instrument,4
DWD-03086-5,DWD,03086,Lübeck-Blankensee,53.8025,10.6989,14.74,2006-03-31,2019-05-14,PLUVIO,instrument,12
DWD-03086-6,DWD,03086,Lübeck-Blankensee,53.8025,10.6989,14.74,2011-03-30,2026-10-02,Niederschlagswächter,instrument,14
DWD-03086-7,DWD,03086,Lübeck-Blankensee,53.8025,10.6989,14.74,2018-11-22,2026-10-02,"rain[e]H3, Wägetechnologie",instrument,7
DWD-03087-0,DWD,03087,Lübeck-Dornbreite,53.8801,10.6531,20.0,1996-06-01,2005-11-30,Hellmann,first,9
DWD-03089-0,DWD,03089,Lüblow,53.4185,11.4513,37.0,1991-04-01,1997-06-30,Hellmann,first,5
DWD-03090-0,DWD,03090,Lübstorf,53.7256,11.4019,55.0,1969-01-01,2026-10-02,Hellmann,first,35
DWD-03092-1,DWD,03092,Lübz,53.4585,12.047,57.0,1982-03-17,2005-12-31,Hellmann,moved,15
DWD-03092-2,DWD,03092,Lübz,53.4831,12.0367,58.0,2011-12-19,2016-12-31,Hellmann,moved,5
DWD-03106-0,DWD,03106,Wangelau,53.4317,10.5469,29.0,1941-01-01,2006-12-31,Hellmann,first,16
DWD-03106-1,DWD,03106,Wangelau,53.4544,10.5442,36.5,2008-08-01,2026-10-02,Hellmann,moved,17
DWD-03107-0,DWD,03107,Lütjenburg,54.2833,10.5833,22.0,1973-02-01,2006-03-31,Hellmann,first,15
DWD-03142-1,DWD,03142,Malchin,53.7315,12.763,20.0,1972-09-25,2003-12-31,Hellmann,moved,13
DWD-03143-0,DWD,03143,Malchow,53.4813,12.4278,70.0,1994-04-01,2010-12-31,Hellmann,first,16
DWD-03170-0,DWD,03170,Marienleuchte,54.4934,11.2381,10.0,1891-01-01,2999-12-31,unknown,first,3
DWD-03194-0,DWD,03194,Marlow,54.1484,12.5716,40.0,1888-06-01,2012-06-30,Hellmann,first,21
DWD-03196-1,DWD,03196,Marnitz,53.3222,11.9321,81.12,1977-04-19,1992-07-02,"Niederschlags-Meßwertgeber, Wippfunktion",instrument,1
DWD-03196-10,DWD,03196,Marnitz,53.3222,11.9321,81.12,2019-12-17,2020-10-21,PLUVIO,instrument,0
DWD-03196-11,DWD,03196,Marnitz,53.3222,11.9321,81.12,2020-10-22,2023-04-18,"rain[e]H3, Wägetechnologie",instrument,2
DWD-03196-12,DWD,03196,Marnitz,53.3221,11.9324,80.53,2023-04-19,2026-04-19,Niederschlagswächter,instrument,2
DWD-03196-13,DWD,03196,Marnitz,53.3221,11.9324,80.53,2023-04-19,2026-04-19,"rain[e]H3, Wägetechnologie",instrument,2
DWD-03196-14,DWD,03196,Marnitz,53.3221,11.9324,80.53,2023-04-19,2026-06-14,Niederschlagswächter,instrument,2
DWD-03196-15,DWD,03196,Marnitz,53.3221,11.9324,80.53,2023-04-19,2026-06-14,"rain[e]H3, Wägetechnologie",instrument,2
DWD-03196-16,DWD,03196,Marnitz,53.3221,11.9324,80.53,2023-04-19,2026-04-19,Niederschlagswächter,instrument,2
DWD-03196-17,DWD,03196,Marnitz,53.3221,11.9324,80.53,2023-04-19,2026-04-19,"rain[e]H3, Wägetechnologie",instrument,2
DWD-03196-18,DWD,03196,Marnitz,53.3221,11.9324,80.53,2023-04-19,2026-10-02,Niederschlagswächter,instrument,2
DWD-03196-19,DWD,03196,Marnitz,53.3221,11.9324,80.53,2023-04-19,2026-10-02,"rain[e]H3, Wägetechnologie",instrument,2
DWD-03196-2,DWD,03196,Marnitz,53.3222,11.9321,81.12,1992-07-03,2006-04-04,NG 200,instrument,13
DWD-03196-3,DWD,03196,Marnitz,53.3222,11.9321,81.12,1992-07-03,2006-04-04,"NG 200, Tröpfchenzähler",instrument,13
DWD-03196-4,DWD,03196,Marnitz,53.3222,11.9321,81.12,1995-06-20,2011-09-03,Niederschlags-Detektor,instrument,15
DWD-03196-5,DWD,03196,Marnitz,53.3222,11.9321,81.12,2006-04-05,2011-09-03,PLUVIO,instrument,4
DWD-03196-6,DWD,03196,Marnitz,53.3222,11.9321,81.12,2011-09-04,2014-12-06,Niederschlags-Detektor,instrument,3
DWD-03196-7,DWD,03196,Marnitz,53.3222,11.9321,81.12,2011-09-04,2019-12-09,PLUVIO,instrument,8
DWD-03196-8,DWD,03196,Marnitz,53.3222,11.9321,81.12,2014-12-11,2016-10-03,Niederschlags-Detektor,instrument,1
DWD-03196-9,DWD,03196,Marnitz,53.3222,11.9321,81.12,2016-10-04,2023-04-18,Niederschlagswächter,instrument,6
DWD-03203-0,DWD,03203,Marschacht-Nieder Marschacht,53.4168,10.3515,4.0,1994-06-06,2006-12-31,Hellmann,first,12
DWD-03217-1,DWD,03217,Weesby,54.8113,9.1729,22.0,1895-11-01,2006-07-31,Hellmann,moved,15
DWD-03217-2,DWD,03217,Weesby,54.8373,9.1481,22.0,2006-08-01,2020-02-20,PLUVIO,moved,13
DWD-03217-3,DWD,03217,Weesby,54.8373,9.1481,22.0,2019-05-16,2026-10-02,"rain[e]H3, Wägetechnologie",instrument,6
DWD-03235-1,DWD,03235,Meldorf,54.1,9.0667,2.0,1931-01-01,1998-08-31,Hellmann,instrument,7
DWD-03280-1,DWD,03280,Meyenburg,53.3069,12.2301,81.0,1975-07-11,2003-12-31,Hellmann,moved,13
DWD-03280-2,DWD,03280,Meyenburg,53.3083,12.2937,98.0,2004-07-01,2019-07-03,PLUVIO,moved,14
DWD-03280-3,DWD,03280,Meyenburg,53.3083,12.2937,98.0,2019-07-04,2026-10-02,"rain[e]H3, Wägetechnologie",instrument,6
DWD-03298-0,DWD,03298,Mistorf-Siemitz,53.8745,12.1865,40.0,1981-10-15,2001-12-31,Hellmann,first,11
DWD-03333-0,DWD,03333,Moisburg,53.4081,9.6986,37.0,1931-01-01,2026-10-02,Hellmann,first,35
DWD-03342-3,DWD,03342,Moormerland-Neermoor,53.3082,7.4989,3.0,1969-11-01,1995-08-31,Hellmann,moved,4
DWD-03342-4,DWD,03342,Moormerland-Neermoor,53.3099,7.5605,3.0,1995-09-01,2005-02-28,Hellmann,moved,9
DWD-03342-5,DWD,03342,Moormerland-Neermoor,53.311,7.4329,0.0,2005-03-01,2020-05-26,PLUVIO,moved,14
DWD-03342-6,DWD,03342,Moormerland-Neermoor,53.311,7.4329,0.0,2020-05-27,2026-10-02,"rain[e]H3, Wägetechnologie",instrument,5
DWD-03351-0,DWD,03351,Morsum/Sylt,54.8833,8.4333,10.0,1941-01-01,1997-06-30,Hellmann,first,5
DWD-03367-0,DWD,03367,Mühlen Eichsen,53.7667,11.25,51.0,1951-01-01,2003-12-31,Hellmann,first,13
DWD-03369-0,DWD,03369,Mühlenrade,53.6,10.4833,42.0,1978-01-01,2006-12-31,Hellmann,first,16
DWD-03459-0,DWD,03459,Nenndorf,53.3754,9.8974,80.0,1996-08-01,2006-12-31,Hellmann,first,10
DWD-03467-0,DWD,03467,Nettelsee,54.1733,10.1869,39.5,1993-06-01,2026-10-02,Hellmann,first,32
DWD-03469-1,DWD,03469,Bernitt,53.898,11.8645,71.0,1982-04-01,1998-06-30,Hellmann,moved,7
DWD-03469-2,DWD,03469,Bernitt,53.9043,11.8863,50.0,1998-07-01,2024-01-01,Hellmann,moved,25
DWD-03470-0,DWD,03470,Neu Poserin,53.5524,12.1634,80.0,1995-08-23,1997-10-26,Hellmann,first,1
DWD-03481-0,DWD,03481,Neubukow,54.0309,11.6657,25.0,1999-06-01,2005-12-31,Hellmann,first,6
DWD-03482-0,DWD,03482,Neuburg-Steinhausen,53.9452,11.5914,28.0,1951-01-01,2011-06-30,Hellmann,first,19
DWD-03482-1,DWD,03482,Neuburg-Steinhausen,53.9429,11.6091,37.5,2011-06-23,2026-10-02,Hellmann,moved,14
DWD-03514-0,DWD,03514,Neuhaus/Oste,53.8023,9.0353,3.0,1966-09-17,1999-12-31,Hellmann,first,9
DWD-03523-0,DWD,03523,Neukalen,53.8259,12.7908,6.0,1989-06-01,2003-12-31,Hellmann,first,13
DWD-03531-0,DWD,03531,Neukloster,53.8678,11.6882,35.0,1996-04-01,2005-12-31,Hellmann,first,9
DWD-03537-3,DWD,03537,Neumünster,54.0873,9.9791,26.0,1990-09-11,2007-08-31,Hellmann,moved,16
DWD-03559-1,DWD,03559,Neustadt in Holstein,54.1151,10.8208,3.0,1980-12-01,2006-12-31,Hellmann,instrument,16
DWD-03563-0,DWD,03563,Neustadt-Glewe,53.3677,11.606,35.0,1966-08-18,2005-12-31,Hellmann,first,14
DWD-03564-0,DWD,03564,Neustadt-Glewe-Friedrichsmoor,53.4578,11.5727,36.0,1888-01-01,2005-01-31,Hellmann,first,14
DWD-03564-1,DWD,03564,Neustadt-Glewe-Friedrichsmoor,53.4571,11.5687,35.0,2005-02-01,2019-04-04,PLUVIO,instrument,14
DWD-03564-2,DWD,03564,Neustadt-Glewe-Friedrichsmoor,53.4571,11.5687,35.0,2019-04-05,2026-10-02,"rain[e]H3, Wägetechnologie",instrument,6
DWD-03592-0,DWD,03592,Niebüll,54.7833,8.8333,4.0,1965-04-26,2001-02-28,Hellmann,first,10
DWD-03615-0,DWD,03615,Niepars,54.3095,12.9244,26.0,1993-01-01,2005-12-31,Hellmann,first,13
DWD-03627-0,DWD,03627,Norddorf/Amrum,54.6794,8.3332,9.0,1988-03-23,2001-10-31,Hellmann,first,10
DWD-03628-0,DWD,03628,Norden,53.6031,7.2123,2.0,1891-05-23,2006-12-31,Hellmann,first,16
DWD-03629-0,DWD,03629,Norden-Norddeich,53.6159,7.1642,1.0,1986-07-01,1999-03-31,Hellmann,first,8
DWD-03630-0,DWD,03630,Nordenham,53.4833,8.45,1.0,1903-04-05,1998-03-31,Hellmann,first,7
DWD-03631-0,DWD,03631,Norderney,53.7056,7.1522,2.0,1897-09-01,1993-09-14,Hellmann,first,2
DWD-03631-1,DWD,03631,Norderney,53.7123,7.1519,11.47,1993-09-15,2003-11-04,NG 200,instrument,9
DWD-03631-2,DWD,03631,Norderney,53.7123,7.1519,11.47,1993-09-15,2003-11-04,"NG 200, Tröpfchenzähler",instrument,9
DWD-03631-3,DWD,03631,Norderney,53.7123,7.1519,11.47,1993-09-15,2006-04-04,Niederschlags-Detektor,instrument,12
DWD-03631-4,DWD,03631,Norderney,53.7123,7.1519,11.47,2003-11-05,2018-03-26,PLUVIO,instrument,14
DWD-03631-5,DWD,03631,Norderney,53.7123,7.1519,11.47,2006-04-05,2023-06-19,Niederschlagswächter,instrument,16
DWD-03631-6,DWD,03631,Norderney,53.7123,7.1519,11.47,2018-03-27,2023-06-19,"rain[e]H3, Wägetechnologie",instrument,4
DWD-03631-7,DWD,03631,Norderney,53.7123,7.1519,11.47,2023-06-20,2026-10-02,Niederschlagswächter,instrument,2
DWD-03631-8,DWD,03631,Norderney,53.7123,7.1519,11.47,2023-06-20,2026-10-02,"rain[e]H3, Wägetechnologie",instrument,2
DWD-03638-2,DWD,03638,Nordholz,53.7862,8.6368,16.0,1979-03-01,2006-12-31,Hellmann,moved,16
DWD-03645-0,DWD,03645,Nordstrand-Osterkoog,54.4916,8.8628,1.0,1989-09-26,2006-12-31,Hellmann,first,16
DWD-03646-0,DWD,03646,Nordstrandischmoor,54.5525,8.8008,5.0,1951-01-01,2006-12-31,Hellmann,first,16
DWD-03648-0,DWD,03648,Norgaardholz,54.7833,9.7833,15.0,1902-01-01,2003-04-30,Hellmann,first,12
DWD-03654-0,DWD,03654,Nossentiner Hütte,53.5374,12.4256,70.0,1969-01-01,2003-12-31,Hellmann,first,13
DWD-03655-0,DWD,03655,Nottfeld,54.6125,9.7616,33.0,1991-01-10,2006-12-31,Hellmann,first,16
DWD-03673-0,DWD,03673,Nusse,53.6573,10.5837,35.0,1888-05-01,2006-12-31,Hellmann,first,16
DWD-03706-0,DWD,03706,Oberndorf/Oste,53.7495,9.1464,1.0,1989-01-04,1999-06-30,Hellmann,first,8
DWD-03768-0,DWD,03768,Oersberg-Arrild,54.6802,9.8313,48.0,1908-07-06,2003-06-30,Hellmann,first,12
DWD-03770-0,DWD,03770,Zepelin-Oettelin,53.8622,12.0602,30.0,1947-05-16,2026-10-02,Hellmann,first,35
DWD-03773-0,DWD,03773,Oeversee-Frörup,54.7,9.4333,28.0,1982-06-29,2007-12-31,Hellmann,first,17
DWD-03789-0,DWD,03789,Oldenborstel,54.0667,9.5167,30.0,1891-05-01,1997-06-30,Hellmann,first,6
DWD-03792-0,DWD,03792,Oldenburg in Holstein,54.2878,10.8959,3.0,1980-10-01,2026-10-02,Hellmann,first,35
DWD-03793-0,DWD,03793,"Oldesloe, Bad",53.8073,10.3931,15.0,1980-01-01,2006-12-31,Hellmann,first,16
DWD-03813-0,DWD,03813,Osdorf,54.4328,10.018,21.0,1891-05-10,2026-01-07,Hellmann,first,35
DWD-03847-0,DWD,03847,Otterndorf-Mahrdorf,53.824,8.9008,4.0,1993-01-01,2002-01-31,Hellmann,first,8
DWD-03847-1,DWD,03847,Otterndorf-Mahrdorf,53.8012,8.9053,1.0,2002-02-01,2015-04-30,Hellmann,moved,13
DWD-03847-2,DWD,03847,Otterndorf-Mahrdorf,53.8225,8.9444,1.0,2015-05-01,2017-10-19,Hellmann,moved,1
DWD-03853-0,DWD,03853,Ovelgönne,53.3421,8.4226,1.0,1903-05-01,2004-02-29,Hellmann,first,13
DWD-03853-1,DWD,03853,Ovelgönne,53.3819,8.4493,2.5,2004-03-01,2004-10-31,Hellmann,moved,0
DWD-03853-2,DWD,03853,Ovelgönne,53.3819,8.4493,2.5,2004-11-01,2019-09-18,PLUVIO,instrument,14
DWD-03853-3,DWD,03853,Ovelgönne,53.3819,8.4493,2.5,2019-09-19,2026-10-02,"rain[e]H3, Wägetechnologie",instrument,6
DWD-03870-0,DWD,03870,Parchim,53.4316,11.8393,46.0,1934-01-10,2026-10-02,Hellmann,first,34
DWD-03880-0,DWD,03880,Tüzen,53.9595,11.7757,87.0,1898-08-01,2004-12-31,Hellmann,first,14
DWD-03880-1,DWD,03880,Tüzen,53.9465,11.7566,88.0,2005-01-01,2006-12-31,Hellmann,moved,0
DWD-03895-0,DWD,03895,Pellworm,54.5172,8.6096,1.0,1993-07-01,2006-12-31,Hellmann,first,13
DWD-03897-10,DWD,03897,Pelzerhaken,54.0893,10.8773,2.18,2006-08-18,2018-07-31,PLUVIO,instrument,11
DWD-03897-11,DWD,03897,Pelzerhaken,54.0893,10.8773,2.18,2007-02-27,2025-04-10,Niederschlagswächter,instrument,17
DWD-03897-12,DWD,03897,Pelzerhaken,54.0893,10.8773,2.18,2018-08-01,2025-04-10,"rain[e]H3, Wägetechnologie",instrument,6
DWD-03897-13,DWD,03897,Pelzerhaken,54.0893,10.8773,2.18,2025-04-11,2026-10-02,Niederschlagswächter,instrument,0
DWD-03897-14,DWD,03897,Pelzerhaken,54.0893,10.8773,2.18,2025-04-11,2026-10-02,"rain[e]H3, Wägetechnologie",instrument,0
DWD-03897-5,DWD,03897,Pelzerhaken,54.0893,10.8773,2.18,1984-09-01,2004-11-28,Niederschlagssensor nach Joss-Tognini,instrument,0
DWD-03897-6,DWD,03897,Pelzerhaken,54.0893,10.8773,2.18,1984-09-01,2006-08-17,Regenmelder,instrument,0
DWD-03897-7,DWD,03897,Pelzerhaken,54.0893,10.8773,2.18,2004-11-29,2006-08-17,NG 200,instrument,0
DWD-03897-8,DWD,03897,Pelzerhaken,54.0893,10.8773,2.18,2004-11-29,2006-08-17,"NG 200, Tröpfchenzähler",instrument,0
DWD-03897-9,DWD,03897,Pelzerhaken,54.0893,10.8773,2.18,2006-08-18,2007-02-26,Niederschlags-Detektor,instrument,0
DWD-03908-0,DWD,03908,Perlin,53.5954,11.1719,60.0,1980-10-01,2005-12-31,Hellmann,first,15
DWD-03916-0,DWD,03916,Petschow-Godow,54.052,12.2678,45.0,1997-04-01,2001-03-31,Hellmann,first,3
DWD-03932-0,DWD,03932,Picher,53.3517,11.3426,40.0,1951-01-01,2024-12-31,Hellmann,first,33
DWD-03932-1,DWD,03932,Picher,53.3457,11.3527,61.0,2025-01-01,2026-10-02,Hellmann,moved,1
DWD-03935-0,DWD,03935,Pinneberg,53.6642,9.7819,8.0,1997-11-01,2004-12-31,Hellmann,first,7
DWD-03943-0,DWD,03943,Plaaz,53.8417,12.349,55.0,1978-01-01,2020-01-01,Hellmann,first,29
DWD-03945-0,DWD,03945,Plau am See,53.4555,12.2549,70.0,1969-07-01,1991-08-31,Hellmann,first,0
DWD-03945-1,DWD,03945,Plau am See,53.4447,12.2853,70.0,1991-09-01,2005-02-28,Hellmann,moved,13
DWD-03945-2,DWD,03945,Plau am See,53.4585,12.2417,66.0,2005-03-01,2019-06-04,PLUVIO,moved,13
DWD-03945-3,DWD,03945,Plau am See,53.4584,12.2417,66.0,2019-06-05,2026-10-02,"rain[e]H3, Wägetechnologie",instrument,6
DWD-03954-1,DWD,03954,Plön (Max-Planck-Institut),54.1603,10.4345,26.0,1980-06-01,1997-02-01,Hellmann,moved,6
DWD-03955-0,DWD,03955,Plön (See),54.1576,10.4145,26.0,1950-01-01,1991-01-31,Hellmann,first,0
DWD-03976-0,DWD,03976,Pommerby,54.7667,9.95,10.0,1970-09-29,2006-12-31,Hellmann,first,16
DWD-03993-0,DWD,03993,Preetz,54.2333,10.2667,37.0,1925-11-21,1998-12-31,Hellmann,first,8
DWD-03996-0,DWD,03996,"Prerow, Ostseebad",54.4484,12.5569,1.0,1951-01-01,2001-12-31,Hellmann,first,11
DWD-04009-0,DWD,04009,Wrohm,54.2066,9.4437,1.0,1984-10-01,2000-01-31,Hellmann,first,9
DWD-04009-1,DWD,04009,Wrohm,54.2225,9.4414,1.0,2000-03-21,2004-05-31,Hellmann,moved,3
DWD-04009-2,DWD,04009,Wrohm,54.2128,9.4177,7.0,2008-03-01,2026-10-02,Hellmann,moved,17
DWD-04030-0,DWD,04030,Qualitz,53.8276,11.8243,70.0,1997-01-01,2007-05-31,Hellmann,first,10
DWD-04039-0,DWD,04039,Quickborn,53.7345,9.878,12.6,1974-12-01,1996-02-06,Hellmann,first,5
DWD-04039-1,DWD,04039,Quickborn,53.7331,9.8776,10.99,1996-02-07,2003-05-21,Niederschlagssensor nach Joss-Tognini,instrument,1
DWD-04039-2,DWD,04039,Quickborn,53.7331,9.8776,10.99,1996-02-07,2010-11-21,Niederschlags-Detektor,instrument,8
DWD-04039-3,DWD,04039,Quickborn,53.7331,9.8776,10.99,2003-05-22,2018-10-31,PLUVIO,instrument,14
DWD-04039-4,DWD,04039,Quickborn,53.7331,9.8776,10.99,2010-11-22,2026-10-02,Niederschlagswächter,instrument,15
DWD-04039-5,DWD,04039,Quickborn,53.7331,9.8776,10.99,2018-07-11,2026-10-02,"rain[e]H3, Wägetechnologie",instrument,7
DWD-04046-0,DWD,04046,Radbruch,53.3032,10.2723,11.0,1931-01-01,2000-11-30,Hellmann,first,10
DWD-04070-0,DWD,04070,Rankendorf,53.9373,11.063,40.0,1978-08-28,2005-12-31,Hellmann,first,15
DWD-04085-0,DWD,04085,Ratzeburg,53.6965,10.755,10.0,1931-01-01,2010-08-31,Hellmann,first,18
DWD-04101-0,DWD,04101,Redefin,53.3483,11.2058,16.0,1969-01-01,2004-07-31,Hellmann,first,11
DWD-04101-1,DWD,04101,Redefin,53.3469,11.1992,16.0,2004-08-01,2019-03-31,PLUVIO,instrument,14
DWD-04101-2,DWD,04101,Redefin,53.3469,11.1992,16.0,2019-04-01,2026-10-02,"rain[e]H3, Wägetechnologie",instrument,6
DWD-04117-0,DWD,04117,Rehna,53.7851,11.045,25.0,1888-10-27,2005-12-31,Hellmann,first,15
DWD-04130-0,DWD,04130,Reinbek,53.5167,10.2333,35.0,1960-05-01,2011-10-31,Hellmann,first,20
DWD-04147-0,DWD,04147,Reith,53.4318,9.3564,25.0,1947-06-01,2006-12-31,Hellmann,first,16
DWD-04156-0,DWD,04156,Rendsburg,54.2878,9.6732,8.0,1973-10-01,1998-02-28,Hellmann,first,7
DWD-04162-0,DWD,04162,"Rerik, Ostseebad",54.1062,11.6207,18.0,1888-01-01,1993-03-31,Gerätetyp unbekannt,first,2
DWD-04162-1,DWD,04162,"Rerik, Ostseebad",54.1062,11.6207,18.0,1993-04-01,2005-12-31,Hellmann,instrument,12
DWD-04163-0,DWD,04163,Retgendorf,53.729,11.5021,45.0,1969-01-01,2003-12-31,Hellmann,first,11
DWD-04184-0,DWD,04184,Ribnitz-Damgarten,54.2622,12.4756,11.0,1950-01-01,2016-12-31,Hellmann,first,26
DWD-04184-1,DWD,04184,Ribnitz-Damgarten,54.2377,12.433,8.5,2017-05-01,2026-10-02,Hellmann,moved,8
DWD-04226-2,DWD,04226,Röbel/Müritz,53.3888,12.617,70.0,1968-07-01,2008-01-13,Hellmann,moved,17
DWD-04226-3,DWD,04226,Röbel/Müritz,53.3796,12.6678,70.0,2008-01-14,2014-07-31,Hellmann,moved,5
DWD-04226-4,DWD,04226,Röbel/Müritz,53.3704,12.6174,73.0,2014-08-01,2026-10-02,Hellmann,moved,11
DWD-04232-0,DWD,04232,Rögnitz,53.6135,11.0248,49.0,1969-01-01,2024-01-01,Hellmann,first,33
DWD-04245-0,DWD,04245,Roggendorf,53.6926,11.0083,62.0,1969-01-01,2001-12-31,Hellmann,first,11
DWD-04260-0,DWD,04260,"Rosengarten, Kreis Harburg",53.4,9.85,125.0,1951-01-01,1998-04-30,Hellmann,first,7
DWD-04270-0,DWD,04270,Rostock,54.0826,12.1228,20.0,1900-01-01,1991-03-31,Gerätetyp unbekannt,first,0
DWD-04270-1,DWD,04270,Rostock,54.0826,12.1228,20.0,1991-04-01,2005-12-31,Hellmann,instrument,14
DWD-04271-2,DWD,04271,Rostock-Warnemünde,54.1802,12.0805,4.72,1990-09-19,2008-04-23,NG 200,instrument,17
DWD-04271-3,DWD,04271,Rostock-Warnemünde,54.1802,12.0805,4.72,1990-09-19,2008-04-23,"NG 200, Tröpfchenzähler",instrument,17
DWD-04271-4,DWD,04271,Rostock-Warnemünde,54.1802,12.0805,4.72,1995-05-30,2011-01-21,Niederschlags-Detektor,instrument,15
DWD-04271-5,DWD,04271,Rostock-Warnemünde,54.1803,12.0808,4.78,2008-04-24,2020-10-06,PLUVIO,instrument,11
DWD-04271-6,DWD,04271,Rostock-Warnemünde,54.1803,12.0808,4.78,2011-01-27,2011-03-06,Niederschlags-Detektor,instrument,0
DWD-04271-7,DWD,04271,Rostock-Warnemünde,54.1803,12.0808,4.78,2011-03-07,2026-10-02,Niederschlagswächter,instrument,14
DWD-04271-8,DWD,04271,Rostock-Warnemünde,54.1803,12.0808,4.78,2020-10-07,2026-10-02,"rain[e]H3, Wägetechnologie",instrument,5
DWD-04314-0,DWD,04314,Rüting-Diedrichshagen,53.805,11.2061,30.5,1969-01-01,2026-10-02,Hellmann,first,35
DWD-04320-0,DWD,04320,Ruhwinkel,54.0934,10.2223,36.0,1988-06-01,1992-09-30,Hellmann,first,1
DWD-04378-0,DWD,04378,Sanderbusch,53.5084,8.0188,2.0,1961-01-01,2006-12-31,Hellmann,first,16
DWD-04380-0,DWD,04380,Sandstedt,53.3563,8.5193,1.0,1987-06-30,2006-12-31,Hellmann,first,16
DWD-04393-1,DWD,04393,Sankt Peter-Ording,54.2982,8.6456,4.0,1972-01-01,1999-11-29,Hellmann,moved,9
DWD-04393-2,DWD,04393,Sankt Peter-Ording,54.3279,8.6031,4.88,1999-11-30,2006-07-02,Niederschlags-Detektor,moved,6
DWD-04393-3,DWD,04393,Sankt Peter-Ording,54.3279,8.6031,4.88,1999-11-30,2018-11-05,PLUVIO,instrument,18
DWD-04393-4,DWD,04393,Sankt Peter-Ording,54.3279,8.6031,4.88,2006-07-03,2026-10-02,Niederschlagswächter,instrument,19
DWD-04393-5,DWD,04393,Sankt Peter-Ording,54.3279,8.6031,4.88,2018-11-06,2026-10-02,"rain[e]H3, Wägetechnologie",instrument,7
DWD-04405-0,DWD,04405,Satrup,54.69,9.5988,38.0,1941-01-01,2005-05-31,Hellmann,first,14
DWD-04405-1,DWD,04405,Satrup,54.685,9.6055,40.0,2006-03-01,2011-03-15,PLUVIO,instrument,4
DWD-04405-2,DWD,04405,Satrup,54.6854,9.6261,33.5,2011-04-19,2019-07-08,PLUVIO,moved,7
DWD-04405-3,DWD,04405,Satrup,54.6854,9.6261,33.5,2019-05-31,2026-10-02,"rain[e]H3, Wägetechnologie",instrument,6
DWD-04406-0,DWD,04406,Sauensiek,53.3816,9.5974,39.0,1894-01-01,2006-12-31,Hellmann,first,16
DWD-04456-0,DWD,04456,Schlagsdorf,53.7267,10.8242,35.0,1975-01-01,2003-12-31,Hellmann,first,13
DWD-04465-0,DWD,04465,Schlemmin,54.2206,12.6833,21.0,1998-08-01,2003-12-31,Hellmann,first,5
DWD-04466-1,DWD,04466,Schleswig,54.5275,9.5486,42.5,1954-08-23,1991-04-16,Hellmann,moved,0
DWD-04466-2,DWD,04466,Schleswig,54.5275,9.5487,42.7,1991-04-17,1998-01-20,"Niederschlagsgeber / Ombrometer, Wippfunktion",instrument,6
DWD-04466-3,DWD,04466,Schleswig,54.5275,9.5487,42.7,1991-04-17,2014-02-10,Niederschlags-Detektor,instrument,22
DWD-04466-4,DWD,04466,Schleswig,54.5275,9.5487,42.7,1991-04-17,1998-01-20,"Niederschlagsgeber / Ombrometer, Wippfunktion",instrument,6
DWD-04466-5,DWD,04466,Schleswig,54.5275,9.5487,42.7,1991-04-17,2014-02-10,Niederschlags-Detektor,instrument,22
DWD-04466-6,DWD,04466,Schleswig,54.5275,9.5487,42.7,1998-01-21,2002-09-17,Niederschlagssensor nach Joss-Tognini,instrument,4
DWD-04466-7,DWD,04466,Schleswig,54.5275,9.5487,42.7,2002-09-18,2017-12-12,PLUVIO,instrument,15
DWD-04466-8,DWD,04466,Schleswig,54.5275,9.5487,42.7,2014-02-11,2026-10-02,Niederschlagswächter,instrument,11
DWD-04466-9,DWD,04466,Schleswig,54.5275,9.5487,42.7,2017-11-29,2026-10-02,"rain[e]H3, Wägetechnologie",instrument,8
DWD-04525-0,DWD,04525,Schönberg,53.8445,10.9322,10.0,1891-11-01,2000-12-31,Hellmann,first,10
DWD-04526-0,DWD,04526,Schönberg in Holstein,54.3984,10.3698,7.0,1931-01-01,2006-12-31,Hellmann,first,16
DWD-04575-0,DWD,04575,Schwaan-Bandow,53.9435,12.122,15.0,1979-01-01,2023-01-02,Hellmann,first,32
DWD-04575-1,DWD,04575,Schwaan-Bandow,53.9463,12.0052,12.5,2023-07-01,2026-10-02,Hellmann,moved,2
DWD-04602-0,DWD,04602,"Schwartau,Bad -Groß Parin",53.9433,10.6803,70.0,1985-07-01,2008-11-30,Hellmann,first,18
DWD-04602-1,DWD,04602,"Schwartau,Bad -Groß Parin",53.9385,10.6983,26.0,2008-12-01,2018-10-29,PLUVIO,moved,9
DWD-04602-2,DWD,04602,"Schwartau,Bad -Groß Parin",53.9385,10.6983,26.0,2018-10-30,2026-10-02,"rain[e]H3, Wägetechnologie",instrument,7
DWD-04611-0,DWD,04611,Schwarzenbek,53.5032,10.4868,40.0,1897-05-01,2008-08-31,Hellmann,first,17
DWD-04625-10,DWD,04625,Schwerin,53.6424,11.3871,58.79,2013-02-13,2026-10-02,Niederschlagswächter,instrument,12
DWD-04625-11,DWD,04625,Schwerin,53.6424,11.3871,58.79,2013-02-13,2019-05-15,PLUVIO,instrument,5
DWD-04625-12,DWD,04625,Schwerin,53.6424,11.3871,58.79,2019-05-16,2026-10-02,"rain[e]H3, Wägetechnologie",instrument,6
DWD-04625-4,DWD,04625,Schwerin,53.6424,11.3871,58.79,1989-04-28,2008-09-29,NG 200,instrument,17
DWD-04625-5,DWD,04625,Schwerin,53.6424,11.3871,58.79,1989-04-28,2008-09-29,"NG 200, Tröpfchenzähler",instrument,17
DWD-04625-6,DWD,04625,Schwerin,53.6424,11.3871,58.79,1995-05-09,2009-01-26,Niederschlags-Detektor,instrument,13
DWD-04625-7,DWD,04625,Schwerin,53.6424,11.3871,58.79,2008-09-30,2012-01-29,PLUVIO,instrument,3
DWD-04625-8,DWD,04625,Schwerin,53.6424,11.3871,58.79,2009-01-27,2013-02-12,Niederschlagswächter,instrument,4
DWD-04625-9,DWD,04625,Schwerin,53.6424,11.3871,58.79,2012-02-01,2013-02-12,PLUVIO,instrument,1
DWD-04626-0,DWD,04626,Schwerin-Görries,53.6101,11.3857,48.0,1969-01-01,2021-02-01,Hellmann,first,30
DWD-04627-0,DWD,04627,Schwerin-Müß,53.6,11.4833,38.0,1991-04-01,1997-08-31,Hellmann,first,5
DWD-04629-0,DWD,04629,Schwesing,54.5166,9.142,37.0,1974-07-01,1995-10-31,Hellmann,first,4
DWD-04629-1,DWD,04629,Schwesing,54.5166,9.142,37.0,1995-11-01,1999-11-30,PLUVIO,instrument,4
DWD-04632-0,DWD,04632,Moltzow-Schwinkendorf,53.643,12.6849,55.0,1951-01-01,2026-10-02,Hellmann,first,33
DWD-04639-0,DWD,04639,"Seedorf, Kreis Segeberg -Blomnath",54.0336,10.4523,31.0,1951-01-01,1994-06-30,Hellmann,first,3
DWD-04639-1,DWD,04639,"Seedorf, Kreis Segeberg -Blomnath",54.0296,10.4754,31.0,1994-08-01,2026-10-02,Hellmann,moved,30
DWD-04666-0,DWD,04666,Köhn,54.3444,10.4581,40.0,2005-06-01,2019-10-07,PLUVIO,first,13
DWD-04666-1,DWD,04666,Köhn,54.3444,10.4581,40.0,2019-09-24,2026-10-02,"rain[e]H3, Wägetechnologie",instrument,6
DWD-04669-0,DWD,04669,Selmsdorf,53.8684,10.8747,70.0,1994-09-01,2005-06-30,Hellmann,first,10
DWD-04670-1,DWD,04670,Selsingen,53.3707,9.2195,22.0,1975-06-01,2009-01-31,Hellmann,instrument,18
DWD-04699-0,DWD,04699,Sietow,53.4327,12.5795,65.0,1994-06-01,2005-12-31,Hellmann,first,11
DWD-04701-0,DWD,04701,Siggelkow-Redlin,53.3638,12.0243,58.0,1982-12-01,2003-12-31,Hellmann,first,13
DWD-04732-0,DWD,04732,Söhren,53.91,10.429,40.0,1951-01-01,2026-10-02,Hellmann,first,35
DWD-04800-1,DWD,04800,Stade,53.5825,9.4959,16.0,1980-04-01,2003-06-30,Hellmann,moved,12
DWD-04800-2,DWD,04800,Stade,53.5882,9.4822,18.0,2013-05-01,2026-10-02,Hellmann,moved,12
DWD-04802-0,DWD,04802,Stadersand,53.6295,9.5255,5.0,1960-04-01,2006-12-31,Hellmann,first,16
DWD-04803-2,DWD,04803,Butjadingen-Inte,53.4575,8.3565,2.0,1969-12-05,2002-04-30,Hellmann,moved,11
DWD-04803-3,DWD,04803,Butjadingen-Inte,53.4926,8.3768,1.0,2009-09-01,2019-04-11,PLUVIO,moved,9
DWD-04803-4,DWD,04803,Butjadingen-Inte,53.4926,8.3768,1.0,2019-04-11,2026-10-02,"rain[e]H3, Wägetechnologie",instrument,6
DWD-04830-0,DWD,04830,"Stavenhagen, Reuterstadt",53.7007,12.893,50.0,1918-09-01,2010-12-31,Hellmann,first,20
DWD-04833-0,DWD,04833,Steddorf,53.3446,9.3947,28.0,1963-11-19,2001-04-02,Hellmann,first,10
DWD-04841-4,DWD,04841,"Steinau, Kr. Cuxhaven",53.6942,8.8742,0.0,1989-06-16,2004-06-30,Hellmann,moved,13
DWD-04841-5,DWD,04841,"Steinau, Kr. Cuxhaven",53.6946,8.8735,-0.4,2004-07-01,2020-04-06,PLUVIO,instrument,15
DWD-04841-6,DWD,04841,"Steinau, Kr. Cuxhaven",53.6946,8.8735,-0.4,2020-04-07,2026-10-02,"rain[e]H3, Wägetechnologie",instrument,5
DWD-04851-0,DWD,04851,Steinhagen,54.227,12.9894,21.0,1999-01-01,2001-04-30,Hellmann,first,2
DWD-04856-0,DWD,04856,Steinhorst,53.7223,10.4893,56.0,1971-01-01,2007-12-31,Hellmann,first,17
DWD-04857-0,DWD,04857,Mittelnkirchen-Hohenfelde,53.5737,9.6024,1.0,1990-11-01,2004-08-31,Hellmann,first,13
DWD-04857-1,DWD,04857,Mittelnkirchen-Hohenfelde,53.5527,9.6094,1.0,2004-09-01,2018-01-03,PLUVIO,moved,13
DWD-04857-2,DWD,04857,Mittelnkirchen-Hohenfelde,53.5534,9.6097,1.5,2018-11-01,2026-10-02,"rain[e]H3, Wägetechnologie",instrument,7
DWD-04871-0,DWD,04871,Sternberg,53.7087,11.8299,25.0,1969-01-01,2005-05-31,Hellmann,first,14
DWD-04873-0,DWD,04873,Sterup,54.7333,9.7333,40.0,1971-01-01,1999-02-28,Hellmann,first,8
DWD-04891-0,DWD,04891,Stolk,54.5983,9.5441,50.0,1985-05-29,2009-12-31,Hellmann,first,19
DWD-04893-0,DWD,04893,Stolpe,53.3582,11.7382,75.0,1976-05-19,2015-04-15,Hellmann,first,24
DWD-04896-1,DWD,04896,Wagersrott,54.6912,9.8376,43.0,1989-07-01,1997-02-28,Hellmann,moved,6
DWD-04896-2,DWD,04896,Wagersrott,54.6922,9.858,30.0,1998-12-01,2005-06-30,Hellmann,moved,6
DWD-04896-3,DWD,04896,Wagersrott,54.6654,9.805,40.0,2005-07-01,2019-11-07,PLUVIO,moved,13
DWD-04896-4,DWD,04896,Wagersrott,54.6654,9.805,40.0,2019-09-25,2022-12-01,"rain[e]H3, Wägetechnologie",instrument,3
DWD-04903-0,DWD,04903,Strande,54.4552,10.1973,2.0,1997-06-01,2006-12-31,Hellmann,first,9
DWD-04920-0,DWD,04920,Beverstedt,53.4084,8.7842,14.0,1941-01-01,2009-08-31,Hellmann,first,17
DWD-04920-1,DWD,04920,Beverstedt,53.409,8.7882,7.0,2009-08-18,2009-08-31,PLUVIO,instrument,0
DWD-04920-2,DWD,04920,Beverstedt,53.4252,8.804,3.8,2009-09-01,2019-07-02,PLUVIO,moved,9
DWD-04920-3,DWD,04920,Beverstedt,53.4252,8.804,3.8,2019-05-23,2026-10-02,"rain[e]H3, Wägetechnologie",instrument,6
DWD-04941-2,DWD,04941,Wesselburen,54.2,8.9075,3.0,1932-12-01,2006-12-31,Hellmann,moved,16
DWD-04941-3,DWD,04941,Wesselburen,54.2101,8.919,1.5,2011-03-01,2026-10-02,Hellmann,moved,14
DWD-04942-0,DWD,04942,Süderstapel,54.3501,9.2272,10.0,1995-03-31,2002-08-31,Hellmann,first,6
DWD-04944-0,DWD,04944,"Sülze, Bad",54.0984,12.6741,5.0,1993-11-01,2005-12-31,Hellmann,first,12
DWD-05004-0,DWD,05004,Tellingstedt,54.2167,9.2833,15.0,1980-01-01,2003-06-30,Hellmann,first,12
DWD-05008-0,DWD,05008,Tessin,54.0273,12.467,15.0,1911-09-01,2005-12-31,Hellmann,first,15
DWD-05009-1,DWD,05009,Teterow,53.762,12.63,63.0,1946-11-01,1991-03-11,Hellmann,moved,0
DWD-05009-10,DWD,05009,Teterow,53.7624,12.6171,47.0,1998-01-01,2004-06-30,"NG 200, Tröpfchenzähler",instrument,3
DWD-05009-11,DWD,05009,Teterow,53.7624,12.6171,47.0,2000-12-05,2004-06-30,Niederschlags-Detektor,instrument,3
DWD-05009-12,DWD,05009,Teterow,53.761,12.5574,37.0,2004-07-01,2019-06-12,PLUVIO,moved,14
DWD-05009-13,DWD,05009,Teterow,53.761,12.5574,37.0,2019-06-13,2026-10-02,"rain[e]H3, Wägetechnologie",instrument,6
DWD-05009-2,DWD,05009,Teterow,53.7624,12.6171,47.0,1991-03-12,1997-05-31,NG 200,instrument,5
DWD-05009-3,DWD,05009,Teterow,53.7624,12.6171,47.0,1991-03-12,1997-05-31,"NG 200, Tröpfchenzähler",instrument,5
DWD-05009-4,DWD,05009,Teterow,53.7624,12.6171,47.0,1995-07-27,2000-11-30,Niederschlags-Detektor,instrument,1
DWD-05009-5,DWD,05009,Teterow,53.7624,12.6171,47.0,1997-09-01,1997-09-30,NG 200,instrument,0
DWD-05009-6,DWD,05009,Teterow,53.7624,12.6171,47.0,1997-09-01,1997-09-30,"NG 200, Tröpfchenzähler",instrument,0
DWD-05009-7,DWD,05009,Teterow,53.7624,12.6171,47.0,1997-11-01,1997-11-30,NG 200,instrument,0
DWD-05009-8,DWD,05009,Teterow,53.7624,12.6171,47.0,1997-11-01,1997-11-30,"NG 200, Tröpfchenzähler",instrument,0
DWD-05009-9,DWD,05009,Teterow,53.7624,12.6171,47.0,1998-01-01,2004-06-30,NG 200,instrument,3
DWD-05043-0,DWD,05043,Timmendorfer Strand,54.0,10.7667,28.0,1971-01-01,2006-12-31,Hellmann,first,16
DWD-05057-0,DWD,05057,Haale,54.128,9.5598,20.0,1951-01-01,2005-07-31,Hellmann,first,14
DWD-05057-1,DWD,05057,Haale,54.1695,9.5559,27.5,2005-08-01,2020-06-22,PLUVIO,moved,14
DWD-05057-2,DWD,05057,Haale,54.1695,9.5559,27.5,2019-03-29,2026-10-02,"rain[e]H3, Wägetechnologie",instrument,6
DWD-05058-0,DWD,05058,Sprenge,53.6944,10.3466,50.0,1978-01-01,2005-11-30,Hellmann,first,15
DWD-05058-1,DWD,05058,Sprenge,53.6893,10.3657,55.5,2005-12-01,2019-04-04,PLUVIO,moved,13
DWD-05058-2,DWD,05058,Sprenge,53.6893,10.3657,55.5,2019-04-05,2026-10-02,"rain[e]H3, Wägetechnologie",instrument,6
DWD-05066-0,DWD,05066,Tolk,54.5833,9.6333,35.0,1951-03-01,2006-12-31,Hellmann,first,16
DWD-05078-3,DWD,05078,Travemünde,53.9699,10.8784,9.0,1981-04-27,2001-09-30,Hellmann,moved,9
DWD-05085-0,DWD,05085,Treia,54.5105,9.3245,7.0,1914-05-21,2006-12-31,Hellmann,first,16
DWD-05097-2,DWD,05097,Tribsees,54.0837,12.7933,7.0,1972-08-01,2004-12-31,Hellmann,moved,14
DWD-05097-3,DWD,05097,Tribsees,54.0661,12.7675,9.5,2005-01-01,2019-03-26,PLUVIO,moved,14
DWD-05097-4,DWD,05097,Tribsees,54.0661,12.7675,9.5,2019-03-27,2026-10-02,"rain[e]H3, Wägetechnologie",instrument,6
DWD-05104-0,DWD,05104,Trittau,53.6067,10.4184,28.0,1891-06-07,2006-12-31,Hellmann,first,16
DWD-05145-0,DWD,05145,Uelvesbüll,54.4161,8.922,1.0,1992-12-21,2015-11-30,Hellmann,first,23
DWD-05172-0,DWD,05172,Upgant-Schott,53.5148,7.2756,1.0,1995-11-01,2006-12-31,Hellmann,first,11
DWD-05173-0,DWD,05173,Uplengen-Stapelermoor,53.3616,7.8327,14.0,1998-04-01,2005-03-31,Hellmann,first,6
DWD-05183-0,DWD,05183,Utersum/Föhr,54.7,8.4,6.0,1976-10-27,1998-04-30,Hellmann,first,7
DWD-05188-0,DWD,05188,Vaalermoor,53.9787,9.3236,0.0,1988-02-10,2006-12-31,Hellmann,first,16
DWD-05195-0,DWD,05195,Groß Plasten-Varchentin,53.5844,12.8587,42.0,1969-01-01,1993-12-31,Hellmann,first,3
DWD-05195-1,DWD,05195,Groß Plasten-Varchentin,53.5673,12.872,52.0,1994-01-01,2026-10-02,Hellmann,moved,32
DWD-05196-1,DWD,05196,Varel,53.3835,8.1328,7.0,1953-04-01,1996-01-31,Hellmann,moved,5
DWD-05196-2,DWD,05196,Varel,53.392,8.1426,9.0,1996-07-01,1999-10-31,Hellmann,moved,2
DWD-05196-3,DWD,05196,Varel,53.3835,8.1332,6.0,2000-04-01,2026-10-02,Hellmann,moved,25
DWD-05214-0,DWD,05214,Viecheln,54.0167,12.6505,23.0,1989-03-01,1997-09-30,Hellmann,first,6
DWD-05233-0,DWD,05233,Viöl,54.5683,9.1861,21.0,1997-03-01,2006-12-31,Hellmann,first,9
DWD-05257-2,DWD,05257,Vollersode-Giehlermoor,53.3185,8.8789,37.0,1985-02-01,1998-03-31,Gerätetyp unbekannt,moved,0
DWD-05257-3,DWD,05257,Vollersode-Giehlermoor,53.3321,8.952,5.0,1998-04-01,2006-12-31,Hellmann,moved,8
DWD-05259-0,DWD,05259,Vorbeck-Kambs,53.8948,12.0528,5.0,1969-01-01,2001-12-31,Hellmann,first,11
DWD-05268-0,DWD,05268,Waddens,53.55,8.4,1.0,1951-01-01,1998-06-30,Hellmann,first,7
DWD-05280-0,DWD,05280,Wittenborn,53.9533,10.2185,45.0,1981-04-01,2007-02-28,Hellmann,first,16
DWD-05280-1,DWD,05280,Wittenborn,53.9224,10.2267,32.5,2007-03-01,2019-08-05,PLUVIO,moved,11
DWD-05280-2,DWD,05280,Wittenborn,53.9224,10.2267,32.5,2019-08-06,2026-10-02,"rain[e]H3, Wägetechnologie",instrument,6
DWD-05326-1,DWD,05326,Walkendorf,53.969,12.5387,35.0,1953-06-01,2026-10-02,Hellmann,moved,35
DWD-05342-1,DWD,05342,Wangerland-Minsen,53.7074,7.9746,2.0,1931-01-01,2026-10-02,Hellmann,instrument,35
DWD-05343-0,DWD,05343,Wangerland-Oldorfer Sietwendung,53.6262,7.9485,2.0,1998-04-01,2006-12-31,Hellmann,first,8
DWD-05344-1,DWD,05344,Wangerooge,53.7887,7.8991,1.2,1888-01-01,2006-12-31,Hellmann,instrument,15
DWD-05344-2,DWD,05344,Wangerooge,53.7852,7.8533,4.0,2016-11-01,2018-10-31,Hellmann,moved,1
DWD-05344-3,DWD,05344,Wangerooge,53.7865,7.9096,2.0,2018-11-01,2026-10-02,Hellmann,moved,7
DWD-05349-10,DWD,05349,Waren (Müritz),53.5195,12.6677,70.0,2011-09-04,2014-07-07,Niederschlags-Detektor,instrument,2
DWD-05349-11,DWD,05349,Waren (Müritz),53.5195,12.6677,70.0,2011-11-17,2014-07-07,PLUVIO,instrument,2
DWD-05349-12,DWD,05349,Waren (Müritz),53.5196,12.6654,72.61,2014-07-10,2016-08-09,Niederschlags-Detektor,instrument,1
DWD-05349-13,DWD,05349,Waren (Müritz),53.5196,12.6654,72.61,2014-07-10,2018-09-03,PLUVIO,instrument,3
DWD-05349-14,DWD,05349,Waren (Müritz),53.5196,12.6654,72.61,2016-08-10,2026-10-02,Niederschlagswächter,instrument,9
DWD-05349-15,DWD,05349,Waren (Müritz),53.5196,12.6654,72.61,2018-09-04,2026-10-02,"rain[e]H3, Wägetechnologie",instrument,7
DWD-05349-4,DWD,05349,Waren (Müritz),53.5178,12.6698,64.0,1946-02-01,1991-09-04,Hellmann,moved,0
DWD-05349-5,DWD,05349,Waren (Müritz),53.5199,12.6677,72.0,1991-09-05,1993-12-01,"Niederschlagsgeber / Ombrometer, Wippfunktion",instrument,1
DWD-05349-6,DWD,05349,Waren (Müritz),53.5199,12.6677,72.0,1994-02-05,2008-09-29,NG 200,instrument,13
DWD-05349-7,DWD,05349,Waren (Müritz),53.5199,12.6677,72.0,1994-02-05,2008-09-29,"NG 200, Tröpfchenzähler",instrument,13
DWD-05349-8,DWD,05349,Waren (Müritz),53.5199,12.6677,72.0,1995-08-15,2011-09-03,Niederschlags-Detektor,instrument,15
DWD-05349-9,DWD,05349,Waren (Müritz),53.5199,12.6677,72.0,2008-09-30,2011-11-07,PLUVIO,instrument,2
DWD-05350-0,DWD,05350,Waren (Müritzhof),53.4513,12.7352,70.0,1969-01-01,2001-12-31,Hellmann,first,11
DWD-05353-0,DWD,05353,Warin,53.8037,11.6966,35.0,1980-04-01,2005-12-31,Hellmann,first,15
DWD-05381-0,DWD,05381,Hetlingen,53.6048,9.6726,13.0,1989-01-01,2021-12-31,Hellmann,first,31
DWD-05381-1,DWD,05381,Hetlingen,53.603,9.6249,4.5,2022-01-01,2026-10-02,Hellmann,moved,4
DWD-05469-0,DWD,05469,Wendorf,53.6678,11.6568,30.0,1969-07-01,2010-06-30,unknown,first,19
DWD-05481-0,DWD,05481,Werle,53.892,12.0931,7.0,1993-01-01,1999-12-31,Hellmann,first,7
DWD-05507-0,DWD,05507,Westensee,54.2667,9.8833,13.0,1961-01-01,2002-12-31,Hellmann,first,12
DWD-05512-6,DWD,05512,Westerhever,54.3808,8.6819,1.0,1980-01-28,2006-12-31,Hellmann,moved,16
DWD-05512-7,DWD,05512,Westerhever,54.3835,8.7092,2.0,2020-10-01,2026-10-02,Hellmann,moved,5
DWD-05514-2,DWD,05514,Westerland,54.917,8.3141,6.0,1975-05-01,2002-06-30,Hellmann,moved,11
DWD-05514-3,DWD,05514,Westerland,54.899,8.3117,3.0,2002-07-01,2006-12-31,Hellmann,moved,4
DWD-05516-10,DWD,05516,Fehmarn,54.5283,11.0606,3.21,2019-02-28,2023-04-18,"rain[e]H3, Wägetechnologie",instrument,3
DWD-05516-11,DWD,05516,Fehmarn,54.5283,11.0606,3.21,2023-04-19,2026-10-02,Niederschlagswächter,instrument,2
DWD-05516-12,DWD,05516,Fehmarn,54.5283,11.0606,3.21,2023-04-19,2026-10-02,"rain[e]H3, Wägetechnologie",instrument,2
DWD-05516-2,DWD,05516,Fehmarn,54.5284,11.0605,3.0,1996-06-05,2002-07-24,Niederschlagssensor nach Joss-Tognini,instrument,5
DWD-05516-3,DWD,05516,Fehmarn,54.5284,11.0605,3.0,1996-06-05,2006-06-22,Niederschlags-Detektor,instrument,9
DWD-05516-4,DWD,05516,Fehmarn,54.5284,11.0605,3.0,2002-07-25,2006-06-22,PLUVIO,instrument,3
DWD-05516-5,DWD,05516,Fehmarn,54.5283,11.0606,3.21,2006-06-23,2007-06-30,Niederschlags-Detektor,instrument,0
DWD-05516-6,DWD,05516,Fehmarn,54.5283,11.0606,3.21,2006-06-23,2007-06-30,PLUVIO,instrument,0
DWD-05516-7,DWD,05516,Fehmarn,54.5283,11.0606,3.21,2007-07-01,2010-12-05,Niederschlags-Detektor,instrument,3
DWD-05516-8,DWD,05516,Fehmarn,54.5283,11.0606,3.21,2007-07-01,2019-02-27,PLUVIO,instrument,11
DWD-05516-9,DWD,05516,Fehmarn,54.5283,11.0606,3.21,2010-12-06,2023-04-18,Niederschlagswächter,instrument,12
DWD-05520-0,DWD,05520,Westfehmarn-Sulsdorf,54.4667,11.05,1.0,1987-10-01,1993-01-31,Hellmann,first,2
DWD-05521-0,DWD,05521,Westre,54.8575,8.9856,15.0,1902-06-07,2006-12-31,Hellmann,first,16
DWD-05552-1,DWD,05552,Wiesmoor,53.4254,7.7385,11.0,1970-01-01,2026-10-02,Hellmann,moved,35
DWD-05575-2,DWD,05575,Wilhelmshaven,53.592,8.103,1.0,1989-03-01,1992-03-31,Hellmann,moved,1
DWD-05575-3,DWD,05575,Wilhelmshaven,53.5817,8.1085,1.0,1992-04-01,1998-06-30,Hellmann,moved,5
DWD-05589-0,DWD,05589,Wilster,53.9225,9.374,0.3,1897-05-01,2026-10-02,Hellmann,first,35
DWD-05608-1,DWD,05608,Winsen/Luhe-Stöckte,53.3468,10.2051,8.0,1990-01-01,2015-10-26,Hellmann,moved,24
DWD-05608-2,DWD,05608,Winsen/Luhe-Stöckte,53.3779,10.19,2.0,2015-10-27,2026-10-02,Hellmann,moved,10
DWD-05624-4,DWD,05624,Wismar,53.8845,11.4613,2.0,1988-02-01,1997-06-30,Hellmann,moved,6
DWD-05624-5,DWD,05624,Wismar,53.8931,11.4238,25.0,1997-11-01,2014-03-31,Hellmann,moved,16
DWD-05624-6,DWD,05624,Wismar,53.9026,11.4254,16.0,2014-04-01,2026-10-02,Hellmann,moved,11
DWD-05630-0,DWD,05630,Wittenburg,53.5041,11.0803,42.0,1987-09-01,2004-10-31,Hellmann,first,13
DWD-05638-0,DWD,05638,Wittmund-Abens,53.6,7.7444,3.0,1941-01-01,2014-03-31,Hellmann,first,23
DWD-05638-1,DWD,05638,Wittmund-Abens,53.5985,7.7261,3.5,2014-04-01,2026-10-02,Hellmann,moved,11
DWD-05639-0,DWD,05639,Wittmund-Carolinensiel,53.6981,7.81,4.0,1941-01-01,2026-10-02,Hellmann,first,23
DWD-05661-0,DWD,05661,Wohlde,54.386,9.2947,15.0,1985-06-01,2015-12-31,Hellmann,first,25
DWD-05713-0,DWD,05713,Wulfsen,53.3016,10.1438,22.0,1951-01-01,2006-12-31,Hellmann,first,16
DWD-05730-1,DWD,05730,"Wustrow, Ostseebad",54.3451,12.3984,2.0,1971-08-19,2005-12-31,Hellmann,instrument,15
DWD-05732-4,DWD,05732,Wrixum/Föhr,54.6969,8.5732,1.0,1976-06-14,2003-06-30,Hellmann,moved,12
DWD-05732-5,DWD,05732,Wrixum/Föhr,54.6928,8.5271,9.0,2005-07-01,2021-05-05,PLUVIO,moved,15
DWD-05732-6,DWD,05732,Wrixum/Föhr,54.6928,8.5271,9.0,2019-05-17,2026-10-02,"rain[e]H3, Wägetechnologie",instrument,6
DWD-05740-0,DWD,05740,Zarnewanz,54.0578,12.4959,40.0,1969-01-01,2001-12-31,Hellmann,first,11
DWD-05741-0,DWD,05741,Zarrentin,53.5504,10.9133,48.0,1888-01-01,2005-12-31,Hellmann,first,15
DWD-05777-0,DWD,05777,"Zingst, Ostseeheilbad",54.4338,12.6839,1.0,1894-10-01,2026-10-02,Hellmann,first,35
DWD-05839-0,DWD,05839,Emden,53.3881,7.2287,-0.27,1997-07-01,2004-01-06,Niederschlagssensor nach Joss-Tognini,first,6
DWD-05839-1,DWD,05839,Emden,53.3881,7.2287,-0.27,1997-07-01,2006-04-12,Niederschlags-Detektor,instrument,8
DWD-05839-2,DWD,05839,Emden,53.3881,7.2287,-0.27,2004-01-07,2006-04-12,PLUVIO,instrument,2
DWD-05839-3,DWD,05839,Emden,53.3881,7.2287,-0.27,2006-04-13,2011-09-26,Niederschlags-Detektor,instrument,4
DWD-05839-4,DWD,05839,Emden,53.3881,7.2287,-0.27,2006-04-13,2018-07-24,PLUVIO,instrument,11
DWD-05839-5,DWD,05839,Emden,53.3881,7.2287,-0.27,2011-09-27,2026-10-02,Niederschlagswächter,instrument,14
DWD-05839-6,DWD,05839,Emden,53.3881,7.2287,-0.27,2018-07-25,2026-10-02,"rain[e]H3, Wägetechnologie",instrument,7
DWD-05924-0,DWD,05924,Nordhackstedt,54.7336,9.1642,12.0,1996-06-01,2004-06-30,Hellmann,first,7
DWD-05930-0,DWD,05930,Schönhagen (Ostseebad),54.66,10.0306,4.0,2007-07-01,2007-09-24,Niederschlags-Detektor,first,0
DWD-05930-1,DWD,05930,Schönhagen (Ostseebad),54.66,10.0306,4.0,2007-07-01,2007-09-24,Niederschlagssensor nach Joss-Tognini,instrument,0
DWD-05930-2,DWD,05930,Schönhagen (Ostseebad),54.641,10.0238,0.79,2007-09-25,2018-08-22,PLUVIO,moved,10
DWD-05930-3,DWD,05930,Schönhagen (Ostseebad),54.641,10.0238,0.79,2007-09-25,2019-06-25,Niederschlagswächter,instrument,11
DWD-05930-4,DWD,05930,Schönhagen (Ostseebad),54.641,10.0238,0.79,2018-08-23,2024-10-09,"rain[e]H3, Wägetechnologie",instrument,5
DWD-05930-5,DWD,05930,Schönhagen (Ostseebad),54.641,10.0238,0.79,2019-07-09,2024-10-09,Niederschlagswächter,instrument,4
DWD-05930-6,DWD,05930,Schönhagen (Ostseebad),54.641,10.0238,0.79,2024-10-10,2026-10-02,"rain[e]H3, Wägetechnologie",instrument,1
DWD-05930-7,DWD,05930,Schönhagen (Ostseebad),54.641,10.0238,0.79,2024-10-10,2026-10-02,Niederschlagswächter,instrument,1
DWD-05952-0,DWD,05952,Schönwalde/Holstein-Langenhagen,54.1833,10.75,95.0,1961-01-01,2006-06-30,Hellmann,first,15
DWD-05952-1,DWD,05952,Schönwalde/Holstein-Langenhagen,54.22,10.7775,105.0,2009-03-01,2017-01-01,Hellmann,moved,7
DWD-06105-0,DWD,06105,Ostenfeld (Rendsburg),54.3196,9.8046,15.0,1998-06-01,2004-04-30,Hellmann,first,5
DWD-06105-1,DWD,06105,Ostenfeld (Rendsburg),54.3194,9.8051,14.5,2004-05-01,2018-08-21,PLUVIO,instrument,13
DWD-06105-2,DWD,06105,Ostenfeld (Rendsburg),54.3194,9.8051,14.5,2018-08-22,2026-10-02,"rain[e]H3, Wägetechnologie",instrument,7
DWD-06157-0,DWD,06157,Wangerland-Hooksiel,53.6311,8.0209,1.0,1999-02-01,2007-09-30,Hellmann,first,7
DWD-06157-1,DWD,06157,Wangerland-Hooksiel,53.6411,8.0809,4.0,2007-10-01,2019-08-20,PLUVIO,moved,11
DWD-06157-2,DWD,06157,Wangerland-Hooksiel,53.6411,8.0809,4.0,2019-08-21,2026-10-02,"rain[e]H3, Wägetechnologie",instrument,6
DWD-06163-0,DWD,06163,Dörnick,54.1654,10.3519,27.03,2006-10-01,2006-11-16,Niederschlagsmesser Wippe,first,0
DWD-06163-1,DWD,06163,Dörnick,54.1654,10.3519,27.03,2006-10-01,2019-06-25,Niederschlagswächter,instrument,12
DWD-06163-2,DWD,06163,Dörnick,54.1654,10.3519,27.03,2006-11-17,2018-07-30,PLUVIO,instrument,11
DWD-06163-3,DWD,06163,Dörnick,54.1654,10.3519,27.03,2018-07-31,2023-07-17,"rain[e]H3, Wägetechnologie",instrument,4
DWD-06163-4,DWD,06163,Dörnick,54.1654,10.3519,27.03,2019-07-01,2026-10-02,Niederschlagswächter,instrument,6
DWD-06163-5,DWD,06163,Dörnick,54.1654,10.3519,27.03,2023-07-20,2026-10-02,"rain[e]H3, Wägetechnologie",instrument,2
DWD-06165-0,DWD,06165,Poppendorf,54.1312,12.2834,40.0,1999-12-01,2005-12-31,Hellmann,first,6
DWD-06177-0,DWD,06177,Cadenberge,53.7594,9.045,9.0,1999-12-01,2026-10-02,Hellmann,first,26
DWD-07078-0,DWD,07078,Wittendörp-Dodow,53.5035,11.0014,34.0,2004-11-01,2020-06-17,PLUVIO,first,15
DWD-07078-1,DWD,07078,Wittendörp-Dodow,53.5035,11.0014,34.0,2020-06-18,2026-10-02,"rain[e]H3, Wägetechnologie",instrument,5
DWD-07298-0,DWD,07298,Hattstedt,54.5268,9.0425,4.0,2005-07-01,2019-04-25,PLUVIO,first,13
DWD-07298-1,DWD,07298,Hattstedt,54.5268,9.0425,4.0,2019-04-26,2026-10-02,"rain[e]H3, Wägetechnologie",instrument,6
DWD-07373-0,DWD,07373,Borkum-Flugplatz,53.5984,6.7024,3.0,2006-03-01,2020-05-05,PLUVIO,first,13
DWD-07373-1,DWD,07373,Borkum-Flugplatz,53.5984,6.7024,3.0,2020-05-06,2026-10-02,"rain[e]H3, Wägetechnologie",instrument,5
DWD-07427-0,DWD,07427,Padenstedt (Pony-Park),54.0188,9.9255,16.5,2007-09-01,2020-04-28,PLUVIO,first,12
DWD-07427-1,DWD,07427,Padenstedt (Pony-Park),54.0188,9.9255,16.5,2020-04-29,2026-10-02,"rain[e]H3, Wägetechnologie",instrument,5
DWD-13687-0,DWD,13687,Weddelbrook,53.9005,9.8308,18.0,2007-11-01,2021-10-20,PLUVIO,first,13
DWD-13687-1,DWD,13687,Weddelbrook,53.9005,9.8308,18.0,2019-05-29,2026-10-02,"rain[e]H3, Wägetechnologie",instrument,6
DWD-13926-0,DWD,13926,Rechlin/Müritz,53.3257,12.6937,65.0,1969-01-01,1997-12-31,Hellmann,first,7
DWD-13926-1,DWD,13926,Rechlin/Müritz,53.3326,12.72,63.0,1998-01-01,2019-07-31,Hellmann,moved,21
DWD-14001-0,DWD,14001,Gnarrenburg-Oberklenkendorf,53.4121,9.0825,11.0,2009-05-01,2010-06-30,Hellmann,first,0
DWD-15147-0,DWD,15147,Krummhörn-Woquard,53.4309,7.0822,1.0,2012-05-01,2026-10-02,Hellmann,first,13
DWD-15518-0,DWD,15518,Satow,54.0222,11.9064,46.0,2015-07-01,2021-09-30,Hellmann,first,5
DWD-15518-1,DWD,15518,Satow,54.0001,11.8608,66.0,2021-10-01,2026-10-02,Hellmann,moved,4
DWD-15553-0,DWD,15553,Schafstedt,54.0862,9.3076,21.0,2016-04-01,2026-10-02,Hellmann,first,9
DWD-15994-0,DWD,15994,Sukow-Zietlitz,53.5696,11.5485,44.0,2018-10-01,2026-10-02,Hellmann,first,7
DWD-16086-0,DWD,16086,Barum-St. Dionys,53.3367,10.3905,4.5,2018-10-01,2026-10-02,Hellmann,first,7
DWD-19123-0,DWD,19123,Altkalen-Granzow,53.9327,12.681,25.5,2019-07-01,2026-10-02,Hellmann,first,6
DWD-19171-0,DWD,19171,Hasenkrug-Hardebek,54.0039,9.8555,13.0,2020-09-01,2026-10-02,"rain[e]H3, Wägetechnologie",first,5
DWD-19172-0,DWD,19172,Wacken,54.0246,9.388,48.0,2020-09-01,2026-10-02,"rain[e]H3, Wägetechnologie",first,5
DWD-19193-0,DWD,19193,Neu Benthen,53.5286,11.9905,72.0,2020-03-01,2026-10-02,Hellmann,first,5
DWD-19207-0,DWD,19207,Gülzow-Prüzen,53.8178,12.0645,16.0,2023-04-01,2026-10-02,"rain[e]H3, Wägetechnologie",first,2
DWD-19307-1,DWD,19307,Selent,54.2924,10.4325,50.0,1975-01-22,2005-05-31,Hellmann,moved,14
DWD-19578-0,DWD,19578,Pölchow,54.0081,12.0971,41.5,2023-01-01,2026-10-02,Hellmann,first,3
DWD-19995-0,DWD,19995,Süsel-Kesdorf,54.0659,10.6502,40.0,2024-08-01,2026-10-02,Hellmann,first,1
