turbine_id,country,farm,group,sea,lat,lon,mw,start,end,register,register_park,farm_match_m,km_to_station,file
DE-SEE900019984141,Germany,Global Tech I,German Bight north of 54.3N,North Sea,54.504122,6.37385,5.0,2014-09-06,,MaStR,Global Tech I,0,99.8,mastr_offshore_units.csv.xz
DE-SEE900122482756,Germany,Baltic Eagle,Other German Baltic farms,Skagerrak-Kattegat-Baltic,54.821404,13.823538,9.525,2024-06-17,,MaStR,Baltic Eagle,0,81.4,mastr_offshore_units.csv.xz
DE-SEE900194531062,Germany,Nordsee One,German Bight south of 54.3N,North Sea,53.98358,6.781162,6.15,2017-05-14,,MaStR,Nordsee One,0,36.3,mastr_offshore_units.csv.xz
DE-SEE900334372357,Germany,Nordsee One,German Bight south of 54.3N,North Sea,53.970931,6.759338,6.15,2017-07-14,,MaStR,Nordsee One,0,35.4,mastr_offshore_units.csv.xz
DE-SEE900400229226,Germany,Nordsee One,German Bight south of 54.3N,North Sea,53.969027,6.851852,6.15,2017-05-23,,MaStR,Nordsee One,0,33.6,mastr_offshore_units.csv.xz
DE-SEE900468776014,Germany,Borkum Riffgrund 1,German Bight south of 54.3N,North Sea,53.940446,6.605582,4.2,2015-04-20,,MaStR,Borkum Riffgrund 1,0,37.2,mastr_offshore_units.csv.xz
DE-SEE900507729322,Germany,Bard Offshore 1,German Bight north of 54.3N,North Sea,54.364603,5.995185,5.5,2013-04-28,,MaStR,Bard Offshore 1 - C3 - 51573657539,0,97.1,mastr_offshore_units.csv.xz
DE-SEE900550536908,Germany,Baltic Eagle,Other German Baltic farms,Skagerrak-Kattegat-Baltic,54.821558,13.864971,9.525,2024-06-08,,MaStR,Baltic Eagle,0,83.3,mastr_offshore_units.csv.xz
DE-SEE900555915869,Germany,Merkur Offshore (MEG Offshore I),German Bight south of 54.3N,North Sea,54.0363,6.6187,6.15,2019-03-11,,MaStR,Merkur Offshore,7,45.8,mastr_offshore_units.csv.xz
DE-SEE900616852171,Germany,Baltic Eagle,Other German Baltic farms,Skagerrak-Kattegat-Baltic,54.858429,13.856202,9.525,2024-09-21,,MaStR,Baltic Eagle,0,85.8,mastr_offshore_units.csv.xz
DE-SEE900674039613,Germany,EnBW Windpark Baltic 2,Kriegers Flak and Baltic 1/2,Skagerrak-Kattegat-Baltic,55.002415,13.209153,3.78,2015-06-06,,MaStR,Baltic 2,0,47.4,mastr_offshore_units.csv.xz
DE-SEE900732291939,Germany,EnBW Hohe See,German Bight north of 54.3N,North Sea,54.473129,6.315529,7.35,2019-08-02,,MaStR,Windpark Hohe See,0,98.2,mastr_offshore_units.csv.xz
DE-SEE900753169286,Germany,DanTysk,German Bight north of 54.3N,North Sea,55.145111,7.16885,3.78,2014-12-02,,MaStR,OWP DanTysk,0,71.0,mastr_offshore_units.csv.xz
DE-SEE900845452012,Germany,Butendiek,German Bight north of 54.3N,North Sea,55.001842,7.783392,3.6,2015-04-08,,MaStR,Butendiek,0,35.7,mastr_offshore_units.csv.xz
DE-SEE900846041222,Germany,Trianel Windpark Borkum Phase 2,German Bight south of 54.3N,North Sea,54.088837,6.520285,6.33,2019-09-25,,MaStR,"Trianel Windpark Borkum, Bauphase 2",0,54.1,mastr_offshore_units.csv.xz
DE-SEE900874771436,Germany,EnBW Hohe See,German Bight north of 54.3N,North Sea,54.444479,6.343138,7.35,2019-08-06,,MaStR,Windpark Hohe See,0,94.5,mastr_offshore_units.csv.xz
DE-SEE900924483104,Germany,EnBW Windpark Baltic 2,Kriegers Flak and Baltic 1/2,Skagerrak-Kattegat-Baltic,54.98588,13.13821,3.78,2015-05-11,,MaStR,Baltic 2,0,42.9,mastr_offshore_units.csv.xz
DE-SEE900930108824,Germany,Sandbank,German Bight north of 54.3N,North Sea,55.237774,6.832403,4.2,2016-11-03,,MaStR,OWP Sandbank,0,88.5,mastr_offshore_units.csv.xz
DE-SEE900959631303,Germany,EnBW He Dreiht,German Bight north of 54.3N,North Sea,54.354576,6.210594,15.0,2026-03-05,,MaStR,EnBW He Dreiht,10240,89.9,mastr_offshore_units.csv.xz
DE-SEE900995028679,Germany,Gode Wind 01,German Bight south of 54.3N,North Sea,54.037566,6.942749,6.264,2016-08-01,,MaStR,Gode Wind 1,0,38.7,mastr_offshore_units.csv.xz
DE-SEE901006060237,Germany,OWP Windanker,Other German Baltic farms,Skagerrak-Kattegat-Baltic,54.902571,13.994243,15.0,2026-09-02,,MaStR,OWP Windanker,5850,95.5,mastr_offshore_units.csv.xz
DE-SEE901299254238,Germany,Meerwind Sued/Ost,German Bight north of 54.3N,North Sea,54.364995,7.641274,3.78,2014-11-21,,MaStR,Meerwind Süd|Ost,0,26.7,mastr_offshore_units.csv.xz
DE-SEE901338274838,Germany,Veja Mate,German Bight north of 54.3N,North Sea,54.35682,5.864274,6.3,2017-03-19,,MaStR,OWP Veja Mate,0,100.7,mastr_offshore_units.csv.xz
DE-SEE901429414358,Germany,Borkum Riffgrund 1,German Bight south of 54.3N,North Sea,53.953948,6.594166,4.2,2015-05-25,,MaStR,Borkum Riffgrund 1,0,38.9,mastr_offshore_units.csv.xz
DE-SEE901485919156,Germany,Merkur Offshore (MEG Offshore I),German Bight south of 54.3N,North Sea,54.01913,6.56792,6.15,2018-07-23,,MaStR,Merkur Offshore,1,45.9,mastr_offshore_units.csv.xz
DE-SEE901551466942,Germany,Bard Offshore 1,German Bight north of 54.3N,North Sea,54.322638,6.018204,5.5,2011-01-18,,MaStR,Bard Offshore 1 - C12 - 51573657638,1,92.2,mastr_offshore_units.csv.xz
DE-SEE901569026534,Germany,EnBW Hohe See,German Bight north of 54.3N,North Sea,54.417711,6.342848,7.35,2019-08-03,,MaStR,Windpark Hohe See,0,91.8,mastr_offshore_units.csv.xz
DE-SEE901593196388,Germany,Gode Wind 3,German Bight south of 54.3N,North Sea,54.048867,7.10502,11.55,2024-06-04,,MaStR,Gode Wind 3,0,37.6,mastr_offshore_units.csv.xz
DE-SEE901671208736,Germany,EnBW Hohe See,German Bight north of 54.3N,North Sea,54.45669,6.317111,7.35,2019-08-02,,MaStR,Windpark Hohe See,0,96.5,mastr_offshore_units.csv.xz
DE-SEE901867043707,Germany,Riffgat,German Bight south of 54.3N,North Sea,53.690075,6.497944,3.78,2014-02-25,,MaStR,RIFFGAT,0,16.8,mastr_offshore_units.csv.xz
DE-SEE901893556523,Germany,EnBW He Dreiht,German Bight north of 54.3N,North Sea,54.347486,6.23262,15.0,2026-06-23,,MaStR,EnBW He Dreiht,9705,88.4,mastr_offshore_units.csv.xz
DE-SEE901939565373,Germany,Nordsee One,German Bight south of 54.3N,North Sea,53.993622,6.857102,6.15,2017-04-14,,MaStR,Nordsee One,0,36.3,mastr_offshore_units.csv.xz
DE-SEE901958138640,Germany,Borkum Riffgrund 2,German Bight south of 54.3N,North Sea,53.953297,6.439183,8.3,2018-10-05,,MaStR,Borkum Riffgrund 2,0,43.1,mastr_offshore_units.csv.xz
DE-SEE902085561554,Germany,EnBW Hohe See,German Bight north of 54.3N,North Sea,54.440618,6.289952,7.35,2019-08-16,,MaStR,Windpark Hohe See,0,95.6,mastr_offshore_units.csv.xz
DE-SEE902199483124,Germany,DanTysk,German Bight north of 54.3N,North Sea,55.090942,7.242086,3.78,2015-01-23,,MaStR,OWP DanTysk,0,68.9,mastr_offshore_units.csv.xz
DE-SEE902245452197,Germany,Bard Offshore 1,German Bight north of 54.3N,North Sea,54.328865,5.955968,5.5,2012-04-14,,MaStR,Bard Offshore 1 - C7 - 51573657571,0,94.9,mastr_offshore_units.csv.xz
DE-SEE902265028693,Germany,Trianel Windpark Borkum Phase 1,German Bight south of 54.3N,North Sea,54.069781,6.430405,5.0,2015-04-07,,MaStR,Trianel Windpark Borkum,0,55.4,mastr_offshore_units.csv.xz
DE-SEE902596963786,Germany,Trianel Windpark Borkum Phase 1,German Bight south of 54.3N,North Sea,54.078937,6.443635,5.0,2015-02-15,,MaStR,Trianel Windpark Borkum,0,55.9,mastr_offshore_units.csv.xz
DE-SEE902609725707,Germany,Global Tech I,German Bight north of 54.3N,North Sea,54.52862,6.410095,5.0,2015-05-03,,MaStR,Global Tech I,0,101.5,mastr_offshore_units.csv.xz
DE-SEE902662712409,Germany,Butendiek,German Bight north of 54.3N,North Sea,54.994059,7.767452,3.6,2015-04-18,,MaStR,Butendiek,0,36.4,mastr_offshore_units.csv.xz
DE-SEE902832422770,Germany,Gode Wind 02,German Bight south of 54.3N,North Sea,54.086893,7.059466,6.264,2016-05-13,,MaStR,Gode Wind 2,0,42.1,mastr_offshore_units.csv.xz
DE-SEE902951327321,Germany,Merkur Offshore (MEG Offshore I),German Bight south of 54.3N,North Sea,54.0356,6.54219,6.15,2018-07-23,,MaStR,Merkur Offshore,0,48.3,mastr_offshore_units.csv.xz
DE-SEE903069359273,Germany,Bard Offshore 1,German Bight north of 54.3N,North Sea,54.370982,5.956224,5.5,2013-07-22,,MaStR,Bard Offshore 1 - C5 - 51573657555,0,98.9,mastr_offshore_units.csv.xz
DE-SEE903155586224,Germany,Veja Mate,German Bight north of 54.3N,North Sea,54.321642,5.840278,6.3,2017-03-31,,MaStR,OWP Veja Mate,0,98.4,mastr_offshore_units.csv.xz
DE-SEE903201409002,Germany,Trianel Windpark Borkum Phase 2,German Bight south of 54.3N,North Sea,54.035801,6.418596,6.33,2020-07-01,,MaStR,"Trianel Windpark Borkum, Bauphase 2",0,52.1,mastr_offshore_units.csv.xz
DE-SEE903212979990,Germany,Borkum Riffgrund 3,German Bight south of 54.3N,North Sea,54.05134,6.19392,11.55,2026-05-20,,MaStR,Borkum Riffgrund 3,0,60.5,mastr_offshore_units.csv.xz
DE-SEE903225191280,Germany,Arkona-Becken Südost,Other German Baltic farms,Skagerrak-Kattegat-Baltic,54.781053,14.118625,6.3,2018-09-28,,MaStR,Arkona Becken Süd-Ost,0,93.4,mastr_offshore_units.csv.xz
DE-SEE903273259055,Germany,Arkona-Becken Südost,Other German Baltic farms,Skagerrak-Kattegat-Baltic,54.802143,14.179783,6.3,2018-09-25,,MaStR,Arkona Becken Süd-Ost,0,98.0,mastr_offshore_units.csv.xz
DE-SEE903317497436,Germany,Arkona-Becken Südost,Other German Baltic farms,Skagerrak-Kattegat-Baltic,54.776059,14.127386,6.3,2018-09-29,,MaStR,Arkona Becken Süd-Ost,0,93.6,mastr_offshore_units.csv.xz
DE-SEE903352294144,Germany,Global Tech I,German Bight north of 54.3N,North Sea,54.510325,6.360915,5.0,2015-06-05,,MaStR,Global Tech I,0,100.8,mastr_offshore_units.csv.xz
DE-SEE903364683967,Germany,Baltic Eagle,Other German Baltic farms,Skagerrak-Kattegat-Baltic,54.810316,13.914353,9.525,2024-05-02,,MaStR,Baltic Eagle,1,84.9,mastr_offshore_units.csv.xz
DE-SEE903397400159,Germany,Gode Wind 3,German Bight south of 54.3N,North Sea,54.027871,7.129048,11.55,2024-05-25,,MaStR,Gode Wind 3,0,35.2,mastr_offshore_units.csv.xz
DE-SEE903399868223,Germany,Borkum Riffgrund 2,German Bight south of 54.3N,North Sea,53.922585,6.536516,8.3,2018-09-13,,MaStR,Borkum Riffgrund 2,0,37.7,mastr_offshore_units.csv.xz
DE-SEE903433475202,Germany,Borkum Riffgrund 3,German Bight south of 54.3N,North Sea,54.04768,6.23248,11.55,2025-12-25,,MaStR,Borkum Riffgrund 3,0,58.8,mastr_offshore_units.csv.xz
DE-SEE903471616704,Germany,Nordsee Ost,German Bight north of 54.3N,North Sea,54.449765,7.682761,6.15,2015-02-17,,MaStR,OWP Nordsee Ost 2,0,33.5,mastr_offshore_units.csv.xz
DE-SEE903685117295,Germany,Borkum Riffgrund 2,German Bight south of 54.3N,North Sea,53.960602,6.431174,8.3,2018-10-11,,MaStR,Borkum Riffgrund 2,0,44.1,mastr_offshore_units.csv.xz
DE-SEE903744016729,Germany,DanTysk,German Bight north of 54.3N,North Sea,55.092078,7.205939,3.78,2014-12-05,,MaStR,OWP DanTysk,0,71.0,mastr_offshore_units.csv.xz
DE-SEE903770571247,Germany,Gode Wind 01,German Bight south of 54.3N,North Sea,54.042919,6.972902,6.264,2016-07-30,,MaStR,Gode Wind 1,0,38.6,mastr_offshore_units.csv.xz
DE-SEE903902723957,Germany,Deutsche Bucht,German Bight south of 54.3N,North Sea,54.290007,5.775445,8.4,2019-08-07,,MaStR,Deutsche Bucht,0,98.1,mastr_offshore_units.csv.xz
DE-SEE903924594269,Germany,Borkum Riffgrund 1,German Bight south of 54.3N,North Sea,53.940439,6.548475,4.2,2015-05-22,,MaStR,Borkum Riffgrund 1,0,39.4,mastr_offshore_units.csv.xz
DE-SEE903967391122,Germany,Veja Mate,German Bight north of 54.3N,North Sea,54.311334,5.909873,6.3,2017-05-17,,MaStR,OWP Veja Mate,0,94.9,mastr_offshore_units.csv.xz
DE-SEE903978261766,Germany,Baltic Eagle,Other German Baltic farms,Skagerrak-Kattegat-Baltic,54.835975,13.801441,9.525,2024-08-01,,MaStR,Baltic Eagle,0,81.5,mastr_offshore_units.csv.xz
DE-SEE903979891108,Germany,Borkum Riffgrund 2,German Bight south of 54.3N,North Sea,53.930541,6.592489,8.3,2018-08-18,,MaStR,Borkum Riffgrund 2,0,36.9,mastr_offshore_units.csv.xz
DE-SEE903987429621,Germany,Borkum Riffgrund 1,German Bight south of 54.3N,North Sea,53.994333,6.502667,4.2,2015-05-21,,MaStR,Borkum Riffgrund 1,0,46.0,mastr_offshore_units.csv.xz
DE-SEE904062582446,Germany,Borkum Riffgrund 1,German Bight south of 54.3N,North Sea,53.953919,6.616995,4.2,2015-05-16,,MaStR,Borkum Riffgrund 1,4,38.0,mastr_offshore_units.csv.xz
DE-SEE904124887076,Germany,Borkum Riffgrund 3,German Bight south of 54.3N,North Sea,54.04605,6.10725,11.55,2025-12-04,,MaStR,Borkum Riffgrund 3,0,63.4,mastr_offshore_units.csv.xz
DE-SEE904137745509,Germany,Nordsee Ost,German Bight north of 54.3N,North Sea,54.428194,7.682632,6.15,2015-04-07,,MaStR,OWP Nordsee Ost 1,0,31.3,mastr_offshore_units.csv.xz
DE-SEE904202146064,Germany,EnBW Windpark Baltic 2,Kriegers Flak and Baltic 1/2,Skagerrak-Kattegat-Baltic,54.974762,13.176893,3.78,2015-06-13,,MaStR,Baltic 2,0,45.4,mastr_offshore_units.csv.xz
DE-SEE904319238225,Germany,Amrumbank West,German Bight north of 54.3N,North Sea,54.522649,7.691478,3.78,2015-08-13,,MaStR,Amrumbank-West,0,40.8,mastr_offshore_units.csv.xz
DE-SEE904350330599,Germany,Global Tech I,German Bight north of 54.3N,North Sea,54.473658,6.387175,5.0,2015-03-14,,MaStR,Global Tech I,0,96.4,mastr_offshore_units.csv.xz
DE-SEE904377127578,Germany,DanTysk,German Bight north of 54.3N,North Sea,55.127911,7.213194,3.78,2015-02-04,,MaStR,OWP DanTysk,0,69.0,mastr_offshore_units.csv.xz
DE-SEE904509329924,Germany,Wikinger,Other German Baltic farms,Skagerrak-Kattegat-Baltic,54.845592,14.047502,5.23,2017-12-18,,MaStR,WIKINGER,0,94.0,mastr_offshore_units.csv.xz
DE-SEE904512639379,Germany,Bard Offshore 1,German Bight north of 54.3N,North Sea,54.397121,5.961823,5.5,2013-07-08,,MaStR,Bard Offshore 1 - C4 - 51573657547,0,101.3,mastr_offshore_units.csv.xz
DE-SEE904527044007,Germany,Merkur Offshore (MEG Offshore I),German Bight south of 54.3N,North Sea,54.08139,6.5399,6.15,2019-03-24,,MaStR,Merkur Offshore,6,52.7,mastr_offshore_units.csv.xz
DE-SEE904554439654,Germany,Amrumbank West,German Bight north of 54.3N,North Sea,54.5118,7.679072,3.78,2015-09-21,,MaStR,Amrumbank-West,0,40.0,mastr_offshore_units.csv.xz
DE-SEE904579374855,Germany,Merkur Offshore (MEG Offshore I),German Bight south of 54.3N,North Sea,54.051,6.5412,6.15,2019-03-06,,MaStR,Merkur Offshore,0,49.8,mastr_offshore_units.csv.xz
DE-SEE904613962253,Germany,Borkum Riffgrund 2,German Bight south of 54.3N,North Sea,53.93312,6.466492,8.3,2018-08-22,,MaStR,Borkum Riffgrund 2,0,40.4,mastr_offshore_units.csv.xz
DE-SEE904773044653,Germany,Borkum Riffgrund 1,German Bight south of 54.3N,North Sea,53.994364,6.559833,4.2,2015-05-25,,MaStR,Borkum Riffgrund 1,0,43.9,mastr_offshore_units.csv.xz
DE-SEE904780632317,Germany,DanTysk,German Bight north of 54.3N,North Sea,55.190553,7.197761,3.78,2015-03-19,,MaStR,OWP DanTysk,0,67.8,mastr_offshore_units.csv.xz
DE-SEE904836387451,Germany,Borkum Riffgrund 2,German Bight south of 54.3N,North Sea,53.974146,6.617016,8.3,2018-08-05,,MaStR,Borkum Riffgrund 2,0,39.9,mastr_offshore_units.csv.xz
DE-SEE904899315484,Germany,Amrumbank West,German Bight north of 54.3N,North Sea,54.506383,7.666667,3.78,2015-09-10,,MaStR,Amrumbank-West,1,39.7,mastr_offshore_units.csv.xz
DE-SEE904904853499,Germany,Sandbank,German Bight north of 54.3N,North Sea,55.246524,6.828993,4.2,2016-10-26,,MaStR,OWP Sandbank,0,88.3,mastr_offshore_units.csv.xz
DE-SEE904972063707,Germany,Trianel Windpark Borkum Phase 2,German Bight south of 54.3N,North Sea,54.000189,6.448212,5.0,2015-04-18,,MaStR,Trianel Windpark Borkum,0,47.7,mastr_offshore_units.csv.xz
DE-SEE905023554328,Germany,EnBW Hohe See,German Bight north of 54.3N,North Sea,54.418438,6.324234,7.35,2019-07-19,,MaStR,Windpark Hohe See,0,92.4,mastr_offshore_units.csv.xz
DE-SEE905025349632,Germany,EnBW Windpark Baltic 2,Kriegers Flak and Baltic 1/2,Skagerrak-Kattegat-Baltic,54.996278,13.166861,3.78,2015-04-25,,MaStR,Baltic 2,0,44.7,mastr_offshore_units.csv.xz
DE-SEE905159407185,Germany,EnBW Windpark Baltic 2,Kriegers Flak and Baltic 1/2,Skagerrak-Kattegat-Baltic,54.994479,13.201473,3.78,2015-06-02,,MaStR,Baltic 2,0,46.9,mastr_offshore_units.csv.xz
DE-SEE905186617335,Germany,Nordsee One,German Bight south of 54.3N,North Sea,53.976259,6.780955,6.15,2017-06-30,,MaStR,Nordsee One,0,35.5,mastr_offshore_units.csv.xz
DE-SEE905266159809,Germany,OWP Windanker,Other German Baltic farms,Skagerrak-Kattegat-Baltic,54.920938,14.007993,15.0,2026-08-23,,MaStR,OWP Windanker,6913,97.6,mastr_offshore_units.csv.xz
DE-SEE905345823836,Germany,Sandbank,German Bight north of 54.3N,North Sea,55.14075,6.868897,4.2,2016-10-07,,MaStR,OWP Sandbank,0,89.5,mastr_offshore_units.csv.xz
DE-SEE905373051485,Germany,Gode Wind 3,German Bight south of 54.3N,North Sea,54.02367,7.0851,11.55,2024-07-31,,MaStR,Gode Wind 3,0,34.9,mastr_offshore_units.csv.xz
DE-SEE905374235600,Germany,Merkur Offshore (MEG Offshore I),German Bight south of 54.3N,North Sea,54.04563,6.57901,6.15,2018-11-25,,MaStR,Merkur Offshore,0,48.0,mastr_offshore_units.csv.xz
DE-SEE905401434983,Germany,EnBW Hohe See,German Bight north of 54.3N,North Sea,54.444086,6.355588,7.35,2019-08-03,,MaStR,Windpark Hohe See,0,94.1,mastr_offshore_units.csv.xz
DE-SEE905425369377,Germany,Veja Mate,German Bight north of 54.3N,North Sea,54.340415,5.909685,6.3,2017-01-26,,MaStR,OWP Veja Mate,0,97.6,mastr_offshore_units.csv.xz
DE-SEE905475045627,Germany,Meerwind Sued/Ost,German Bight north of 54.3N,North Sea,54.377438,7.72584,3.78,2014-11-20,,MaStR,Meerwind Süd|Ost,0,25.0,mastr_offshore_units.csv.xz
DE-SEE905489953024,Germany,Borkum Riffgrund 1,German Bight south of 54.3N,North Sea,53.974143,6.536995,4.2,2015-07-11,,MaStR,Borkum Riffgrund 1,0,43.0,mastr_offshore_units.csv.xz
DE-SEE905539108459,Germany,Nordsee Ost,German Bight north of 54.3N,North Sea,54.471163,7.668763,6.15,2015-03-09,,MaStR,OWP Nordsee Ost 2,0,36.0,mastr_offshore_units.csv.xz
DE-SEE905549599056,Germany,Nordsee Ost,German Bight north of 54.3N,North Sea,54.461165,7.739182,6.15,2015-04-04,,MaStR,OWP Nordsee Ost 1,0,33.4,mastr_offshore_units.csv.xz
DE-SEE905567222776,Germany,ARCADIS Ost 1,Other German Baltic farms,Skagerrak-Kattegat-Baltic,54.81968,13.611575,9.525,2023-03-19,,MaStR,Arcadis Ost I,0,72.1,mastr_offshore_units.csv.xz
DE-SEE905616749957,Germany,Meerwind Sued/Ost,German Bight north of 54.3N,North Sea,54.392298,7.641271,3.78,2014-09-04,,MaStR,Meerwind Süd|Ost,0,29.2,mastr_offshore_units.csv.xz
DE-SEE905806113254,Germany,Butendiek,German Bight north of 54.3N,North Sea,55.042852,7.752028,3.6,2015-03-25,,MaStR,Butendiek,0,39.3,mastr_offshore_units.csv.xz
DE-SEE905843539888,Germany,Nordsee One,German Bight south of 54.3N,North Sea,53.990746,6.780147,6.15,2017-08-18,,MaStR,Nordsee One,0,37.1,mastr_offshore_units.csv.xz
DE-SEE905849307283,Germany,Borkum Riffgrund 3,German Bight south of 54.3N,North Sea,54.06508,6.09357,11.55,2026-01-12,,MaStR,Borkum Riffgrund 3,0,65.6,mastr_offshore_units.csv.xz
DE-SEE905871180045,Germany,Gode Wind 02,German Bight south of 54.3N,North Sea,54.079859,6.962843,6.264,2016-05-12,,MaStR,Gode Wind 2,0,42.7,mastr_offshore_units.csv.xz
DE-SEE906007100487,Germany,Sandbank,German Bight north of 54.3N,North Sea,55.244572,6.813531,4.2,2016-12-05,,MaStR,OWP Sandbank,0,89.3,mastr_offshore_units.csv.xz
DE-SEE906040612008,Germany,Gode Wind 3,German Bight south of 54.3N,North Sea,54.004761,7.090888,11.55,2024-07-13,,MaStR,Gode Wind 3,0,32.8,mastr_offshore_units.csv.xz
DE-SEE906055230747,Germany,Nordsee One,German Bight south of 54.3N,North Sea,53.985651,6.769785,6.15,2017-05-16,,MaStR,Nordsee One,0,36.7,mastr_offshore_units.csv.xz
DE-SEE906109574391,Germany,Wikinger,Other German Baltic farms,Skagerrak-Kattegat-Baltic,54.856558,14.076482,5.23,2017-11-30,,MaStR,WIKINGER,0,96.2,mastr_offshore_units.csv.xz
DE-SEE906224165115,Germany,EnBW Hohe See,German Bight north of 54.3N,North Sea,54.410574,6.336415,7.35,2019-07-30,,MaStR,Windpark Hohe See,0,91.3,mastr_offshore_units.csv.xz
DE-SEE906289980678,Germany,Nordsee Ost,German Bight north of 54.3N,North Sea,54.450074,7.710968,6.15,2015-03-17,,MaStR,OWP Nordsee Ost 1,0,32.8,mastr_offshore_units.csv.xz
DE-SEE906297337075,Germany,Gode Wind 02,German Bight south of 54.3N,North Sea,54.080662,7.07006,6.264,2016-02-16,,MaStR,Gode Wind 2,0,41.3,mastr_offshore_units.csv.xz
DE-SEE906314142637,Germany,EnBW Hohe See,German Bight north of 54.3N,North Sea,54.465548,6.32789,7.35,2019-08-01,,MaStR,Windpark Hohe See,0,97.1,mastr_offshore_units.csv.xz
DE-SEE906356864764,Germany,Trianel Windpark Borkum Phase 1,German Bight south of 54.3N,North Sea,54.071757,6.471552,5.0,2015-03-27,,MaStR,Trianel Windpark Borkum,0,54.2,mastr_offshore_units.csv.xz
DE-SEE906427026343,Germany,Bard Offshore 1,German Bight north of 54.3N,North Sea,54.312466,5.962417,5.5,2012-07-13,,MaStR,Bard Offshore 1 - C9 - 51573657597,0,93.1,mastr_offshore_units.csv.xz
DE-SEE906444695829,Germany,EnBW Hohe See,German Bight north of 54.3N,North Sea,54.454935,6.287062,7.35,2019-08-06,,MaStR,Windpark Hohe See,0,97.1,mastr_offshore_units.csv.xz
DE-SEE906460148637,Germany,Gode Wind 01,German Bight south of 54.3N,North Sea,54.042517,6.991067,6.264,2016-07-16,,MaStR,Gode Wind 1,0,38.2,mastr_offshore_units.csv.xz
DE-SEE906511465607,Germany,Amrumbank West,German Bight north of 54.3N,North Sea,54.506383,7.728695,3.78,2015-08-08,,MaStR,Amrumbank-West,0,38.4,mastr_offshore_units.csv.xz
DE-SEE906698720414,Germany,Amrumbank West,German Bight north of 54.3N,North Sea,54.522649,7.71629,3.78,2015-08-15,,MaStR,Amrumbank-West,0,40.3,mastr_offshore_units.csv.xz
DE-SEE906703462438,Germany,Deutsche Bucht,German Bight north of 54.3N,North Sea,54.314399,5.797574,8.4,2019-09-25,,MaStR,Deutsche Bucht,0,99.4,mastr_offshore_units.csv.xz
DE-SEE906725717691,Germany,Veja Mate,German Bight north of 54.3N,North Sea,54.333738,5.891086,6.3,2017-01-23,,MaStR,OWP Veja Mate,0,97.6,mastr_offshore_units.csv.xz
DE-SEE906786335155,Germany,Bard Offshore 1,German Bight north of 54.3N,North Sea,54.37998,5.972123,5.5,2013-07-03,,MaStR,Bard Offshore 1 - C4 - 51573657547,0,99.3,mastr_offshore_units.csv.xz
DE-SEE906792612479,Germany,Global Tech I,German Bight north of 54.3N,North Sea,54.498119,6.319928,5.0,2015-07-23,,MaStR,Global Tech I,0,100.6,mastr_offshore_units.csv.xz
DE-SEE907103636511,Germany,ARCADIS Ost 1,Other German Baltic farms,Skagerrak-Kattegat-Baltic,54.799403,13.687441,9.525,2023-04-12,,MaStR,Arcadis Ost I,0,73.5,mastr_offshore_units.csv.xz
DE-SEE907108065750,Germany,Borkum Riffgrund 3,German Bight south of 54.3N,North Sea,54.02822,6.09984,11.55,2025-12-05,,MaStR,Borkum Riffgrund 3,1,62.1,mastr_offshore_units.csv.xz
DE-SEE907156100397,Germany,Butendiek,German Bight north of 54.3N,North Sea,55.042779,7.790918,3.6,2015-04-28,,MaStR,Butendiek,0,37.0,mastr_offshore_units.csv.xz
DE-SEE907196084282,Germany,Global Tech I,German Bight north of 54.3N,North Sea,54.504135,6.346063,5.0,2015-06-12,,MaStR,Global Tech I,0,100.5,mastr_offshore_units.csv.xz
DE-SEE907262442725,Germany,Nordsee One,German Bight south of 54.3N,North Sea,53.966211,6.785587,6.15,2017-07-27,,MaStR,Nordsee One,0,34.4,mastr_offshore_units.csv.xz
DE-SEE907301797489,Germany,Borkum Riffgrund 3,German Bight south of 54.3N,North Sea,54.05208,6.2707,11.55,2025-12-26,,MaStR,Borkum Riffgrund 3,0,57.9,mastr_offshore_units.csv.xz
DE-SEE907329897376,Germany,Wikinger,Other German Baltic farms,Skagerrak-Kattegat-Baltic,54.839785,14.043115,5.23,2017-12-05,,MaStR,WIKINGER,0,93.3,mastr_offshore_units.csv.xz
DE-SEE907353096202,Germany,Wikinger,Other German Baltic farms,Skagerrak-Kattegat-Baltic,54.821014,14.091142,5.23,2017-11-30,,MaStR,WIKINGER,0,94.5,mastr_offshore_units.csv.xz
DE-SEE907370162409,Germany,Nordsee One,German Bight south of 54.3N,North Sea,53.972179,6.80366,6.15,2017-07-26,,MaStR,Nordsee One,0,34.7,mastr_offshore_units.csv.xz
DE-SEE907392221870,Germany,ARCADIS Ost 1,Other German Baltic farms,Skagerrak-Kattegat-Baltic,54.853613,13.612982,9.525,2023-01-20,,MaStR,Arcadis Ost I,1,74.9,mastr_offshore_units.csv.xz
DE-SEE907394220611,Germany,OWP Windanker,Other German Baltic farms,Skagerrak-Kattegat-Baltic,54.905567,14.019557,15.0,2026-08-24,,MaStR,OWP Windanker,5080,97.0,mastr_offshore_units.csv.xz
DE-SEE907421344761,Germany,Arkona-Becken Südost,Other German Baltic farms,Skagerrak-Kattegat-Baltic,54.782903,14.132888,6.3,2018-09-29,,MaStR,Arkona Becken Süd-Ost,0,94.3,mastr_offshore_units.csv.xz
DE-SEE907467182310,Germany,EnBW Hohe See,German Bight north of 54.3N,North Sea,54.450541,6.349861,7.35,2019-08-20,,MaStR,Windpark Hohe See,0,95.0,mastr_offshore_units.csv.xz
DE-SEE907484978088,Germany,Kaskasi II,German Bight north of 54.3N,North Sea,54.500013,7.654222,9.0,2022-11-14,,MaStR,OWP Kaskasi,0,39.3,mastr_offshore_units.csv.xz
DE-SEE907530298689,Germany,Bard Offshore 1,German Bight north of 54.3N,North Sea,54.347184,5.985195,5.5,2012-02-29,,MaStR,Bard Offshore 1 - C7 - 51573657571,0,95.7,mastr_offshore_units.csv.xz
DE-SEE907645460629,Germany,Arkona-Becken Südost,Other German Baltic farms,Skagerrak-Kattegat-Baltic,54.789651,14.159933,6.3,2018-10-05,,MaStR,Arkona Becken Süd-Ost,0,96.1,mastr_offshore_units.csv.xz
DE-SEE907661562154,Germany,Nordsee One,German Bight south of 54.3N,North Sea,53.979176,6.869561,6.15,2017-05-19,,MaStR,Nordsee One,0,34.6,mastr_offshore_units.csv.xz
DE-SEE907760748176,Germany,Arkona-Becken Südost,Other German Baltic farms,Skagerrak-Kattegat-Baltic,54.77686,14.081924,6.3,2018-09-16,,MaStR,Arkona Becken Süd-Ost,0,91.2,mastr_offshore_units.csv.xz
DE-SEE907782317169,Germany,Global Tech I,German Bight north of 54.3N,North Sea,54.540877,6.346066,5.0,2015-07-14,,MaStR,Global Tech I,0,104.3,mastr_offshore_units.csv.xz
DE-SEE907825985522,Germany,Riffgat,German Bight south of 54.3N,North Sea,53.693635,6.444784,3.78,2014-02-13,,MaStR,RIFFGAT,0,19.6,mastr_offshore_units.csv.xz
DE-SEE907872409248,Germany,Kaskasi II,German Bight north of 54.3N,North Sea,54.500065,7.697522,9.0,2022-08-19,,MaStR,OWP Kaskasi,0,38.3,mastr_offshore_units.csv.xz
DE-SEE907880324656,Germany,Trianel Windpark Borkum Phase 1,German Bight south of 54.3N,North Sea,54.000205,6.489564,5.0,2015-04-06,,MaStR,Trianel Windpark Borkum,0,46.9,mastr_offshore_units.csv.xz
DE-SEE907941573597,Germany,EnBW Windpark Baltic 2,Kriegers Flak and Baltic 1/2,Skagerrak-Kattegat-Baltic,54.973204,13.121432,3.78,2015-06-22,,MaStR,Baltic 2,0,41.8,mastr_offshore_units.csv.xz
DE-SEE907944700785,Germany,EnBW Windpark Baltic 2,Kriegers Flak and Baltic 1/2,Skagerrak-Kattegat-Baltic,54.966121,13.113295,3.78,2015-06-08,,MaStR,Baltic 2,0,41.4,mastr_offshore_units.csv.xz
DE-SEE908040831984,Germany,Sandbank,German Bight north of 54.3N,North Sea,55.167261,6.859164,4.2,2016-09-22,,MaStR,OWP Sandbank,0,89.3,mastr_offshore_units.csv.xz
DE-SEE908067588250,Germany,Arkona-Becken Südost,Other German Baltic farms,Skagerrak-Kattegat-Baltic,54.76022,14.091128,6.3,2018-10-07,,MaStR,Arkona Becken Süd-Ost,0,90.6,mastr_offshore_units.csv.xz
DE-SEE908200931370,Germany,Merkur Offshore (MEG Offshore I),German Bight south of 54.3N,North Sea,54.015006,6.504008,6.15,2018-12-01,,MaStR,Merkur Offshore,4,47.9,mastr_offshore_units.csv.xz
DE-SEE908202339938,Germany,Baltic Eagle,Other German Baltic farms,Skagerrak-Kattegat-Baltic,54.849914,13.837522,9.525,2024-08-24,,MaStR,Baltic Eagle,0,84.3,mastr_offshore_units.csv.xz
DE-SEE908232356608,Germany,Nordsee One,German Bight south of 54.3N,North Sea,53.988722,6.791549,6.15,2017-08-17,,MaStR,Nordsee One,0,36.7,mastr_offshore_units.csv.xz
DE-SEE908234374938,Germany,Alpha Ventus,German Bight south of 54.3N,North Sea,54.014325,6.593843,5.0,2010-04-12,,MaStR,alpha ventus,0,44.5,mastr_offshore_units.csv.xz
DE-SEE908255683705,Germany,EnBW Windpark Baltic 2,Kriegers Flak and Baltic 1/2,Skagerrak-Kattegat-Baltic,54.979119,13.186165,3.78,2015-06-16,,MaStR,Baltic 2,0,45.9,mastr_offshore_units.csv.xz
DE-SEE908275107441,Germany,Wikinger,Other German Baltic farms,Skagerrak-Kattegat-Baltic,54.833917,14.040422,5.23,2017-12-12,,MaStR,WIKINGER,0,92.8,mastr_offshore_units.csv.xz
DE-SEE908440787720,Germany,Gode Wind 01,German Bight south of 54.3N,North Sea,54.002209,6.996979,6.264,2016-07-29,,MaStR,Gode Wind 1,0,33.8,mastr_offshore_units.csv.xz
DE-SEE908448866397,Germany,Nordsee Ost,German Bight north of 54.3N,North Sea,54.444836,7.724979,6.15,2015-04-04,,MaStR,OWP Nordsee Ost 2,0,31.9,mastr_offshore_units.csv.xz
DE-SEE908466998452,Germany,Amrumbank West,German Bight north of 54.3N,North Sea,54.533427,7.77832,3.78,2015-07-07,,MaStR,Amrumbank-West,0,39.4,mastr_offshore_units.csv.xz
DE-SEE908656491381,Germany,Trianel Windpark Borkum Phase 2,German Bight south of 54.3N,North Sea,54.067814,6.511437,6.33,2019-10-31,,MaStR,"Trianel Windpark Borkum, Bauphase 2",0,52.4,mastr_offshore_units.csv.xz
DE-SEE908760847296,Germany,Borkum Riffgrund 1,German Bight south of 54.3N,North Sea,53.960669,6.548444,4.2,2015-05-25,,MaStR,Borkum Riffgrund 1,0,41.3,mastr_offshore_units.csv.xz
DE-SEE908775085676,Germany,Amrumbank West,German Bight north of 54.3N,North Sea,54.5118,7.653833,3.78,2015-10-10,,MaStR,Amrumbank-West,0,40.6,mastr_offshore_units.csv.xz
DE-SEE908779271471,Germany,Sandbank,German Bight north of 54.3N,North Sea,55.193492,6.848444,4.2,2016-12-20,,MaStR,OWP Sandbank,0,89.4,mastr_offshore_units.csv.xz
DE-SEE908815657290,Germany,Borkum Riffgrund 1,German Bight south of 54.3N,North Sea,53.953947,6.605586,4.2,2015-07-14,,MaStR,Borkum Riffgrund 1,0,38.5,mastr_offshore_units.csv.xz
DE-SEE908818736565,Germany,Merkur Offshore (MEG Offshore I),German Bight south of 54.3N,North Sea,54.05823,6.55354,6.15,2019-04-05,,MaStR,Merkur Offshore,0,50.0,mastr_offshore_units.csv.xz
DE-SEE908913976026,Germany,Borkum Riffgrund 3,German Bight south of 54.3N,North Sea,54.07093,6.26974,11.55,2026-04-28,,MaStR,Borkum Riffgrund 3,0,59.8,mastr_offshore_units.csv.xz
DE-SEE908981182558,Germany,EnBW He Dreiht,German Bight north of 54.3N,North Sea,54.42858,6.143329,15.0,2026-09-14,,MaStR,EnBW He Dreiht,7845,99.2,mastr_offshore_units.csv.xz
DE-SEE909016069707,Germany,Veja Mate,German Bight south of 54.3N,North Sea,54.27496,5.87485,6.3,2017-05-09,,MaStR,OWP Veja Mate,1,92.8,mastr_offshore_units.csv.xz
DE-SEE909062717577,Germany,EnBW He Dreiht,German Bight north of 54.3N,North Sea,54.363152,6.224577,15.0,2025-12-27,,MaStR,EnBW He Dreiht,8925,90.2,mastr_offshore_units.csv.xz
DE-SEE909069661569,Germany,Borkum Riffgrund 1,German Bight south of 54.3N,North Sea,53.980863,6.525553,4.2,2015-06-18,,MaStR,Borkum Riffgrund 1,0,44.0,mastr_offshore_units.csv.xz
DE-SEE909100604739,Germany,Kaskasi II,German Bight north of 54.3N,North Sea,54.494537,7.669457,9.0,2022-08-14,,MaStR,OWP Kaskasi,0,38.4,mastr_offshore_units.csv.xz
DE-SEE909142387348,Germany,Borkum Riffgrund 2,German Bight south of 54.3N,North Sea,53.991048,6.452351,8.3,2018-08-31,,MaStR,Borkum Riffgrund 2,0,46.7,mastr_offshore_units.csv.xz
DE-SEE909340683280,Germany,Bard Offshore 1,German Bight north of 54.3N,North Sea,54.338984,5.988468,5.5,2012-01-17,,MaStR,Bard Offshore 1 - C9 - 51573657597,0,94.8,mastr_offshore_units.csv.xz
DE-SEE909349841827,Germany,Wikinger,Other German Baltic farms,Skagerrak-Kattegat-Baltic,54.871269,14.072764,5.23,2017-12-19,,MaStR,WIKINGER,0,97.0,mastr_offshore_units.csv.xz
DE-SEE909479690432,Germany,Veja Mate,German Bight south of 54.3N,North Sea,54.274952,5.863008,6.3,2017-04-08,,MaStR,OWP Veja Mate,0,93.3,mastr_offshore_units.csv.xz
DE-SEE909551866762,Germany,Baltic Eagle,Other German Baltic farms,Skagerrak-Kattegat-Baltic,54.831062,13.884673,9.525,2024-07-23,,MaStR,Baltic Eagle,0,85.0,mastr_offshore_units.csv.xz
DE-SEE909699016760,Germany,Global Tech I,German Bight north of 54.3N,North Sea,54.540872,6.360016,5.0,2015-06-16,,MaStR,Global Tech I,0,103.9,mastr_offshore_units.csv.xz
DE-SEE909713558351,Germany,Albatros,German Bight north of 54.3N,North Sea,54.495108,6.202958,7.35,2020-01-08,,MaStR,Windpark Albatros,0,103.6,mastr_offshore_units.csv.xz
DE-SEE909753858688,Germany,Meerwind Sued/Ost,German Bight north of 54.3N,North Sea,54.395174,7.690262,3.78,2014-09-03,,MaStR,Meerwind Süd|Ost,0,27.8,mastr_offshore_units.csv.xz
DE-SEE909770954332,Germany,Meerwind Sued/Ost,German Bight north of 54.3N,North Sea,54.4252,7.762081,3.78,2015-02-01,,MaStR,Meerwind Süd|Ost,0,29.1,mastr_offshore_units.csv.xz
DE-SEE909818839164,Germany,Merkur Offshore (MEG Offshore I),German Bight south of 54.3N,North Sea,54.03394,6.56713,6.15,2018-12-03,,MaStR,Merkur Offshore,0,47.3,mastr_offshore_units.csv.xz
DE-SEE909821745483,Germany,Alpha Ventus,German Bight south of 54.3N,North Sea,54.014328,6.606728,5.0,2010-03-01,,MaStR,alpha ventus,0,44.1,mastr_offshore_units.csv.xz
DE-SEE909876557604,Germany,Deutsche Bucht,German Bight south of 54.3N,North Sea,54.279574,5.79931,8.4,2019-08-18,,MaStR,Deutsche Bucht,0,96.2,mastr_offshore_units.csv.xz
DE-SEE909895232391,Germany,Borkum Riffgrund 3,German Bight south of 54.3N,North Sea,54.02884,6.13301,11.55,2026-05-19,,MaStR,Borkum Riffgrund 3,0,60.8,mastr_offshore_units.csv.xz
DE-SEE909913226142,Germany,Kaskasi II,German Bight north of 54.3N,North Sea,54.483903,7.73374,9.0,2022-08-11,,MaStR,OWP Kaskasi,0,35.9,mastr_offshore_units.csv.xz
DE-SEE909935825958,Germany,Albatros,German Bight north of 54.3N,North Sea,54.486811,6.28316,7.35,2020-01-08,,MaStR,Windpark Albatros,0,100.4,mastr_offshore_units.csv.xz
DE-SEE909956112631,Germany,Albatros,German Bight north of 54.3N,North Sea,54.489883,6.234976,7.35,2020-01-07,,MaStR,Windpark Albatros,0,102.1,mastr_offshore_units.csv.xz
DE-SEE909970196488,Germany,Gode Wind 02,German Bight south of 54.3N,North Sea,54.092296,6.941629,6.264,2016-07-10,,MaStR,Gode Wind 2,0,44.5,mastr_offshore_units.csv.xz
DE-SEE910107763794,Germany,Bard Offshore 1,German Bight north of 54.3N,North Sea,54.307058,6.017881,5.5,2011-01-27,,MaStR,Bard Offshore 1 - C12 - 51573657638,0,90.8,mastr_offshore_units.csv.xz
DE-SEE910164611656,Germany,Sandbank,German Bight north of 54.3N,North Sea,55.230694,6.851264,4.2,2016-10-30,,MaStR,OWP Sandbank,0,87.7,mastr_offshore_units.csv.xz
DE-SEE910186359178,Germany,EnBW Windpark Baltic 2,Kriegers Flak and Baltic 1/2,Skagerrak-Kattegat-Baltic,54.98946,13.192647,3.78,2015-06-06,,MaStR,Baltic 2,0,46.3,mastr_offshore_units.csv.xz
DE-SEE910215711342,Germany,Butendiek,German Bight north of 54.3N,North Sea,54.997223,7.799627,3.6,2015-06-13,,MaStR,Butendiek,0,34.6,mastr_offshore_units.csv.xz
DE-SEE910322395084,Germany,Bard Offshore 1,German Bight north of 54.3N,North Sea,54.383823,6.018186,5.5,2012-06-16,,MaStR,Bard Offshore 1 - C1 - 51573657505,0,98.2,mastr_offshore_units.csv.xz
DE-SEE910399876776,Germany,Merkur Offshore (MEG Offshore I),German Bight south of 54.3N,North Sea,54.01172,6.5683,6.15,2018-09-16,,MaStR,Merkur Offshore,1,45.1,mastr_offshore_units.csv.xz
DE-SEE910434700943,Germany,Borkum Riffgrund 2,German Bight south of 54.3N,North Sea,53.987626,6.594152,8.3,2018-08-06,,MaStR,Borkum Riffgrund 2,0,42.0,mastr_offshore_units.csv.xz
DE-SEE910522730906,Germany,EnBW Hohe See,German Bight north of 54.3N,North Sea,54.471428,6.337345,7.35,2019-08-17,,MaStR,Windpark Hohe See,0,97.4,mastr_offshore_units.csv.xz
DE-SEE910631399049,Germany,Borkum Riffgrund 3,German Bight south of 54.3N,North Sea,54.01986,6.26465,11.55,2026-04-14,,MaStR,Borkum Riffgrund 3,1,55.0,mastr_offshore_units.csv.xz
DE-SEE910685263433,Germany,Wikinger,Other German Baltic farms,Skagerrak-Kattegat-Baltic,54.83285,14.093461,5.23,2017-11-15,,MaStR,WIKINGER,0,95.4,mastr_offshore_units.csv.xz
DE-SEE910784535776,Germany,Borkum Riffgrund 1,German Bight south of 54.3N,North Sea,53.960645,6.514165,4.2,2015-06-07,,MaStR,Borkum Riffgrund 1,0,42.2,mastr_offshore_units.csv.xz
DE-SEE910794178611,Germany,Baltic Eagle,Other German Baltic farms,Skagerrak-Kattegat-Baltic,54.839946,13.904303,9.525,2024-05-11,,MaStR,Baltic Eagle,2,86.6,mastr_offshore_units.csv.xz
DE-SEE910825382444,Germany,Gode Wind 01,German Bight south of 54.3N,North Sea,53.997787,7.004763,6.264,2016-07-31,,MaStR,Gode Wind 1,0,33.2,mastr_offshore_units.csv.xz
DE-SEE910953236855,Germany,Borkum Riffgrund 3,German Bight south of 54.3N,North Sea,54.04158,6.27201,11.55,2025-12-26,,MaStR,Borkum Riffgrund 3,0,56.9,mastr_offshore_units.csv.xz
DE-SEE911003124580,Germany,Bard Offshore 1,German Bight north of 54.3N,North Sea,54.379134,5.952858,5.5,2013-07-27,,MaStR,Bard Offshore 1 - C5 - 51573657555,0,99.8,mastr_offshore_units.csv.xz
DE-SEE911017931655,Germany,Wikinger,Other German Baltic farms,Skagerrak-Kattegat-Baltic,54.866405,14.037068,15.0,2026-08-22,,MaStR,OWP Windanker,1068,94.9,mastr_offshore_units.csv.xz
DE-SEE911029255121,Germany,Borkum Riffgrund 1,German Bight south of 54.3N,North Sea,53.980889,6.582721,4.2,2015-06-08,,MaStR,Borkum Riffgrund 1,0,41.8,mastr_offshore_units.csv.xz
DE-SEE911053738867,Germany,Bard Offshore 1,German Bight north of 54.3N,North Sea,54.338214,5.972224,5.5,2012-12-03,,MaStR,Bard Offshore 1 - C8 - 51573657589,0,95.2,mastr_offshore_units.csv.xz
DE-SEE911064873885,Germany,Global Tech I,German Bight north of 54.3N,North Sea,54.491999,6.356626,5.0,2015-06-08,,MaStR,Global Tech I,0,99.0,mastr_offshore_units.csv.xz
DE-SEE911093012200,Germany,Gode Wind 01,German Bight south of 54.3N,North Sea,54.028246,6.942775,6.264,2016-07-29,,MaStR,Gode Wind 1,0,37.8,mastr_offshore_units.csv.xz
DE-SEE911149742365,Germany,EnBW Windpark Baltic 2,Kriegers Flak and Baltic 1/2,Skagerrak-Kattegat-Baltic,55.00741,13.172878,3.78,2015-04-29,,MaStR,Baltic 2,0,45.1,mastr_offshore_units.csv.xz
DE-SEE911199840271,Germany,Veja Mate,German Bight south of 54.3N,North Sea,54.274979,5.886679,6.3,2017-05-06,,MaStR,OWP Veja Mate,0,92.4,mastr_offshore_units.csv.xz
DE-SEE911204327117,Germany,Nordsee One,German Bight south of 54.3N,North Sea,53.988391,6.881949,6.15,2017-04-10,,MaStR,Nordsee One,0,35.5,mastr_offshore_units.csv.xz
DE-SEE911235136542,Germany,Gode Wind 02,German Bight south of 54.3N,North Sea,54.079883,7.026376,6.264,2016-05-08,,MaStR,Gode Wind 2,0,41.7,mastr_offshore_units.csv.xz
DE-SEE911285214849,Germany,Borkum Riffgrund 3,German Bight south of 54.3N,North Sea,54.06365,6.07891,11.55,2026-01-15,,MaStR,Borkum Riffgrund 3,1,66.1,mastr_offshore_units.csv.xz
DE-SEE911296522001,Germany,Global Tech I,German Bight north of 54.3N,North Sea,54.498107,6.35975,5.0,2015-06-10,,MaStR,Global Tech I,0,99.6,mastr_offshore_units.csv.xz
DE-SEE911322824406,Germany,Albatros,German Bight north of 54.3N,North Sea,54.472447,6.258757,7.35,2020-01-07,,MaStR,Windpark Albatros,0,99.7,mastr_offshore_units.csv.xz
DE-SEE911375298940,Germany,Borkum Riffgrund 3,German Bight south of 54.3N,North Sea,54.06923,6.287,11.55,2026-05-01,,MaStR,Borkum Riffgrund 3,0,59.1,mastr_offshore_units.csv.xz
DE-SEE911398876569,Germany,Baltic Eagle,Other German Baltic farms,Skagerrak-Kattegat-Baltic,54.82673,13.842962,9.525,2024-07-29,,MaStR,Baltic Eagle,0,82.7,mastr_offshore_units.csv.xz
DE-SEE911422731109,Germany,DanTysk,German Bight north of 54.3N,North Sea,55.155758,7.207869,3.78,2015-02-10,,MaStR,OWP DanTysk,0,68.3,mastr_offshore_units.csv.xz
DE-SEE911443154383,Germany,Global Tech I,German Bight north of 54.3N,North Sea,54.485897,6.338999,5.0,2015-06-14,,MaStR,Global Tech I,0,98.8,mastr_offshore_units.csv.xz
DE-SEE911464021602,Germany,Borkum Riffgrund 3,German Bight south of 54.3N,North Sea,54.05579,6.08352,11.55,2026-01-11,,MaStR,Borkum Riffgrund 3,3,65.2,mastr_offshore_units.csv.xz
DE-SEE911510262478,Germany,Sandbank,German Bight north of 54.3N,North Sea,55.116471,6.894079,4.2,2017-01-25,,MaStR,OWP Sandbank,0,88.7,mastr_offshore_units.csv.xz
DE-SEE911569239667,Germany,Sandbank,German Bight north of 54.3N,North Sea,55.228754,6.835804,4.2,2016-10-27,,MaStR,OWP Sandbank,0,88.7,mastr_offshore_units.csv.xz
DE-SEE911608078349,Germany,Meerwind Sued/Ost,German Bight north of 54.3N,North Sea,54.391851,7.66042,3.78,2014-09-02,,MaStR,Meerwind Süd|Ost,0,28.5,mastr_offshore_units.csv.xz
DE-SEE911618395610,Germany,Baltic Eagle,Other German Baltic farms,Skagerrak-Kattegat-Baltic,54.809699,13.890791,9.525,2024-05-23,,MaStR,Baltic Eagle,0,83.7,mastr_offshore_units.csv.xz
DE-SEE911639985104,Germany,Borkum Riffgrund 1,German Bight south of 54.3N,North Sea,53.987583,6.502667,4.2,2015-03-24,,MaStR,Borkum Riffgrund 1,0,45.3,mastr_offshore_units.csv.xz
DE-SEE911692009106,Germany,Global Tech I,German Bight north of 54.3N,North Sea,54.540881,6.332117,5.0,2015-06-26,,MaStR,Global Tech I,0,104.6,mastr_offshore_units.csv.xz
DE-SEE911706945857,Germany,Wikinger,Other German Baltic farms,Skagerrak-Kattegat-Baltic,54.845748,14.104222,5.23,2017-12-18,,MaStR,WIKINGER,0,96.8,mastr_offshore_units.csv.xz
DE-SEE911728880778,Germany,Global Tech I,German Bight north of 54.3N,North Sea,54.534742,6.394617,5.0,2015-04-21,,MaStR,Global Tech I,0,102.5,mastr_offshore_units.csv.xz
DE-SEE911758452341,Germany,Bard Offshore 1,German Bight north of 54.3N,North Sea,54.362859,5.959618,5.5,2013-07-21,,MaStR,Bard Offshore 1 - C5 - 51573657555,0,98.0,mastr_offshore_units.csv.xz
DE-SEE911766401782,Germany,Merkur Offshore (MEG Offshore I),German Bight south of 54.3N,North Sea,54.06601,6.55311,6.15,2019-04-08,,MaStR,Merkur Offshore,0,50.8,mastr_offshore_units.csv.xz
DE-SEE911824810976,Germany,Borkum Riffgrund 1,German Bight south of 54.3N,North Sea,53.947196,6.548472,4.2,2015-06-14,,MaStR,Borkum Riffgrund 1,0,40.1,mastr_offshore_units.csv.xz
DE-SEE911862398023,Germany,Meerwind Sued/Ost,German Bight north of 54.3N,North Sea,54.395839,7.765279,3.78,2014-12-27,,MaStR,Meerwind Süd|Ost,0,25.9,mastr_offshore_units.csv.xz
DE-SEE911934677261,Germany,Sandbank,German Bight north of 54.3N,North Sea,55.114239,6.878619,4.2,2016-09-07,,MaStR,OWP Sandbank,1,89.7,mastr_offshore_units.csv.xz
DE-SEE912200771782,Germany,DanTysk,German Bight north of 54.3N,North Sea,55.206031,7.172575,3.78,2015-02-01,,MaStR,OWP DanTysk,0,68.9,mastr_offshore_units.csv.xz
DE-SEE912289786691,Germany,Kaskasi II,German Bight north of 54.3N,North Sea,54.486665,7.753013,9.0,2022-10-31,,MaStR,OWP Kaskasi,0,35.8,mastr_offshore_units.csv.xz
DE-SEE912355093456,Germany,Borkum Riffgrund 1,German Bight south of 54.3N,North Sea,53.967387,6.514136,4.2,2015-05-09,,MaStR,Borkum Riffgrund 1,0,42.9,mastr_offshore_units.csv.xz
DE-SEE912426766197,Germany,Sandbank,German Bight north of 54.3N,North Sea,55.130069,6.856348,4.2,2016-09-06,,MaStR,OWP Sandbank,0,90.6,mastr_offshore_units.csv.xz
DE-SEE912441346732,Germany,Borkum Riffgrund 3,German Bight south of 54.3N,North Sea,54.07715,6.24538,11.55,2026-04-18,,MaStR,Borkum Riffgrund 3,0,61.2,mastr_offshore_units.csv.xz
DE-SEE912509458612,Germany,Sandbank,German Bight north of 54.3N,North Sea,55.292464,6.8284,4.2,2016-12-05,,MaStR,OWP Sandbank,0,86.4,mastr_offshore_units.csv.xz
DE-SEE912642489320,Germany,Gode Wind 02,German Bight south of 54.3N,North Sea,54.09238,7.047637,6.264,2016-05-09,,MaStR,Gode Wind 2,0,42.8,mastr_offshore_units.csv.xz
DE-SEE912734881742,Germany,Borkum Riffgrund 1,German Bight south of 54.3N,North Sea,53.94045,6.594168,4.2,2015-04-20,,MaStR,Borkum Riffgrund 1,0,37.7,mastr_offshore_units.csv.xz
DE-SEE912791244283,Germany,Nordsee Ost,German Bight north of 54.3N,North Sea,54.416923,7.640349,6.15,2015-07-28,,MaStR,OWP Nordsee Ost 1,1,31.5,mastr_offshore_units.csv.xz
DE-SEE912850333309,Germany,Arkona-Becken Südost,Other German Baltic farms,Skagerrak-Kattegat-Baltic,54.766784,14.095603,6.3,2018-10-06,,MaStR,Arkona Becken Süd-Ost,0,91.3,mastr_offshore_units.csv.xz
DE-SEE912924417973,Germany,Borkum Riffgrund 1,German Bight south of 54.3N,North Sea,53.980859,6.502695,4.2,2015-04-17,,MaStR,Borkum Riffgrund 1,0,44.5,mastr_offshore_units.csv.xz
DE-SEE913150697771,Germany,Wikinger,Other German Baltic farms,Skagerrak-Kattegat-Baltic,54.803507,14.059181,5.23,2017-12-05,,MaStR,WIKINGER,0,91.7,mastr_offshore_units.csv.xz
DE-SEE913237896387,Germany,Sandbank,German Bight north of 54.3N,North Sea,55.132011,6.871808,4.2,2016-09-24,,MaStR,OWP Sandbank,0,89.6,mastr_offshore_units.csv.xz
DE-SEE913286413726,Germany,Nordsee Ost,German Bight north of 54.3N,North Sea,54.427872,7.654468,6.15,2015-07-01,,MaStR,OWP Nordsee Ost 2,0,32.1,mastr_offshore_units.csv.xz
DE-SEE913412639112,Germany,Wikinger,Other German Baltic farms,Skagerrak-Kattegat-Baltic,54.846257,14.088318,5.23,2017-12-02,,MaStR,WIKINGER,0,96.1,mastr_offshore_units.csv.xz
DE-SEE913433977576,Germany,Gode Wind 02,German Bight south of 54.3N,North Sea,54.092282,7.005091,6.264,2016-05-10,,MaStR,Gode Wind 2,0,43.4,mastr_offshore_units.csv.xz
DE-SEE913448883541,Germany,Nordsee Ost,German Bight north of 54.3N,North Sea,54.460551,7.682798,6.15,2015-03-12,,MaStR,OWP Nordsee Ost 2,0,34.6,mastr_offshore_units.csv.xz
DE-SEE913576084285,Germany,Amrumbank West,German Bight north of 54.3N,North Sea,54.5118,7.75348,3.78,2015-07-11,,MaStR,Amrumbank-West,0,38.5,mastr_offshore_units.csv.xz
DE-SEE913596731602,Germany,Gode Wind 01,German Bight south of 54.3N,North Sea,54.000917,7.055846,6.264,2016-07-29,,MaStR,Gode Wind 1,0,32.7,mastr_offshore_units.csv.xz
DE-SEE913654758633,Germany,Trianel Windpark Borkum Phase 2,German Bight south of 54.3N,North Sea,54.014334,6.432184,6.33,2020-01-20,,MaStR,"Trianel Windpark Borkum, Bauphase 2",0,49.6,mastr_offshore_units.csv.xz
DE-SEE913737947862,Germany,Borkum Riffgrund 1,German Bight south of 54.3N,North Sea,53.940452,6.571304,4.2,2015-06-07,,MaStR,Borkum Riffgrund 1,0,38.6,mastr_offshore_units.csv.xz
DE-SEE913781694279,Germany,Veja Mate,German Bight south of 54.3N,North Sea,54.274987,5.898497,6.3,2017-05-07,,MaStR,OWP Veja Mate,0,91.9,mastr_offshore_units.csv.xz
DE-SEE913796171116,Germany,Nordsee One,German Bight south of 54.3N,North Sea,53.979529,6.803892,6.15,2017-05-15,,MaStR,Nordsee One,0,35.5,mastr_offshore_units.csv.xz
DE-SEE913812904537,Germany,Nordergründe,German Bight south of 54.3N,North Sea,53.834267,8.182847,6.15,2017-11-28,,MaStR,OWP Nordergründe,1,18.8,mastr_offshore_units.csv.xz
DE-SEE913820945744,Germany,EnBW Hohe See,German Bight north of 54.3N,North Sea,54.450514,6.290859,7.35,2019-08-01,,MaStR,Windpark Hohe See,0,96.6,mastr_offshore_units.csv.xz
DE-SEE913905434354,Germany,Sandbank,German Bight north of 54.3N,North Sea,55.239444,6.848353,4.2,2016-11-01,,MaStR,OWP Sandbank,0,87.5,mastr_offshore_units.csv.xz
DE-SEE914044592523,Germany,Baltic Eagle,Other German Baltic farms,Skagerrak-Kattegat-Baltic,54.842115,13.839353,9.525,2024-08-06,,MaStR,Baltic Eagle,0,83.7,mastr_offshore_units.csv.xz
DE-SEE914079107969,Germany,Merkur Offshore (MEG Offshore I),German Bight south of 54.3N,North Sea,54.05318,6.57858,6.15,2019-05-13,,MaStR,Merkur Offshore,0,48.7,mastr_offshore_units.csv.xz
DE-SEE914092271029,Germany,Borkum Riffgrund 2,German Bight south of 54.3N,North Sea,53.93313,6.491378,8.3,2018-09-17,,MaStR,Borkum Riffgrund 2,0,39.8,mastr_offshore_units.csv.xz
DE-SEE914110442387,Germany,EnBW Windpark Baltic 2,Kriegers Flak and Baltic 1/2,Skagerrak-Kattegat-Baltic,54.988005,13.204637,3.78,2015-06-13,,MaStR,Baltic 2,0,47.1,mastr_offshore_units.csv.xz
DE-SEE914243462689,Germany,Gode Wind 01,German Bight south of 54.3N,North Sea,54.00128,7.021782,6.264,2016-07-19,,MaStR,Gode Wind 1,0,33.3,mastr_offshore_units.csv.xz
DE-SEE914341909697,Germany,Borkum Riffgrund 1,German Bight south of 54.3N,North Sea,53.960662,6.616998,4.2,2015-04-24,,MaStR,Borkum Riffgrund 1,4,38.6,mastr_offshore_units.csv.xz
DE-SEE914346404470,Germany,Borkum Riffgrund 1,German Bight south of 54.3N,North Sea,53.994306,6.491221,4.2,2015-07-05,,MaStR,Borkum Riffgrund 1,0,46.2,mastr_offshore_units.csv.xz
DE-SEE914350665294,Germany,Borkum Riffgrund 1,German Bight south of 54.3N,North Sea,53.98089,6.559863,4.2,2015-05-17,,MaStR,Borkum Riffgrund 1,0,42.6,mastr_offshore_units.csv.xz
DE-SEE914407400434,Germany,DanTysk,German Bight north of 54.3N,North Sea,55.0717,7.207542,3.78,2015-01-19,,MaStR,OWP DanTysk,0,71.8,mastr_offshore_units.csv.xz
DE-SEE914501224240,Germany,Borkum Riffgrund 2,German Bight south of 54.3N,North Sea,53.919412,6.514244,8.3,2018-09-10,,MaStR,Borkum Riffgrund 2,0,37.8,mastr_offshore_units.csv.xz
DE-SEE914501494674,Germany,Butendiek,German Bight north of 54.3N,North Sea,55.05888,7.778689,3.6,2015-05-12,,MaStR,Butendiek,0,38.5,mastr_offshore_units.csv.xz
DE-SEE914559928992,Germany,Butendiek,German Bight north of 54.3N,North Sea,55.022519,7.737702,3.6,2015-07-31,,MaStR,Butendiek,0,39.3,mastr_offshore_units.csv.xz
DE-SEE914627830028,Germany,DanTysk,German Bight north of 54.3N,North Sea,55.146711,7.209969,3.78,2015-02-04,,MaStR,OWP DanTysk,0,68.5,mastr_offshore_units.csv.xz
DE-SEE914689732759,Germany,Sandbank,German Bight north of 54.3N,North Sea,55.294125,6.843861,4.2,2016-10-22,,MaStR,OWP Sandbank,0,85.4,mastr_offshore_units.csv.xz
DE-SEE914706542156,Germany,Bard Offshore 1,German Bight north of 54.3N,North Sea,54.372818,5.991896,5.5,2013-05-07,,MaStR,Bard Offshore 1 - C3 - 51573657539,0,98.0,mastr_offshore_units.csv.xz
DE-SEE914854658433,Germany,Borkum Riffgrund 1,German Bight south of 54.3N,North Sea,53.97414,6.582718,4.2,2015-04-27,,MaStR,Borkum Riffgrund 1,0,41.2,mastr_offshore_units.csv.xz
DE-SEE914889566932,Germany,Amrumbank West,German Bight north of 54.3N,North Sea,54.538833,7.75348,3.78,2015-06-09,,MaStR,Amrumbank West,0,40.6,mastr_offshore_units.csv.xz
DE-SEE914953718595,Germany,ARCADIS Ost 1,Other German Baltic farms,Skagerrak-Kattegat-Baltic,54.824801,13.676041,9.525,2023-01-20,,MaStR,Arcadis Ost I,3,75.2,mastr_offshore_units.csv.xz
DE-SEE915107917857,Germany,Meerwind Sued/Ost,German Bight north of 54.3N,North Sea,54.386467,7.676427,3.78,2015-02-09,,MaStR,Meerwind Süd|Ost,0,27.4,mastr_offshore_units.csv.xz
DE-SEE915239354063,Germany,DanTysk,German Bight north of 54.3N,North Sea,55.171453,7.221628,3.78,2015-03-14,,MaStR,OWP DanTysk,0,66.9,mastr_offshore_units.csv.xz
DE-SEE915470690425,Germany,Butendiek,German Bight north of 54.3N,North Sea,55.038802,7.770462,3.6,2015-03-13,,MaStR,Butendiek,0,38.0,mastr_offshore_units.csv.xz
DE-SEE915528799919,Germany,Gode Wind 01,German Bight south of 54.3N,North Sea,54.020719,6.967818,6.264,2016-07-29,,MaStR,Gode Wind 1,0,36.4,mastr_offshore_units.csv.xz
DE-SEE915542416373,Germany,Amrumbank West,German Bight north of 54.3N,North Sea,54.517171,7.653833,3.78,2015-10-03,,MaStR,Amrumbank-West,0,41.1,mastr_offshore_units.csv.xz
DE-SEE915685966667,Germany,EnBW He Dreiht,German Bight north of 54.3N,North Sea,54.364475,6.133896,15.0,2026-08-21,,MaStR,EnBW He Dreiht,7521,93.0,mastr_offshore_units.csv.xz
DE-SEE915775898939,Germany,Global Tech I,German Bight north of 54.3N,North Sea,54.528658,6.348927,5.0,2015-06-22,,MaStR,Global Tech I,0,103.0,mastr_offshore_units.csv.xz
DE-SEE915817832136,Germany,Borkum Riffgrund 1,German Bight south of 54.3N,North Sea,53.953919,6.559888,4.2,2015-05-25,,MaStR,Borkum Riffgrund 1,0,40.3,mastr_offshore_units.csv.xz
DE-SEE915836749507,Germany,Borkum Riffgrund 2,German Bight south of 54.3N,North Sea,53.940091,6.514203,8.3,2018-08-08,,MaStR,Borkum Riffgrund 2,0,40.0,mastr_offshore_units.csv.xz
DE-SEE915852199287,Germany,Trianel Windpark Borkum Phase 1,German Bight south of 54.3N,North Sea,54.055258,6.472451,5.0,2015-05-30,,MaStR,Trianel Windpark Borkum,0,52.7,mastr_offshore_units.csv.xz
DE-SEE915928154257,Germany,ARCADIS Ost 1,Other German Baltic farms,Skagerrak-Kattegat-Baltic,54.817461,13.651127,9.525,2023-03-11,,MaStR,Arcadis Ost I,0,73.5,mastr_offshore_units.csv.xz
DE-SEE915959499006,Germany,Borkum Riffgrund 2,German Bight south of 54.3N,North Sea,53.947043,6.491342,8.3,2018-09-09,,MaStR,Borkum Riffgrund 2,0,41.2,mastr_offshore_units.csv.xz
DE-SEE916104599336,Germany,Sandbank,German Bight north of 54.3N,North Sea,55.202522,6.845533,4.2,2016-11-08,,MaStR,OWP Sandbank,0,89.4,mastr_offshore_units.csv.xz
DE-SEE916110691727,Germany,Borkum Riffgrund 3,German Bight south of 54.3N,North Sea,54.06298,6.26248,11.55,2025-12-13,,MaStR,Borkum Riffgrund 3,0,59.3,mastr_offshore_units.csv.xz
DE-SEE916187827906,Germany,Nordsee One,German Bight south of 54.3N,North Sea,53.974963,6.890859,6.15,2017-06-02,,MaStR,Nordsee One,0,33.9,mastr_offshore_units.csv.xz
DE-SEE916191848973,Germany,Meerwind Sued/Ost,German Bight north of 54.3N,North Sea,54.398657,7.707938,3.78,2015-02-17,,MaStR,Meerwind Süd|Ost,0,27.6,mastr_offshore_units.csv.xz
DE-SEE916193033308,Germany,Merkur Offshore (MEG Offshore I),German Bight south of 54.3N,North Sea,54.0075,6.5166,6.15,2019-03-25,,MaStR,Merkur Offshore,0,46.7,mastr_offshore_units.csv.xz
DE-SEE916199219355,Germany,DanTysk,German Bight north of 54.3N,North Sea,55.165253,7.205733,3.78,2015-02-06,,MaStR,OWP DanTysk,0,68.1,mastr_offshore_units.csv.xz
DE-SEE916246257699,Germany,Meerwind Sued/Ost,German Bight north of 54.3N,North Sea,54.367308,7.660523,3.78,2014-11-30,,MaStR,Meerwind Süd|Ost,0,26.2,mastr_offshore_units.csv.xz
DE-SEE916288416597,Germany,Gode Wind 01,German Bight south of 54.3N,North Sea,53.988403,6.997414,6.264,2016-08-01,,MaStR,Gode Wind 1,0,32.4,mastr_offshore_units.csv.xz
DE-SEE916329530619,Germany,Nordsee One,German Bight south of 54.3N,North Sea,53.96727,6.747664,6.15,2017-07-21,,MaStR,Nordsee One,0,35.3,mastr_offshore_units.csv.xz
DE-SEE916411627739,Germany,Kaskasi II,German Bight north of 54.3N,North Sea,54.49318,7.752969,9.0,2022-10-30,,MaStR,OWP Kaskasi,0,36.5,mastr_offshore_units.csv.xz
DE-SEE916539894587,Germany,Amrumbank West,German Bight north of 54.3N,North Sea,54.522649,7.741088,3.78,2015-04-15,,MaStR,Amrumbank-West,0,39.9,mastr_offshore_units.csv.xz
DE-SEE916763843337,Germany,Deutsche Bucht,German Bight north of 54.3N,North Sea,54.313289,5.817776,8.4,2019-08-01,,MaStR,Deutsche Bucht,0,98.5,mastr_offshore_units.csv.xz
DE-SEE916830763315,Germany,Gode Wind 02,German Bight south of 54.3N,North Sea,54.068066,7.006205,6.264,2016-05-13,,MaStR,Gode Wind 2,0,40.7,mastr_offshore_units.csv.xz
DE-SEE916831387565,Germany,Borkum Riffgrund 2,German Bight south of 54.3N,North Sea,53.940115,6.491419,8.3,2018-09-13,,MaStR,Borkum Riffgrund 2,0,40.5,mastr_offshore_units.csv.xz
DE-SEE916853974583,Germany,Borkum Riffgrund 3,German Bight south of 54.3N,North Sea,54.06927,6.1523,11.55,2026-02-21,,MaStR,Borkum Riffgrund 3,0,63.7,mastr_offshore_units.csv.xz
DE-SEE916885132180,Germany,Gode Wind 02,German Bight south of 54.3N,North Sea,54.056229,6.986047,6.264,2016-02-16,,MaStR,Gode Wind 2,0,39.8,mastr_offshore_units.csv.xz
DE-SEE916990834030,Germany,EnBW Hohe See,German Bight north of 54.3N,North Sea,54.432882,6.301954,7.35,2019-08-27,,MaStR,Windpark Hohe See,0,94.5,mastr_offshore_units.csv.xz
DE-SEE916996903969,Germany,Merkur Offshore (MEG Offshore I),German Bight south of 54.3N,North Sea,54.04309,6.51614,6.15,2018-11-24,,MaStR,Merkur Offshore,0,49.9,mastr_offshore_units.csv.xz
DE-SEE917009788542,Germany,EnBW He Dreiht,German Bight north of 54.3N,North Sea,54.368952,6.207864,15.0,2026-01-17,,MaStR,EnBW He Dreiht,9299,91.3,mastr_offshore_units.csv.xz
DE-SEE917042399804,Germany,EnBW Hohe See,German Bight north of 54.3N,North Sea,54.436338,6.365001,7.35,2019-08-18,,MaStR,Windpark Hohe See,0,93.1,mastr_offshore_units.csv.xz
DE-SEE917053038006,Germany,Wikinger,Other German Baltic farms,Skagerrak-Kattegat-Baltic,54.841244,14.095833,5.23,2017-11-30,,MaStR,WIKINGER,0,96.1,mastr_offshore_units.csv.xz
DE-SEE917121806544,Germany,Nordergründe,German Bight south of 54.3N,North Sea,53.838725,8.182851,6.15,2017-12-01,,MaStR,OWP Nordergründe,6,18.9,mastr_offshore_units.csv.xz
DE-SEE917123062573,Germany,Borkum Riffgrund 2,German Bight south of 54.3N,North Sea,53.980886,6.617019,8.3,2018-08-04,,MaStR,Borkum Riffgrund 2,0,40.5,mastr_offshore_units.csv.xz
DE-SEE917175688073,Germany,Amrumbank West,German Bight north of 54.3N,North Sea,54.522649,7.666667,3.78,2015-07-16,,MaStR,Amrumbank-West,0,41.4,mastr_offshore_units.csv.xz
DE-SEE917212856557,Germany,Merkur Offshore (MEG Offshore I),German Bight south of 54.3N,North Sea,54.00781,6.54105,6.15,2019-01-27,,MaStR,Merkur Offshore,0,45.8,mastr_offshore_units.csv.xz
DE-SEE917361899931,Germany,Sandbank,German Bight north of 54.3N,North Sea,55.1359,6.903217,4.2,2016-09-22,,MaStR,OWP Sandbank,0,87.5,mastr_offshore_units.csv.xz
DE-SEE917499746732,Germany,Borkum Riffgrund 3,German Bight south of 54.3N,North Sea,54.06471,6.27597,11.55,2025-12-17,,MaStR,Borkum Riffgrund 3,0,59.0,mastr_offshore_units.csv.xz
DE-SEE917536376885,Germany,Nordsee One,German Bight south of 54.3N,North Sea,53.994328,6.802026,6.15,2017-09-04,,MaStR,Nordsee One,0,37.1,mastr_offshore_units.csv.xz
DE-SEE917621037820,Germany,Amrumbank West,German Bight north of 54.3N,North Sea,54.5118,7.765887,3.78,2015-07-11,,MaStR,Amrumbank-West,0,38.4,mastr_offshore_units.csv.xz
DE-SEE917636862462,Germany,EnBW Hohe See,German Bight north of 54.3N,North Sea,54.456973,6.360161,7.35,2019-08-18,,MaStR,Windpark Hohe See,0,95.3,mastr_offshore_units.csv.xz
DE-SEE917803971102,Germany,Bard Offshore 1,German Bight north of 54.3N,North Sea,54.321725,5.978681,5.5,2013-01-15,,MaStR,Bard Offshore 1 - C9 - 51573657597,0,93.4,mastr_offshore_units.csv.xz
DE-SEE917925985384,Germany,EnBW Hohe See,German Bight north of 54.3N,North Sea,54.444486,6.283962,7.35,2019-08-16,,MaStR,Windpark Hohe See,0,96.2,mastr_offshore_units.csv.xz
DE-SEE918085818352,Germany,Butendiek,German Bight north of 54.3N,North Sea,54.979165,7.795084,3.6,2015-06-14,,MaStR,Butendiek,0,34.3,mastr_offshore_units.csv.xz
DE-SEE918092471427,Germany,Bard Offshore 1,German Bight north of 54.3N,North Sea,54.341053,5.939478,5.5,2013-08-29,,MaStR,Bard Offshore 1 - C6 - 51573657563,0,96.6,mastr_offshore_units.csv.xz
DE-SEE918176032896,Germany,EnBW Windpark Baltic 2,Kriegers Flak and Baltic 1/2,Skagerrak-Kattegat-Baltic,54.961906,13.126708,3.78,2015-06-26,,MaStR,Baltic 2,0,42.2,mastr_offshore_units.csv.xz
DE-SEE918200451808,Germany,Merkur Offshore (MEG Offshore I),German Bight south of 54.3N,North Sea,54.02016,6.5431,6.15,2019-02-02,,MaStR,Merkur Offshore,0,46.8,mastr_offshore_units.csv.xz
DE-SEE918216364710,Germany,Riffgat,German Bight south of 54.3N,North Sea,53.694787,6.452942,3.78,2014-02-14,,MaStR,RIFFGAT,0,19.3,mastr_offshore_units.csv.xz
DE-SEE918244120449,Germany,Meerwind Sued/Ost,German Bight north of 54.3N,North Sea,54.389611,7.688126,3.78,2014-09-02,,MaStR,Meerwind Süd|Ost,0,27.3,mastr_offshore_units.csv.xz
DE-SEE918259022523,Germany,Gode Wind 01,German Bight south of 54.3N,North Sea,54.00166,6.941855,6.264,2016-07-30,,MaStR,Gode Wind 1,0,35.0,mastr_offshore_units.csv.xz
DE-SEE918321106120,Germany,Riffgat,German Bight south of 54.3N,North Sea,53.691859,6.471353,3.78,2014-02-28,,MaStR,RIFFGAT,0,18.2,mastr_offshore_units.csv.xz
DE-SEE918450862034,Germany,EnBW He Dreiht,German Bight north of 54.3N,North Sea,54.329537,6.147188,15.0,2025-12-16,,MaStR,EnBW He Dreiht,8392,89.1,mastr_offshore_units.csv.xz
DE-SEE918547913946,Germany,EnBW Windpark Baltic 1,Kriegers Flak and Baltic 1/2,Skagerrak-Kattegat-Baltic,54.623583,12.667139,2.3,2011-04-09,,MaStR,Baltic 1,0,20.8,mastr_offshore_units.csv.xz
DE-SEE918589046091,Germany,Borkum Riffgrund 3,German Bight south of 54.3N,North Sea,54.06873,6.21053,11.55,2025-12-09,,MaStR,Borkum Riffgrund 3,0,61.5,mastr_offshore_units.csv.xz
DE-SEE918600884770,Germany,Trianel Windpark Borkum Phase 1,German Bight south of 54.3N,North Sea,54.070131,6.457884,5.0,2015-03-28,,MaStR,Trianel Windpark Borkum,0,54.6,mastr_offshore_units.csv.xz
DE-SEE918691029753,Germany,Amrumbank West,German Bight north of 54.3N,North Sea,54.506383,7.75348,3.78,2015-07-16,,MaStR,Amrumbank-West,0,38.0,mastr_offshore_units.csv.xz
DE-SEE918796761770,Germany,EnBW Windpark Baltic 1,Kriegers Flak and Baltic 1/2,Skagerrak-Kattegat-Baltic,54.583972,12.63,2.3,2011-04-04,,MaStR,Baltic 1,0,15.8,mastr_offshore_units.csv.xz
DE-SEE918850069446,Germany,Nordsee One,German Bight south of 54.3N,North Sea,53.981511,6.792498,6.15,2017-05-12,,MaStR,Nordsee One,0,35.9,mastr_offshore_units.csv.xz
DE-SEE918891452474,Germany,Borkum Riffgrund 1,German Bight south of 54.3N,North Sea,53.95392,6.537027,4.2,2015-05-12,,MaStR,Borkum Riffgrund 1,0,41.0,mastr_offshore_units.csv.xz
DE-SEE919013269901,Germany,Global Tech I,German Bight north of 54.3N,North Sea,54.491993,6.370207,5.0,2014-09-19,,MaStR,Global Tech I,0,98.7,mastr_offshore_units.csv.xz
DE-SEE919020269239,Germany,EnBW Windpark Baltic 2,Kriegers Flak and Baltic 1/2,Skagerrak-Kattegat-Baltic,54.981273,13.207671,3.78,2015-07-02,,MaStR,Baltic 2,0,47.3,mastr_offshore_units.csv.xz
DE-SEE919087229481,Germany,EnBW Windpark Baltic 1,Kriegers Flak and Baltic 1/2,Skagerrak-Kattegat-Baltic,54.610917,12.63,2.3,2011-04-03,,MaStR,Baltic 1,0,18.7,mastr_offshore_units.csv.xz
DE-SEE919318572935,Germany,Baltic Eagle,Other German Baltic farms,Skagerrak-Kattegat-Baltic,54.860623,13.897241,9.525,2024-06-17,,MaStR,Baltic Eagle,0,87.8,mastr_offshore_units.csv.xz
DE-SEE919424337091,Germany,Kaskasi II,German Bight north of 54.3N,North Sea,54.477146,7.643598,9.0,2022-12-12,,MaStR,OWP Kaskasi,0,37.3,mastr_offshore_units.csv.xz
DE-SEE919458909523,Germany,Bard Offshore 1,German Bight north of 54.3N,North Sea,54.331533,6.004641,5.5,2011-04-18,,MaStR,Bard Offshore 1 - C11 - 51573657620,0,93.5,mastr_offshore_units.csv.xz
DE-SEE919504845720,Germany,EnBW Hohe See,German Bight north of 54.3N,North Sea,54.436752,6.295962,7.35,2019-08-06,,MaStR,Windpark Hohe See,0,95.1,mastr_offshore_units.csv.xz
DE-SEE919504945901,Germany,Sandbank,German Bight north of 54.3N,North Sea,55.255265,6.825582,4.2,2016-10-26,,MaStR,OWP Sandbank,0,88.1,mastr_offshore_units.csv.xz
DE-SEE919549783209,Germany,Trianel Windpark Borkum Phase 1,German Bight south of 54.3N,North Sea,54.009001,6.475285,5.0,2015-02-12,,MaStR,Trianel Windpark Borkum,0,48.1,mastr_offshore_units.csv.xz
DE-SEE919634644811,Germany,ARCADIS Ost 1,Other German Baltic farms,Skagerrak-Kattegat-Baltic,54.816901,13.692653,9.525,2023-05-01,,MaStR,Arcadis Ost I,0,75.2,mastr_offshore_units.csv.xz
DE-SEE919686179385,Germany,EnBW Windpark Baltic 2,Kriegers Flak and Baltic 1/2,Skagerrak-Kattegat-Baltic,54.988304,13.15935,3.78,2015-04-26,,MaStR,Baltic 2,0,44.2,mastr_offshore_units.csv.xz
DE-SEE919733414483,Germany,EnBW Windpark Baltic 2,Kriegers Flak and Baltic 1/2,Skagerrak-Kattegat-Baltic,55.008279,13.217508,3.78,2015-06-01,,MaStR,Baltic 2,0,48.0,mastr_offshore_units.csv.xz
DE-SEE919752094253,Germany,Global Tech I,German Bight north of 54.3N,North Sea,54.540864,6.373966,5.0,2015-06-20,,MaStR,Global Tech I,0,103.6,mastr_offshore_units.csv.xz
DE-SEE919814058216,Germany,DanTysk,German Bight north of 54.3N,North Sea,55.065636,7.213967,3.78,2015-01-23,,MaStR,OWP DanTysk,0,71.8,mastr_offshore_units.csv.xz
DE-SEE919842961458,Germany,Alpha Ventus,German Bight south of 54.3N,North Sea,54.000342,6.619837,5.0,2009-08-09,,MaStR,alpha ventus,0,42.3,mastr_offshore_units.csv.xz
DE-SEE919851056329,Germany,EnBW Hohe See,German Bight north of 54.3N,North Sea,54.457743,6.337564,7.35,2019-08-16,,MaStR,Windpark Hohe See,0,96.0,mastr_offshore_units.csv.xz
DE-SEE919899738850,Germany,Kaskasi II,German Bight north of 54.3N,North Sea,54.489539,7.653146,9.0,2022-08-23,,MaStR,OWP Kaskasi,0,38.3,mastr_offshore_units.csv.xz
DE-SEE919920648264,Germany,Borkum Riffgrund 3,German Bight south of 54.3N,North Sea,54.07559,6.21693,11.55,2026-02-23,,MaStR,Borkum Riffgrund 3,0,62.0,mastr_offshore_units.csv.xz
DE-SEE919964778996,Germany,Nordsee One,German Bight south of 54.3N,North Sea,53.992815,6.768856,6.15,2017-08-19,,MaStR,Nordsee One,0,37.5,mastr_offshore_units.csv.xz
DE-SEE920047994615,Germany,DanTysk,German Bight north of 54.3N,North Sea,55.153697,7.168425,3.78,2014-12-05,,MaStR,OWP DanTysk,0,70.8,mastr_offshore_units.csv.xz
DE-SEE920051579655,Germany,EnBW He Dreiht,German Bight north of 54.3N,North Sea,54.358732,6.197874,15.0,2026-02-24,,MaStR,EnBW He Dreiht,10544,90.7,mastr_offshore_units.csv.xz
DE-SEE920079184749,Germany,DanTysk,German Bight north of 54.3N,North Sea,55.137356,7.211236,3.78,2015-02-12,,MaStR,OWP DanTysk,0,68.8,mastr_offshore_units.csv.xz
DE-SEE920081304234,Germany,Borkum Riffgrund 2,German Bight south of 54.3N,North Sea,53.987624,6.617023,8.3,2018-08-04,,MaStR,Borkum Riffgrund 2,0,41.2,mastr_offshore_units.csv.xz
DE-SEE920177105547,Germany,Trianel Windpark Borkum Phase 2,German Bight south of 54.3N,North Sea,54.023851,6.432804,6.33,2020-04-06,,MaStR,"Trianel Windpark Borkum, Bauphase 2",0,50.6,mastr_offshore_units.csv.xz
DE-SEE920192073210,Germany,Global Tech I,German Bight north of 54.3N,North Sea,54.504103,6.401638,5.0,2015-07-21,,MaStR,Global Tech I,0,99.2,mastr_offshore_units.csv.xz
DE-SEE920473093531,Germany,Gode Wind 01,German Bight south of 54.3N,North Sea,54.048224,6.966015,6.264,2016-07-08,,MaStR,Gode Wind 1,0,39.3,mastr_offshore_units.csv.xz
DE-SEE920507517217,Germany,EnBW Windpark Baltic 1,Kriegers Flak and Baltic 1/2,Skagerrak-Kattegat-Baltic,54.59475,12.63,2.3,2011-04-03,,MaStR,Baltic 1,0,17.0,mastr_offshore_units.csv.xz
DE-SEE920608663851,Germany,EnBW Windpark Baltic 2,Kriegers Flak and Baltic 1/2,Skagerrak-Kattegat-Baltic,54.996055,13.178256,3.78,2015-05-02,,MaStR,Baltic 2,0,45.4,mastr_offshore_units.csv.xz
DE-SEE920663361921,Germany,Trianel Windpark Borkum Phase 1,German Bight south of 54.3N,North Sea,54.031423,6.487814,5.0,2015-06-22,,MaStR,Trianel Windpark Borkum,0,50.0,mastr_offshore_units.csv.xz
DE-SEE920668379976,Germany,Sandbank,German Bight north of 54.3N,North Sea,55.183092,6.836894,4.2,2016-12-13,,MaStR,OWP Sandbank,0,90.3,mastr_offshore_units.csv.xz
DE-SEE920677487983,Germany,EnBW He Dreiht,German Bight north of 54.3N,North Sea,54.399472,6.171026,15.0,2026-06-28,,MaStR,EnBW He Dreiht,8799,95.5,mastr_offshore_units.csv.xz
DE-SEE920717668679,Germany,DanTysk,German Bight north of 54.3N,North Sea,55.064908,7.199997,3.78,2015-01-19,,MaStR,OWP DanTysk,0,72.6,mastr_offshore_units.csv.xz
DE-SEE920784687870,Germany,DanTysk,German Bight north of 54.3N,North Sea,55.199336,7.194961,3.78,2015-03-14,,MaStR,OWP DanTysk,0,67.7,mastr_offshore_units.csv.xz
DE-SEE920819164833,Germany,Meerwind Sued/Ost,German Bight north of 54.3N,North Sea,54.360116,7.670999,3.78,2014-11-23,,MaStR,Meerwind Süd|Ost,0,25.1,mastr_offshore_units.csv.xz
DE-SEE920872972420,Germany,Arkona-Becken Südost,Other German Baltic farms,Skagerrak-Kattegat-Baltic,54.778858,14.102072,6.3,2018-09-15,,MaStR,Arkona Becken Süd-Ost,0,92.4,mastr_offshore_units.csv.xz
DE-SEE920884152278,Germany,Veja Mate,German Bight south of 54.3N,North Sea,54.294841,5.828116,6.3,2017-04-09,,MaStR,OWP Veja Mate,0,96.4,mastr_offshore_units.csv.xz
DE-SEE920932836501,Germany,Gode Wind 01,German Bight south of 54.3N,North Sea,54.05497,6.967668,6.264,2016-06-12,,MaStR,Gode Wind 1,0,40.0,mastr_offshore_units.csv.xz
DE-SEE920938697397,Germany,Meerwind Sued/Ost,German Bight north of 54.3N,North Sea,54.384359,7.7577,3.78,2014-12-05,,MaStR,Meerwind Süd|Ost,0,24.9,mastr_offshore_units.csv.xz
DE-SEE920940927680,Germany,Arkona-Becken Südost,Other German Baltic farms,Skagerrak-Kattegat-Baltic,54.786842,14.057509,6.3,2018-10-15,,MaStR,Arkona Becken Süd-Ost,0,90.5,mastr_offshore_units.csv.xz
DE-SEE920949906020,Germany,Arkona-Becken Südost,Other German Baltic farms,Skagerrak-Kattegat-Baltic,54.753449,14.125253,6.3,2018-09-17,,MaStR,Arkona Becken Süd-Ost,0,92.1,mastr_offshore_units.csv.xz
DE-SEE921010417308,Germany,Gode Wind 02,German Bight south of 54.3N,North Sea,54.092311,6.962804,6.264,2016-03-04,,MaStR,Gode Wind 2,0,44.1,mastr_offshore_units.csv.xz
DE-SEE921054682755,Germany,Trianel Windpark Borkum Phase 2,German Bight south of 54.3N,North Sea,54.039213,6.440225,6.33,2020-05-04,,MaStR,"Trianel Windpark Borkum, Bauphase 2",0,52.0,mastr_offshore_units.csv.xz
DE-SEE921134814670,Germany,Amrumbank West,German Bight north of 54.3N,North Sea,54.538833,7.691478,3.78,2015-07-16,,MaStR,Amrumbank West,0,42.5,mastr_offshore_units.csv.xz
DE-SEE921139324525,Germany,Amrumbank West,German Bight north of 54.3N,North Sea,54.533427,7.728695,3.78,2015-08-19,,MaStR,Amrumbank West,0,41.3,mastr_offshore_units.csv.xz
DE-SEE921240959043,Germany,Arkona-Becken Südost,Other German Baltic farms,Skagerrak-Kattegat-Baltic,54.807006,14.159382,6.3,2018-09-23,,MaStR,Arkona Becken Süd-Ost,0,97.2,mastr_offshore_units.csv.xz
DE-SEE921280042958,Germany,Borkum Riffgrund 2,German Bight south of 54.3N,North Sea,53.926173,6.491395,8.3,2018-09-18,,MaStR,Borkum Riffgrund 2,0,39.0,mastr_offshore_units.csv.xz
DE-SEE921323597209,Germany,Baltic Eagle,Other German Baltic farms,Skagerrak-Kattegat-Baltic,54.842185,13.819757,9.525,2024-08-23,,MaStR,Baltic Eagle,0,82.8,mastr_offshore_units.csv.xz
DE-SEE921396903839,Germany,Borkum Riffgrund 3,German Bight south of 54.3N,North Sea,54.06201,6.18712,11.55,2025-12-23,,MaStR,Borkum Riffgrund 3,0,61.7,mastr_offshore_units.csv.xz
DE-SEE921412051575,Germany,Albatros,German Bight north of 54.3N,North Sea,54.475572,6.233378,7.35,2020-01-07,,MaStR,Windpark Albatros,0,100.8,mastr_offshore_units.csv.xz
DE-SEE921468329628,Germany,Borkum Riffgrund 2,German Bight south of 54.3N,North Sea,53.940078,6.468518,8.3,2018-09-03,,MaStR,Borkum Riffgrund 2,0,41.0,mastr_offshore_units.csv.xz
DE-SEE921498006773,Germany,EnBW He Dreiht,German Bight north of 54.3N,North Sea,54.329408,6.290491,15.0,2025-12-26,,MaStR,EnBW He Dreiht,8410,84.8,mastr_offshore_units.csv.xz
DE-SEE921536404738,Germany,Bard Offshore 1,German Bight north of 54.3N,North Sea,54.31363,5.98183,5.5,2011-06-11,,MaStR,Bard Offshore 1 - C10 - 51573657604,0,92.6,mastr_offshore_units.csv.xz
DE-SEE921583606147,Germany,Bard Offshore 1,German Bight north of 54.3N,North Sea,54.371766,5.975375,5.5,2013-08-30,,MaStR,Bard Offshore 1 - C4 - 51573657547,0,98.4,mastr_offshore_units.csv.xz
DE-SEE921632963245,Germany,DanTysk,German Bight north of 54.3N,North Sea,55.198728,7.174556,3.78,2015-03-17,,MaStR,OWP DanTysk,0,69.0,mastr_offshore_units.csv.xz
DE-SEE921736387749,Germany,Veja Mate,German Bight north of 54.3N,North Sea,54.377674,5.914252,6.3,2017-02-17,,MaStR,OWP Veja Mate,0,100.9,mastr_offshore_units.csv.xz
DE-SEE921976777867,Germany,Meerwind Sued/Ost,German Bight north of 54.3N,North Sea,54.360453,7.641168,3.78,2014-11-17,,MaStR,Meerwind Süd|Ost,0,26.3,mastr_offshore_units.csv.xz
DE-SEE922009406280,Germany,EnBW Windpark Baltic 2,Kriegers Flak and Baltic 1/2,Skagerrak-Kattegat-Baltic,54.979413,13.140997,3.78,2015-05-12,,MaStR,Baltic 2,0,43.1,mastr_offshore_units.csv.xz
DE-SEE922228336641,Germany,Butendiek,German Bight north of 54.3N,North Sea,54.966756,7.784457,3.6,2015-06-14,,MaStR,Butendiek,0,34.6,mastr_offshore_units.csv.xz
DE-SEE922250580203,Germany,EnBW He Dreiht,German Bight north of 54.3N,North Sea,54.375186,6.225136,15.0,2026-01-07,,MaStR,EnBW He Dreiht,8000,91.3,mastr_offshore_units.csv.xz
DE-SEE922297031768,Germany,DanTysk,German Bight north of 54.3N,North Sea,55.138003,7.188725,3.78,2015-03-09,,MaStR,OWP DanTysk,0,70.1,mastr_offshore_units.csv.xz
DE-SEE922324425287,Germany,Meerwind Sued/Ost,German Bight north of 54.3N,North Sea,54.39554,7.726977,3.78,2015-02-05,,MaStR,Meerwind Süd|Ost,0,26.8,mastr_offshore_units.csv.xz
DE-SEE922360298579,Germany,Gode Wind 02,German Bight south of 54.3N,North Sea,54.093122,7.070073,6.264,2016-06-12,,MaStR,Gode Wind 2,1,42.7,mastr_offshore_units.csv.xz
DE-SEE922424261310,Germany,EnBW He Dreiht,German Bight north of 54.3N,North Sea,54.329682,6.164008,15.0,2026-06-30,,MaStR,EnBW He Dreiht,9486,88.7,mastr_offshore_units.csv.xz
DE-SEE922522527530,Germany,Global Tech I,German Bight north of 54.3N,North Sea,54.534729,6.409912,5.0,2015-05-27,,MaStR,Global Tech I,0,102.2,mastr_offshore_units.csv.xz
DE-SEE922540750781,Germany,EnBW Hohe See,German Bight north of 54.3N,North Sea,54.432525,6.370832,7.35,2019-08-18,,MaStR,Windpark Hohe See,0,92.6,mastr_offshore_units.csv.xz
DE-SEE922565422236,Germany,Trianel Windpark Borkum Phase 1,German Bight south of 54.3N,North Sea,54.015724,6.488694,5.0,2015-04-16,,MaStR,Trianel Windpark Borkum,0,48.5,mastr_offshore_units.csv.xz
DE-SEE922650741815,Germany,EnBW Windpark Baltic 2,Kriegers Flak and Baltic 1/2,Skagerrak-Kattegat-Baltic,54.976883,13.164938,3.78,2015-04-24,,MaStR,Baltic 2,0,44.6,mastr_offshore_units.csv.xz
DE-SEE922688417461,Germany,Gode Wind 01,German Bight south of 54.3N,North Sea,54.046142,6.984281,6.264,2016-07-17,,MaStR,Gode Wind 1,1,38.8,mastr_offshore_units.csv.xz
DE-SEE922819311613,Germany,Butendiek,German Bight north of 54.3N,North Sea,55.042552,7.74122,3.6,2015-03-27,,MaStR,Butendiek,0,39.9,mastr_offshore_units.csv.xz
DE-SEE922825628576,Germany,Borkum Riffgrund 2,German Bight south of 54.3N,North Sea,53.980609,6.423096,8.3,2018-10-11,,MaStR,Borkum Riffgrund 2,0,46.3,mastr_offshore_units.csv.xz
DE-SEE922853423150,Germany,ARCADIS Ost 1,Other German Baltic farms,Skagerrak-Kattegat-Baltic,54.799954,13.718597,9.525,2023-11-26,,MaStR,Arcadis Ost I,10,74.9,mastr_offshore_units.csv.xz
DE-SEE922898655288,Germany,Meerwind Sued/Ost,German Bight north of 54.3N,North Sea,54.390968,7.765833,3.78,2015-01-31,,MaStR,Meerwind Süd|Ost,0,25.4,mastr_offshore_units.csv.xz
DE-SEE922912967144,Germany,Nordergründe,German Bight south of 54.3N,North Sea,53.83327,8.17112,6.15,2017-11-21,,MaStR,OWP Nordergründe,0,18.0,mastr_offshore_units.csv.xz
DE-SEE923228117476,Germany,DanTysk,German Bight north of 54.3N,North Sea,55.067106,7.240761,3.78,2015-01-23,,MaStR,OWP DanTysk,0,70.1,mastr_offshore_units.csv.xz
DE-SEE923259944386,Germany,Meerwind Sued/Ost,German Bight north of 54.3N,North Sea,54.407793,7.724523,3.78,2015-01-21,,MaStR,Meerwind Süd|Ost,0,28.1,mastr_offshore_units.csv.xz
DE-SEE923293964937,Germany,Veja Mate,German Bight north of 54.3N,North Sea,54.310665,5.891144,6.3,2017-05-10,,MaStR,OWP Veja Mate,0,95.5,mastr_offshore_units.csv.xz
DE-SEE923441001194,Germany,Nordsee One,German Bight south of 54.3N,North Sea,53.995697,6.882012,6.15,2017-04-18,,MaStR,Nordsee One,0,36.2,mastr_offshore_units.csv.xz
DE-SEE923601150373,Germany,Sandbank,German Bight north of 54.3N,North Sea,55.174061,6.840294,4.2,2016-12-14,,MaStR,OWP Sandbank,0,90.3,mastr_offshore_units.csv.xz
DE-SEE923625933563,Germany,Trianel Windpark Borkum Phase 2,German Bight south of 54.3N,North Sea,54.081349,6.504462,6.33,2019-11-24,,MaStR,"Trianel Windpark Borkum, Bauphase 2",0,53.9,mastr_offshore_units.csv.xz
DE-SEE923644246781,Germany,Veja Mate,German Bight north of 54.3N,North Sea,54.335291,5.85652,6.3,2017-03-04,,MaStR,OWP Veja Mate,0,99.0,mastr_offshore_units.csv.xz
DE-SEE923655714361,Germany,Bard Offshore 1,German Bight north of 54.3N,North Sea,54.406967,5.984067,5.5,2013-09-03,,MaStR,Bard Offshore 1 - C3 - 51573657539,0,101.5,mastr_offshore_units.csv.xz
DE-SEE923860624059,Germany,EnBW He Dreiht,German Bight north of 54.3N,North Sea,54.356969,6.157109,15.0,2025-12-21,,MaStR,EnBW He Dreiht,9032,91.7,mastr_offshore_units.csv.xz
DE-SEE923869604816,Germany,Gode Wind 01,German Bight south of 54.3N,North Sea,54.020702,6.943821,6.264,2016-07-26,,MaStR,Gode Wind 1,0,36.9,mastr_offshore_units.csv.xz
DE-SEE923903116534,Germany,Bard Offshore 1,German Bight north of 54.3N,North Sea,54.371198,6.005015,5.5,2012-08-19,,MaStR,Bard Offshore 1 - C2 - 51573657521,0,97.4,mastr_offshore_units.csv.xz
DE-SEE923904121599,Germany,Global Tech I,German Bight north of 54.3N,North Sea,54.516417,6.390793,5.0,2015-04-09,,MaStR,Global Tech I,0,100.7,mastr_offshore_units.csv.xz
DE-SEE923954894696,Germany,EnBW He Dreiht,German Bight north of 54.3N,North Sea,54.400185,6.18614,15.0,2026-09-17,,MaStR,EnBW He Dreiht,8017,95.0,mastr_offshore_units.csv.xz
DE-SEE923984309733,Germany,DanTysk,German Bight north of 54.3N,North Sea,55.154533,7.226164,3.78,2015-03-14,,MaStR,OWP DanTysk,10,67.2,mastr_offshore_units.csv.xz
DE-SEE924019477908,Germany,Arkona-Becken Südost,Other German Baltic farms,Skagerrak-Kattegat-Baltic,54.795226,14.165479,6.3,2018-09-28,,MaStR,Arkona Becken Süd-Ost,0,96.8,mastr_offshore_units.csv.xz
DE-SEE924028015511,Germany,EnBW Hohe See,German Bight north of 54.3N,North Sea,54.416184,6.37664,7.35,2019-07-16,,MaStR,Windpark Hohe See,0,90.8,mastr_offshore_units.csv.xz
DE-SEE924070250847,Germany,Bard Offshore 1,German Bight north of 54.3N,North Sea,54.391468,6.01819,5.5,2013-04-22,,MaStR,Bard Offshore 1 - C1 - 51573657505,0,99.0,mastr_offshore_units.csv.xz
DE-SEE924156420928,Germany,Global Tech I,German Bight north of 54.3N,North Sea,54.498117,6.333202,5.0,2015-07-19,,MaStR,Global Tech I,0,100.2,mastr_offshore_units.csv.xz
DE-SEE924208375190,Germany,EnBW Hohe See,German Bight north of 54.3N,North Sea,54.461142,6.293801,7.35,2019-08-18,,MaStR,Windpark Hohe See,0,97.6,mastr_offshore_units.csv.xz
DE-SEE924219870387,Germany,Global Tech I,German Bight north of 54.3N,North Sea,54.534774,6.318146,5.0,2015-06-16,,MaStR,Global Tech I,0,104.4,mastr_offshore_units.csv.xz
DE-SEE924262598184,Germany,Global Tech I,German Bight north of 54.3N,North Sea,54.510308,6.389324,5.0,2015-04-17,,MaStR,Global Tech I,0,100.1,mastr_offshore_units.csv.xz
DE-SEE924293208403,Germany,Merkur Offshore (MEG Offshore I),German Bight south of 54.3N,North Sea,54.0662,6.54035,6.15,2019-03-24,,MaStR,Merkur Offshore,0,51.3,mastr_offshore_units.csv.xz
DE-SEE924512273397,Germany,Nordsee Ost,German Bight north of 54.3N,North Sea,54.443884,7.640458,6.15,2015-07-22,,MaStR,OWP Nordsee Ost 1,0,34.1,mastr_offshore_units.csv.xz
DE-SEE924512435146,Germany,Amrumbank West,German Bight north of 54.3N,North Sea,54.506383,7.703883,3.78,2015-08-23,,MaStR,Amrumbank-West,1,38.9,mastr_offshore_units.csv.xz
DE-SEE924570300066,Germany,Veja Mate,German Bight north of 54.3N,North Sea,54.329986,5.840246,6.3,2017-03-07,,MaStR,OWP Veja Mate,0,99.1,mastr_offshore_units.csv.xz
DE-SEE924663717436,Germany,Trianel Windpark Borkum Phase 1,German Bight south of 54.3N,North Sea,54.087739,6.429332,5.0,2015-03-29,,MaStR,Trianel Windpark Borkum,0,57.3,mastr_offshore_units.csv.xz
DE-SEE924700556059,Germany,Gode Wind 01,German Bight south of 54.3N,North Sea,54.004222,7.03365,6.264,2016-07-30,,MaStR,Gode Wind 1,0,33.4,mastr_offshore_units.csv.xz
DE-SEE924787035768,Germany,Borkum Riffgrund 3,German Bight south of 54.3N,North Sea,54.07793,6.2596,11.55,2026-05-09,,MaStR,Borkum Riffgrund 3,0,60.8,mastr_offshore_units.csv.xz
DE-SEE924878900098,Germany,Baltic Eagle,Other German Baltic farms,Skagerrak-Kattegat-Baltic,54.814123,13.866725,9.525,2024-05-22,,MaStR,Baltic Eagle,0,82.9,mastr_offshore_units.csv.xz
DE-SEE925012561441,Germany,Borkum Riffgrund 1,German Bight south of 54.3N,North Sea,53.947196,6.605582,4.2,2015-04-19,,MaStR,Borkum Riffgrund 1,0,37.8,mastr_offshore_units.csv.xz
DE-SEE925015812748,Germany,Riffgat,German Bight south of 54.3N,North Sea,53.701698,6.501911,3.78,2014-02-22,,MaStR,RIFFGAT,0,17.5,mastr_offshore_units.csv.xz
DE-SEE925050683501,Germany,ARCADIS Ost 1,Other German Baltic farms,Skagerrak-Kattegat-Baltic,54.846087,13.629703,9.525,2023-01-20,,MaStR,Arcadis Ost I,0,75.1,mastr_offshore_units.csv.xz
DE-SEE925075732055,Germany,Global Tech I,German Bight north of 54.3N,North Sea,54.479784,6.348553,5.0,2015-07-06,,MaStR,Global Tech I,0,98.0,mastr_offshore_units.csv.xz
DE-SEE925105755917,Germany,DanTysk,German Bight north of 54.3N,North Sea,55.102347,7.194083,3.78,2014-12-05,,MaStR,OWP DanTysk,0,71.2,mastr_offshore_units.csv.xz
DE-SEE925175900767,Germany,EnBW He Dreiht,German Bight north of 54.3N,North Sea,54.360554,6.181555,15.0,2026-03-24,,MaStR,EnBW He Dreiht,10620,91.4,mastr_offshore_units.csv.xz
DE-SEE925314555322,Germany,Amrumbank West,German Bight north of 54.3N,North Sea,54.52802,7.741088,3.78,2015-06-13,,MaStR,Amrumbank-West,0,40.5,mastr_offshore_units.csv.xz
DE-SEE925403684001,Germany,Global Tech I,German Bight north of 54.3N,North Sea,54.516426,6.376278,5.0,2015-05-28,,MaStR,Global Tech I,0,101.0,mastr_offshore_units.csv.xz
DE-SEE925477235888,Germany,Amrumbank West,German Bight north of 54.3N,North Sea,54.52802,7.71629,3.78,2015-08-05,,MaStR,Amrumbank-West,0,40.9,mastr_offshore_units.csv.xz
DE-SEE925658094273,Germany,Riffgat,German Bight south of 54.3N,North Sea,53.688399,6.446885,3.78,2014-02-18,,MaStR,RIFFGAT,0,19.2,mastr_offshore_units.csv.xz
DE-SEE925676538254,Germany,Sandbank,German Bight north of 54.3N,North Sea,55.273035,6.819262,4.2,2016-11-29,,MaStR,OWP Sandbank,0,87.7,mastr_offshore_units.csv.xz
DE-SEE925680318163,Germany,Gode Wind 01,German Bight south of 54.3N,North Sea,53.990724,6.964971,6.264,2016-07-31,,MaStR,Gode Wind 1,0,33.3,mastr_offshore_units.csv.xz
DE-SEE925690458347,Germany,EnBW Windpark Baltic 2,Kriegers Flak and Baltic 1/2,Skagerrak-Kattegat-Baltic,54.993491,13.224438,3.78,2015-06-25,,MaStR,Baltic 2,0,48.4,mastr_offshore_units.csv.xz
DE-SEE925785227650,Germany,DanTysk,German Bight north of 54.3N,North Sea,55.22065,7.168667,3.78,2015-03-17,,MaStR,OWP DanTysk,0,68.8,mastr_offshore_units.csv.xz
DE-SEE925792866934,Germany,ARCADIS Ost 1,Other German Baltic farms,Skagerrak-Kattegat-Baltic,54.806996,13.658751,9.525,2023-04-10,,MaStR,Arcadis Ost I,5,72.9,mastr_offshore_units.csv.xz
DE-SEE925830151503,Germany,Wikinger,Other German Baltic farms,Skagerrak-Kattegat-Baltic,54.853635,14.04089,5.23,2017-11-12,,MaStR,WIKINGER,0,94.2,mastr_offshore_units.csv.xz
DE-SEE925907200721,Germany,EnBW Windpark Baltic 1,Kriegers Flak and Baltic 1/2,Skagerrak-Kattegat-Baltic,54.611194,12.642389,2.3,2011-04-09,,MaStR,Baltic 1,0,18.9,mastr_offshore_units.csv.xz
DE-SEE925963150725,Germany,Kaskasi II,German Bight north of 54.3N,North Sea,54.490127,7.698625,9.0,2022-08-05,,MaStR,OWP Kaskasi,0,37.3,mastr_offshore_units.csv.xz
DE-SEE926100574534,Germany,Alpha Ventus,German Bight south of 54.3N,North Sea,54.000337,6.594488,5.0,2009-08-24,,MaStR,alpha ventus,0,43.2,mastr_offshore_units.csv.xz
DE-SEE926159887920,Germany,Butendiek,German Bight north of 54.3N,North Sea,54.987893,7.762072,3.6,2015-04-17,,MaStR,Butendiek,0,36.6,mastr_offshore_units.csv.xz
DE-SEE926290856090,Germany,EnBW He Dreiht,German Bight north of 54.3N,North Sea,54.40509,6.134021,15.0,2026-06-21,,MaStR,EnBW He Dreiht,7522,97.2,mastr_offshore_units.csv.xz
DE-SEE926291641596,Germany,Borkum Riffgrund 1,German Bight south of 54.3N,North Sea,53.96741,6.571307,4.2,2015-07-11,,MaStR,Borkum Riffgrund 1,0,41.0,mastr_offshore_units.csv.xz
DE-SEE926379994620,Germany,Albatros,German Bight north of 54.3N,North Sea,54.481963,6.247398,7.35,2020-01-05,,MaStR,Windpark Albatros,0,101.0,mastr_offshore_units.csv.xz
DE-SEE926480712434,Germany,EnBW Windpark Baltic 1,Kriegers Flak and Baltic 1/2,Skagerrak-Kattegat-Baltic,54.589361,12.63,2.3,2011-04-09,,MaStR,Baltic 1,0,16.4,mastr_offshore_units.csv.xz
DE-SEE926522113632,Germany,Borkum Riffgrund 3,German Bight south of 54.3N,North Sea,54.02825,6.28907,11.55,2026-03-14,,MaStR,Borkum Riffgrund 3,0,55.0,mastr_offshore_units.csv.xz
DE-SEE926569858459,Germany,Butendiek,German Bight north of 54.3N,North Sea,55.003687,7.745174,3.6,2015-02-17,,MaStR,Butendiek,0,38.1,mastr_offshore_units.csv.xz
DE-SEE926575464286,Germany,Amrumbank West,German Bight north of 54.3N,North Sea,54.522649,7.703883,3.78,2015-08-16,,MaStR,Amrumbank-West,0,40.6,mastr_offshore_units.csv.xz
DE-SEE926577871549,Germany,Butendiek,German Bight north of 54.3N,North Sea,55.045507,7.773496,3.6,2015-03-21,,MaStR,Butendiek,0,38.1,mastr_offshore_units.csv.xz
DE-SEE926604108662,Germany,Borkum Riffgrund 3,German Bight south of 54.3N,North Sea,54.01975,6.19908,11.55,2026-05-09,,MaStR,Borkum Riffgrund 3,0,57.4,mastr_offshore_units.csv.xz
DE-SEE926623203843,Germany,Borkum Riffgrund 3,German Bight south of 54.3N,North Sea,54.05936,6.20605,11.55,2025-12-24,,MaStR,Borkum Riffgrund 3,0,60.8,mastr_offshore_units.csv.xz
DE-SEE926626160464,Germany,Borkum Riffgrund 1,German Bight south of 54.3N,North Sea,53.96742,6.605579,4.2,2015-05-23,,MaStR,Borkum Riffgrund 1,0,39.7,mastr_offshore_units.csv.xz
DE-SEE926657270965,Germany,Nordsee Ost,German Bight north of 54.3N,North Sea,54.471482,7.69692,6.15,2015-03-17,,MaStR,OWP Nordsee Ost 2,0,35.3,mastr_offshore_units.csv.xz
DE-SEE926697747670,Germany,Deutsche Bucht,German Bight south of 54.3N,North Sea,54.27608,5.807218,8.4,2019-08-14,,MaStR,Deutsche Bucht,0,95.6,mastr_offshore_units.csv.xz
DE-SEE926790053906,Germany,Butendiek,German Bight north of 54.3N,North Sea,55.021598,7.791036,3.6,2015-06-29,,MaStR,Butendiek,0,36.0,mastr_offshore_units.csv.xz
DE-SEE926878024736,Germany,Arkona-Becken Südost,Other German Baltic farms,Skagerrak-Kattegat-Baltic,54.765945,14.158823,6.3,2018-10-18,,MaStR,Arkona Becken Süd-Ost,0,94.7,mastr_offshore_units.csv.xz
DE-SEE926906472270,Germany,Kaskasi II,German Bight north of 54.3N,North Sea,54.492796,7.640594,9.0,2022-08-21,,MaStR,OWP Kaskasi,0,39.0,mastr_offshore_units.csv.xz
DE-SEE926912405149,Germany,Global Tech I,German Bight north of 54.3N,North Sea,54.504113,6.387744,5.0,2015-03-22,,MaStR,Global Tech I,0,99.5,mastr_offshore_units.csv.xz
DE-SEE926921991466,Germany,Amrumbank West,German Bight north of 54.3N,North Sea,54.522649,7.765887,3.78,2015-05-15,,MaStR,Amrumbank-West,0,39.5,mastr_offshore_units.csv.xz
DE-SEE926995220691,Germany,Sandbank,German Bight north of 54.3N,North Sea,55.220003,6.839214,4.2,2016-11-01,,MaStR,OWP Sandbank,1,88.9,mastr_offshore_units.csv.xz
DE-SEE927025835304,Germany,Global Tech I,German Bight north of 54.3N,North Sea,54.467743,6.367103,5.0,2014-12-05,,MaStR,Global Tech I,0,96.3,mastr_offshore_units.csv.xz
DE-SEE927108847132,Germany,EnBW Hohe See,German Bight north of 54.3N,North Sea,54.417824,6.359964,7.35,2019-08-19,,MaStR,Windpark Hohe See,0,91.4,mastr_offshore_units.csv.xz
DE-SEE927118624761,Germany,Nordsee One,German Bight south of 54.3N,North Sea,53.963348,6.774029,6.15,2017-07-30,,MaStR,Nordsee One,0,34.3,mastr_offshore_units.csv.xz
DE-SEE927242246280,Germany,Arkona-Becken Südost,Other German Baltic farms,Skagerrak-Kattegat-Baltic,54.800979,14.094561,6.3,2018-10-21,,MaStR,Arkona Becken Süd-Ost,0,93.4,mastr_offshore_units.csv.xz
DE-SEE927265088379,Germany,Baltic Eagle,Other German Baltic farms,Skagerrak-Kattegat-Baltic,54.853737,13.89961,9.525,2024-06-11,,MaStR,Baltic Eagle,2,87.4,mastr_offshore_units.csv.xz
DE-SEE927287465929,Germany,Nordsee One,German Bight south of 54.3N,North Sea,53.973022,6.747668,6.15,2017-07-20,,MaStR,Nordsee One,0,35.9,mastr_offshore_units.csv.xz
DE-SEE927320115712,Germany,Trianel Windpark Borkum Phase 1,German Bight south of 54.3N,North Sea,54.078757,6.429868,5.0,2015-06-20,,MaStR,Trianel Windpark Borkum,0,56.4,mastr_offshore_units.csv.xz
DE-SEE927322705157,Germany,EnBW Windpark Baltic 2,Kriegers Flak and Baltic 1/2,Skagerrak-Kattegat-Baltic,54.999745,13.154372,3.78,2015-05-15,,MaStR,Baltic 2,0,43.9,mastr_offshore_units.csv.xz
DE-SEE927378106342,Germany,Veja Mate,German Bight north of 54.3N,North Sea,54.32604,5.909654,6.3,2017-01-21,,MaStR,OWP Veja Mate,0,96.2,mastr_offshore_units.csv.xz
DE-SEE927541369710,Germany,DanTysk,German Bight north of 54.3N,North Sea,55.074217,7.246464,3.78,2015-02-03,,MaStR,OWP DanTysk,0,69.5,mastr_offshore_units.csv.xz
DE-SEE927571570322,Germany,Gode Wind 01,German Bight south of 54.3N,North Sea,54.053214,6.954878,6.264,2016-07-21,,MaStR,Gode Wind 1,0,40.1,mastr_offshore_units.csv.xz
DE-SEE927619066312,Germany,Borkum Riffgrund 1,German Bight south of 54.3N,North Sea,53.947198,6.617003,4.2,2015-04-22,,MaStR,Borkum Riffgrund 1,4,37.4,mastr_offshore_units.csv.xz
DE-SEE927715842070,Germany,Nordsee Ost,German Bight north of 54.3N,North Sea,54.471953,7.739172,6.15,2015-04-08,,MaStR,OWP Nordsee Ost 1,0,34.5,mastr_offshore_units.csv.xz
DE-SEE927747322687,Germany,Riffgat,German Bight south of 54.3N,North Sea,53.687772,6.481626,3.78,2014-02-18,,MaStR,RIFFGAT,0,17.4,mastr_offshore_units.csv.xz
DE-SEE927771481527,Germany,Global Tech I,German Bight north of 54.3N,North Sea,54.522543,6.362389,5.0,2015-06-29,,MaStR,Global Tech I,0,102.0,mastr_offshore_units.csv.xz
DE-SEE927793021633,Germany,Global Tech I,German Bight north of 54.3N,North Sea,54.528632,6.394803,5.0,2015-04-14,,MaStR,Global Tech I,0,101.9,mastr_offshore_units.csv.xz
DE-SEE927854858703,Germany,Butendiek,German Bight north of 54.3N,North Sea,54.983621,7.778695,3.6,2015-04-25,,MaStR,Butendiek,0,35.4,mastr_offshore_units.csv.xz
DE-SEE927875055501,Germany,Baltic Eagle,Other German Baltic farms,Skagerrak-Kattegat-Baltic,54.828134,13.821936,9.525,2024-07-13,,MaStR,Baltic Eagle,0,81.8,mastr_offshore_units.csv.xz
DE-SEE927897030319,Germany,Gode Wind 01,German Bight south of 54.3N,North Sea,53.993828,6.941861,6.264,2016-08-01,,MaStR,Gode Wind 1,0,34.2,mastr_offshore_units.csv.xz
DE-SEE927914269289,Germany,Butendiek,German Bight north of 54.3N,North Sea,54.982498,7.767868,3.6,2015-04-15,,MaStR,Butendiek,0,36.1,mastr_offshore_units.csv.xz
DE-SEE927937326730,Germany,Trianel Windpark Borkum Phase 2,German Bight south of 54.3N,North Sea,54.001328,6.420597,6.33,2020-01-23,,MaStR,"Trianel Windpark Borkum, Bauphase 2",0,48.5,mastr_offshore_units.csv.xz
DE-SEE927955747111,Germany,EnBW Hohe See,German Bight north of 54.3N,North Sea,54.459939,6.259973,7.35,2019-08-01,,MaStR,Windpark Hohe See,0,98.4,mastr_offshore_units.csv.xz
DE-SEE927962800113,Germany,EnBW Windpark Baltic 2,Kriegers Flak and Baltic 1/2,Skagerrak-Kattegat-Baltic,54.964647,13.101726,3.78,2015-06-09,,MaStR,Baltic 2,0,40.6,mastr_offshore_units.csv.xz
DE-SEE927999985548,Germany,Merkur Offshore (MEG Offshore I),German Bight south of 54.3N,North Sea,54.07099,6.56518,6.15,2019-04-27,,MaStR,Merkur Offshore,0,50.9,mastr_offshore_units.csv.xz
DE-SEE928025167310,Germany,EnBW Windpark Baltic 1,Kriegers Flak and Baltic 1/2,Skagerrak-Kattegat-Baltic,54.62175,12.6795,2.3,2011-04-10,,MaStR,Baltic 1,0,20.9,mastr_offshore_units.csv.xz
DE-SEE928087216872,Germany,Borkum Riffgrund 2,German Bight south of 54.3N,North Sea,53.940072,6.457087,8.3,2018-09-30,,MaStR,Borkum Riffgrund 2,0,41.3,mastr_offshore_units.csv.xz
DE-SEE928245797205,Germany,EnBW Hohe See,German Bight north of 54.3N,North Sea,54.432017,6.340103,7.35,2019-08-15,,MaStR,Windpark Hohe See,0,93.3,mastr_offshore_units.csv.xz
DE-SEE928349509537,Germany,Sandbank,German Bight north of 54.3N,North Sea,55.227083,6.820353,4.2,2016-11-22,,MaStR,OWP Sandbank,0,89.7,mastr_offshore_units.csv.xz
DE-SEE928425215734,Germany,Arkona-Becken Südost,Other German Baltic farms,Skagerrak-Kattegat-Baltic,54.755229,14.152782,6.3,2018-10-09,,MaStR,Arkona Becken Süd-Ost,0,93.7,mastr_offshore_units.csv.xz
DE-SEE928473775273,Germany,Borkum Riffgrund 3,German Bight south of 54.3N,North Sea,54.02108,6.27677,11.55,2026-04-14,,MaStR,Borkum Riffgrund 3,1,54.8,mastr_offshore_units.csv.xz
DE-SEE928492669881,Germany,Borkum Riffgrund 3,German Bight south of 54.3N,North Sea,54.05581,6.17457,11.55,2026-04-10,,MaStR,Borkum Riffgrund 3,0,61.6,mastr_offshore_units.csv.xz
DE-SEE928508522117,Germany,Arkona-Becken Südost,Other German Baltic farms,Skagerrak-Kattegat-Baltic,54.765622,14.109823,6.3,2018-10-09,,MaStR,Arkona Becken Süd-Ost,0,92.0,mastr_offshore_units.csv.xz
DE-SEE928509219511,Germany,Trianel Windpark Borkum Phase 1,German Bight south of 54.3N,North Sea,54.007953,6.461545,5.0,2015-05-04,,MaStR,Trianel Windpark Borkum,0,48.3,mastr_offshore_units.csv.xz
DE-SEE928515899813,Germany,ARCADIS Ost 1,Other German Baltic farms,Skagerrak-Kattegat-Baltic,54.790635,13.731869,9.525,2023-11-13,,MaStR,Arcadis Ost I,0,74.8,mastr_offshore_units.csv.xz
DE-SEE928524385260,Germany,Nordsee One,German Bight south of 54.3N,North Sea,53.978336,6.830285,6.15,2017-06-10,,MaStR,Nordsee One,0,34.9,mastr_offshore_units.csv.xz
DE-SEE928577280642,Germany,Arkona-Becken Südost,Other German Baltic farms,Skagerrak-Kattegat-Baltic,54.78291,14.071713,6.3,2018-10-12,,MaStR,Arkona Becken Süd-Ost,0,91.0,mastr_offshore_units.csv.xz
DE-SEE928588784511,Germany,Amrumbank West,German Bight north of 54.3N,North Sea,54.5118,7.71629,3.78,2015-07-19,,MaStR,Amrumbank-West,0,39.2,mastr_offshore_units.csv.xz
DE-SEE928636038078,Germany,Nordsee Ost,German Bight north of 54.3N,North Sea,54.434053,7.724924,6.15,2015-04-05,,MaStR,OWP Nordsee Ost 2,0,30.8,mastr_offshore_units.csv.xz
DE-SEE928640874341,Germany,Global Tech I,German Bight north of 54.3N,North Sea,54.510331,6.346711,5.0,2014-10-14,,MaStR,Global Tech I,0,101.1,mastr_offshore_units.csv.xz
DE-SEE928653214462,Germany,Baltic Eagle,Other German Baltic farms,Skagerrak-Kattegat-Baltic,54.845157,13.880742,9.525,2024-09-20,,MaStR,Baltic Eagle,0,85.9,mastr_offshore_units.csv.xz
DE-SEE928766092780,Germany,Sandbank,German Bight north of 54.3N,North Sea,55.213213,6.858085,4.2,2016-11-02,,MaStR,OWP Sandbank,2,88.2,mastr_offshore_units.csv.xz
DE-SEE929128950137,Germany,Bard Offshore 1,German Bight north of 54.3N,North Sea,54.303528,5.952605,5.5,2012-04-21,,MaStR,Bard Offshore 1 - C9 - 51573657597,0,92.6,mastr_offshore_units.csv.xz
DE-SEE929173031799,Germany,DanTysk,German Bight north of 54.3N,North Sea,55.127853,7.169419,3.78,2014-12-05,,MaStR,OWP DanTysk,0,71.6,mastr_offshore_units.csv.xz
DE-SEE929187182098,Germany,Borkum Riffgrund 3,German Bight south of 54.3N,North Sea,54.04765,6.12568,11.55,2025-12-03,,MaStR,Borkum Riffgrund 3,0,62.8,mastr_offshore_units.csv.xz
DE-SEE929288037532,Germany,EnBW Hohe See,German Bight north of 54.3N,North Sea,54.425702,6.369433,7.35,2019-07-15,,MaStR,Windpark Hohe See,0,91.9,mastr_offshore_units.csv.xz
DE-SEE929380163399,Germany,Wikinger,Other German Baltic farms,Skagerrak-Kattegat-Baltic,54.859501,14.101326,5.23,2017-11-18,,MaStR,WIKINGER,0,97.6,mastr_offshore_units.csv.xz
DE-SEE929380859681,Germany,Bard Offshore 1,German Bight north of 54.3N,North Sea,54.339918,6.004711,5.5,2011-04-18,,MaStR,Bard Offshore 1 - C11 - 51573657620,0,94.4,mastr_offshore_units.csv.xz
DE-SEE929403151624,Germany,Sandbank,German Bight north of 54.3N,North Sea,55.200572,6.830072,4.2,2016-12-10,,MaStR,OWP Sandbank,2,90.4,mastr_offshore_units.csv.xz
DE-SEE929542066056,Germany,Borkum Riffgrund 3,German Bight south of 54.3N,North Sea,54.02816,6.25739,11.55,2026-05-05,,MaStR,Borkum Riffgrund 3,0,56.1,mastr_offshore_units.csv.xz
DE-SEE929594113609,Germany,EnBW He Dreiht,German Bight north of 54.3N,North Sea,54.338435,6.193439,15.0,2026-06-23,,MaStR,EnBW He Dreiht,11399,88.9,mastr_offshore_units.csv.xz
DE-SEE929625468838,Germany,Wikinger,Other German Baltic farms,Skagerrak-Kattegat-Baltic,54.807625,14.042563,5.23,2017-12-12,,MaStR,WIKINGER,0,91.1,mastr_offshore_units.csv.xz
DE-SEE929665304516,Germany,Gode Wind 02,German Bight south of 54.3N,North Sea,54.038887,7.041072,15.0,2026-08-12,,MaStR,NC 1,1868,37.1,mastr_offshore_units.csv.xz
DE-SEE929707702508,Germany,Kaskasi II,German Bight north of 54.3N,North Sea,54.494673,7.715249,9.0,2022-08-08,,MaStR,OWP Kaskasi,0,37.4,mastr_offshore_units.csv.xz
DE-SEE929751352261,Germany,Trianel Windpark Borkum Phase 2,German Bight south of 54.3N,North Sea,54.044921,6.473281,5.0,2015-04-05,,MaStR,Trianel Windpark Borkum,0,51.7,mastr_offshore_units.csv.xz
DE-SEE929755322970,Germany,Arkona-Becken Südost,Other German Baltic farms,Skagerrak-Kattegat-Baltic,54.791009,14.072885,6.3,2018-10-12,,MaStR,Arkona Becken Süd-Ost,0,91.6,mastr_offshore_units.csv.xz
DE-SEE929837771061,Germany,DanTysk,German Bight north of 54.3N,North Sea,55.109911,7.217119,3.78,2014-12-05,,MaStR,OWP DanTysk,0,69.5,mastr_offshore_units.csv.xz
DE-SEE929888739249,Germany,Gode Wind 01,German Bight south of 54.3N,North Sea,53.995317,7.045361,6.264,2016-07-18,,MaStR,Gode Wind 1,0,32.3,mastr_offshore_units.csv.xz
DE-SEE929936670364,Germany,Gode Wind 01,German Bight south of 54.3N,North Sea,53.992451,6.988175,6.264,2016-08-01,,MaStR,Gode Wind 1,0,33.0,mastr_offshore_units.csv.xz
DE-SEE929977699614,Germany,Global Tech I,German Bight north of 54.3N,North Sea,54.485867,6.394733,5.0,2015-02-07,,MaStR,Global Tech I,0,97.4,mastr_offshore_units.csv.xz
DE-SEE930086471695,Germany,NC 1,German Bight south of 54.3N,North Sea,54.048108,7.070119,15.0,2026-09-07,,MaStR,NC 1,2240,37.8,mastr_offshore_units.csv.xz
DE-SEE930115174122,Germany,ARCADIS Ost 1,Other German Baltic farms,Skagerrak-Kattegat-Baltic,54.830236,13.663315,9.525,2023-01-20,,MaStR,Arcadis Ost I,0,75.1,mastr_offshore_units.csv.xz
DE-SEE930214455054,Germany,Bard Offshore 1,German Bight north of 54.3N,North Sea,54.322593,5.99498,5.5,2011-06-25,,MaStR,Bard Offshore 1 - C10 - 51573657604,0,93.0,mastr_offshore_units.csv.xz
DE-SEE930218437995,Germany,Arkona-Becken Südost,Other German Baltic farms,Skagerrak-Kattegat-Baltic,54.768943,14.123509,6.3,2018-09-16,,MaStR,Arkona Becken Süd-Ost,0,92.9,mastr_offshore_units.csv.xz
DE-SEE930230814248,Germany,Bard Offshore 1,German Bight north of 54.3N,North Sea,54.356359,5.939508,5.5,2013-08-30,,MaStR,Bard Offshore 1 - C6 - 51573657563,1,98.1,mastr_offshore_units.csv.xz
DE-SEE930396322571,Germany,DanTysk,German Bight north of 54.3N,North Sea,55.179908,7.219522,3.78,2015-03-14,,MaStR,OWP DanTysk,0,66.8,mastr_offshore_units.csv.xz
DE-SEE930548282258,Germany,Veja Mate,German Bight south of 54.3N,North Sea,54.274923,5.839355,6.3,2017-04-07,,MaStR,OWP Veja Mate,0,94.2,mastr_offshore_units.csv.xz
DE-SEE930565307477,Germany,Gode Wind 02,German Bight south of 54.3N,North Sea,54.056319,7.028553,6.264,2016-05-12,,MaStR,Gode Wind 2,0,39.1,mastr_offshore_units.csv.xz
DE-SEE930584638842,Germany,Borkum Riffgrund 2,German Bight south of 54.3N,North Sea,53.926142,6.514264,8.3,2018-09-05,,MaStR,Borkum Riffgrund 2,0,38.5,mastr_offshore_units.csv.xz
DE-SEE930586529476,Germany,Meerwind Sued/Ost,German Bight north of 54.3N,North Sea,54.377172,7.660815,3.78,2014-09-04,,MaStR,Meerwind Süd|Ost,0,27.1,mastr_offshore_units.csv.xz
DE-SEE930623307173,Germany,EnBW Windpark Baltic 2,Kriegers Flak and Baltic 1/2,Skagerrak-Kattegat-Baltic,54.990405,13.180887,3.78,2015-05-29,,MaStR,Baltic 2,0,45.6,mastr_offshore_units.csv.xz
DE-SEE930629808384,Germany,Nordsee One,German Bight south of 54.3N,North Sea,53.98223,6.747666,6.15,2017-09-19,,MaStR,Nordsee One,0,36.9,mastr_offshore_units.csv.xz
DE-SEE930655599751,Germany,Borkum Riffgrund 2,German Bight south of 54.3N,North Sea,53.947048,6.51419,8.3,2018-08-25,,MaStR,Borkum Riffgrund 2,0,40.7,mastr_offshore_units.csv.xz
DE-SEE930675088297,Germany,Baltic Eagle,Other German Baltic farms,Skagerrak-Kattegat-Baltic,54.803655,13.848486,9.525,2024-07-02,,MaStR,Baltic Eagle,0,81.2,mastr_offshore_units.csv.xz
DE-SEE930677040712,Germany,Deutsche Bucht,German Bight north of 54.3N,North Sea,54.321331,5.798558,8.4,2019-09-02,,MaStR,Deutsche Bucht,0,99.9,mastr_offshore_units.csv.xz
DE-SEE930689471047,Germany,EnBW Windpark Baltic 2,Kriegers Flak and Baltic 1/2,Skagerrak-Kattegat-Baltic,54.978853,13.118792,3.78,2015-06-17,,MaStR,Baltic 2,0,41.6,mastr_offshore_units.csv.xz
DE-SEE930697001700,Germany,Trianel Windpark Borkum Phase 2,German Bight south of 54.3N,North Sea,54.045104,6.4332,6.33,2020-04-19,,MaStR,"Trianel Windpark Borkum, Bauphase 2",0,52.8,mastr_offshore_units.csv.xz
DE-SEE930700758454,Germany,EnBW He Dreiht,German Bight north of 54.3N,North Sea,54.33494,6.224602,15.0,2025-12-24,,MaStR,EnBW He Dreiht,11028,87.5,mastr_offshore_units.csv.xz
DE-SEE930745879947,Germany,Gode Wind 01,German Bight south of 54.3N,North Sea,53.99529,6.95592,6.264,2016-07-30,,MaStR,Gode Wind 1,0,34.0,mastr_offshore_units.csv.xz
DE-SEE930828552057,Germany,Amrumbank West,German Bight north of 54.3N,North Sea,54.506383,7.691478,3.78,2015-08-29,,MaStR,Amrumbank-West,1,39.1,mastr_offshore_units.csv.xz
DE-SEE930848100788,Germany,Wikinger,Other German Baltic farms,Skagerrak-Kattegat-Baltic,54.841372,14.057141,5.23,2017-11-26,,MaStR,WIKINGER,0,94.1,mastr_offshore_units.csv.xz
DE-SEE930888384841,Germany,EnBW Windpark Baltic 2,Kriegers Flak and Baltic 1/2,Skagerrak-Kattegat-Baltic,54.984763,13.183523,3.78,2015-06-02,,MaStR,Baltic 2,0,45.8,mastr_offshore_units.csv.xz
DE-SEE930925861397,Germany,Borkum Riffgrund 3,German Bight south of 54.3N,North Sea,54.02816,6.11583,11.55,2025-12-04,,MaStR,Borkum Riffgrund 3,0,61.5,mastr_offshore_units.csv.xz
DE-SEE930973618066,Germany,Veja Mate,German Bight north of 54.3N,North Sea,54.326043,5.891105,6.3,2017-01-18,,MaStR,OWP Veja Mate,0,96.9,mastr_offshore_units.csv.xz
DE-SEE930985183002,Germany,Borkum Riffgrund 1,German Bight south of 54.3N,North Sea,53.953918,6.525606,4.2,2015-05-13,,MaStR,Borkum Riffgrund 1,0,41.2,mastr_offshore_units.csv.xz
DE-SEE931035064647,Germany,Deutsche Bucht,German Bight north of 54.3N,North Sea,54.303069,5.806019,8.4,2019-07-31,,MaStR,Deutsche Bucht,0,98.0,mastr_offshore_units.csv.xz
DE-SEE931118290727,Germany,Sandbank,German Bight north of 54.3N,North Sea,55.209322,6.826664,4.2,2017-01-10,,MaStR,OWP Sandbank,9,90.1,mastr_offshore_units.csv.xz
DE-SEE931156044351,Germany,DanTysk,German Bight north of 54.3N,North Sea,55.159636,7.168325,3.78,2014-12-03,,MaStR,OWP DanTysk,0,70.6,mastr_offshore_units.csv.xz
DE-SEE931219348518,Germany,Butendiek,German Bight north of 54.3N,North Sea,55.036406,7.748944,3.6,2015-07-07,,MaStR,Butendiek,0,39.2,mastr_offshore_units.csv.xz
DE-SEE931225837693,Germany,Global Tech I,German Bight north of 54.3N,North Sea,54.540856,6.387916,5.0,2015-07-07,,MaStR,Global Tech I,0,103.3,mastr_offshore_units.csv.xz
DE-SEE931355812065,Germany,Butendiek,German Bight north of 54.3N,North Sea,55.000734,7.772564,3.6,2015-04-07,,MaStR,Butendiek,0,36.4,mastr_offshore_units.csv.xz
DE-SEE931401241887,Germany,Merkur Offshore (MEG Offshore I),German Bight south of 54.3N,North Sea,54.0737,6.5404,6.15,2019-03-05,,MaStR,Merkur Offshore,0,52.0,mastr_offshore_units.csv.xz
DE-SEE931502812191,Germany,Borkum Riffgrund 3,German Bight south of 54.3N,North Sea,54.01978,6.21474,11.55,2026-03-07,,MaStR,Borkum Riffgrund 3,0,56.8,mastr_offshore_units.csv.xz
DE-SEE931508663254,Germany,Albatros,German Bight north of 54.3N,North Sea,54.482685,6.233528,7.35,2020-01-07,,MaStR,Windpark Albatros,0,101.5,mastr_offshore_units.csv.xz
DE-SEE931635093115,Germany,Wikinger,Other German Baltic farms,Skagerrak-Kattegat-Baltic,54.8394,14.082109,5.23,2017-12-03,,MaStR,WIKINGER,0,95.3,mastr_offshore_units.csv.xz
DE-SEE931659111376,Germany,Meerwind Sued/Ost,German Bight north of 54.3N,North Sea,54.378823,7.641232,3.78,2014-10-13,,MaStR,Meerwind Süd|Ost,0,27.9,mastr_offshore_units.csv.xz
DE-SEE931696628301,Germany,Trianel Windpark Borkum Phase 2,German Bight south of 54.3N,North Sea,54.088592,6.497876,6.33,2019-12-29,,MaStR,"Trianel Windpark Borkum, Bauphase 2",0,54.8,mastr_offshore_units.csv.xz
DE-SEE931776504228,Germany,Nordsee Ost,German Bight north of 54.3N,North Sea,54.43929,7.710859,6.15,2015-04-24,,MaStR,OWP Nordsee Ost 2,0,31.7,mastr_offshore_units.csv.xz
DE-SEE931786068345,Germany,DanTysk,German Bight north of 54.3N,North Sea,55.078858,7.188375,3.78,2014-12-05,,MaStR,OWP DanTysk,0,72.6,mastr_offshore_units.csv.xz
DE-SEE931790610318,Germany,Wikinger,Other German Baltic farms,Skagerrak-Kattegat-Baltic,54.815059,14.094227,5.23,2017-12-08,,MaStR,WIKINGER,0,94.3,mastr_offshore_units.csv.xz
DE-SEE931803672753,Germany,Arkona-Becken Südost,Other German Baltic farms,Skagerrak-Kattegat-Baltic,54.765873,14.141101,6.3,2018-10-10,,MaStR,Arkona Becken Süd-Ost,0,93.7,mastr_offshore_units.csv.xz
DE-SEE931893245073,Germany,Amrumbank West,German Bight north of 54.3N,North Sea,54.538833,7.741088,3.78,2015-05-24,,MaStR,Amrumbank West,0,41.4,mastr_offshore_units.csv.xz
DE-SEE931927822133,Germany,Borkum Riffgrund 2,German Bight south of 54.3N,North Sea,53.953405,6.508473,8.3,2018-08-25,,MaStR,Borkum Riffgrund 2,0,41.5,mastr_offshore_units.csv.xz
DE-SEE932043859904,Germany,Baltic Eagle,Other German Baltic farms,Skagerrak-Kattegat-Baltic,54.848858,13.818998,9.525,2024-08-23,,MaStR,Baltic Eagle,0,83.3,mastr_offshore_units.csv.xz
DE-SEE932089788985,Germany,Nordsee One,German Bight south of 54.3N,North Sea,53.987326,6.845514,6.15,2017-09-04,,MaStR,Nordsee One,0,35.7,mastr_offshore_units.csv.xz
DE-SEE932174909042,Germany,Amrumbank West,German Bight north of 54.3N,North Sea,54.52802,7.77832,3.78,2015-07-03,,MaStR,Amrumbank-West,0,39.6,mastr_offshore_units.csv.xz
DE-SEE932274009000,Germany,Butendiek,German Bight north of 54.3N,North Sea,54.995637,7.777978,3.6,2015-04-07,,MaStR,Butendiek,0,35.9,mastr_offshore_units.csv.xz
DE-SEE932291773953,Germany,Arkona-Becken Südost,Other German Baltic farms,Skagerrak-Kattegat-Baltic,54.790545,14.136233,6.3,2018-09-28,,MaStR,Arkona Becken Süd-Ost,0,94.9,mastr_offshore_units.csv.xz
DE-SEE932329009511,Germany,EnBW He Dreiht,German Bight north of 54.3N,North Sea,54.338498,6.134196,15.0,2025-12-19,,MaStR,EnBW He Dreiht,7545,90.4,mastr_offshore_units.csv.xz
DE-SEE932379403826,Germany,Gode Wind 01,German Bight south of 54.3N,North Sea,54.019919,7.029229,6.264,2016-07-19,,MaStR,Gode Wind 1,0,35.2,mastr_offshore_units.csv.xz
DE-SEE932422349088,Germany,Sandbank,German Bight north of 54.3N,North Sea,55.133961,6.887268,4.2,2017-01-25,,MaStR,OWP Sandbank,0,88.6,mastr_offshore_units.csv.xz
DE-SEE932510028031,Germany,Trianel Windpark Borkum Phase 1,German Bight south of 54.3N,North Sea,54.06115,6.458429,5.0,2015-02-03,,MaStR,Trianel Windpark Borkum,0,53.8,mastr_offshore_units.csv.xz
DE-SEE932541037392,Germany,Deutsche Bucht,German Bight south of 54.3N,North Sea,54.293356,5.767513,8.4,2019-08-09,,MaStR,Deutsche Bucht,0,98.7,mastr_offshore_units.csv.xz
DE-SEE932544718502,Germany,EnBW He Dreiht,German Bight north of 54.3N,North Sea,54.368217,6.148756,15.0,2026-06-07,,MaStR,EnBW He Dreiht,8486,93.0,mastr_offshore_units.csv.xz
DE-SEE932562144536,Germany,Amrumbank West,German Bight north of 54.3N,North Sea,54.533427,7.666667,3.78,2015-08-31,,MaStR,Amrumbank West,0,42.5,mastr_offshore_units.csv.xz
DE-SEE932595754634,Germany,Borkum Riffgrund 2,German Bight south of 54.3N,North Sea,53.991047,6.473698,8.3,2018-08-17,,MaStR,Borkum Riffgrund 2,0,46.2,mastr_offshore_units.csv.xz
DE-SEE932724739174,Germany,Gode Wind 01,German Bight south of 54.3N,North Sea,54.031848,6.97407,6.264,2016-08-05,,MaStR,Gode Wind 1,0,37.4,mastr_offshore_units.csv.xz
DE-SEE932816080535,Germany,Nordsee One,German Bight south of 54.3N,North Sea,53.994674,6.869546,6.15,2017-04-06,,MaStR,Nordsee One,0,36.3,mastr_offshore_units.csv.xz
DE-SEE932838314311,Germany,Amrumbank West,German Bight north of 54.3N,North Sea,54.5118,7.641017,3.78,2015-09-10,,MaStR,Amrumbank-West,0,40.9,mastr_offshore_units.csv.xz
DE-SEE932901084530,Germany,Nordsee Ost,German Bight north of 54.3N,North Sea,54.470988,7.654647,6.15,2015-02-11,,MaStR,OWP Nordsee Ost 2,0,36.4,mastr_offshore_units.csv.xz
DE-SEE932938115078,Germany,Nordergründe,German Bight south of 54.3N,North Sea,53.826567,8.165008,6.15,2017-11-15,,MaStR,OWP Nordergründe,0,17.4,mastr_offshore_units.csv.xz
DE-SEE932952145167,Germany,Arkona-Becken Südost,Other German Baltic farms,Skagerrak-Kattegat-Baltic,54.792056,14.104674,6.3,2018-10-08,,MaStR,Arkona Becken Süd-Ost,0,93.3,mastr_offshore_units.csv.xz
DE-SEE932992334651,Germany,Trianel Windpark Borkum Phase 1,German Bight south of 54.3N,North Sea,54.088094,6.456799,5.0,2015-02-16,,MaStR,Trianel Windpark Borkum,1,56.3,mastr_offshore_units.csv.xz
DE-SEE933090778828,Germany,Wikinger,Other German Baltic farms,Skagerrak-Kattegat-Baltic,54.825641,14.039574,5.23,2017-10-24,,MaStR,WIKINGER,0,92.2,mastr_offshore_units.csv.xz
DE-SEE933150931781,Germany,Trianel Windpark Borkum Phase 1,German Bight south of 54.3N,North Sea,54.017985,6.474786,5.0,2015-07-16,,MaStR,Trianel Windpark Borkum,0,49.0,mastr_offshore_units.csv.xz
DE-SEE933166311638,Germany,Nordsee One,German Bight south of 54.3N,North Sea,53.974219,6.792313,6.15,2017-07-10,,MaStR,Nordsee One,0,35.1,mastr_offshore_units.csv.xz
DE-SEE933331100982,Germany,DanTysk,German Bight north of 54.3N,North Sea,55.205461,7.212992,3.78,2015-03-13,,MaStR,OWP DanTysk,0,66.4,mastr_offshore_units.csv.xz
DE-SEE933364348542,Germany,Amrumbank West,German Bight north of 54.3N,North Sea,54.506383,7.641017,3.78,2015-10-04,,MaStR,Amrumbank-West,0,40.3,mastr_offshore_units.csv.xz
DE-SEE933367221002,Germany,Sandbank,German Bight north of 54.3N,North Sea,55.290516,6.812941,4.2,2016-10-17,,MaStR,OWP Sandbank,0,87.4,mastr_offshore_units.csv.xz
DE-SEE933424425633,Germany,Sandbank,German Bight north of 54.3N,North Sea,55.123269,6.875217,4.2,2016-09-27,,MaStR,OWP Sandbank,0,89.6,mastr_offshore_units.csv.xz
DE-SEE933479431993,Germany,Sandbank,German Bight north of 54.3N,North Sea,55.281775,6.816351,4.2,2016-10-10,,MaStR,OWP Sandbank,0,87.6,mastr_offshore_units.csv.xz
DE-SEE933570278664,Germany,Borkum Riffgrund 3,German Bight south of 54.3N,North Sea,54.0657,6.23745,11.55,2025-12-09,,MaStR,Borkum Riffgrund 3,0,60.3,mastr_offshore_units.csv.xz
DE-SEE933702471444,Germany,Nordergründe,German Bight south of 54.3N,North Sea,53.841404,8.150548,6.15,2017-11-15,,MaStR,OWP Nordergründe,5,17.0,mastr_offshore_units.csv.xz
DE-SEE933752117262,Germany,Borkum Riffgrund 2,German Bight south of 54.3N,North Sea,53.991048,6.441473,8.3,2018-08-20,,MaStR,Borkum Riffgrund 2,0,47.0,mastr_offshore_units.csv.xz
DE-SEE933776083611,Germany,Borkum Riffgrund 3,German Bight south of 54.3N,North Sea,54.07637,6.23116,11.55,2026-04-09,,MaStR,Borkum Riffgrund 3,0,61.6,mastr_offshore_units.csv.xz
DE-SEE933807531005,Germany,Veja Mate,German Bight south of 54.3N,North Sea,54.287595,5.89121,6.3,2017-04-30,,MaStR,OWP Veja Mate,0,93.4,mastr_offshore_units.csv.xz
DE-SEE933872908023,Germany,Borkum Riffgrund 1,German Bight south of 54.3N,North Sea,53.974112,6.514145,4.2,2015-05-04,,MaStR,Borkum Riffgrund 1,0,43.6,mastr_offshore_units.csv.xz
DE-SEE934021146235,Germany,DanTysk,German Bight north of 54.3N,North Sea,55.160894,7.183275,3.78,2015-03-09,,MaStR,OWP DanTysk,0,69.6,mastr_offshore_units.csv.xz
DE-SEE934057316022,Germany,Deutsche Bucht,German Bight north of 54.3N,North Sea,54.331033,5.804635,8.4,2019-09-16,,MaStR,Deutsche Bucht,0,100.6,mastr_offshore_units.csv.xz
DE-SEE934058709670,Germany,Meerwind Sued/Ost,German Bight north of 54.3N,North Sea,54.372214,7.660775,3.78,2014-10-12,,MaStR,Meerwind Süd|Ost,0,26.6,mastr_offshore_units.csv.xz
DE-SEE934078719215,Germany,Veja Mate,German Bight north of 54.3N,North Sea,54.36221,5.909538,6.3,2017-02-03,,MaStR,OWP Veja Mate,0,99.6,mastr_offshore_units.csv.xz
DE-SEE934107523776,Germany,Alpha Ventus,German Bight south of 54.3N,North Sea,54.000338,6.607492,5.0,2009-08-18,,MaStR,alpha ventus,0,42.7,mastr_offshore_units.csv.xz
DE-SEE934135287411,Germany,Borkum Riffgrund 3,German Bight south of 54.3N,North Sea,54.02949,6.20597,11.55,2026-05-17,,MaStR,Borkum Riffgrund 3,0,58.0,mastr_offshore_units.csv.xz
DE-SEE934203101595,Germany,DanTysk,German Bight north of 54.3N,North Sea,55.191414,7.176497,3.78,2015-02-05,,MaStR,OWP DanTysk,0,69.1,mastr_offshore_units.csv.xz
DE-SEE934223498361,Germany,Butendiek,German Bight north of 54.3N,North Sea,55.047086,7.799471,3.6,2015-04-28,,MaStR,Butendiek,0,36.7,mastr_offshore_units.csv.xz
DE-SEE934227971570,Germany,Amrumbank West,German Bight north of 54.3N,North Sea,54.517171,7.71629,3.78,2015-09-26,,MaStR,Amrumbank-West,0,39.8,mastr_offshore_units.csv.xz
DE-SEE934273260024,Germany,Veja Mate,German Bight north of 54.3N,North Sea,54.347675,5.90964,6.3,2017-02-02,,MaStR,OWP Veja Mate,0,98.3,mastr_offshore_units.csv.xz
DE-SEE934278234518,Germany,EnBW Windpark Baltic 1,Kriegers Flak and Baltic 1/2,Skagerrak-Kattegat-Baltic,54.605806,12.642389,2.3,2011-04-04,,MaStR,Baltic 1,0,18.4,mastr_offshore_units.csv.xz
DE-SEE934314616605,Germany,Wikinger,Other German Baltic farms,Skagerrak-Kattegat-Baltic,54.869582,14.089899,5.23,2017-12-02,,MaStR,WIKINGER,1,97.8,mastr_offshore_units.csv.xz
DE-SEE934361982159,Germany,ARCADIS Ost 1,Other German Baltic farms,Skagerrak-Kattegat-Baltic,54.829979,13.573086,9.525,2023-03-18,,MaStR,Arcadis Ost I,0,71.5,mastr_offshore_units.csv.xz
DE-SEE934386159987,Germany,EnBW Baltic I,Other German Baltic farms,Skagerrak-Kattegat-Baltic,54.630667,12.691889,2.3,2011-04-13,,MaStR,Baltic 1,0,22.1,mastr_offshore_units.csv.xz
DE-SEE934394514839,Germany,Wikinger,Other German Baltic farms,Skagerrak-Kattegat-Baltic,54.812568,14.026836,5.23,2017-12-03,,MaStR,WIKINGER,1,90.6,mastr_offshore_units.csv.xz
DE-SEE934543166827,Germany,Butendiek,German Bight north of 54.3N,North Sea,54.972827,7.789362,3.6,2015-05-25,,MaStR,Butendiek,0,34.5,mastr_offshore_units.csv.xz
DE-SEE934554297022,Germany,OWP Windanker,Other German Baltic farms,Skagerrak-Kattegat-Baltic,54.911253,13.99125,15.0,2026-09-08,,MaStR,OWP Windanker,6706,96.1,mastr_offshore_units.csv.xz
DE-SEE934677635855,Germany,Global Tech I,German Bight north of 54.3N,North Sea,54.473692,6.357866,5.0,2015-07-18,,MaStR,Global Tech I,0,97.1,mastr_offshore_units.csv.xz
DE-SEE934697756301,Germany,ARCADIS Ost 1,Other German Baltic farms,Skagerrak-Kattegat-Baltic,54.809937,13.679713,9.525,2023-04-13,,MaStR,Arcadis Ost I,0,74.1,mastr_offshore_units.csv.xz
DE-SEE934776436049,Germany,Borkum Riffgrund 1,German Bight south of 54.3N,North Sea,53.980862,6.536996,4.2,2015-03-26,,MaStR,Borkum Riffgrund 1,0,43.5,mastr_offshore_units.csv.xz
DE-SEE934812516407,Germany,Gode Wind 01,German Bight south of 54.3N,North Sea,54.031148,7.028788,15.0,2026-09-15,,MaStR,NC 1,819,36.4,mastr_offshore_units.csv.xz
DE-SEE934849409062,Germany,Global Tech I,German Bight north of 54.3N,North Sea,54.4981,6.373024,5.0,2014-10-15,,MaStR,Global Tech I,0,99.2,mastr_offshore_units.csv.xz
DE-SEE934884763020,Germany,Meerwind Sued/Ost,German Bight north of 54.3N,North Sea,54.405671,7.764137,3.78,2015-01-19,,MaStR,Meerwind Süd|Ost,0,27.0,mastr_offshore_units.csv.xz
DE-SEE934900424751,Germany,Amrumbank West,German Bight north of 54.3N,North Sea,54.533427,7.703883,3.78,2015-08-22,,MaStR,Amrumbank West,0,41.7,mastr_offshore_units.csv.xz
DE-SEE934934220121,Germany,Meerwind Sued/Ost,German Bight north of 54.3N,North Sea,54.355993,7.641279,3.78,2014-11-23,,MaStR,Meerwind Süd|Ost,0,25.9,mastr_offshore_units.csv.xz
DE-SEE934958770077,Germany,Borkum Riffgrund 3,German Bight south of 54.3N,North Sea,54.03852,6.13932,11.55,2026-05-21,,MaStR,Borkum Riffgrund 3,0,61.4,mastr_offshore_units.csv.xz
DE-SEE935048658084,Germany,Global Tech I,German Bight north of 54.3N,North Sea,54.50413,6.359957,5.0,2015-05-30,,MaStR,Global Tech I,0,100.2,mastr_offshore_units.csv.xz
DE-SEE935070583972,Germany,DanTysk,German Bight north of 54.3N,North Sea,55.082619,7.206364,3.78,2014-12-05,,MaStR,OWP DanTysk,0,71.4,mastr_offshore_units.csv.xz
DE-SEE935182090702,Germany,Global Tech I,German Bight north of 54.3N,North Sea,54.510298,6.403529,5.0,2015-03-23,,MaStR,Global Tech I,0,99.8,mastr_offshore_units.csv.xz
DE-SEE935230004460,Germany,Gode Wind 01,German Bight south of 54.3N,North Sea,53.983606,6.964258,6.264,2016-07-29,,MaStR,Gode Wind 1,0,32.6,mastr_offshore_units.csv.xz
DE-SEE935269305057,Germany,Amrumbank West,German Bight north of 54.3N,North Sea,54.538833,7.765887,3.78,2015-07-07,,MaStR,Amrumbank West,0,39.9,mastr_offshore_units.csv.xz
DE-SEE935354796111,Germany,DanTysk,German Bight north of 54.3N,North Sea,55.100769,7.239783,3.78,2015-03-09,,MaStR,OWP DanTysk,5,68.6,mastr_offshore_units.csv.xz
DE-SEE935635691166,Germany,Veja Mate,German Bight south of 54.3N,North Sea,54.281406,5.873047,6.3,2017-04-10,,MaStR,OWP Veja Mate,0,93.5,mastr_offshore_units.csv.xz
DE-SEE935707541047,Germany,DanTysk,German Bight north of 54.3N,North Sea,55.109456,7.1929,3.78,2014-12-04,,MaStR,OWP DanTysk,0,71.0,mastr_offshore_units.csv.xz
DE-SEE935908636801,Germany,Amrumbank West,German Bight north of 54.3N,North Sea,54.506383,7.741088,3.78,2015-05-16,,MaStR,Amrumbank-West,0,38.2,mastr_offshore_units.csv.xz
DE-SEE935922395180,Germany,Arkona-Becken Südost,Other German Baltic farms,Skagerrak-Kattegat-Baltic,54.774599,14.113109,6.3,2018-09-16,,MaStR,Arkona Becken Süd-Ost,0,92.7,mastr_offshore_units.csv.xz
DE-SEE935940603205,Germany,Veja Mate,German Bight north of 54.3N,North Sea,54.302974,5.891168,6.3,2017-05-16,,MaStR,OWP Veja Mate,0,94.8,mastr_offshore_units.csv.xz
DE-SEE936042022574,Germany,Nordergründe,German Bight south of 54.3N,North Sea,53.846333,8.165116,6.15,2017-12-11,,MaStR,OWP Nordergründe,2,18.1,mastr_offshore_units.csv.xz
DE-SEE936114553166,Germany,Nordsee Ost,German Bight north of 54.3N,North Sea,54.454667,7.640501,6.15,2015-02-16,,MaStR,OWP Nordsee Ost 1,0,35.2,mastr_offshore_units.csv.xz
DE-SEE936388105023,Germany,Amrumbank West,German Bight north of 54.3N,North Sea,54.506383,7.679072,3.78,2015-09-13,,MaStR,Amrumbank-West,1,39.4,mastr_offshore_units.csv.xz
DE-SEE936401206737,Germany,OWP Windanker,Other German Baltic farms,Skagerrak-Kattegat-Baltic,54.893942,13.997215,15.0,2026-08-27,,MaStR,OWP Windanker,5028,95.0,mastr_offshore_units.csv.xz
DE-SEE936409606911,Germany,Nordsee Ost,German Bight north of 54.3N,North Sea,54.417415,7.682603,6.15,2015-06-13,,MaStR,OWP Nordsee Ost 1,1,30.2,mastr_offshore_units.csv.xz
DE-SEE936479813509,Germany,Borkum Riffgrund 3,German Bight south of 54.3N,North Sea,54.02839,6.24023,11.55,2026-03-07,,MaStR,Borkum Riffgrund 3,0,56.7,mastr_offshore_units.csv.xz
DE-SEE936618736799,Germany,Meerwind Sued/Ost,German Bight north of 54.3N,North Sea,54.413716,7.742752,3.78,2015-01-25,,MaStR,Meerwind Süd|Ost,0,28.3,mastr_offshore_units.csv.xz
DE-SEE936624311751,Germany,Gode Wind 02,German Bight south of 54.3N,North Sea,54.086075,6.952234,6.264,2016-07-17,,MaStR,Gode Wind 2,0,43.6,mastr_offshore_units.csv.xz
DE-SEE936645551709,Germany,Global Tech I,German Bight north of 54.3N,North Sea,54.528662,6.333635,5.0,2015-06-22,,MaStR,Global Tech I,0,103.3,mastr_offshore_units.csv.xz
DE-SEE936669765588,Germany,Borkum Riffgrund 3,German Bight south of 54.3N,North Sea,54.02871,6.16934,11.55,2026-05-15,,MaStR,Borkum Riffgrund 3,0,59.4,mastr_offshore_units.csv.xz
DE-SEE936732706074,Germany,DanTysk,German Bight north of 54.3N,North Sea,55.173603,7.202686,3.78,2015-02-05,,MaStR,OWP DanTysk,0,68.0,mastr_offshore_units.csv.xz
DE-SEE936759392847,Germany,Sandbank,German Bight north of 54.3N,North Sea,55.160472,6.878037,4.2,2017-01-20,,MaStR,OWP Sandbank,0,88.4,mastr_offshore_units.csv.xz
DE-SEE937067154479,Germany,EnBW Hohe See,German Bight north of 54.3N,North Sea,54.413407,6.365353,7.35,2019-08-23,,MaStR,Windpark Hohe See,0,90.8,mastr_offshore_units.csv.xz
DE-SEE937143404634,Germany,Trianel Windpark Borkum Phase 1,German Bight south of 54.3N,North Sea,54.035937,6.473791,5.0,2015-04-20,,MaStR,Trianel Windpark Borkum,0,50.9,mastr_offshore_units.csv.xz
DE-SEE937180972448,Germany,Albatros,German Bight north of 54.3N,North Sea,54.494371,6.297188,7.35,2020-01-08,,MaStR,Windpark Albatros,0,100.8,mastr_offshore_units.csv.xz
DE-SEE937203907907,Germany,Deutsche Bucht,German Bight north of 54.3N,North Sea,54.309674,5.755391,8.4,2019-08-05,,MaStR,Deutsche Bucht,0,100.6,mastr_offshore_units.csv.xz
DE-SEE937220787131,Germany,Wikinger,Other German Baltic farms,Skagerrak-Kattegat-Baltic,54.813213,14.040246,5.23,2017-11-17,,MaStR,WIKINGER,0,91.4,mastr_offshore_units.csv.xz
DE-SEE937305209343,Germany,Veja Mate,German Bight north of 54.3N,North Sea,54.362035,5.87676,6.3,2017-03-27,,MaStR,OWP Veja Mate,0,100.8,mastr_offshore_units.csv.xz
DE-SEE937356643394,Germany,EnBW Hohe See,German Bight north of 54.3N,North Sea,54.398758,6.35466,7.35,2019-10-01,,MaStR,Windpark Hohe See,0,89.6,mastr_offshore_units.csv.xz
DE-SEE937443831222,Germany,Bard Offshore 1,German Bight north of 54.3N,North Sea,54.414408,6.018198,5.5,2012-10-21,,MaStR,Bard Offshore 1 - C1 - 51573657505,0,101.3,mastr_offshore_units.csv.xz
DE-SEE937475840575,Germany,Meerwind Sued/Ost,German Bight north of 54.3N,North Sea,54.387817,7.641263,3.78,2014-09-23,,MaStR,Meerwind Süd|Ost,0,28.8,mastr_offshore_units.csv.xz
DE-SEE937488712289,Germany,Bard Offshore 1,German Bight north of 54.3N,North Sea,54.304933,5.97873,5.5,2011-07-16,,MaStR,Bard Offshore 1 - C10 - 51573657604,2,91.8,mastr_offshore_units.csv.xz
DE-SEE937637359662,Germany,Borkum Riffgrund 3,German Bight south of 54.3N,North Sea,54.06721,6.1231,11.55,2026-02-14,,MaStR,Borkum Riffgrund 3,2,64.6,mastr_offshore_units.csv.xz
DE-SEE937759148731,Germany,Albatros,German Bight north of 54.3N,North Sea,54.483719,6.220689,7.35,2020-01-07,,MaStR,Windpark Albatros,0,102.0,mastr_offshore_units.csv.xz
DE-SEE937817714946,Germany,Amrumbank West,German Bight north of 54.3N,North Sea,54.5118,7.703883,3.78,2015-07-24,,MaStR,Amrumbank-West,0,39.4,mastr_offshore_units.csv.xz
DE-SEE937878890320,Germany,Meerwind Sued/Ost,German Bight north of 54.3N,North Sea,54.35667,7.660458,3.78,2015-01-05,,MaStR,Meerwind Süd|Ost,0,25.2,mastr_offshore_units.csv.xz
DE-SEE937953033062,Germany,Amrumbank West,German Bight north of 54.3N,North Sea,54.533427,7.691478,3.78,2015-08-22,,MaStR,Amrumbank West,0,42.0,mastr_offshore_units.csv.xz
DE-SEE937978130821,Germany,Arkona-Becken Südost,Other German Baltic farms,Skagerrak-Kattegat-Baltic,54.804605,14.110767,6.3,2018-10-09,,MaStR,Arkona Becken Süd-Ost,0,94.5,mastr_offshore_units.csv.xz
DE-SEE937984583079,Germany,Gode Wind 02,German Bight south of 54.3N,North Sea,54.092337,7.026367,6.264,2016-05-07,,MaStR,Gode Wind 2,0,43.1,mastr_offshore_units.csv.xz
DE-SEE937997964162,Germany,DanTysk,German Bight north of 54.3N,North Sea,55.214042,7.214042,3.78,2015-03-22,,MaStR,OWP DanTysk,205,66.1,mastr_offshore_units.csv.xz
DE-SEE938032490738,Germany,Baltic Eagle,Other German Baltic farms,Skagerrak-Kattegat-Baltic,54.843753,13.85971,9.525,2024-09-12,,MaStR,Baltic Eagle,0,84.8,mastr_offshore_units.csv.xz
DE-SEE938038353839,Germany,Butendiek,German Bight north of 54.3N,North Sea,55.019996,7.781347,3.6,2015-07-19,,MaStR,Butendiek,0,36.5,mastr_offshore_units.csv.xz
DE-SEE938177833353,Germany,Amrumbank West,German Bight north of 54.3N,North Sea,54.517171,7.75348,3.78,2015-07-02,,MaStR,Amrumbank-West,0,39.1,mastr_offshore_units.csv.xz
DE-SEE938178012382,Germany,Baltic Eagle,Other German Baltic farms,Skagerrak-Kattegat-Baltic,54.859605,13.876647,9.525,2024-09-09,,MaStR,Baltic Eagle,1,86.8,mastr_offshore_units.csv.xz
DE-SEE938218550188,Germany,Global Tech I,German Bight north of 54.3N,North Sea,54.461633,6.376817,5.0,2015-07-21,,MaStR,Global Tech I,0,95.4,mastr_offshore_units.csv.xz
DE-SEE938233816207,Germany,Amrumbank West,German Bight north of 54.3N,North Sea,54.522649,7.653833,3.78,2015-07-16,,MaStR,Amrumbank-West,0,41.7,mastr_offshore_units.csv.xz
DE-SEE938265108875,Germany,Bard Offshore 1,German Bight north of 54.3N,North Sea,54.337926,6.018186,5.5,2010-12-15,,MaStR,Bard Offshore 1 - C12 - 51573657638,0,93.7,mastr_offshore_units.csv.xz
DE-SEE938373149654,Germany,Albatros,German Bight north of 54.3N,North Sea,54.493218,6.258425,7.35,2020-01-08,,MaStR,Windpark Albatros,0,101.8,mastr_offshore_units.csv.xz
DE-SEE938419714914,Germany,Nordsee Ost,German Bight north of 54.3N,North Sea,54.460214,7.654616,6.15,2014-11-21,,MaStR,OWP Nordsee Ost 2,0,35.3,mastr_offshore_units.csv.xz
DE-SEE938436194270,Germany,Arkona-Becken Südost,Other German Baltic farms,Skagerrak-Kattegat-Baltic,54.786165,14.146476,6.3,2018-10-08,,MaStR,Arkona Becken Süd-Ost,0,95.2,mastr_offshore_units.csv.xz
DE-SEE938506812240,Germany,EnBW Windpark Baltic 2,Kriegers Flak and Baltic 1/2,Skagerrak-Kattegat-Baltic,54.966789,13.147068,3.78,2015-06-08,,MaStR,Baltic 2,0,43.5,mastr_offshore_units.csv.xz
DE-SEE938745263216,Germany,Amrumbank West,German Bight north of 54.3N,North Sea,54.517171,7.741088,3.78,2015-04-12,,MaStR,Amrumbank-West,0,39.3,mastr_offshore_units.csv.xz
DE-SEE938766370603,Germany,OWP Windanker,Other German Baltic farms,Skagerrak-Kattegat-Baltic,54.889839,14.04223,15.0,2026-08-22,,MaStR,OWP Windanker,2813,96.9,mastr_offshore_units.csv.xz
DE-SEE938825827567,Germany,DanTysk,German Bight north of 54.3N,North Sea,55.119269,7.169986,3.78,2015-01-23,,MaStR,OWP DanTysk,0,71.9,mastr_offshore_units.csv.xz
DE-SEE938844957719,Germany,DanTysk,German Bight north of 54.3N,North Sea,55.066322,7.227639,3.78,2015-02-04,,MaStR,OWP DanTysk,0,70.9,mastr_offshore_units.csv.xz
DE-SEE939020285671,Germany,Merkur Offshore (MEG Offshore I),German Bight south of 54.3N,North Sea,54.0589,6.528,6.15,2019-02-23,,MaStR,Merkur Offshore,0,51.0,mastr_offshore_units.csv.xz
DE-SEE939034364805,Germany,Global Tech I,German Bight north of 54.3N,North Sea,54.491974,6.398222,5.0,2015-03-14,,MaStR,Global Tech I,0,98.0,mastr_offshore_units.csv.xz
DE-SEE939035514612,Germany,EnBW Hohe See,German Bight north of 54.3N,North Sea,54.424034,6.356049,7.35,2019-08-21,,MaStR,Windpark Hohe See,0,92.1,mastr_offshore_units.csv.xz
DE-SEE939069813873,Germany,Butendiek,German Bight north of 54.3N,North Sea,55.024532,7.759351,3.6,2015-07-01,,MaStR,Butendiek,0,38.0,mastr_offshore_units.csv.xz
DE-SEE939079912177,Germany,DanTysk,German Bight north of 54.3N,North Sea,55.083025,7.182108,3.78,2014-12-03,,MaStR,OWP DanTysk,0,72.8,mastr_offshore_units.csv.xz
DE-SEE939179621344,Germany,Gode Wind 01,German Bight south of 54.3N,North Sea,53.98548,6.977285,6.264,2016-08-12,,MaStR,Gode Wind 1,0,32.5,mastr_offshore_units.csv.xz
DE-SEE939413327476,Germany,Borkum Riffgrund 2,German Bight south of 54.3N,North Sea,53.967265,6.424153,8.3,2018-10-09,,MaStR,Borkum Riffgrund 2,0,45.0,mastr_offshore_units.csv.xz
DE-SEE939521516922,Germany,Borkum Riffgrund 1,German Bight south of 54.3N,North Sea,53.980888,6.548425,4.2,2015-05-08,,MaStR,Borkum Riffgrund 1,0,43.1,mastr_offshore_units.csv.xz
DE-SEE939544407719,Germany,EnBW Windpark Baltic 1,Kriegers Flak and Baltic 1/2,Skagerrak-Kattegat-Baltic,54.614944,12.65475,2.3,2011-04-09,,MaStR,Baltic 1,0,19.6,mastr_offshore_units.csv.xz
DE-SEE939546937627,Germany,Merkur Offshore (MEG Offshore I),German Bight south of 54.3N,North Sea,54.02653,6.56758,6.15,2018-07-25,,MaStR,Merkur Offshore,4,46.6,mastr_offshore_units.csv.xz
DE-SEE939620850996,Germany,Borkum Riffgrund 3,German Bight south of 54.3N,North Sea,54.01956,6.12146,11.55,2026-04-25,,MaStR,Borkum Riffgrund 3,1,60.5,mastr_offshore_units.csv.xz
DE-SEE939637661066,Germany,Wikinger,Other German Baltic farms,Skagerrak-Kattegat-Baltic,54.843803,14.073423,5.23,2017-11-25,,MaStR,WIKINGER,0,95.1,mastr_offshore_units.csv.xz
DE-SEE939651689565,Germany,Global Tech I,German Bight north of 54.3N,North Sea,54.540845,6.401867,5.0,2015-06-29,,MaStR,Global Tech I,0,103.0,mastr_offshore_units.csv.xz
DE-SEE939661107561,Germany,Nordsee Ost,German Bight north of 54.3N,North Sea,54.460707,7.696899,6.15,2015-03-16,,MaStR,OWP Nordsee Ost 2,0,34.2,mastr_offshore_units.csv.xz
DE-SEE939678257150,Germany,Nordsee One,German Bight south of 54.3N,North Sea,53.972948,6.877842,6.15,2017-05-30,,MaStR,Nordsee One,0,33.8,mastr_offshore_units.csv.xz
DE-SEE939694408635,Germany,Gode Wind 3,German Bight south of 54.3N,North Sea,54.036898,7.126303,11.55,2024-05-26,,MaStR,Gode Wind 3,0,36.2,mastr_offshore_units.csv.xz
DE-SEE939709072042,Germany,Sandbank,German Bight north of 54.3N,North Sea,55.12132,6.859758,4.2,2016-10-10,,MaStR,OWP Sandbank,2,90.6,mastr_offshore_units.csv.xz
DE-SEE939790387667,Germany,Bard Offshore 1,German Bight north of 54.3N,North Sea,54.411871,5.995172,5.5,2013-06-30,,MaStR,Bard Offshore 1 - C3 - 51573657539,0,101.7,mastr_offshore_units.csv.xz
DE-SEE939913744070,Germany,Meerwind Sued/Ost,German Bight north of 54.3N,North Sea,54.373887,7.712721,3.78,2014-10-12,,MaStR,Meerwind Süd|Ost,0,25.0,mastr_offshore_units.csv.xz
DE-SEE939935842822,Germany,Kaskasi II,German Bight north of 54.3N,North Sea,54.477285,7.655293,9.0,2022-12-06,,MaStR,OWP Kaskasi,0,37.0,mastr_offshore_units.csv.xz
DE-SEE939957507006,Germany,Riffgat,German Bight south of 54.3N,North Sea,53.697094,6.469261,3.78,2014-02-23,,MaStR,RIFFGAT,0,18.7,mastr_offshore_units.csv.xz
DE-SEE940122192637,Germany,Wikinger,Other German Baltic farms,Skagerrak-Kattegat-Baltic,54.84319,14.031667,5.23,2017-11-09,,MaStR,WIKINGER,0,93.0,mastr_offshore_units.csv.xz
DE-SEE940177894593,Germany,OWP Windanker,Other German Baltic farms,Skagerrak-Kattegat-Baltic,54.887863,14.020936,15.0,2026-08-22,,MaStR,OWP Windanker,3489,95.7,mastr_offshore_units.csv.xz
DE-SEE940178432558,Germany,Arkona-Becken Südost,Other German Baltic farms,Skagerrak-Kattegat-Baltic,54.797999,14.13151,6.3,2018-09-21,,MaStR,Arkona Becken Süd-Ost,0,95.1,mastr_offshore_units.csv.xz
DE-SEE940192313642,Germany,Bard Offshore 1,German Bight north of 54.3N,North Sea,54.406771,6.018208,5.5,2013-02-27,,MaStR,Bard Offshore 1 - C1 - 51573657505,1,100.5,mastr_offshore_units.csv.xz
DE-SEE940342746108,Germany,Merkur Offshore (MEG Offshore I),German Bight south of 54.3N,North Sea,54.01157,6.55589,6.15,2018-07-29,,MaStR,Merkur Offshore,0,45.6,mastr_offshore_units.csv.xz
DE-SEE940366866042,Germany,Merkur Offshore (MEG Offshore I),German Bight south of 54.3N,North Sea,54.08156,6.5522,6.15,2019-05-16,,MaStR,Merkur Offshore,0,52.3,mastr_offshore_units.csv.xz
DE-SEE940449103583,Germany,EnBW Windpark Baltic 2,Kriegers Flak and Baltic 1/2,Skagerrak-Kattegat-Baltic,55.008576,13.228568,3.78,2015-06-05,,MaStR,Baltic 2,0,48.7,mastr_offshore_units.csv.xz
DE-SEE940450715362,Germany,DanTysk,German Bight north of 54.3N,North Sea,55.130797,7.190242,3.78,2014-12-05,,MaStR,OWP DanTysk,0,70.3,mastr_offshore_units.csv.xz
DE-SEE940457092534,Germany,EnBW He Dreiht,German Bight north of 54.3N,North Sea,54.335211,6.282293,15.0,2025-12-28,,MaStR,EnBW He Dreiht,8255,85.6,mastr_offshore_units.csv.xz
DE-SEE940534029163,Germany,Global Tech I,German Bight north of 54.3N,North Sea,54.485892,6.35304,5.0,2015-07-05,,MaStR,Global Tech I,0,98.5,mastr_offshore_units.csv.xz
DE-SEE940548018238,Germany,Arkona-Becken Südost,Other German Baltic farms,Skagerrak-Kattegat-Baltic,54.793488,14.149722,6.3,2018-09-27,,MaStR,Arkona Becken Süd-Ost,0,95.8,mastr_offshore_units.csv.xz
DE-SEE940554044887,Germany,Wikinger,Other German Baltic farms,Skagerrak-Kattegat-Baltic,54.875283,14.058188,15.0,2026-08-22,,MaStR,OWP Windanker,896,96.6,mastr_offshore_units.csv.xz
DE-SEE940631178511,Germany,Meerwind Sued/Ost,German Bight north of 54.3N,North Sea,54.397158,7.674474,3.78,2014-10-01,,MaStR,Meerwind Süd|Ost,0,28.5,mastr_offshore_units.csv.xz
DE-SEE940677373994,Germany,Global Tech I,German Bight north of 54.3N,North Sea,54.504139,6.33217,5.0,2014-12-01,,MaStR,Global Tech I,0,100.9,mastr_offshore_units.csv.xz
DE-SEE940776870707,Germany,Wikinger,Other German Baltic farms,Skagerrak-Kattegat-Baltic,54.849998,14.079707,5.23,2017-11-26,,MaStR,WIKINGER,0,95.9,mastr_offshore_units.csv.xz
DE-SEE940809844309,Germany,Amrumbank West,German Bight north of 54.3N,North Sea,54.538833,7.71629,3.78,2015-07-11,,MaStR,Amrumbank West,0,42.1,mastr_offshore_units.csv.xz
DE-SEE940825982023,Germany,Nordsee Ost,German Bight north of 54.3N,North Sea,54.433095,7.640411,6.15,2015-08-15,,MaStR,OWP Nordsee Ost 1,1,33.1,mastr_offshore_units.csv.xz
DE-SEE940877393761,Germany,Global Tech I,German Bight north of 54.3N,North Sea,54.492008,6.329465,5.0,2015-06-14,,MaStR,Global Tech I,0,99.7,mastr_offshore_units.csv.xz
DE-SEE940930181311,Germany,Merkur Offshore (MEG Offshore I),German Bight south of 54.3N,North Sea,54.05617,6.566,6.15,2019-05-10,,MaStR,Merkur Offshore,0,49.4,mastr_offshore_units.csv.xz
DE-SEE941072313035,Germany,Trianel Windpark Borkum Phase 1,German Bight south of 54.3N,North Sea,54.008198,6.447752,5.0,2015-02-23,,MaStR,Trianel Windpark Borkum,0,48.6,mastr_offshore_units.csv.xz
DE-SEE941072883217,Germany,Global Tech I,German Bight north of 54.3N,North Sea,54.498113,6.346476,5.0,2015-06-16,,MaStR,Global Tech I,0,99.9,mastr_offshore_units.csv.xz
DE-SEE941080794529,Germany,Trianel Windpark Borkum Phase 1,German Bight south of 54.3N,North Sea,54.069953,6.444194,5.0,2015-03-10,,MaStR,Trianel Windpark Borkum,0,55.1,mastr_offshore_units.csv.xz
DE-SEE941090945430,Germany,Gode Wind 01,German Bight south of 54.3N,North Sea,54.013915,6.943498,6.264,2016-07-30,,MaStR,Gode Wind 1,0,36.3,mastr_offshore_units.csv.xz
DE-SEE941110773418,Germany,Trianel Windpark Borkum Phase 2,German Bight south of 54.3N,North Sea,54.081101,6.520491,6.33,2019-09-23,,MaStR,"Trianel Windpark Borkum, Bauphase 2",0,53.3,mastr_offshore_units.csv.xz
DE-SEE941324537936,Germany,EnBW Windpark Baltic 2,Kriegers Flak and Baltic 1/2,Skagerrak-Kattegat-Baltic,54.958302,13.104696,3.78,2015-06-28,,MaStR,Baltic 2,0,40.9,mastr_offshore_units.csv.xz
DE-SEE941345970019,Germany,Arkona-Becken Südost,Other German Baltic farms,Skagerrak-Kattegat-Baltic,54.758855,14.132787,6.3,2018-09-17,,MaStR,Arkona Becken Süd-Ost,0,92.8,mastr_offshore_units.csv.xz
DE-SEE941400067531,Germany,Gode Wind 3,German Bight south of 54.3N,North Sea,54.034206,7.078441,15.0,2026-07-27,,MaStR,NC 1,1130,36.1,mastr_offshore_units.csv.xz
DE-SEE941602871158,Germany,Arkona-Becken Südost,Other German Baltic farms,Skagerrak-Kattegat-Baltic,54.780291,14.156177,6.3,2018-09-30,,MaStR,Arkona Becken Süd-Ost,0,95.4,mastr_offshore_units.csv.xz
DE-SEE941665398739,Germany,Borkum Riffgrund 1,German Bight south of 54.3N,North Sea,53.953918,6.548441,4.2,2015-05-11,,MaStR,Borkum Riffgrund 1,0,40.7,mastr_offshore_units.csv.xz
DE-SEE941708007277,Germany,Sandbank,German Bight north of 54.3N,North Sea,55.274694,6.835219,4.2,2016-10-05,,MaStR,OWP Sandbank,0,86.7,mastr_offshore_units.csv.xz
DE-SEE941761398862,Germany,Kaskasi II,German Bight north of 54.3N,North Sea,54.477887,7.669858,9.0,2022-11-30,,MaStR,OWP Kaskasi,0,36.7,mastr_offshore_units.csv.xz
DE-SEE941771245378,Germany,Riffgat,German Bight south of 54.3N,North Sea,53.69594,6.461106,3.78,2014-02-21,,MaStR,RIFFGAT,0,19.0,mastr_offshore_units.csv.xz
DE-SEE941803651672,Germany,Gode Wind 01,German Bight south of 54.3N,North Sea,54.008037,7.015686,6.264,2016-07-18,,MaStR,Gode Wind 1,0,34.1,mastr_offshore_units.csv.xz
DE-SEE941831772141,Germany,Global Tech I,German Bight north of 54.3N,North Sea,54.491984,6.383788,5.0,2015-05-01,,MaStR,Global Tech I,0,98.3,mastr_offshore_units.csv.xz
DE-SEE941833642428,Germany,Sandbank,German Bight north of 54.3N,North Sea,55.276644,6.850181,4.2,2016-10-23,,MaStR,OWP Sandbank,0,85.8,mastr_offshore_units.csv.xz
DE-SEE941984685213,Germany,Meerwind Sued/Ost,German Bight north of 54.3N,North Sea,54.389023,7.727683,3.78,2014-11-17,,MaStR,Meerwind Süd|Ost,0,26.1,mastr_offshore_units.csv.xz
DE-SEE942030590352,Germany,Veja Mate,German Bight north of 54.3N,North Sea,54.341427,5.891064,6.3,2017-01-24,,MaStR,OWP Veja Mate,0,98.3,mastr_offshore_units.csv.xz
DE-SEE942041232593,Germany,Nordsee Ost,German Bight north of 54.3N,North Sea,54.471324,7.682865,6.15,2015-01-23,,MaStR,OWP Nordsee Ost 2,0,35.7,mastr_offshore_units.csv.xz
DE-SEE942220500512,Germany,DanTysk,German Bight north of 54.3N,North Sea,55.176794,7.1804,3.78,2015-02-13,,MaStR,OWP DanTysk,0,69.3,mastr_offshore_units.csv.xz
DE-SEE942254179722,Germany,Trianel Windpark Borkum Phase 1,German Bight south of 54.3N,North Sea,54.02382,6.460655,5.0,2015-05-28,,MaStR,Trianel Windpark Borkum,0,49.9,mastr_offshore_units.csv.xz
DE-SEE942496738824,Germany,Borkum Riffgrund 2,German Bight south of 54.3N,North Sea,53.916416,6.489075,8.3,2018-09-18,,MaStR,Borkum Riffgrund 2,0,38.1,mastr_offshore_units.csv.xz
DE-SEE942626366378,Germany,Borkum Riffgrund 2,German Bight south of 54.3N,North Sea,53.925755,6.558791,8.3,2018-09-16,,MaStR,Borkum Riffgrund 2,0,37.6,mastr_offshore_units.csv.xz
DE-SEE942639682069,Germany,Gode Wind 01,German Bight south of 54.3N,North Sea,53.998571,7.067576,6.264,2016-07-30,,MaStR,Gode Wind 1,0,32.3,mastr_offshore_units.csv.xz
DE-SEE942654770093,Germany,Butendiek,German Bight north of 54.3N,North Sea,55.0577,7.76789,3.6,2015-03-25,,MaStR,Butendiek,0,39.0,mastr_offshore_units.csv.xz
DE-SEE942696040062,Germany,Nordsee Ost,German Bight north of 54.3N,North Sea,54.417093,7.654433,6.15,2015-06-27,,MaStR,OWP Nordsee Ost 2,0,31.1,mastr_offshore_units.csv.xz
DE-SEE942700031529,Germany,Gode Wind 3,German Bight south of 54.3N,North Sea,54.016865,7.073857,11.55,2024-07-02,,MaStR,Gode Wind 3,0,34.3,mastr_offshore_units.csv.xz
DE-SEE942733127756,Germany,Bard Offshore 1,German Bight north of 54.3N,North Sea,54.348294,6.004799,5.5,2011-06-24,,MaStR,Bard Offshore 1 - C10 - 51573657604,0,95.2,mastr_offshore_units.csv.xz
DE-SEE942753763446,Germany,EnBW He Dreiht,German Bight north of 54.3N,North Sea,54.344208,6.149388,15.0,2025-11-25,,MaStR,EnBW He Dreiht,8532,90.6,mastr_offshore_units.csv.xz
DE-SEE942775901673,Germany,Borkum Riffgrund 1,German Bight south of 54.3N,North Sea,53.967434,6.559861,4.0,2015-06-21,,MaStR,Borkum Riffgrund 1,0,41.4,mastr_offshore_units.csv.xz
DE-SEE942875730746,Germany,Merkur Offshore (MEG Offshore I),German Bight south of 54.3N,North Sea,54.0503,6.6097,6.15,2019-03-05,,MaStR,Merkur Offshore,0,47.5,mastr_offshore_units.csv.xz
DE-SEE942925665820,Germany,Nordsee Ost,German Bight north of 54.3N,North Sea,54.4063,7.654382,6.15,2015-07-17,,MaStR,OWP Nordsee Ost 2,3,30.0,mastr_offshore_units.csv.xz
DE-SEE942938589878,Germany,Merkur Offshore (MEG Offshore I),German Bight south of 54.3N,North Sea,54.01935,6.5556,6.15,2018-08-26,,MaStR,Merkur Offshore,0,46.3,mastr_offshore_units.csv.xz
DE-SEE942939092865,Germany,Baltic Eagle,Other German Baltic farms,Skagerrak-Kattegat-Baltic,54.814674,13.82514,9.525,2024-07-02,,MaStR,Baltic Eagle,0,80.9,mastr_offshore_units.csv.xz
DE-SEE942960531302,Germany,Wikinger,Other German Baltic farms,Skagerrak-Kattegat-Baltic,54.881145,14.049825,15.0,2026-08-22,,MaStR,OWP Windanker,1738,96.6,mastr_offshore_units.csv.xz
DE-SEE942964691439,Germany,Nordsee Ost,German Bight north of 54.3N,North Sea,54.46085,7.71099,6.15,2015-03-25,,MaStR,OWP Nordsee Ost 2,0,33.9,mastr_offshore_units.csv.xz
DE-SEE943055119375,Germany,Wikinger,Other German Baltic farms,Skagerrak-Kattegat-Baltic,54.851244,14.052961,5.23,2017-11-20,,MaStR,WIKINGER,0,94.6,mastr_offshore_units.csv.xz
DE-SEE943086118286,Germany,Borkum Riffgrund 3,German Bight south of 54.3N,North Sea,54.03864,6.21804,11.55,2026-03-02,,MaStR,Borkum Riffgrund 3,0,58.5,mastr_offshore_units.csv.xz
DE-SEE943111140510,Germany,Trianel Windpark Borkum Phase 1,German Bight south of 54.3N,North Sea,54.078805,6.416101,5.0,2015-03-07,,MaStR,Trianel Windpark Borkum,0,56.7,mastr_offshore_units.csv.xz
DE-SEE943277191180,Germany,Riffgat,German Bight south of 54.3N,North Sea,53.696459,6.504009,3.78,2014-02-24,,MaStR,RIFFGAT,0,17.1,mastr_offshore_units.csv.xz
DE-SEE943290059993,Germany,Riffgat,German Bight south of 54.3N,North Sea,53.694159,6.487685,3.78,2014-02-20,,MaStR,RIFFGAT,0,17.6,mastr_offshore_units.csv.xz
DE-SEE943478250013,Germany,Wikinger,Other German Baltic farms,Skagerrak-Kattegat-Baltic,54.861356,14.06859,5.23,2017-11-09,,MaStR,WIKINGER,0,96.1,mastr_offshore_units.csv.xz
DE-SEE943613031347,Germany,EnBW Hohe See,German Bight north of 54.3N,North Sea,54.465407,6.269326,7.35,2019-08-18,,MaStR,Windpark Hohe See,0,98.7,mastr_offshore_units.csv.xz
DE-SEE943644422831,Germany,Deutsche Bucht,German Bight north of 54.3N,North Sea,54.303482,5.771239,8.4,2019-08-13,,MaStR,Deutsche Bucht,0,99.4,mastr_offshore_units.csv.xz
DE-SEE943730653286,Germany,ARCADIS Ost 1,Other German Baltic farms,Skagerrak-Kattegat-Baltic,54.832862,13.593805,9.525,2023-03-10,,MaStR,Arcadis Ost I,0,72.6,mastr_offshore_units.csv.xz
DE-SEE943747599058,Germany,Meerwind Sued/Ost,German Bight north of 54.3N,North Sea,54.401718,7.74607,3.78,2015-01-30,,MaStR,Meerwind Süd|Ost,0,27.0,mastr_offshore_units.csv.xz
DE-SEE943755714627,Germany,Arkona-Becken Südost,Other German Baltic farms,Skagerrak-Kattegat-Baltic,54.757582,14.102248,6.3,2018-10-07,,MaStR,Arkona Becken Süd-Ost,0,91.1,mastr_offshore_units.csv.xz
DE-SEE943757306349,Germany,Merkur Offshore (MEG Offshore I),German Bight south of 54.3N,North Sea,54.08924,6.55179,6.15,2019-04-18,,MaStR,Merkur Offshore,0,53.1,mastr_offshore_units.csv.xz
DE-SEE943759844016,Germany,Veja Mate,German Bight north of 54.3N,North Sea,54.338351,5.840221,6.3,2017-03-08,,MaStR,OWP Veja Mate,0,99.9,mastr_offshore_units.csv.xz
DE-SEE943771360488,Germany,EnBW He Dreiht,German Bight north of 54.3N,North Sea,54.343164,6.270966,15.0,2026-01-18,,MaStR,EnBW He Dreiht,8174,86.7,mastr_offshore_units.csv.xz
DE-SEE943812879429,Germany,Wikinger,Other German Baltic farms,Skagerrak-Kattegat-Baltic,54.815074,14.053024,5.23,2017-11-10,,MaStR,WIKINGER,0,92.1,mastr_offshore_units.csv.xz
DE-SEE943911169957,Germany,Gode Wind 01,German Bight south of 54.3N,North Sea,54.042641,6.956846,6.264,2016-07-25,,MaStR,Gode Wind 1,0,38.9,mastr_offshore_units.csv.xz
DE-SEE943920716173,Germany,Butendiek,German Bight north of 54.3N,North Sea,55.016525,7.748651,3.6,2015-07-18,,MaStR,Butendiek,0,38.4,mastr_offshore_units.csv.xz
DE-SEE943982343249,Germany,Meerwind Sued/Ost,German Bight north of 54.3N,North Sea,54.362978,7.662089,3.78,2014-12-03,,MaStR,Meerwind Süd|Ost,0,25.7,mastr_offshore_units.csv.xz
DE-SEE944166387370,Germany,EnBW Windpark Baltic 2,Kriegers Flak and Baltic 1/2,Skagerrak-Kattegat-Baltic,55.003331,13.21967,3.78,2015-06-05,,MaStR,Baltic 2,0,48.1,mastr_offshore_units.csv.xz
DE-SEE944232444587,Germany,Bard Offshore 1,German Bight north of 54.3N,North Sea,54.398486,6.001796,5.5,2013-06-18,,MaStR,Bard Offshore 1 - C2 - 51573657521,0,100.2,mastr_offshore_units.csv.xz
DE-SEE944254955917,Germany,Bard Offshore 1,German Bight north of 54.3N,North Sea,54.355453,5.952199,5.5,2013-08-27,,MaStR,Bard Offshore 1 - C6 - 51573657563,0,97.6,mastr_offshore_units.csv.xz
DE-SEE944375225272,Germany,Gode Wind 3,German Bight south of 54.3N,North Sea,54.0192,7.13169,11.55,2024-05-12,,MaStR,Gode Wind 3,0,34.2,mastr_offshore_units.csv.xz
DE-SEE944402383067,Germany,EnBW Windpark Baltic 2,Kriegers Flak and Baltic 1/2,Skagerrak-Kattegat-Baltic,54.969265,13.179463,3.78,2015-06-18,,MaStR,Baltic 2,0,45.6,mastr_offshore_units.csv.xz
DE-SEE944436648095,Germany,Merkur Offshore (MEG Offshore I),German Bight south of 54.3N,North Sea,54.07839,6.5648,6.15,2019-05-01,,MaStR,Merkur Offshore,0,51.6,mastr_offshore_units.csv.xz
DE-SEE944456795113,Germany,Borkum Riffgrund 1,German Bight south of 54.3N,North Sea,53.987612,6.571282,4.2,2015-05-09,,MaStR,Borkum Riffgrund 1,0,42.8,mastr_offshore_units.csv.xz
DE-SEE944495759725,Germany,Butendiek,German Bight north of 54.3N,North Sea,55.037809,7.759589,3.6,2015-07-20,,MaStR,Butendiek,0,38.6,mastr_offshore_units.csv.xz
DE-SEE944549566767,Germany,Sandbank,German Bight north of 54.3N,North Sea,55.235833,6.816942,4.2,2016-11-28,,MaStR,OWP Sandbank,0,89.5,mastr_offshore_units.csv.xz
DE-SEE944620909827,Germany,Sandbank,German Bight north of 54.3N,North Sea,55.257203,6.841042,4.2,2016-09-27,,MaStR,OWP Sandbank,0,87.1,mastr_offshore_units.csv.xz
DE-SEE944659399446,Germany,Wikinger,Other German Baltic farms,Skagerrak-Kattegat-Baltic,54.848461,14.03577,5.23,2017-11-12,,MaStR,WIKINGER,0,93.6,mastr_offshore_units.csv.xz
DE-SEE944732669404,Germany,Borkum Riffgrund 2,German Bight south of 54.3N,North Sea,53.92892,6.58107,8.3,2018-08-14,,MaStR,Borkum Riffgrund 2,0,37.2,mastr_offshore_units.csv.xz
DE-SEE944783925245,Germany,Arkona-Becken Südost,Other German Baltic farms,Skagerrak-Kattegat-Baltic,54.755278,14.113593,6.3,2018-10-09,,MaStR,Arkona Becken Süd-Ost,0,91.6,mastr_offshore_units.csv.xz
DE-SEE944856988993,Germany,Meerwind Sued/Ost,German Bight north of 54.3N,North Sea,54.399377,7.663799,3.78,2014-09-04,,MaStR,Meerwind Süd|Ost,0,29.1,mastr_offshore_units.csv.xz
DE-SEE944857159187,Germany,Bard Offshore 1,German Bight north of 54.3N,North Sea,54.363579,5.978666,5.5,2013-07-29,,MaStR,Bard Offshore 1 - C4 - 51573657547,0,97.5,mastr_offshore_units.csv.xz
DE-SEE944860773721,Germany,Borkum Riffgrund 1,German Bight south of 54.3N,North Sea,53.987611,6.559867,4.2,2015-05-24,,MaStR,Borkum Riffgrund 1,0,43.2,mastr_offshore_units.csv.xz
DE-SEE944918234914,Germany,EnBW Windpark Baltic 2,Kriegers Flak and Baltic 1/2,Skagerrak-Kattegat-Baltic,54.974752,13.132079,3.78,2015-06-14,,MaStR,Baltic 2,0,42.5,mastr_offshore_units.csv.xz
DE-SEE944919853275,Germany,Bard Offshore 1,German Bight north of 54.3N,North Sea,54.330011,5.975425,5.5,2013-01-07,,MaStR,Bard Offshore 1 - C8 - 51573657589,0,94.3,mastr_offshore_units.csv.xz
DE-SEE944959737764,Germany,Borkum Riffgrund 1,German Bight south of 54.3N,North Sea,53.974138,6.594169,4.2,2015-05-23,,MaStR,Borkum Riffgrund 1,0,40.7,mastr_offshore_units.csv.xz
DE-SEE945116581145,Germany,Borkum Riffgrund 1,German Bight south of 54.3N,North Sea,53.940448,6.559887,4.2,2015-05-15,,MaStR,Borkum Riffgrund 1,0,39.1,mastr_offshore_units.csv.xz
DE-SEE945134018067,Germany,Amrumbank West,German Bight north of 54.3N,North Sea,54.538833,7.703883,3.78,2015-07-12,,MaStR,Amrumbank West,0,42.3,mastr_offshore_units.csv.xz
DE-SEE945143242453,Germany,Veja Mate,German Bight south of 54.3N,North Sea,54.295288,5.891193,6.3,2017-05-05,,MaStR,OWP Veja Mate,0,94.1,mastr_offshore_units.csv.xz
DE-SEE945149146274,Germany,Bard Offshore 1,German Bight north of 54.3N,North Sea,54.406359,6.006239,5.5,2013-03-13,,MaStR,Bard Offshore 1 - C2 - 51573657521,0,100.8,mastr_offshore_units.csv.xz
DE-SEE945158457347,Germany,Gode Wind 3,German Bight south of 54.3N,North Sea,54.093241,7.09182,11.55,2024-05-31,,MaStR,Gode Wind 3,0,42.6,mastr_offshore_units.csv.xz
DE-SEE945237694755,Germany,EnBW Windpark Baltic 2,Kriegers Flak and Baltic 1/2,Skagerrak-Kattegat-Baltic,54.967592,13.158026,3.78,2015-06-09,,MaStR,Baltic 2,0,44.2,mastr_offshore_units.csv.xz
DE-SEE945265532302,Germany,DanTysk,German Bight north of 54.3N,North Sea,55.101617,7.217097,3.78,2015-01-23,,MaStR,OWP DanTysk,0,69.9,mastr_offshore_units.csv.xz
DE-SEE945301616300,Germany,EnBW He Dreiht,German Bight north of 54.3N,North Sea,54.391371,6.184063,15.0,2026-04-08,,MaStR,EnBW He Dreiht,8775,94.2,mastr_offshore_units.csv.xz
DE-SEE945370656665,Germany,Gode Wind 02,German Bight south of 54.3N,North Sea,54.086091,6.973412,6.264,2016-02-19,,MaStR,Gode Wind 2,0,43.2,mastr_offshore_units.csv.xz
DE-SEE945379510845,Germany,Amrumbank West,German Bight north of 54.3N,North Sea,54.538833,7.728695,3.78,2015-05-23,,MaStR,Amrumbank West,0,41.9,mastr_offshore_units.csv.xz
DE-SEE945574429478,Germany,Baltic Eagle,Other German Baltic farms,Skagerrak-Kattegat-Baltic,54.79939,13.870084,9.525,2024-07-01,,MaStR,Baltic Eagle,0,81.9,mastr_offshore_units.csv.xz
DE-SEE945636251016,Germany,ARCADIS Ost 1,Other German Baltic farms,Skagerrak-Kattegat-Baltic,54.797066,13.69735,9.525,2023-04-16,,MaStR,Arcadis Ost I,0,73.8,mastr_offshore_units.csv.xz
DE-SEE945662662114,Germany,Veja Mate,German Bight north of 54.3N,North Sea,54.31329,5.840315,6.3,2017-03-31,,MaStR,OWP Veja Mate,0,97.6,mastr_offshore_units.csv.xz
DE-SEE945764109104,Germany,Arkona-Becken Südost,Other German Baltic farms,Skagerrak-Kattegat-Baltic,54.777886,14.168821,6.3,2018-10-05,,MaStR,Arkona Becken Süd-Ost,0,95.9,mastr_offshore_units.csv.xz
DE-SEE945769396134,Germany,Borkum Riffgrund 1,German Bight south of 54.3N,North Sea,53.953918,6.571302,4.2,2015-05-17,,MaStR,Borkum Riffgrund 1,0,39.8,mastr_offshore_units.csv.xz
DE-SEE945781458346,Germany,Borkum Riffgrund 3,German Bight south of 54.3N,North Sea,54.06026,6.28745,11.55,2025-12-16,,MaStR,Borkum Riffgrund 3,0,58.2,mastr_offshore_units.csv.xz
DE-SEE945808835648,Germany,Borkum Riffgrund 3,German Bight south of 54.3N,North Sea,54.07209,6.17851,11.55,2026-02-26,,MaStR,Borkum Riffgrund 3,0,63.0,mastr_offshore_units.csv.xz
DE-SEE945822931456,Germany,Trianel Windpark Borkum Phase 1,German Bight south of 54.3N,North Sea,54.007875,6.489137,5.0,2015-05-19,,MaStR,Trianel Windpark Borkum,0,47.7,mastr_offshore_units.csv.xz
DE-SEE945824674429,Germany,EnBW Windpark Baltic 2,Kriegers Flak and Baltic 1/2,Skagerrak-Kattegat-Baltic,54.998391,13.222191,3.78,2015-06-29,,MaStR,Baltic 2,0,48.2,mastr_offshore_units.csv.xz
DE-SEE945830103432,Germany,Sandbank,German Bight north of 54.3N,North Sea,55.265953,6.838131,4.2,2016-10-05,,MaStR,OWP Sandbank,0,86.9,mastr_offshore_units.csv.xz
DE-SEE945921103884,Germany,Butendiek,German Bight north of 54.3N,North Sea,55.012496,7.772237,3.6,2015-02-14,,MaStR,Butendiek,0,36.8,mastr_offshore_units.csv.xz
DE-SEE946094268790,Germany,Borkum Riffgrund 3,German Bight south of 54.3N,North Sea,54.03782,6.11835,11.55,2025-12-12,,MaStR,Borkum Riffgrund 3,0,62.2,mastr_offshore_units.csv.xz
DE-SEE946177776556,Germany,OWP Windanker,Other German Baltic farms,Skagerrak-Kattegat-Baltic,54.903625,14.051816,15.0,2026-08-24,,MaStR,OWP Windanker,3819,98.3,mastr_offshore_units.csv.xz
DE-SEE946201988634,Germany,Borkum Riffgrund 3,German Bight south of 54.3N,North Sea,54.04688,6.17843,11.55,2026-03-03,,MaStR,Borkum Riffgrund 3,0,60.7,mastr_offshore_units.csv.xz
DE-SEE946203335894,Germany,Sandbank,German Bight north of 54.3N,North Sea,55.262344,6.807211,4.2,2016-12-16,,MaStR,OWP Sandbank,0,88.9,mastr_offshore_units.csv.xz
DE-SEE946205995522,Germany,Sandbank,German Bight north of 54.3N,North Sea,55.169212,6.874127,4.2,2017-01-17,,MaStR,OWP Sandbank,0,88.4,mastr_offshore_units.csv.xz
DE-SEE946363898369,Germany,Wikinger,Other German Baltic farms,Skagerrak-Kattegat-Baltic,54.863188,14.054531,5.23,2017-11-20,,MaStR,WIKINGER,0,95.5,mastr_offshore_units.csv.xz
DE-SEE946386507484,Germany,Sandbank,German Bight north of 54.3N,North Sea,55.267894,6.853592,4.2,2016-09-27,,MaStR,OWP Sandbank,0,85.9,mastr_offshore_units.csv.xz
DE-SEE946413354456,Germany,Borkum Riffgrund 2,German Bight south of 54.3N,North Sea,53.926951,6.474835,8.3,2018-09-06,,MaStR,Borkum Riffgrund 2,0,39.5,mastr_offshore_units.csv.xz
DE-SEE946426711642,Germany,EnBW He Dreiht,German Bight north of 54.3N,North Sea,54.35053,6.260381,15.0,2026-01-28,,MaStR,EnBW He Dreiht,8137,87.8,mastr_offshore_units.csv.xz
DE-SEE946435887512,Germany,EnBW Hohe See,German Bight north of 54.3N,North Sea,54.406632,6.342499,7.35,2019-10-01,,MaStR,Windpark Hohe See,0,90.7,mastr_offshore_units.csv.xz
DE-SEE946440655892,Germany,Meerwind Sued/Ost,German Bight north of 54.3N,North Sea,54.400756,7.764711,3.78,2014-11-30,,MaStR,Meerwind Süd|Ost,0,26.5,mastr_offshore_units.csv.xz
DE-SEE946448895351,Germany,Baltic Eagle,Other German Baltic farms,Skagerrak-Kattegat-Baltic,54.8239,13.886803,9.525,2024-07-14,,MaStR,Baltic Eagle,0,84.5,mastr_offshore_units.csv.xz
DE-SEE946479611050,Germany,Borkum Riffgrund 3,German Bight south of 54.3N,North Sea,54.05728,6.11751,11.55,2026-01-11,,MaStR,Borkum Riffgrund 3,0,63.9,mastr_offshore_units.csv.xz
DE-SEE946575633970,Germany,EnBW Windpark Baltic 2,Kriegers Flak and Baltic 1/2,Skagerrak-Kattegat-Baltic,54.995461,13.189822,3.78,2015-05-29,,MaStR,Baltic 2,0,46.2,mastr_offshore_units.csv.xz
DE-SEE946613125818,Germany,EnBW He Dreiht,German Bight north of 54.3N,North Sea,54.349286,6.164165,15.0,2026-06-26,,MaStR,EnBW He Dreiht,9492,90.7,mastr_offshore_units.csv.xz
DE-SEE946752102022,Germany,Borkum Riffgrund 3,German Bight south of 54.3N,North Sea,54.02855,6.22311,11.55,2026-03-03,,MaStR,Borkum Riffgrund 3,0,57.3,mastr_offshore_units.csv.xz
DE-SEE947012518218,Germany,EnBW Hohe See,German Bight north of 54.3N,North Sea,54.445448,6.378421,7.35,2019-08-25,,MaStR,Windpark Hohe See,0,93.7,mastr_offshore_units.csv.xz
DE-SEE947013478023,Germany,Global Tech I,German Bight north of 54.3N,North Sea,54.522553,6.332891,5.0,2015-06-13,,MaStR,Global Tech I,0,102.7,mastr_offshore_units.csv.xz
DE-SEE947056800690,Germany,Merkur Offshore (MEG Offshore I),German Bight south of 54.3N,North Sea,54.03807,6.57944,6.15,2019-04-13,,MaStR,Merkur Offshore,0,47.3,mastr_offshore_units.csv.xz
DE-SEE947084206341,Germany,Riffgat,German Bight south of 54.3N,North Sea,53.693007,6.479523,3.78,2014-02-20,,MaStR,RIFFGAT,0,17.9,mastr_offshore_units.csv.xz
DE-SEE947153285505,Germany,EnBW Hohe See,German Bight north of 54.3N,North Sea,54.422511,6.378757,7.35,2019-07-16,,MaStR,Windpark Hohe See,0,91.3,mastr_offshore_units.csv.xz
DE-SEE947201769803,Germany,Gode Wind 02,German Bight south of 54.3N,North Sea,54.079837,6.94166,6.264,2016-03-03,,MaStR,Gode Wind 2,0,43.2,mastr_offshore_units.csv.xz
DE-SEE947283818611,Germany,Gode Wind 02,German Bight south of 54.3N,North Sea,54.073941,6.973945,6.264,2016-03-01,,MaStR,Gode Wind 2,0,41.9,mastr_offshore_units.csv.xz
DE-SEE947298009660,Germany,Borkum Riffgrund 3,German Bight south of 54.3N,North Sea,54.04851,6.21209,11.55,2025-12-25,,MaStR,Borkum Riffgrund 3,0,59.6,mastr_offshore_units.csv.xz
DE-SEE947363486716,Germany,Veja Mate,German Bight north of 54.3N,North Sea,54.302939,5.856635,6.3,2017-04-08,,MaStR,OWP Veja Mate,0,96.1,mastr_offshore_units.csv.xz
DE-SEE947399477726,Germany,Wikinger,Other German Baltic farms,Skagerrak-Kattegat-Baltic,54.834589,14.107905,5.23,2017-12-03,,MaStR,WIKINGER,0,96.3,mastr_offshore_units.csv.xz
DE-SEE947476029176,Germany,Riffgat,German Bight south of 54.3N,North Sea,53.684316,6.457141,3.78,2014-02-18,,MaStR,RIFFGAT,0,18.3,mastr_offshore_units.csv.xz
DE-SEE947591010684,Germany,Kaskasi II,German Bight north of 54.3N,North Sea,54.495016,7.654232,9.0,2022-08-16,,MaStR,OWP Kaskasi,0,38.8,mastr_offshore_units.csv.xz
DE-SEE947656629394,Germany,Meerwind Sued/Ost,German Bight north of 54.3N,North Sea,54.363019,7.679128,3.78,2014-10-18,,MaStR,Meerwind Süd|Ost,0,25.1,mastr_offshore_units.csv.xz
DE-SEE947685855955,Germany,Deutsche Bucht,German Bight north of 54.3N,North Sea,54.307588,5.793367,8.4,2019-08-29,,MaStR,Deutsche Bucht,0,98.9,mastr_offshore_units.csv.xz
DE-SEE947813172213,Germany,EnBW Windpark Baltic 2,Kriegers Flak and Baltic 1/2,Skagerrak-Kattegat-Baltic,54.951958,13.107649,3.78,2015-07-04,,MaStR,Baltic 2,0,41.1,mastr_offshore_units.csv.xz
DE-SEE947825203561,Germany,Merkur Offshore (MEG Offshore I),German Bight south of 54.3N,North Sea,54.015,6.5284,6.15,2019-02-03,,MaStR,Merkur Offshore,0,46.9,mastr_offshore_units.csv.xz
DE-SEE947868991043,Germany,Borkum Riffgrund 3,German Bight south of 54.3N,North Sea,54.07435,6.20281,11.55,2026-02-24,,MaStR,Borkum Riffgrund 3,4,62.3,mastr_offshore_units.csv.xz
DE-SEE947887128291,Germany,Merkur Offshore (MEG Offshore I),German Bight south of 54.3N,North Sea,54.04283,6.55446,6.15,2018-10-08,,MaStR,Merkur Offshore,0,48.6,mastr_offshore_units.csv.xz
DE-SEE948046930755,Germany,Meerwind Sued/Ost,German Bight north of 54.3N,North Sea,54.391936,7.675305,3.78,2014-09-01,,MaStR,Meerwind Süd|Ost,0,28.0,mastr_offshore_units.csv.xz
DE-SEE948179289171,Germany,Nordsee Ost,German Bight north of 54.3N,North Sea,54.455599,7.725039,6.15,2015-03-19,,MaStR,OWP Nordsee Ost 1,0,33.1,mastr_offshore_units.csv.xz
DE-SEE948181026139,Germany,Meerwind Sued/Ost,German Bight north of 54.3N,North Sea,54.369949,7.699239,3.78,2014-10-14,,MaStR,Meerwind Süd|Ost,0,25.1,mastr_offshore_units.csv.xz
DE-SEE948213815519,Germany,Arkona-Becken Südost,Other German Baltic farms,Skagerrak-Kattegat-Baltic,54.80369,14.138364,6.3,2018-09-21,,MaStR,Arkona Becken Süd-Ost,0,95.8,mastr_offshore_units.csv.xz
DE-SEE948292214951,Germany,Deutsche Bucht,German Bight north of 54.3N,North Sea,54.320266,5.780183,8.4,2019-09-24,,MaStR,Deutsche Bucht,0,100.6,mastr_offshore_units.csv.xz
DE-SEE948474759706,Germany,EnBW He Dreiht,German Bight north of 54.3N,North Sea,54.367241,6.236619,15.0,2026-01-29,,MaStR,EnBW He Dreiht,8039,90.2,mastr_offshore_units.csv.xz
DE-SEE948492783349,Germany,DanTysk,German Bight north of 54.3N,North Sea,55.067578,7.174499,3.78,2014-12-04,,MaStR,OWP DanTysk,0,73.9,mastr_offshore_units.csv.xz
DE-SEE948515376688,Germany,Trianel Windpark Borkum Phase 1,German Bight south of 54.3N,North Sea,54.023572,6.488255,5.0,2015-05-17,,MaStR,Trianel Windpark Borkum,0,49.3,mastr_offshore_units.csv.xz
DE-SEE948527284292,Germany,Gode Wind 01,German Bight south of 54.3N,North Sea,54.021678,6.991656,6.264,2016-05-28,,MaStR,Gode Wind 1,0,36.0,mastr_offshore_units.csv.xz
DE-SEE948554285989,Germany,Gode Wind 01,German Bight south of 54.3N,North Sea,54.009033,7.046927,6.264,2016-07-19,,MaStR,Gode Wind 1,0,33.7,mastr_offshore_units.csv.xz
DE-SEE948601818832,Germany,Deutsche Bucht,German Bight north of 54.3N,North Sea,54.310823,5.805126,8.4,2019-08-03,,MaStR,Deutsche Bucht,0,98.7,mastr_offshore_units.csv.xz
DE-SEE948715691352,Germany,Baltic Eagle,Other German Baltic farms,Skagerrak-Kattegat-Baltic,54.816731,13.888784,9.525,2024-05-23,,MaStR,Baltic Eagle,0,84.1,mastr_offshore_units.csv.xz
DE-SEE948780879952,Germany,Gode Wind 01,German Bight south of 54.3N,North Sea,54.004112,6.98335,6.264,2016-07-30,,MaStR,Gode Wind 1,0,34.3,mastr_offshore_units.csv.xz
DE-SEE948878335032,Germany,Amrumbank West,German Bight north of 54.3N,North Sea,54.52802,7.765887,3.78,2015-07-01,,MaStR,Amrumbank-West,0,40.1,mastr_offshore_units.csv.xz
DE-SEE948890372688,Germany,Gode Wind 3,German Bight south of 54.3N,North Sea,54.026802,7.064956,15.0,2026-08-15,,MaStR,NC 1,1189,35.5,mastr_offshore_units.csv.xz
DE-SEE948902787585,Germany,Sandbank,German Bight north of 54.3N,North Sea,55.142701,6.883858,4.2,2017-01-22,,MaStR,OWP Sandbank,0,88.5,mastr_offshore_units.csv.xz
DE-SEE949064318822,Germany,DanTysk,German Bight north of 54.3N,North Sea,55.213344,7.170622,3.78,2015-02-14,,MaStR,OWP DanTysk,0,68.9,mastr_offshore_units.csv.xz
DE-SEE949147141446,Germany,EnBW Windpark Baltic 2,Kriegers Flak and Baltic 1/2,Skagerrak-Kattegat-Baltic,54.983304,13.195383,3.78,2015-06-16,,MaStR,Baltic 2,0,46.5,mastr_offshore_units.csv.xz
DE-SEE949293138260,Germany,Wikinger,Other German Baltic farms,Skagerrak-Kattegat-Baltic,54.802314,14.045299,5.23,2017-11-27,,MaStR,WIKINGER,1,90.9,mastr_offshore_units.csv.xz
DE-SEE949310951384,Germany,Borkum Riffgrund 1,German Bight south of 54.3N,North Sea,53.947194,6.571302,4.2,2015-05-16,,MaStR,Borkum Riffgrund 1,0,39.2,mastr_offshore_units.csv.xz
DE-SEE949374904654,Germany,Amrumbank West,German Bight north of 54.3N,North Sea,54.533427,7.741088,3.78,2015-05-02,,MaStR,Amrumbank West,0,41.1,mastr_offshore_units.csv.xz
DE-SEE949403494033,Germany,Gode Wind 01,German Bight south of 54.3N,North Sea,53.993666,7.033751,6.264,2016-07-31,,MaStR,Gode Wind 1,0,32.3,mastr_offshore_units.csv.xz
DE-SEE949566330223,Germany,Nordsee Ost,German Bight north of 54.3N,North Sea,54.438812,7.668598,6.15,2015-05-22,,MaStR,OWP Nordsee Ost 1,0,32.8,mastr_offshore_units.csv.xz
DE-SEE949612290563,Germany,Kaskasi II,German Bight north of 54.3N,North Sea,54.500089,7.729394,9.0,2022-08-29,,MaStR,OWP Kaskasi,0,37.7,mastr_offshore_units.csv.xz
DE-SEE949613810210,Germany,Veja Mate,German Bight south of 54.3N,North Sea,54.289214,5.840107,6.3,2017-04-07,,MaStR,OWP Veja Mate,0,95.5,mastr_offshore_units.csv.xz
DE-SEE949642547019,Germany,Bard Offshore 1,German Bight north of 54.3N,North Sea,54.304228,5.965668,5.5,2012-02-08,,MaStR,Bard Offshore 1 - C9 - 51573657597,1,92.2,mastr_offshore_units.csv.xz
DE-SEE949652300529,Germany,Butendiek,German Bight north of 54.3N,North Sea,55.008887,7.799601,3.6,2015-06-13,,MaStR,Butendiek,0,35.0,mastr_offshore_units.csv.xz
DE-SEE949660988429,Germany,Global Tech I,German Bight north of 54.3N,North Sea,54.473676,6.37252,5.0,2015-05-04,,MaStR,Global Tech I,0,96.7,mastr_offshore_units.csv.xz
DE-SEE949743333092,Germany,Amrumbank West,German Bight north of 54.3N,North Sea,54.522649,7.728695,3.78,2015-04-24,,MaStR,Amrumbank-West,0,40.1,mastr_offshore_units.csv.xz
DE-SEE949750968485,Germany,DanTysk,German Bight north of 54.3N,North Sea,55.229214,7.198781,3.78,2015-02-05,,MaStR,OWP DanTysk,0,66.7,mastr_offshore_units.csv.xz
DE-SEE949786073580,Germany,Nordsee One,German Bight south of 54.3N,North Sea,53.988069,6.747671,6.15,2017-09-19,,MaStR,Nordsee One,0,37.5,mastr_offshore_units.csv.xz
DE-SEE949884442264,Germany,Amrumbank West,German Bight north of 54.3N,North Sea,54.533427,7.765887,3.78,2015-06-21,,MaStR,Amrumbank-West,0,40.1,mastr_offshore_units.csv.xz
DE-SEE949910971591,Germany,Baltic Eagle,Other German Baltic farms,Skagerrak-Kattegat-Baltic,54.813941,13.801401,9.525,2024-09-02,,MaStR,Baltic Eagle,0,79.8,mastr_offshore_units.csv.xz
DE-SEE949947257958,Germany,Nordsee Ost,German Bight north of 54.3N,North Sea,54.460374,7.668702,6.15,2015-01-23,,MaStR,OWP Nordsee Ost 2,0,34.9,mastr_offshore_units.csv.xz
DE-SEE950049394311,Germany,EnBW Windpark Baltic 2,Kriegers Flak and Baltic 1/2,Skagerrak-Kattegat-Baltic,54.954,13.11885,3.78,2015-07-04,,MaStR,Baltic 2,9,41.8,mastr_offshore_units.csv.xz
DE-SEE950090841468,Germany,Arkona-Becken Südost,Other German Baltic farms,Skagerrak-Kattegat-Baltic,54.787803,14.087586,6.3,2018-10-11,,MaStR,Arkona Becken Süd-Ost,0,92.2,mastr_offshore_units.csv.xz
DE-SEE950111401992,Germany,Baltic Eagle,Other German Baltic farms,Skagerrak-Kattegat-Baltic,54.850604,13.801403,9.525,2024-07-23,,MaStR,Baltic Eagle,0,82.7,mastr_offshore_units.csv.xz
DE-SEE950257585914,Germany,EnBW Hohe See,German Bight north of 54.3N,North Sea,54.449305,6.372274,7.35,2019-08-19,,MaStR,Windpark Hohe See,0,94.2,mastr_offshore_units.csv.xz
DE-SEE950278633540,Germany,Deutsche Bucht,German Bight north of 54.3N,North Sea,54.311543,5.77642,8.4,2019-07-31,,MaStR,Deutsche Bucht,0,99.9,mastr_offshore_units.csv.xz
DE-SEE950296412752,Germany,Borkum Riffgrund 1,German Bight south of 54.3N,North Sea,53.967418,6.594165,4.2,2015-06-09,,MaStR,Borkum Riffgrund 1,0,40.1,mastr_offshore_units.csv.xz
DE-SEE950406622484,Germany,Gode Wind 01,German Bight south of 54.3N,North Sea,54.010933,7.031743,6.264,2016-07-29,,MaStR,Gode Wind 1,0,34.2,mastr_offshore_units.csv.xz
DE-SEE950413682730,Germany,Deutsche Bucht,German Bight north of 54.3N,North Sea,54.300705,5.79421,8.4,2019-07-27,,MaStR,Deutsche Bucht,0,98.3,mastr_offshore_units.csv.xz
DE-SEE950453714132,Germany,EnBW Windpark Baltic 2,Kriegers Flak and Baltic 1/2,Skagerrak-Kattegat-Baltic,54.996736,13.211799,3.78,2015-06-27,,MaStR,Baltic 2,0,47.6,mastr_offshore_units.csv.xz
DE-SEE950577462612,Germany,Baltic Eagle,Other German Baltic farms,Skagerrak-Kattegat-Baltic,54.80676,13.868476,9.525,2024-06-25,,MaStR,Baltic Eagle,0,82.4,mastr_offshore_units.csv.xz
DE-SEE950703241685,Germany,Butendiek,German Bight north of 54.3N,North Sea,55.060243,7.789024,3.6,2015-05-03,,MaStR,Butendiek,0,38.0,mastr_offshore_units.csv.xz
DE-SEE950713643189,Germany,Gode Wind 02,German Bight south of 54.3N,North Sea,54.086105,6.994604,6.264,2016-05-08,,MaStR,Gode Wind 2,0,42.9,mastr_offshore_units.csv.xz
DE-SEE950713955695,Germany,Arkona-Becken Südost,Other German Baltic farms,Skagerrak-Kattegat-Baltic,54.795372,14.085139,6.3,2018-10-08,,MaStR,Arkona Becken Süd-Ost,0,92.5,mastr_offshore_units.csv.xz
DE-SEE950736834267,Germany,EnBW Hohe See,German Bight north of 54.3N,North Sea,54.435323,6.382465,7.35,2019-08-19,,MaStR,Windpark Hohe See,0,92.5,mastr_offshore_units.csv.xz
DE-SEE950812129577,Germany,Baltic Eagle,Other German Baltic farms,Skagerrak-Kattegat-Baltic,54.802412,13.892745,9.525,2024-06-08,,MaStR,Baltic Eagle,0,83.2,mastr_offshore_units.csv.xz
DE-SEE951000432561,Germany,Trianel Windpark Borkum Phase 1,German Bight south of 54.3N,North Sea,54.02696,6.474281,5.0,2015-02-14,,MaStR,Trianel Windpark Borkum,0,50.0,mastr_offshore_units.csv.xz
DE-SEE951166080804,Germany,Kaskasi II,German Bight north of 54.3N,North Sea,54.499996,7.643088,9.0,2022-08-20,,MaStR,OWP Kaskasi,0,39.6,mastr_offshore_units.csv.xz
DE-SEE951203718349,Germany,Borkum Riffgrund 3,German Bight south of 54.3N,North Sea,54.05094,6.28792,11.55,2025-12-24,,MaStR,Borkum Riffgrund 3,0,57.3,mastr_offshore_units.csv.xz
DE-SEE951214676379,Germany,Deutsche Bucht,German Bight south of 54.3N,North Sea,54.289934,5.818702,8.4,2019-07-26,,MaStR,Deutsche Bucht,0,96.4,mastr_offshore_units.csv.xz
DE-SEE951309653650,Germany,EnBW Hohe See,German Bight north of 54.3N,North Sea,54.485862,6.313991,7.35,2019-08-02,,MaStR,Windpark Hohe See,1,99.5,mastr_offshore_units.csv.xz
DE-SEE951334436884,Germany,Veja Mate,German Bight north of 54.3N,North Sea,54.333138,5.909732,6.3,2017-01-22,,MaStR,OWP Veja Mate,0,96.9,mastr_offshore_units.csv.xz
DE-SEE951346504182,Germany,Meerwind Sued/Ost,German Bight north of 54.3N,North Sea,54.386585,7.739903,3.78,2014-12-03,,MaStR,Meerwind Süd|Ost,0,25.5,mastr_offshore_units.csv.xz
DE-SEE951364599849,Germany,Gode Wind 01,German Bight south of 54.3N,North Sea,54.057548,6.944337,6.264,2016-06-12,,MaStR,Gode Wind 1,0,40.8,mastr_offshore_units.csv.xz
DE-SEE951396897678,Germany,Trianel Windpark Borkum Phase 2,German Bight south of 54.3N,North Sea,54.052107,6.417629,6.33,2020-06-24,,MaStR,"Trianel Windpark Borkum, Bauphase 2",1,53.9,mastr_offshore_units.csv.xz
DE-SEE951399349877,Germany,Bard Offshore 1,German Bight north of 54.3N,North Sea,54.302811,5.939377,5.5,2012-08-22,,MaStR,Bard Offshore 1 - C9 - 51573657597,0,93.0,mastr_offshore_units.csv.xz
DE-SEE951484405075,Germany,Trianel Windpark Borkum Phase 2,German Bight south of 54.3N,North Sea,54.016998,6.419674,6.33,2020-04-15,,MaStR,"Trianel Windpark Borkum, Bauphase 2",1,50.2,mastr_offshore_units.csv.xz
DE-SEE951635540037,Germany,Merkur Offshore (MEG Offshore I),German Bight south of 54.3N,North Sea,54.06074,6.57815,6.15,2019-05-12,,MaStR,Merkur Offshore,0,49.5,mastr_offshore_units.csv.xz
DE-SEE951756107133,Germany,Nordergründe,German Bight south of 54.3N,North Sea,53.836417,8.166043,6.15,2017-12-02,,MaStR,OWP Nordergründe,0,17.8,mastr_offshore_units.csv.xz
DE-SEE951810758479,Germany,Veja Mate,German Bight north of 54.3N,North Sea,54.333716,5.872468,6.3,2017-02-19,,MaStR,OWP Veja Mate,0,98.3,mastr_offshore_units.csv.xz
DE-SEE951877287769,Germany,Kaskasi II,German Bight north of 54.3N,North Sea,54.483022,7.668534,9.0,2022-11-30,,MaStR,OWP Kaskasi,0,37.2,mastr_offshore_units.csv.xz
DE-SEE951973535115,Germany,Nordsee Ost,German Bight north of 54.3N,North Sea,54.470832,7.640551,6.15,2015-02-21,,MaStR,OWP Nordsee Ost 1,0,36.8,mastr_offshore_units.csv.xz
DE-SEE951984161846,Germany,Alpha Ventus,German Bight south of 54.3N,North Sea,54.021681,6.618342,5.0,2010-03-28,,MaStR,alpha ventus,0,44.4,mastr_offshore_units.csv.xz
DE-SEE952286886475,Germany,Kaskasi II,German Bight north of 54.3N,North Sea,54.487619,7.640565,9.0,2022-08-29,,MaStR,OWP Kaskasi,0,38.4,mastr_offshore_units.csv.xz
DE-SEE952305802202,Germany,Wikinger,Other German Baltic farms,Skagerrak-Kattegat-Baltic,54.835792,14.054813,5.23,2017-11-09,,MaStR,WIKINGER,0,93.6,mastr_offshore_units.csv.xz
DE-SEE952331270600,Germany,EnBW Windpark Baltic 1,Kriegers Flak and Baltic 1/2,Skagerrak-Kattegat-Baltic,54.620333,12.65475,2.3,2011-04-09,,MaStR,Baltic 1,0,20.2,mastr_offshore_units.csv.xz
DE-SEE952406906649,Germany,Riffgat,German Bight south of 54.3N,North Sea,53.702844,6.510073,3.78,2014-02-19,,MaStR,RIFFGAT,5,17.2,mastr_offshore_units.csv.xz
DE-SEE952457666257,Germany,Merkur Offshore (MEG Offshore I),German Bight south of 54.3N,North Sea,54.03483,6.51659,6.15,2018-11-27,,MaStR,Merkur Offshore,0,49.2,mastr_offshore_units.csv.xz
DE-SEE952462049779,Germany,Riffgat,German Bight south of 54.3N,North Sea,53.691224,6.506098,3.78,2014-02-26,,MaStR,RIFFGAT,0,16.6,mastr_offshore_units.csv.xz
DE-SEE952486684628,Germany,ARCADIS Ost 1,Other German Baltic farms,Skagerrak-Kattegat-Baltic,54.795046,13.707082,9.525,2023-04-23,,MaStR,Arcadis Ost I,0,74.0,mastr_offshore_units.csv.xz
DE-SEE952531352465,Germany,Borkum Riffgrund 3,German Bight south of 54.3N,North Sea,54.05617,6.10083,11.55,2026-01-08,,MaStR,Borkum Riffgrund 3,0,64.5,mastr_offshore_units.csv.xz
DE-SEE952540200726,Germany,Veja Mate,German Bight north of 54.3N,North Sea,54.349118,5.891042,6.3,2017-02-19,,MaStR,OWP Veja Mate,0,99.0,mastr_offshore_units.csv.xz
DE-SEE952559513411,Germany,Gode Wind 3,German Bight south of 54.3N,North Sea,54.093521,7.109037,11.55,2024-05-29,,MaStR,Gode Wind 3,0,42.5,mastr_offshore_units.csv.xz
DE-SEE952614213638,Germany,EnBW Windpark Baltic 2,Kriegers Flak and Baltic 1/2,Skagerrak-Kattegat-Baltic,55.007122,13.16192,3.78,2015-04-29,,MaStR,Baltic 2,0,44.4,mastr_offshore_units.csv.xz
DE-SEE952614704426,Germany,Nordergründe,German Bight south of 54.3N,North Sea,53.844188,8.159095,6.15,2017-11-25,,MaStR,OWP Nordergründe,0,17.6,mastr_offshore_units.csv.xz
DE-SEE952631640653,Germany,Borkum Riffgrund 1,German Bight south of 54.3N,North Sea,53.940446,6.617,4.2,2015-04-20,,MaStR,Borkum Riffgrund 1,4,36.8,mastr_offshore_units.csv.xz
DE-SEE952715348734,Germany,Gode Wind 02,German Bight south of 54.3N,North Sea,54.074439,7.059471,6.264,2016-05-28,,MaStR,Gode Wind 2,1,40.8,mastr_offshore_units.csv.xz
DE-SEE952795158650,Germany,DanTysk,German Bight north of 54.3N,North Sea,55.136478,7.169056,3.78,2014-12-02,,MaStR,OWP DanTysk,0,71.3,mastr_offshore_units.csv.xz
DE-SEE952852898697,Germany,EnBW He Dreiht,German Bight north of 54.3N,North Sea,54.388666,6.143193,15.0,2026-07-14,,MaStR,EnBW He Dreiht,8120,95.3,mastr_offshore_units.csv.xz
DE-SEE952901719850,Germany,EnBW He Dreiht,German Bight north of 54.3N,North Sea,54.343345,6.245333,15.0,2026-07-01,,MaStR,EnBW He Dreiht,9400,87.6,mastr_offshore_units.csv.xz
DE-SEE952934462334,Germany,Wikinger,Other German Baltic farms,Skagerrak-Kattegat-Baltic,54.865816,14.078609,5.23,2017-11-30,,MaStR,WIKINGER,0,96.9,mastr_offshore_units.csv.xz
DE-SEE953104250157,Germany,Nordsee One,German Bight south of 54.3N,North Sea,53.968832,6.770996,6.15,2017-07-12,,MaStR,Nordsee One,0,34.9,mastr_offshore_units.csv.xz
DE-SEE953136628245,Germany,Trianel Windpark Borkum Phase 1,German Bight south of 54.3N,North Sea,54.070058,6.41661,5.0,2015-02-07,,MaStR,Trianel Windpark Borkum,0,55.8,mastr_offshore_units.csv.xz
DE-SEE953148085487,Germany,Global Tech I,German Bight north of 54.3N,North Sea,54.540883,6.318167,5.0,2015-07-18,,MaStR,Global Tech I,0,105.0,mastr_offshore_units.csv.xz
DE-SEE953260844498,Germany,Gode Wind 01,German Bight south of 54.3N,North Sea,54.036338,6.968914,6.264,2016-07-14,,MaStR,Gode Wind 1,0,38.0,mastr_offshore_units.csv.xz
DE-SEE953325996100,Germany,Amrumbank West,German Bight north of 54.3N,North Sea,54.517171,7.703883,3.78,2015-09-27,,MaStR,Amrumbank-West,0,40.0,mastr_offshore_units.csv.xz
DE-SEE953449671655,Germany,Trianel Windpark Borkum Phase 2,German Bight south of 54.3N,North Sea,54.088293,6.4753,6.33,2019-12-18,,MaStR,"Trianel Windpark Borkum, Bauphase 2",0,55.6,mastr_offshore_units.csv.xz
DE-SEE953495185281,Germany,OWP Windanker,Other German Baltic farms,Skagerrak-Kattegat-Baltic,54.866929,14.012747,15.0,2026-08-22,,MaStR,OWP Windanker,2334,93.8,mastr_offshore_units.csv.xz
DE-SEE953518902390,Germany,Riffgat,German Bight south of 54.3N,North Sea,53.687242,6.438725,3.78,2014-02-28,,MaStR,RIFFGAT,2,19.5,mastr_offshore_units.csv.xz
DE-SEE953575278629,Germany,Nordsee Ost,German Bight north of 54.3N,North Sea,54.428034,7.668565,6.15,2015-05-04,,MaStR,OWP Nordsee Ost 1,0,31.7,mastr_offshore_units.csv.xz
DE-SEE953749377837,Germany,Borkum Riffgrund 2,German Bight south of 54.3N,North Sea,53.92417,6.547653,8.3,2018-09-28,,MaStR,Borkum Riffgrund 2,0,37.7,mastr_offshore_units.csv.xz
DE-SEE953751392026,Germany,Borkum Riffgrund 3,German Bight south of 54.3N,North Sea,54.06617,6.10828,11.55,2026-01-18,,MaStR,Borkum Riffgrund 3,4,65.1,mastr_offshore_units.csv.xz
DE-SEE953798438886,Germany,Veja Mate,German Bight north of 54.3N,North Sea,54.326009,5.856557,6.3,2017-03-06,,MaStR,OWP Veja Mate,0,98.2,mastr_offshore_units.csv.xz
DE-SEE953800997981,Germany,Borkum Riffgrund 1,German Bight south of 54.3N,North Sea,53.947197,6.559891,4.2,2015-05-26,,MaStR,Borkum Riffgrund 1,0,39.7,mastr_offshore_units.csv.xz
DE-SEE954133602054,Germany,Gode Wind 02,German Bight south of 54.3N,North Sea,54.050316,6.997143,6.264,2016-02-28,,MaStR,Gode Wind 2,0,39.0,mastr_offshore_units.csv.xz
DE-SEE954221257586,Germany,Sandbank,German Bight north of 54.3N,North Sea,55.186703,6.867806,4.2,2017-01-25,,MaStR,OWP Sandbank,0,88.3,mastr_offshore_units.csv.xz
DE-SEE954225937842,Germany,Trianel Windpark Borkum Phase 1,German Bight south of 54.3N,North Sea,54.087914,6.443083,5.0,2015-05-13,,MaStR,Trianel Windpark Borkum,0,56.8,mastr_offshore_units.csv.xz
DE-SEE954229210972,Germany,Veja Mate,German Bight south of 54.3N,North Sea,54.274939,5.851187,6.3,2017-04-25,,MaStR,OWP Veja Mate,0,93.8,mastr_offshore_units.csv.xz
DE-SEE954247613335,Germany,EnBW He Dreiht,German Bight north of 54.3N,North Sea,54.34682,6.201794,15.0,2026-03-01,,MaStR,EnBW He Dreiht,11244,89.4,mastr_offshore_units.csv.xz
DE-SEE954288609311,Germany,EnBW Windpark Baltic 2,Kriegers Flak and Baltic 1/2,Skagerrak-Kattegat-Baltic,54.988497,13.14818,3.78,2015-05-12,,MaStR,Baltic 2,0,43.5,mastr_offshore_units.csv.xz
DE-SEE954315066100,Germany,Merkur Offshore (MEG Offshore I),German Bight south of 54.3N,North Sea,54.0281,6.5426,6.15,2019-02-02,,MaStR,Merkur Offshore,0,47.6,mastr_offshore_units.csv.xz
DE-SEE954361698188,Germany,Gode Wind 01,German Bight south of 54.3N,North Sea,54.026962,7.044292,15.0,2026-09-15,,MaStR,NC 1,1195,35.7,mastr_offshore_units.csv.xz
DE-SEE954419921961,Germany,Gode Wind 3,German Bight south of 54.3N,North Sea,54.00589,7.0764,11.55,2024-08-13,,MaStR,Gode Wind 3,1,33.0,mastr_offshore_units.csv.xz
DE-SEE954492825392,Germany,Kaskasi II,German Bight north of 54.3N,North Sea,54.487138,7.726045,9.0,2022-07-31,,MaStR,OWP Kaskasi,0,36.4,mastr_offshore_units.csv.xz
DE-SEE954527536378,Germany,Borkum Riffgrund 3,German Bight south of 54.3N,North Sea,54.05572,6.24485,11.55,2025-12-25,,MaStR,Borkum Riffgrund 3,0,59.1,mastr_offshore_units.csv.xz
DE-SEE954549397025,Germany,Borkum Riffgrund 3,German Bight south of 54.3N,North Sea,54.06743,6.25094,11.55,2025-12-17,,MaStR,Borkum Riffgrund 3,0,60.1,mastr_offshore_units.csv.xz
DE-SEE954607483172,Germany,Nordsee Ost,German Bight north of 54.3N,North Sea,54.411527,7.640324,6.15,2015-07-17,,MaStR,OWP Nordsee Ost 2,2,31.0,mastr_offshore_units.csv.xz
DE-SEE954719207161,Germany,Bard Offshore 1,German Bight north of 54.3N,North Sea,54.34559,6.018187,5.5,2010-12-10,,MaStR,Bard Offshore 1 - C12 - 51573657638,0,94.5,mastr_offshore_units.csv.xz
DE-SEE954880411961,Germany,Sandbank,German Bight north of 54.3N,North Sea,55.253314,6.810119,4.2,2016-12-08,,MaStR,OWP Sandbank,0,89.1,mastr_offshore_units.csv.xz
DE-SEE954911618345,Germany,Amrumbank West,German Bight north of 54.3N,North Sea,54.52802,7.653833,3.78,2015-08-15,,MaStR,Amrumbank-West,0,42.2,mastr_offshore_units.csv.xz
DE-SEE954941144418,Germany,Gode Wind 01,German Bight south of 54.3N,North Sea,54.064965,6.942896,6.264,2016-07-13,,MaStR,Gode Wind 1,0,41.6,mastr_offshore_units.csv.xz
DE-SEE954993917022,Germany,Sandbank,German Bight north of 54.3N,North Sea,55.151442,6.880947,4.2,2017-01-24,,MaStR,OWP Sandbank,0,88.4,mastr_offshore_units.csv.xz
DE-SEE955134309003,Germany,EnBW Windpark Baltic 1,Kriegers Flak and Baltic 1/2,Skagerrak-Kattegat-Baltic,54.600139,12.63,2.3,2011-04-03,,MaStR,Baltic 1,0,17.5,mastr_offshore_units.csv.xz
DE-SEE955135617985,Germany,Arkona-Becken Südost,Other German Baltic farms,Skagerrak-Kattegat-Baltic,54.801471,14.150038,6.3,2018-09-21,,MaStR,Arkona Becken Süd-Ost,0,96.3,mastr_offshore_units.csv.xz
DE-SEE955215044762,Germany,Baltic Eagle,Other German Baltic farms,Skagerrak-Kattegat-Baltic,54.819039,13.844835,9.525,2024-06-17,,MaStR,Baltic Eagle,0,82.2,mastr_offshore_units.csv.xz
DE-SEE955259727621,Germany,Gode Wind 02,German Bight south of 54.3N,North Sea,54.056344,7.007426,6.264,2016-02-28,,MaStR,Gode Wind 2,0,39.4,mastr_offshore_units.csv.xz
DE-SEE955299864584,Germany,Gode Wind 01,German Bight south of 54.3N,North Sea,54.020523,7.013805,6.264,2016-07-30,,MaStR,Gode Wind 1,0,35.5,mastr_offshore_units.csv.xz
DE-SEE955300367745,Germany,Butendiek,German Bight north of 54.3N,North Sea,55.008039,7.788445,3.6,2015-03-25,,MaStR,Butendiek,0,35.7,mastr_offshore_units.csv.xz
DE-SEE955323186743,Germany,EnBW Hohe See,German Bight north of 54.3N,North Sea,54.409602,6.355038,7.35,2019-08-04,,MaStR,Windpark Hohe See,0,90.7,mastr_offshore_units.csv.xz
DE-SEE955410094043,Germany,Gode Wind 01,German Bight south of 54.3N,North Sea,54.038525,6.979779,6.264,2016-07-17,,MaStR,Gode Wind 1,0,38.0,mastr_offshore_units.csv.xz
DE-SEE955455904161,Germany,EnBW Hohe See,German Bight north of 54.3N,North Sea,54.437468,6.347722,7.35,2019-08-09,,MaStR,Windpark Hohe See,0,93.7,mastr_offshore_units.csv.xz
DE-SEE955473336197,Germany,DanTysk,German Bight north of 54.3N,North Sea,55.188444,7.217414,3.78,2015-03-13,,MaStR,OWP DanTysk,4,66.6,mastr_offshore_units.csv.xz
DE-SEE955512223747,Germany,Sandbank,German Bight north of 54.3N,North Sea,55.14465,6.899817,4.2,2016-09-26,,MaStR,OWP Sandbank,0,87.5,mastr_offshore_units.csv.xz
DE-SEE955548975719,Germany,Nordergründe,German Bight south of 54.3N,North Sea,53.840987,8.164068,6.15,2017-11-30,,MaStR,OWP Nordergründe,0,17.8,mastr_offshore_units.csv.xz
DE-SEE955562201870,Germany,Global Tech I,German Bight north of 54.3N,North Sea,54.485877,6.381124,5.0,2015-05-04,,MaStR,Global Tech I,0,97.8,mastr_offshore_units.csv.xz
DE-SEE955563231241,Germany,DanTysk,German Bight north of 54.3N,North Sea,55.074086,7.226308,3.78,2015-01-31,,MaStR,OWP DanTysk,0,70.6,mastr_offshore_units.csv.xz
DE-SEE955823677963,Germany,EnBW Hohe See,German Bight north of 54.3N,North Sea,54.397372,6.370645,7.35,2019-08-13,,MaStR,Windpark Hohe See,0,89.0,mastr_offshore_units.csv.xz
DE-SEE955823968474,Germany,DanTysk,German Bight north of 54.3N,North Sea,55.091486,7.225711,3.78,2014-12-05,,MaStR,OWP DanTysk,0,69.8,mastr_offshore_units.csv.xz
DE-SEE955833636899,Germany,Butendiek,German Bight north of 54.3N,North Sea,54.996367,7.788611,3.6,2015-06-13,,MaStR,Butendiek,0,35.2,mastr_offshore_units.csv.xz
DE-SEE955845931579,Germany,Nordsee One,German Bight south of 54.3N,North Sea,53.985343,6.82695,6.15,2017-08-08,,MaStR,Nordsee One,0,35.7,mastr_offshore_units.csv.xz
DE-SEE955952672709,Germany,Meerwind Sued/Ost,German Bight north of 54.3N,North Sea,54.352303,7.652546,3.78,2014-11-30,,MaStR,Meerwind Süd|Ost,0,25.2,mastr_offshore_units.csv.xz
DE-SEE956019505732,Germany,Trianel Windpark Borkum Phase 2,German Bight south of 54.3N,North Sea,54.043962,6.41812,6.33,2020-06-10,,MaStR,"Trianel Windpark Borkum, Bauphase 2",0,53.0,mastr_offshore_units.csv.xz
DE-SEE956068188108,Germany,Global Tech I,German Bight north of 54.3N,North Sea,54.510318,6.37512,5.0,2015-07-11,,MaStR,Global Tech I,0,100.4,mastr_offshore_units.csv.xz
DE-SEE956115765467,Germany,Sandbank,German Bight north of 54.3N,North Sea,55.156581,6.846614,4.2,2017-01-23,,MaStR,OWP Sandbank,0,90.4,mastr_offshore_units.csv.xz
DE-SEE956142247240,Germany,DanTysk,German Bight north of 54.3N,North Sea,55.169528,7.182442,3.78,2015-03-12,,MaStR,OWP DanTysk,0,69.4,mastr_offshore_units.csv.xz
DE-SEE956151701993,Germany,Arkona-Becken Südost,Other German Baltic farms,Skagerrak-Kattegat-Baltic,54.781342,14.055297,6.3,2018-10-14,,MaStR,Arkona Becken Süd-Ost,0,90.0,mastr_offshore_units.csv.xz
DE-SEE956255402130,Germany,Baltic Eagle,Other German Baltic farms,Skagerrak-Kattegat-Baltic,54.789221,13.921486,9.525,2024-05-02,,MaStR,Baltic Eagle,0,83.7,mastr_offshore_units.csv.xz
DE-SEE956282536914,Germany,EnBW He Dreiht,German Bight north of 54.3N,North Sea,54.435058,6.134056,15.0,2026-09-08,,MaStR,EnBW He Dreiht,7659,100.1,mastr_offshore_units.csv.xz
DE-SEE956291830935,Germany,Meerwind Sued/Ost,German Bight north of 54.3N,North Sea,54.382211,7.6938,3.78,2014-12-04,,MaStR,Meerwind Süd|Ost,0,26.4,mastr_offshore_units.csv.xz
DE-SEE956334550196,Germany,Baltic Eagle,Other German Baltic farms,Skagerrak-Kattegat-Baltic,54.834423,13.841181,9.525,2024-07-20,,MaStR,Baltic Eagle,0,83.2,mastr_offshore_units.csv.xz
DE-SEE956334617752,Germany,Borkum Riffgrund 2,German Bight south of 54.3N,North Sea,53.961112,6.47988,8.3,2018-08-16,,MaStR,Borkum Riffgrund 2,0,42.9,mastr_offshore_units.csv.xz
DE-SEE956360440560,Germany,Merkur Offshore (MEG Offshore I),German Bight south of 54.3N,North Sea,54.0075,6.5288,6.15,2019-02-05,,MaStR,Merkur Offshore,0,46.2,mastr_offshore_units.csv.xz
DE-SEE956396803469,Germany,EnBW Windpark Baltic 1,Kriegers Flak and Baltic 1/2,Skagerrak-Kattegat-Baltic,54.618194,12.667139,2.3,2011-05-01,,MaStR,Baltic 1,0,20.2,mastr_offshore_units.csv.xz
DE-SEE956466610416,Germany,EnBW He Dreiht,German Bight north of 54.3N,North Sea,54.350401,6.186067,15.0,2026-02-26,,MaStR,EnBW He Dreiht,10916,90.3,mastr_offshore_units.csv.xz
DE-SEE956510161277,Germany,Bard Offshore 1,German Bight north of 54.3N,North Sea,54.387299,5.939595,5.5,2013-08-01,,MaStR,Bard Offshore 1 - C5 - 51573657555,0,101.0,mastr_offshore_units.csv.xz
DE-SEE956610212619,Germany,Borkum Riffgrund 3,German Bight south of 54.3N,North Sea,54.03772,6.09422,11.55,2025-12-05,,MaStR,Borkum Riffgrund 3,2,63.2,mastr_offshore_units.csv.xz
DE-SEE956636546699,Germany,Trianel Windpark Borkum Phase 1,German Bight south of 54.3N,North Sea,54.015884,6.461102,5.0,2015-04-04,,MaStR,Trianel Windpark Borkum,0,49.1,mastr_offshore_units.csv.xz
DE-SEE956688133816,Germany,OWP Windanker,Other German Baltic farms,Skagerrak-Kattegat-Baltic,54.89685,14.026072,15.0,2026-08-24,,MaStR,OWP Windanker,4044,96.6,mastr_offshore_units.csv.xz
DE-SEE956713993651,Germany,Borkum Riffgrund 2,German Bight south of 54.3N,North Sea,53.980419,6.456961,8.3,2018-09-05,,MaStR,Borkum Riffgrund 2,0,45.5,mastr_offshore_units.csv.xz
DE-SEE956742892048,Germany,OWP Windanker,Other German Baltic farms,Skagerrak-Kattegat-Baltic,54.921458,14.030167,15.0,2026-08-29,,MaStR,OWP Windanker,6221,98.7,mastr_offshore_units.csv.xz
DE-SEE956749757418,Germany,Sandbank,German Bight north of 54.3N,North Sea,55.126881,6.906628,4.2,2016-09-24,,MaStR,OWP Sandbank,1,87.6,mastr_offshore_units.csv.xz
DE-SEE956837862925,Germany,OWP Windanker,Other German Baltic farms,Skagerrak-Kattegat-Baltic,54.879447,14.0294,15.0,2026-08-22,,MaStR,OWP Windanker,2425,95.5,mastr_offshore_units.csv.xz
DE-SEE956901092579,Germany,Nordergründe,German Bight south of 54.3N,North Sea,53.828731,8.182909,6.15,2017-11-26,,MaStR,OWP Nordergründe,5,18.6,mastr_offshore_units.csv.xz
DE-SEE956940278347,Germany,Alpha Ventus,German Bight south of 54.3N,North Sea,54.007503,6.60711,5.0,2009-08-05,,MaStR,alpha ventus,0,43.4,mastr_offshore_units.csv.xz
DE-SEE956953405204,Germany,Bard Offshore 1,German Bight north of 54.3N,North Sea,54.345256,5.949504,5.5,2013-08-26,,MaStR,Bard Offshore 1 - C6 - 51573657563,0,96.7,mastr_offshore_units.csv.xz
DE-SEE957109859421,Germany,Sandbank,German Bight north of 54.3N,North Sea,55.283725,6.831311,4.2,2016-10-07,,MaStR,OWP Sandbank,0,86.6,mastr_offshore_units.csv.xz
DE-SEE957309523467,Germany,Baltic Eagle,Other German Baltic farms,Skagerrak-Kattegat-Baltic,54.821274,13.801402,9.525,2024-08-31,,MaStR,Baltic Eagle,0,80.4,mastr_offshore_units.csv.xz
DE-SEE957319204707,Germany,Nordsee One,German Bight south of 54.3N,North Sea,53.971768,6.841131,6.15,2017-06-26,,MaStR,Nordsee One,0,34.1,mastr_offshore_units.csv.xz
DE-SEE957404110654,Germany,Albatros,German Bight north of 54.3N,North Sea,54.489771,6.211281,7.35,2020-01-09,,MaStR,Windpark Albatros,0,102.8,mastr_offshore_units.csv.xz
DE-SEE957491657803,Germany,Baltic Eagle,Other German Baltic farms,Skagerrak-Kattegat-Baltic,54.851151,13.857955,9.525,2024-09-20,,MaStR,Baltic Eagle,0,85.3,mastr_offshore_units.csv.xz
DE-SEE957533327404,Germany,EnBW He Dreiht,German Bight north of 54.3N,North Sea,54.381258,6.198064,15.0,2026-03-21,,MaStR,EnBW He Dreiht,8854,92.8,mastr_offshore_units.csv.xz
DE-SEE957606512058,Germany,Butendiek,German Bight north of 54.3N,North Sea,55.029635,7.748455,3.6,2015-08-02,,MaStR,Butendiek,0,38.9,mastr_offshore_units.csv.xz
DE-SEE957759462743,Germany,Kaskasi II,German Bight north of 54.3N,North Sea,54.478086,7.725029,9.0,2022-11-26,,MaStR,OWP Kaskasi,0,35.4,mastr_offshore_units.csv.xz
DE-SEE957800907780,Germany,EnBW Windpark Baltic 1,Kriegers Flak and Baltic 1/2,Skagerrak-Kattegat-Baltic,54.612806,12.667139,2.3,2011-04-10,,MaStR,Baltic 1,0,19.6,mastr_offshore_units.csv.xz
DE-SEE957925285947,Germany,Riffgat,German Bight south of 54.3N,North Sea,53.697609,6.512171,3.78,2014-02-23,,MaStR,RIFFGAT,1,16.7,mastr_offshore_units.csv.xz
DE-SEE958156335036,Germany,OWP Windanker,Other German Baltic farms,Skagerrak-Kattegat-Baltic,54.913915,14.013296,15.0,2026-08-24,,MaStR,OWP Windanker,6075,97.3,mastr_offshore_units.csv.xz
DE-SEE958194208347,Germany,Global Tech I,German Bight north of 54.3N,North Sea,54.485885,6.367082,5.0,2014-10-16,,MaStR,Global Tech I,0,98.1,mastr_offshore_units.csv.xz
DE-SEE958323106612,Germany,Butendiek,German Bight north of 54.3N,North Sea,55.0358,7.791143,3.6,2015-04-27,,MaStR,Butendiek,0,36.7,mastr_offshore_units.csv.xz
DE-SEE958355312814,Germany,Veja Mate,German Bight south of 54.3N,North Sea,54.275,5.910106,6.3,2017-05-16,,MaStR,OWP Veja Mate,0,91.5,mastr_offshore_units.csv.xz
DE-SEE958452740237,Germany,Merkur Offshore (MEG Offshore I),German Bight south of 54.3N,North Sea,54.04876,6.56643,6.15,2019-04-16,,MaStR,Merkur Offshore,0,48.7,mastr_offshore_units.csv.xz
DE-SEE958518443744,Germany,Gode Wind 3,German Bight south of 54.3N,North Sea,54.00908,7.12053,11.55,2024-05-11,,MaStR,Gode Wind 3,0,33.1,mastr_offshore_units.csv.xz
DE-SEE958595221372,Germany,Borkum Riffgrund 3,German Bight south of 54.3N,North Sea,54.03848,6.15947,11.55,2026-04-21,,MaStR,Borkum Riffgrund 3,0,60.6,mastr_offshore_units.csv.xz
DE-SEE958718467632,Germany,Nordsee Ost,German Bight north of 54.3N,North Sea,54.471638,7.711101,6.15,2015-03-26,,MaStR,OWP Nordsee Ost 2,0,35.0,mastr_offshore_units.csv.xz
DE-SEE958752243384,Germany,Butendiek,German Bight north of 54.3N,North Sea,54.97827,7.784151,3.6,2015-07-04,,MaStR,Butendiek,0,34.9,mastr_offshore_units.csv.xz
DE-SEE958799951570,Germany,Global Tech I,German Bight north of 54.3N,North Sea,54.47977,6.377249,5.0,2015-04-28,,MaStR,Global Tech I,0,97.2,mastr_offshore_units.csv.xz
DE-SEE958810812781,Germany,Gode Wind 02,German Bight south of 54.3N,North Sea,54.086108,7.01577,6.264,2016-05-07,,MaStR,Gode Wind 2,0,42.6,mastr_offshore_units.csv.xz
DE-SEE958868735247,Germany,Borkum Riffgrund 1,German Bight south of 54.3N,North Sea,53.967388,6.537,4.2,2015-06-14,,MaStR,Borkum Riffgrund 1,0,42.4,mastr_offshore_units.csv.xz
DE-SEE958930745235,Germany,Meerwind Sued/Ost,German Bight north of 54.3N,North Sea,54.429998,7.738663,3.78,2014-09-30,,MaStR,Meerwind Süd|Ost,0,30.1,mastr_offshore_units.csv.xz
DE-SEE958959479630,Germany,Borkum Riffgrund 3,German Bight south of 54.3N,North Sea,54.05509,6.15518,11.55,2026-04-04,,MaStR,Borkum Riffgrund 3,0,62.3,mastr_offshore_units.csv.xz
DE-SEE959063104845,Germany,Meerwind Sued/Ost,German Bight north of 54.3N,North Sea,54.433849,7.752528,3.78,2014-11-21,,MaStR,Meerwind Süd|Ost,0,30.2,mastr_offshore_units.csv.xz
DE-SEE959120227265,Germany,EnBW Windpark Baltic 1,Kriegers Flak and Baltic 1/2,Skagerrak-Kattegat-Baltic,54.604472,12.655083,2.3,2011-04-10,,MaStR,Baltic 1,0,18.5,mastr_offshore_units.csv.xz
DE-SEE959145047701,Germany,Veja Mate,German Bight south of 54.3N,North Sea,54.281238,5.910127,6.3,2017-05-31,,MaStR,OWP Veja Mate,4,92.1,mastr_offshore_units.csv.xz
DE-SEE959147741911,Germany,Veja Mate,German Bight north of 54.3N,North Sea,54.318356,5.891127,6.3,2017-05-19,,MaStR,OWP Veja Mate,0,96.2,mastr_offshore_units.csv.xz
DE-SEE959153458698,Germany,Arkona-Becken Südost,Other German Baltic farms,Skagerrak-Kattegat-Baltic,54.787911,14.122602,6.3,2018-09-29,,MaStR,Arkona Becken Süd-Ost,0,94.0,mastr_offshore_units.csv.xz
DE-SEE959155196529,Germany,Trianel Windpark Borkum Phase 1,German Bight south of 54.3N,North Sea,54.087559,6.415597,5.0,2015-05-27,,MaStR,Trianel Windpark Borkum,0,57.6,mastr_offshore_units.csv.xz
DE-SEE959171440316,Germany,EnBW He Dreiht,German Bight north of 54.3N,North Sea,54.331782,6.181478,15.0,2026-09-01,,MaStR,EnBW He Dreiht,10622,88.5,mastr_offshore_units.csv.xz
DE-SEE959582700153,Germany,Veja Mate,German Bight north of 54.3N,North Sea,54.346578,5.840241,6.3,2017-03-31,,MaStR,OWP Veja Mate,5,100.6,mastr_offshore_units.csv.xz
DE-SEE959633013072,Germany,Riffgat,German Bight south of 54.3N,North Sea,53.700548,6.493751,3.78,2014-02-24,,MaStR,RIFFGAT,0,17.9,mastr_offshore_units.csv.xz
DE-SEE959645341248,Germany,Meerwind Sued/Ost,German Bight north of 54.3N,North Sea,54.406907,7.744923,3.78,2015-01-21,,MaStR,Meerwind Süd|Ost,0,27.5,mastr_offshore_units.csv.xz
DE-SEE959675772456,Germany,Butendiek,German Bight north of 54.3N,North Sea,54.988748,7.772989,3.6,2015-04-04,,MaStR,Butendiek,0,35.9,mastr_offshore_units.csv.xz
DE-SEE959710005556,Germany,Merkur Offshore (MEG Offshore I),German Bight south of 54.3N,North Sea,54.08581,6.56441,6.15,2019-04-25,,MaStR,Merkur Offshore,1,52.4,mastr_offshore_units.csv.xz
DE-SEE959769343111,Germany,Nordergründe,German Bight south of 54.3N,North Sea,53.841391,8.176948,6.15,2017-12-02,,MaStR,OWP Nordergründe,15,18.6,mastr_offshore_units.csv.xz
DE-SEE959815751341,Germany,Wikinger,Other German Baltic farms,Skagerrak-Kattegat-Baltic,54.821132,14.053015,5.23,2017-11-20,,MaStR,WIKINGER,0,92.6,mastr_offshore_units.csv.xz
DE-SEE959825946355,Germany,DanTysk,German Bight north of 54.3N,North Sea,55.081925,7.225806,3.78,2015-02-11,,MaStR,OWP DanTysk,0,70.3,mastr_offshore_units.csv.xz
DE-SEE959861452193,Germany,EnBW Hohe See,German Bight north of 54.3N,North Sea,54.40989,6.374406,7.35,2019-08-20,,MaStR,Windpark Hohe See,0,90.2,mastr_offshore_units.csv.xz
DE-SEE959897777345,Germany,Meerwind Sued/Ost,German Bight north of 54.3N,North Sea,54.407886,7.686036,3.78,2014-09-03,,MaStR,Meerwind Süd|Ost,0,29.2,mastr_offshore_units.csv.xz
DE-SEE959924804518,Germany,Wikinger,Other German Baltic farms,Skagerrak-Kattegat-Baltic,54.852242,14.067419,5.23,2017-11-20,,MaStR,WIKINGER,0,95.4,mastr_offshore_units.csv.xz
DE-SEE959999772286,Germany,Trianel Windpark Borkum Phase 2,German Bight south of 54.3N,North Sea,54.060802,6.430945,5.0,2015-02-01,,MaStR,Trianel Windpark Borkum,0,54.5,mastr_offshore_units.csv.xz
DE-SEE960012982162,Germany,Trianel Windpark Borkum Phase 2,German Bight south of 54.3N,North Sea,54.088706,6.509169,6.33,2019-11-17,,MaStR,"Trianel Windpark Borkum, Bauphase 2",0,54.5,mastr_offshore_units.csv.xz
DE-SEE960078708294,Germany,Wikinger,Other German Baltic farms,Skagerrak-Kattegat-Baltic,54.844359,14.119046,5.23,2017-11-13,,MaStR,WIKINGER,7,97.5,mastr_offshore_units.csv.xz
DE-SEE960091807516,Germany,Borkum Riffgrund 3,German Bight south of 54.3N,North Sea,54.06826,6.13791,11.55,2026-02-17,,MaStR,Borkum Riffgrund 3,1,64.1,mastr_offshore_units.csv.xz
DE-SEE960131899624,Germany,Amrumbank West,German Bight north of 54.3N,North Sea,54.533427,7.653833,3.78,2015-08-30,,MaStR,Amrumbank West,0,42.8,mastr_offshore_units.csv.xz
DE-SEE960190760606,Germany,Amrumbank West,German Bight north of 54.3N,North Sea,54.538836,7.679077,3.78,2015-07-16,,MaStR,Amrumbank West,0,42.8,mastr_offshore_units.csv.xz
DE-SEE960240224478,Germany,Nordsee Ost,German Bight north of 54.3N,North Sea,54.466396,7.72511,6.15,2015-03-27,,MaStR,OWP Nordsee Ost 1,0,34.2,mastr_offshore_units.csv.xz
DE-SEE960305116236,Germany,Veja Mate,German Bight south of 54.3N,North Sea,54.289533,5.910013,6.3,2017-05-19,,MaStR,OWP Veja Mate,0,92.8,mastr_offshore_units.csv.xz
DE-SEE960370788581,Germany,Baltic Eagle,Other German Baltic farms,Skagerrak-Kattegat-Baltic,54.836355,13.861464,9.525,2024-07-23,,MaStR,Baltic Eagle,0,84.3,mastr_offshore_units.csv.xz
DE-SEE960453918003,Germany,Borkum Riffgrund 1,German Bight south of 54.3N,North Sea,53.960665,6.582727,4.2,2015-06-13,,MaStR,Borkum Riffgrund 1,0,39.9,mastr_offshore_units.csv.xz
DE-SEE960487262875,Germany,Borkum Riffgrund 2,German Bight south of 54.3N,North Sea,53.960602,6.468454,8.3,2018-09-30,,MaStR,Borkum Riffgrund 2,0,43.2,mastr_offshore_units.csv.xz
DE-SEE960499135624,Germany,Veja Mate,German Bight north of 54.3N,North Sea,54.382881,5.92675,6.3,2017-02-06,,MaStR,OWP Veja Mate,0,101.0,mastr_offshore_units.csv.xz
DE-SEE960583451050,Germany,Veja Mate,German Bight north of 54.3N,North Sea,54.354942,5.909597,6.3,2017-01-27,,MaStR,OWP Veja Mate,0,98.9,mastr_offshore_units.csv.xz
DE-SEE960736344628,Germany,Meerwind Sued/Ost,German Bight north of 54.3N,North Sea,54.374347,7.641273,3.78,2014-09-07,,MaStR,Meerwind Süd|Ost,0,27.5,mastr_offshore_units.csv.xz
DE-SEE960825197302,Germany,Global Tech I,German Bight north of 54.3N,North Sea,54.528651,6.364219,5.0,2015-07-18,,MaStR,Global Tech I,0,102.6,mastr_offshore_units.csv.xz
DE-SEE960890844446,Germany,Nordsee Ost,German Bight north of 54.3N,North Sea,54.427704,7.640376,6.15,2015-08-02,,MaStR,OWP Nordsee Ost 1,2,32.5,mastr_offshore_units.csv.xz
DE-SEE960924399607,Germany,DanTysk,German Bight north of 54.3N,North Sea,55.231861,7.185703,3.78,2015-02-13,,MaStR,OWP DanTysk,0,67.5,mastr_offshore_units.csv.xz
DE-SEE960946826587,Germany,Trianel Windpark Borkum Phase 2,German Bight south of 54.3N,North Sea,54.039271,6.487383,5.0,2015-05-24,,MaStR,Trianel Windpark Borkum,0,50.7,mastr_offshore_units.csv.xz
DE-SEE961029147148,Germany,Borkum Riffgrund 1,German Bight south of 54.3N,North Sea,53.967361,6.502727,4.2,2015-06-23,,MaStR,Borkum Riffgrund 1,0,43.1,mastr_offshore_units.csv.xz
DE-SEE961104009422,Germany,Meerwind Sued/Ost,German Bight north of 54.3N,North Sea,54.415402,7.763062,3.78,2015-01-20,,MaStR,Meerwind Süd|Ost,0,28.0,mastr_offshore_units.csv.xz
DE-SEE961140291966,Germany,DanTysk,German Bight north of 54.3N,North Sea,55.208664,7.193658,3.78,2015-03-13,,MaStR,OWP DanTysk,0,67.5,mastr_offshore_units.csv.xz
DE-SEE961232711891,Germany,Gode Wind 3,German Bight south of 54.3N,North Sea,54.085471,7.111502,11.55,2024-05-24,,MaStR,Gode Wind 3,0,41.6,mastr_offshore_units.csv.xz
DE-SEE961434312513,Germany,Amrumbank West,German Bight north of 54.3N,North Sea,54.5118,7.691478,3.78,2015-09-21,,MaStR,Amrumbank-West,0,39.7,mastr_offshore_units.csv.xz
DE-SEE961457597966,Germany,DanTysk,German Bight north of 54.3N,North Sea,55.196944,7.215086,3.78,2015-02-17,,MaStR,OWP DanTysk,0,66.5,mastr_offshore_units.csv.xz
DE-SEE961483893148,Germany,Gode Wind 02,German Bight south of 54.3N,North Sea,54.086885,7.080652,6.264,2016-06-12,,MaStR,Gode Wind 2,0,42.0,mastr_offshore_units.csv.xz
DE-SEE961559897933,Germany,Butendiek,German Bight north of 54.3N,North Sea,55.015709,7.79992,3.6,2015-06-13,,MaStR,Butendiek,0,35.3,mastr_offshore_units.csv.xz
DE-SEE961578300032,Germany,EnBW Hohe See,German Bight north of 54.3N,North Sea,54.442579,6.367836,7.35,2019-08-12,,MaStR,Windpark Hohe See,0,93.7,mastr_offshore_units.csv.xz
DE-SEE961584153271,Germany,Sandbank,German Bight north of 54.3N,North Sea,55.191831,6.833483,4.2,2016-12-14,,MaStR,OWP Sandbank,0,90.4,mastr_offshore_units.csv.xz
DE-SEE961777627381,Germany,EnBW Hohe See,German Bight north of 54.3N,North Sea,54.428501,6.318769,7.35,2019-08-23,,MaStR,Windpark Hohe See,0,93.6,mastr_offshore_units.csv.xz
DE-SEE961839154510,Germany,Gode Wind 3,German Bight south of 54.3N,North Sea,54.071235,7.098166,11.55,2024-06-25,,MaStR,Gode Wind 3,2,40.1,mastr_offshore_units.csv.xz
DE-SEE961855504658,Germany,Sandbank,German Bight north of 54.3N,North Sea,55.195723,6.864405,4.2,2016-11-07,,MaStR,OWP Sandbank,0,88.3,mastr_offshore_units.csv.xz
DE-SEE961879333470,Germany,Gode Wind 02,German Bight south of 54.3N,North Sea,54.07988,7.005203,6.264,2016-07-07,,MaStR,Gode Wind 2,0,42.0,mastr_offshore_units.csv.xz
DE-SEE961938589381,Germany,Butendiek,German Bight north of 54.3N,North Sea,54.993202,7.756514,3.6,2015-06-21,,MaStR,Butendiek,0,37.1,mastr_offshore_units.csv.xz
DE-SEE962060710131,Germany,EnBW Windpark Baltic 2,Kriegers Flak and Baltic 1/2,Skagerrak-Kattegat-Baltic,55.005332,13.151636,3.78,2015-05-11,,MaStR,Baltic 2,0,43.8,mastr_offshore_units.csv.xz
DE-SEE962090548421,Germany,Borkum Riffgrund 1,German Bight south of 54.3N,North Sea,53.940447,6.582723,4.2,2015-06-11,,MaStR,Borkum Riffgrund 1,0,38.2,mastr_offshore_units.csv.xz
DE-SEE962182508333,Germany,EnBW Windpark Baltic 2,Kriegers Flak and Baltic 1/2,Skagerrak-Kattegat-Baltic,55.001589,13.186878,3.78,2015-05-03,,MaStR,Baltic 2,0,46.0,mastr_offshore_units.csv.xz
DE-SEE962183393235,Germany,Butendiek,German Bight north of 54.3N,North Sea,55.01014,7.750447,3.6,2015-03-10,,MaStR,Butendiek,0,38.0,mastr_offshore_units.csv.xz
DE-SEE962275147432,Germany,Borkum Riffgrund 1,German Bight south of 54.3N,North Sea,53.994361,6.548419,4.2,2015-03-27,,MaStR,Borkum Riffgrund 1,0,44.3,mastr_offshore_units.csv.xz
DE-SEE962313155559,Germany,Arkona-Becken Südost,Other German Baltic farms,Skagerrak-Kattegat-Baltic,54.81242,14.155146,6.3,2018-10-12,,MaStR,Arkona Becken Süd-Ost,0,97.3,mastr_offshore_units.csv.xz
DE-SEE962323312157,Germany,Gode Wind 01,German Bight south of 54.3N,North Sea,54.01099,6.951747,6.264,2016-08-02,,MaStR,Gode Wind 1,0,35.8,mastr_offshore_units.csv.xz
DE-SEE962333346746,Germany,EnBW Windpark Baltic 2,Kriegers Flak and Baltic 1/2,Skagerrak-Kattegat-Baltic,54.99895,13.143623,3.78,2015-05-11,,MaStR,Baltic 2,0,43.2,mastr_offshore_units.csv.xz
DE-SEE962359172879,Germany,EnBW Windpark Baltic 1,Kriegers Flak and Baltic 1/2,Skagerrak-Kattegat-Baltic,54.600417,12.642389,2.3,2011-04-10,,MaStR,Baltic 1,0,17.8,mastr_offshore_units.csv.xz
DE-SEE962383291577,Germany,Meerwind Sued/Ost,German Bight north of 54.3N,North Sea,54.41053,7.763595,3.78,2014-12-02,,MaStR,Meerwind Süd|Ost,0,27.5,mastr_offshore_units.csv.xz
DE-SEE962498737984,Germany,EnBW Windpark Baltic 2,Kriegers Flak and Baltic 1/2,Skagerrak-Kattegat-Baltic,54.971176,13.167606,3.78,2015-06-01,,MaStR,Baltic 2,0,44.8,mastr_offshore_units.csv.xz
DE-SEE962534925269,Germany,Gode Wind 02,German Bight south of 54.3N,North Sea,54.068413,7.028001,6.264,2016-05-27,,MaStR,Gode Wind 2,0,40.5,mastr_offshore_units.csv.xz
DE-SEE962630682677,Germany,Butendiek,German Bight north of 54.3N,North Sea,55.023834,7.799921,3.6,2015-04-25,,MaStR,Butendiek,0,35.6,mastr_offshore_units.csv.xz
DE-SEE962659931558,Germany,DanTysk,German Bight north of 54.3N,North Sea,55.184108,7.17845,3.78,2015-02-01,,MaStR,OWP DanTysk,0,69.2,mastr_offshore_units.csv.xz
DE-SEE962689179401,Germany,Sandbank,German Bight north of 54.3N,North Sea,55.176011,6.855756,4.2,2017-01-01,,MaStR,OWP Sandbank,0,89.3,mastr_offshore_units.csv.xz
DE-SEE962865794787,Germany,Wikinger,Other German Baltic farms,Skagerrak-Kattegat-Baltic,54.808123,14.085552,5.23,2017-12-02,,MaStR,WIKINGER,0,93.4,mastr_offshore_units.csv.xz
DE-SEE962959082578,Germany,Wikinger,Other German Baltic farms,Skagerrak-Kattegat-Baltic,54.856746,14.059618,5.23,2017-12-04,,MaStR,WIKINGER,0,95.3,mastr_offshore_units.csv.xz
DE-SEE962959810379,Germany,EnBW Hohe See,German Bight north of 54.3N,North Sea,54.40269,6.348576,7.35,2019-10-01,,MaStR,Windpark Hohe See,0,90.2,mastr_offshore_units.csv.xz
DE-SEE963096105533,Germany,Trianel Windpark Borkum Phase 2,German Bight south of 54.3N,North Sea,54.056757,6.492888,6.33,2019-11-02,,MaStR,"Trianel Windpark Borkum, Bauphase 2",0,52.1,mastr_offshore_units.csv.xz
DE-SEE963103108403,Germany,Borkum Riffgrund 1,German Bight south of 54.3N,North Sea,53.960643,6.52558,4.2,2015-06-14,,MaStR,Borkum Riffgrund 1,0,42.0,mastr_offshore_units.csv.xz
DE-SEE963123103754,Germany,Meerwind Sued/Ost,German Bight north of 54.3N,North Sea,54.391475,7.709367,3.78,2014-12-26,,MaStR,Meerwind Süd|Ost,0,26.9,mastr_offshore_units.csv.xz
DE-SEE963222236964,Germany,Meerwind Sued/Ost,German Bight north of 54.3N,North Sea,54.366558,7.689196,3.78,2014-09-30,,MaStR,Meerwind Süd|Ost,0,25.1,mastr_offshore_units.csv.xz
DE-SEE963293808480,Germany,EnBW He Dreiht,German Bight north of 54.3N,North Sea,54.413824,6.134151,15.0,2026-06-21,,MaStR,EnBW He Dreiht,7528,98.1,mastr_offshore_units.csv.xz
DE-SEE963332747497,Germany,Butendiek,German Bight north of 54.3N,North Sea,55.025682,7.770362,3.6,2015-07-19,,MaStR,Butendiek,0,37.4,mastr_offshore_units.csv.xz
DE-SEE963415276739,Germany,Global Tech I,German Bight north of 54.3N,North Sea,54.516444,6.332731,5.0,2014-11-23,,MaStR,Global Tech I,0,102.1,mastr_offshore_units.csv.xz
DE-SEE963423463534,Germany,EnBW He Dreiht,German Bight north of 54.3N,North Sea,54.346391,6.218613,15.0,2026-02-26,,MaStR,EnBW He Dreiht,10463,88.8,mastr_offshore_units.csv.xz
DE-SEE963523763848,Germany,Amrumbank West,German Bight north of 54.3N,North Sea,54.517171,7.691478,3.78,2015-10-04,,MaStR,Amrumbank-West,0,40.2,mastr_offshore_units.csv.xz
DE-SEE963568982921,Germany,Bard Offshore 1,German Bight north of 54.3N,North Sea,54.371647,5.939561,5.5,2013-08-02,,MaStR,Bard Offshore 1 - C5 - 51573657555,0,99.5,mastr_offshore_units.csv.xz
DE-SEE963712621553,Germany,Nordsee One,German Bight south of 54.3N,North Sea,53.993911,6.74768,6.15,2017-07-16,,MaStR,Nordsee One,0,38.1,mastr_offshore_units.csv.xz
DE-SEE963851789220,Germany,Butendiek,German Bight north of 54.3N,North Sea,55.026563,7.781254,3.6,2015-03-25,,MaStR,Butendiek,0,36.8,mastr_offshore_units.csv.xz
DE-SEE963889094785,Germany,Global Tech I,German Bight north of 54.3N,North Sea,54.522525,6.391888,5.0,2015-04-11,,MaStR,Global Tech I,0,101.3,mastr_offshore_units.csv.xz
DE-SEE963952113825,Germany,Arkona Becken Süd-Ost,Other German Baltic farms,Skagerrak-Kattegat-Baltic,54.245574,14.17682,6.3,2018-10-22,,MaStR,Arkona Becken Süd-Ost,56556,77.5,mastr_offshore_units.csv.xz
DE-SEE963985963800,Germany,Arkona-Becken Südost,Other German Baltic farms,Skagerrak-Kattegat-Baltic,54.770771,14.081253,6.3,2018-09-15,,MaStR,Arkona Becken Süd-Ost,0,90.8,mastr_offshore_units.csv.xz
DE-SEE964017077441,Germany,Borkum Riffgrund 1,German Bight south of 54.3N,North Sea,53.960667,6.571299,4.2,2015-04-25,,MaStR,Borkum Riffgrund 1,0,40.4,mastr_offshore_units.csv.xz
DE-SEE964127068940,Germany,Nordsee One,German Bight south of 54.3N,North Sea,53.979129,6.842848,6.15,2017-05-28,,MaStR,Nordsee One,0,34.8,mastr_offshore_units.csv.xz
DE-SEE964130356096,Germany,Butendiek,German Bight north of 54.3N,North Sea,55.018935,7.77066,3.6,2015-07-17,,MaStR,Butendiek,0,37.1,mastr_offshore_units.csv.xz
DE-SEE964224197871,Germany,Veja Mate,German Bight north of 54.3N,North Sea,54.341409,5.872446,6.3,2017-02-09,,MaStR,OWP Veja Mate,0,99.0,mastr_offshore_units.csv.xz
DE-SEE964233757769,Germany,Merkur Offshore (MEG Offshore I),German Bight south of 54.3N,North Sea,54.02738,6.52992,6.15,2018-11-24,,MaStR,Merkur Offshore,0,48.0,mastr_offshore_units.csv.xz
DE-SEE964240252899,Germany,Veja Mate,German Bight south of 54.3N,North Sea,54.274909,5.827766,6.3,2017-04-14,,MaStR,OWP Veja Mate,0,94.7,mastr_offshore_units.csv.xz
DE-SEE964351049579,Germany,DanTysk,German Bight north of 54.3N,North Sea,55.119033,7.215739,3.78,2015-01-30,,MaStR,OWP DanTysk,0,69.2,mastr_offshore_units.csv.xz
DE-SEE964413985548,Germany,Amrumbank West,German Bight north of 54.3N,North Sea,54.522649,7.679072,3.78,2015-07-17,,MaStR,Amrumbank-West,0,41.1,mastr_offshore_units.csv.xz
DE-SEE964450682356,Germany,Borkum Riffgrund 3,German Bight south of 54.3N,North Sea,54.03827,6.2374,11.55,2025-12-28,,MaStR,Borkum Riffgrund 3,0,57.7,mastr_offshore_units.csv.xz
DE-SEE964528806608,Germany,Gode Wind 02,German Bight south of 54.3N,North Sea,54.079874,6.984015,6.264,2016-02-28,,MaStR,Gode Wind 2,0,42.4,mastr_offshore_units.csv.xz
DE-SEE964572095980,Germany,Alpha Ventus,German Bight south of 54.3N,North Sea,54.007505,6.594158,5.0,2009-08-21,,MaStR,alpha ventus,0,43.8,mastr_offshore_units.csv.xz
DE-SEE964758098248,Germany,EnBW He Dreiht,German Bight north of 54.3N,North Sea,54.382754,6.178523,15.0,2026-04-03,,MaStR,EnBW He Dreiht,9685,93.6,mastr_offshore_units.csv.xz
DE-SEE964806995802,Germany,EnBW Hohe See,German Bight north of 54.3N,North Sea,54.464215,6.348691,7.35,2019-08-17,,MaStR,Windpark Hohe See,0,96.4,mastr_offshore_units.csv.xz
DE-SEE964877916591,Germany,Bard Offshore 1,German Bight north of 54.3N,North Sea,54.346414,5.968991,5.5,2012-01-28,,MaStR,Bard Offshore 1 - C7 - 51573657571,0,96.1,mastr_offshore_units.csv.xz
DE-SEE964878934051,Germany,Borkum Riffgrund 1,German Bight south of 54.3N,North Sea,53.96739,6.548443,4.2,2015-05-03,,MaStR,Borkum Riffgrund 1,0,41.9,mastr_offshore_units.csv.xz
DE-SEE964947965276,Germany,EnBW Hohe See,German Bight north of 54.3N,North Sea,54.405342,6.359614,7.35,2019-08-20,,MaStR,Windpark Hohe See,0,90.1,mastr_offshore_units.csv.xz
DE-SEE965031306227,Germany,EnBW Windpark Baltic 2,Kriegers Flak and Baltic 1/2,Skagerrak-Kattegat-Baltic,54.962493,13.160425,3.78,2015-06-29,,MaStR,Baltic 2,0,44.4,mastr_offshore_units.csv.xz
DE-SEE965042507187,Germany,Nordergründe,German Bight south of 54.3N,North Sea,53.843813,8.171003,6.15,2017-12-11,,MaStR,OWP Nordergründe,1,18.4,mastr_offshore_units.csv.xz
DE-SEE965310843061,Germany,Borkum Riffgrund 3,German Bight south of 54.3N,North Sea,54.04796,6.25464,11.55,2025-12-27,,MaStR,Borkum Riffgrund 3,0,58.1,mastr_offshore_units.csv.xz
DE-SEE965317404128,Germany,Merkur Offshore (MEG Offshore I),German Bight south of 54.3N,North Sea,54.05863,6.54082,6.15,2019-03-31,,MaStR,Merkur Offshore,0,50.5,mastr_offshore_units.csv.xz
DE-SEE965388364178,Germany,Wikinger,Other German Baltic farms,Skagerrak-Kattegat-Baltic,54.809251,14.055288,5.23,2017-11-06,,MaStR,WIKINGER,0,91.9,mastr_offshore_units.csv.xz
DE-SEE965422918961,Germany,Meerwind Sued/Ost,German Bight north of 54.3N,North Sea,54.369457,7.641298,3.78,2014-09-05,,MaStR,Meerwind Süd|Ost,0,27.1,mastr_offshore_units.csv.xz
DE-SEE965707384825,Germany,Meerwind Sued/Ost,German Bight north of 54.3N,North Sea,54.412155,7.697265,3.78,2014-09-06,,MaStR,Meerwind Süd|Ost,0,29.3,mastr_offshore_units.csv.xz
DE-SEE965743751964,Germany,Borkum Riffgrund 2,German Bight south of 54.3N,North Sea,53.967274,6.457005,8.3,2018-10-16,,MaStR,Borkum Riffgrund 2,0,44.1,mastr_offshore_units.csv.xz
DE-SEE965809642441,Germany,Deutsche Bucht,German Bight south of 54.3N,North Sea,54.290338,5.793572,8.4,2019-08-13,,MaStR,Deutsche Bucht,0,97.4,mastr_offshore_units.csv.xz
DE-SEE965870517419,Germany,EnBW Windpark Baltic 2,Kriegers Flak and Baltic 1/2,Skagerrak-Kattegat-Baltic,55.007683,13.184191,3.78,2015-04-28,,MaStR,Baltic 2,0,45.8,mastr_offshore_units.csv.xz
DE-SEE965893822682,Germany,Merkur Offshore (MEG Offshore I),German Bight south of 54.3N,North Sea,54.07378,6.55262,6.15,2019-04-19,,MaStR,Merkur Offshore,0,51.6,mastr_offshore_units.csv.xz
DE-SEE965905630311,Germany,Kaskasi II,German Bight north of 54.3N,North Sea,54.483517,7.655536,9.0,2022-12-03,,MaStR,OWP Kaskasi,0,37.6,mastr_offshore_units.csv.xz
DE-SEE966066116454,Germany,Butendiek,German Bight north of 54.3N,North Sea,54.99933,7.761725,3.6,2015-03-28,,MaStR,Butendiek,0,37.0,mastr_offshore_units.csv.xz
DE-SEE966103458240,Germany,Gode Wind 01,German Bight south of 54.3N,North Sea,54.03103,7.009556,6.264,2016-05-30,,MaStR,Gode Wind 1,0,36.7,mastr_offshore_units.csv.xz
DE-SEE966133889427,Germany,EnBW He Dreiht,German Bight north of 54.3N,North Sea,54.357271,6.235888,15.0,2025-12-28,,MaStR,EnBW He Dreiht,8817,89.2,mastr_offshore_units.csv.xz
DE-SEE966224671047,Germany,EnBW Windpark Baltic 2,Kriegers Flak and Baltic 1/2,Skagerrak-Kattegat-Baltic,55.002128,13.231569,3.78,2015-06-06,,MaStR,Baltic 2,0,48.9,mastr_offshore_units.csv.xz
DE-SEE966309872352,Germany,Global Tech I,German Bight north of 54.3N,North Sea,54.528643,6.379511,5.0,2015-07-07,,MaStR,Global Tech I,0,102.2,mastr_offshore_units.csv.xz
DE-SEE966337849982,Germany,Bard Offshore 1,German Bight north of 54.3N,North Sea,54.360878,6.018204,5.5,2013-01-12,,MaStR,Bard Offshore 1 - C1 - 51573657505,1,96.0,mastr_offshore_units.csv.xz
DE-SEE966456054229,Germany,Albatros,German Bight north of 54.3N,North Sea,54.494502,6.270256,7.35,2020-01-09,,MaStR,Windpark Albatros,0,101.6,mastr_offshore_units.csv.xz
DE-SEE966457500244,Germany,Borkum Riffgrund 1,German Bight south of 54.3N,North Sea,53.974141,6.52556,4.2,2015-06-15,,MaStR,Borkum Riffgrund 1,0,43.4,mastr_offshore_units.csv.xz
DE-SEE966531995904,Germany,Sandbank,German Bight north of 54.3N,North Sea,55.162131,6.892997,4.2,2016-09-25,,MaStR,OWP Sandbank,0,87.4,mastr_offshore_units.csv.xz
DE-SEE966629783437,Germany,Meerwind Sued/Ost,German Bight north of 54.3N,North Sea,54.424306,7.728951,3.78,2014-10-01,,MaStR,Meerwind Süd|Ost,0,29.7,mastr_offshore_units.csv.xz
DE-SEE966642272178,Germany,Gode Wind 02,German Bight south of 54.3N,North Sea,54.068038,6.985038,6.264,2016-02-16,,MaStR,Gode Wind 2,0,41.1,mastr_offshore_units.csv.xz
DE-SEE966643033211,Germany,Wikinger,Other German Baltic farms,Skagerrak-Kattegat-Baltic,54.819619,14.039314,5.23,2017-12-01,,MaStR,WIKINGER,0,91.8,mastr_offshore_units.csv.xz
DE-SEE966700472281,Germany,Arkona-Becken Südost,Other German Baltic farms,Skagerrak-Kattegat-Baltic,54.753177,14.139698,6.3,2018-09-18,,MaStR,Arkona Becken Süd-Ost,0,92.9,mastr_offshore_units.csv.xz
DE-SEE966700573957,Germany,EnBW Windpark Baltic 2,Kriegers Flak and Baltic 1/2,Skagerrak-Kattegat-Baltic,54.982563,13.162278,3.78,2015-04-25,,MaStR,Baltic 2,0,44.4,mastr_offshore_units.csv.xz
DE-SEE966874007784,Germany,EnBW Hohe See,German Bight north of 54.3N,North Sea,54.414506,6.330319,7.35,2019-07-20,,MaStR,Windpark Hohe See,0,91.9,mastr_offshore_units.csv.xz
DE-SEE966909932746,Germany,Arkona-Becken Südost,Other German Baltic farms,Skagerrak-Kattegat-Baltic,54.783234,14.172239,6.3,2018-10-08,,MaStR,Arkona Becken Süd-Ost,0,96.4,mastr_offshore_units.csv.xz
DE-SEE966991723703,Germany,Amrumbank West,German Bight north of 54.3N,North Sea,54.52802,7.703883,3.78,2015-08-08,,MaStR,Amrumbank-West,0,41.1,mastr_offshore_units.csv.xz
DE-SEE967007699999,Germany,Nordsee One,German Bight south of 54.3N,North Sea,53.98619,6.869586,6.15,2017-04-09,,MaStR,Nordsee One,0,35.3,mastr_offshore_units.csv.xz
DE-SEE967116798019,Germany,Trianel Windpark Borkum Phase 2,German Bight south of 54.3N,North Sea,54.062243,6.502115,6.33,2019-11-04,,MaStR,"Trianel Windpark Borkum, Bauphase 2",0,52.2,mastr_offshore_units.csv.xz
DE-SEE967231571276,Germany,Arkona-Becken Südost,Other German Baltic farms,Skagerrak-Kattegat-Baltic,54.760903,14.121345,6.3,2018-10-11,,MaStR,Arkona Becken Süd-Ost,0,92.3,mastr_offshore_units.csv.xz
DE-SEE967239172406,Germany,Global Tech I,German Bight north of 54.3N,North Sea,54.534752,6.379323,5.0,2015-07-02,,MaStR,Global Tech I,0,102.9,mastr_offshore_units.csv.xz
DE-SEE967299777276,Germany,Borkum Riffgrund 2,German Bight south of 54.3N,North Sea,53.953846,6.45347,8.3,2018-09-29,,MaStR,Borkum Riffgrund 2,0,42.8,mastr_offshore_units.csv.xz
DE-SEE967302549920,Germany,Borkum Riffgrund 1,German Bight south of 54.3N,North Sea,53.994332,6.52552,4.2,2015-06-17,,MaStR,Borkum Riffgrund 1,0,45.2,mastr_offshore_units.csv.xz
DE-SEE967410518566,Germany,Albatros,German Bight north of 54.3N,North Sea,54.497081,6.235753,7.35,2020-01-08,,MaStR,Windpark Albatros,0,102.8,mastr_offshore_units.csv.xz
DE-SEE967495365307,Germany,Wikinger,Other German Baltic farms,Skagerrak-Kattegat-Baltic,54.827133,14.092752,5.23,2017-11-30,,MaStR,WIKINGER,0,95.0,mastr_offshore_units.csv.xz
DE-SEE967556994774,Germany,Merkur Offshore (MEG Offshore I),German Bight south of 54.3N,North Sea,54.0435,6.5417,6.15,2019-03-04,,MaStR,Merkur Offshore,0,49.1,mastr_offshore_units.csv.xz
DE-SEE967569945596,Germany,Borkum Riffgrund 1,German Bight south of 54.3N,North Sea,53.967419,6.582721,4.2,2015-04-25,,MaStR,Borkum Riffgrund 1,0,40.5,mastr_offshore_units.csv.xz
DE-SEE967681195169,Germany,Veja Mate,German Bight north of 54.3N,North Sea,54.310645,5.872542,6.3,2017-04-04,,MaStR,OWP Veja Mate,0,96.2,mastr_offshore_units.csv.xz
DE-SEE967725908212,Germany,EnBW He Dreiht,German Bight north of 54.3N,North Sea,54.396377,6.133951,15.0,2026-07-14,,MaStR,EnBW He Dreiht,7519,96.3,mastr_offshore_units.csv.xz
DE-SEE967778219457,Germany,EnBW Hohe See,German Bight north of 54.3N,North Sea,54.470875,6.278688,7.35,2019-08-22,,MaStR,Windpark Hohe See,0,99.0,mastr_offshore_units.csv.xz
DE-SEE967917244135,Germany,Veja Mate,German Bight south of 54.3N,North Sea,54.296801,5.909969,6.3,2017-05-27,,MaStR,OWP Veja Mate,0,93.5,mastr_offshore_units.csv.xz
DE-SEE967969968621,Germany,EnBW Hohe See,German Bight north of 54.3N,North Sea,54.439446,6.33258,7.35,2019-08-05,,MaStR,Windpark Hohe See,0,94.3,mastr_offshore_units.csv.xz
DE-SEE968154882739,Germany,Amrumbank West,German Bight north of 54.3N,North Sea,54.52802,7.728695,3.78,2015-08-05,,MaStR,Amrumbank-West,0,40.7,mastr_offshore_units.csv.xz
DE-SEE968205748922,Germany,Bard Offshore 1,German Bight north of 54.3N,North Sea,54.306305,6.004613,5.5,2011-01-21,,MaStR,Bard Offshore 1 - C12 - 51573657638,4,91.1,mastr_offshore_units.csv.xz
DE-SEE968233320558,Germany,Arkona-Becken Südost,Other German Baltic farms,Skagerrak-Kattegat-Baltic,54.798022,14.073711,6.3,2018-10-22,,MaStR,Arkona Becken Süd-Ost,0,92.1,mastr_offshore_units.csv.xz
DE-SEE968291098505,Germany,EnBW Windpark Baltic 2,Kriegers Flak and Baltic 1/2,Skagerrak-Kattegat-Baltic,54.983218,13.150681,3.78,2015-05-11,,MaStR,Baltic 2,0,43.7,mastr_offshore_units.csv.xz
DE-SEE968365115329,Germany,Bard Offshore 1,German Bight north of 54.3N,North Sea,54.376181,6.018194,5.5,2013-02-21,,MaStR,Bard Offshore 1 - C1 - 51573657505,0,97.5,mastr_offshore_units.csv.xz
DE-SEE968399220907,Germany,Nordsee One,German Bight south of 54.3N,North Sea,53.962426,6.760853,6.15,2017-08-01,,MaStR,Nordsee One,0,34.5,mastr_offshore_units.csv.xz
DE-SEE968403975168,Germany,EnBW Hohe See,German Bight north of 54.3N,North Sea,54.389706,6.368348,7.35,2019-10-01,,MaStR,Windpark Hohe See,0,88.3,mastr_offshore_units.csv.xz
DE-SEE968525756911,Germany,Nordsee Ost,German Bight north of 54.3N,North Sea,54.449918,7.696838,6.15,2015-03-22,,MaStR,OWP Nordsee Ost 1,0,33.1,mastr_offshore_units.csv.xz
DE-SEE968564748670,Germany,Kaskasi II,German Bight north of 54.3N,North Sea,54.495318,7.699109,9.0,2022-08-12,,MaStR,OWP Kaskasi,0,37.8,mastr_offshore_units.csv.xz
DE-SEE968593001876,Germany,Arkona-Becken Südost,Other German Baltic farms,Skagerrak-Kattegat-Baltic,54.777659,14.141679,6.3,2018-10-07,,MaStR,Arkona Becken Süd-Ost,0,94.4,mastr_offshore_units.csv.xz
DE-SEE968647037233,Germany,Borkum Riffgrund 2,German Bight south of 54.3N,North Sea,53.93216,6.60391,8.3,2018-08-09,,MaStR,Borkum Riffgrund 2,0,36.6,mastr_offshore_units.csv.xz
DE-SEE968700501473,Germany,Nordergründe,German Bight south of 54.3N,North Sea,53.825467,8.176273,6.15,2017-11-24,,MaStR,OWP Nordergründe,0,18.1,mastr_offshore_units.csv.xz
DE-SEE968822478189,Germany,Borkum Riffgrund 3,German Bight south of 54.3N,North Sea,54.01968,6.1676,11.55,2026-05-11,,MaStR,Borkum Riffgrund 3,0,58.6,mastr_offshore_units.csv.xz
DE-SEE968852733296,Germany,Nordsee One,German Bight south of 54.3N,North Sea,53.970193,6.815042,6.15,2017-08-18,,MaStR,Nordsee One,0,34.3,mastr_offshore_units.csv.xz
DE-SEE968955219840,Germany,Merkur Offshore (MEG Offshore I),German Bight south of 54.3N,North Sea,54.0363,6.592,6.15,2019-03-22,,MaStR,Merkur Offshore,0,46.7,mastr_offshore_units.csv.xz
DE-SEE969194472140,Germany,Baltic Eagle,Other German Baltic farms,Skagerrak-Kattegat-Baltic,54.833051,13.906647,9.525,2024-05-11,,MaStR,Baltic Eagle,2,86.2,mastr_offshore_units.csv.xz
DE-SEE969278096903,Germany,Borkum Riffgrund 1,German Bight south of 54.3N,North Sea,53.987612,6.548415,4.2,2015-06-16,,MaStR,Borkum Riffgrund 1,0,43.7,mastr_offshore_units.csv.xz
DE-SEE969308894608,Germany,EnBW He Dreiht,German Bight north of 54.3N,North Sea,54.381779,6.134106,15.0,2026-07-15,,MaStR,EnBW He Dreiht,7531,94.8,mastr_offshore_units.csv.xz
DE-SEE969331751756,Germany,Meerwind Sued/Ost,German Bight north of 54.3N,North Sea,54.381298,7.677765,3.78,2014-10-11,,MaStR,Meerwind Süd|Ost,0,26.9,mastr_offshore_units.csv.xz
DE-SEE969426722227,Germany,Borkum Riffgrund 1,German Bight south of 54.3N,North Sea,53.953918,6.582722,4.2,2015-06-12,,MaStR,Borkum Riffgrund 1,0,39.3,mastr_offshore_units.csv.xz
DE-SEE969452881615,Germany,EnBW Windpark Baltic 2,Kriegers Flak and Baltic 1/2,Skagerrak-Kattegat-Baltic,54.957388,13.092806,3.78,2015-07-15,,MaStR,Baltic 2,0,40.1,mastr_offshore_units.csv.xz
DE-SEE969472118807,Germany,Global Tech I,German Bight north of 54.3N,North Sea,54.516434,6.361762,5.0,2015-07-27,,MaStR,Global Tech I,0,101.4,mastr_offshore_units.csv.xz
DE-SEE969473703101,Germany,Amrumbank West,German Bight north of 54.3N,North Sea,54.5118,7.728695,3.78,2015-07-22,,MaStR,Amrumbank-West,0,39.0,mastr_offshore_units.csv.xz
DE-SEE969620531694,Germany,Merkur Offshore (MEG Offshore I),German Bight south of 54.3N,North Sea,54.06829,6.57772,6.15,2019-04-30,,MaStR,Merkur Offshore,0,50.2,mastr_offshore_units.csv.xz
DE-SEE969621280188,Germany,Veja Mate,German Bight north of 54.3N,North Sea,54.302953,5.872566,6.3,2017-04-21,,MaStR,OWP Veja Mate,0,95.5,mastr_offshore_units.csv.xz
DE-SEE969726777682,Germany,Butendiek,German Bight north of 54.3N,North Sea,54.985596,7.79992,3.6,2015-06-29,,MaStR,Butendiek,0,34.2,mastr_offshore_units.csv.xz
DE-SEE969829331439,Germany,EnBW Hohe See,German Bight north of 54.3N,North Sea,54.481833,6.297432,7.35,2019-08-22,,MaStR,Windpark Hohe See,1,99.5,mastr_offshore_units.csv.xz
DE-SEE969857558105,Germany,Alpha Ventus,German Bight south of 54.3N,North Sea,54.021677,6.606343,5.0,2010-04-07,,MaStR,alpha ventus,1,44.8,mastr_offshore_units.csv.xz
DE-SEE969863945937,Germany,Merkur Offshore (MEG Offshore I),German Bight south of 54.3N,North Sea,54.02261,6.51578,6.15,2018-08-12,,MaStR,Merkur Offshore,0,48.1,mastr_offshore_units.csv.xz
DE-SEE969867763728,Germany,Borkum Riffgrund 3,German Bight south of 54.3N,North Sea,54.07739,6.28659,11.55,2026-04-28,,MaStR,Borkum Riffgrund 3,0,59.9,mastr_offshore_units.csv.xz
DE-SEE969947836069,Germany,Arkona-Becken Südost,Other German Baltic farms,Skagerrak-Kattegat-Baltic,54.766168,14.068423,6.3,2018-09-30,,MaStR,Arkona Becken Süd-Ost,0,89.8,mastr_offshore_units.csv.xz
DE-SEE969959430095,Germany,Bard Offshore 1,German Bight north of 54.3N,North Sea,54.35641,5.998441,5.5,2013-08-05,,MaStR,Bard Offshore 1 - C4 - 51573657547,0,96.2,mastr_offshore_units.csv.xz
DE-SEE969979140837,Germany,Trianel Windpark Borkum Phase 2,German Bight south of 54.3N,North Sea,54.02771,6.419048,6.33,2020-06-17,,MaStR,"Trianel Windpark Borkum, Bauphase 2",1,51.3,mastr_offshore_units.csv.xz
DE-SEE969999204007,Germany,Bard Offshore 1,German Bight north of 54.3N,North Sea,54.353231,6.0182,5.5,2010-12-15,,MaStR,Bard Offshore 1 - C12 - 51573657638,0,95.2,mastr_offshore_units.csv.xz
DE-SEE970037358262,Germany,Nordergründe,German Bight south of 54.3N,North Sea,53.837673,8.15421,6.15,2017-11-08,,MaStR,OWP Nordergründe,0,17.1,mastr_offshore_units.csv.xz
DE-SEE970100825608,Germany,EnBW Windpark Baltic 2,Kriegers Flak and Baltic 1/2,Skagerrak-Kattegat-Baltic,54.967555,13.12407,3.78,2015-06-09,,MaStR,Baltic 2,0,42.0,mastr_offshore_units.csv.xz
DE-SEE970135473362,Germany,EnBW Windpark Baltic 2,Kriegers Flak and Baltic 1/2,Skagerrak-Kattegat-Baltic,54.985196,13.21706,3.78,2015-06-23,,MaStR,Baltic 2,0,47.9,mastr_offshore_units.csv.xz
DE-SEE970230156375,Germany,Gode Wind 3,German Bight south of 54.3N,North Sea,54.042446,7.089288,15.0,2026-07-21,,MaStR,NC 1,1141,37.0,mastr_offshore_units.csv.xz
DE-SEE970283582022,Germany,Meerwind Sued/Ost,German Bight north of 54.3N,North Sea,54.358546,7.652004,3.78,2014-10-02,,MaStR,Meerwind Süd|Ost,0,25.7,mastr_offshore_units.csv.xz
DE-SEE970297764735,Germany,Borkum Riffgrund 2,German Bight south of 54.3N,North Sea,53.921683,6.481956,8.3,2018-09-06,,MaStR,Borkum Riffgrund 2,0,38.8,mastr_offshore_units.csv.xz
DE-SEE970299687407,Germany,Butendiek,German Bight north of 54.3N,North Sea,55.044369,7.762706,3.6,2015-03-26,,MaStR,Butendiek,0,38.7,mastr_offshore_units.csv.xz
DE-SEE970301793522,Germany,Sandbank,German Bight north of 54.3N,North Sea,55.270803,6.8038,4.2,2016-11-14,,MaStR,OWP Sandbank,0,88.7,mastr_offshore_units.csv.xz
DE-SEE970374159928,Germany,EnBW He Dreiht,German Bight north of 54.3N,North Sea,54.374548,6.176699,15.0,2026-06-06,,MaStR,EnBW He Dreiht,10301,92.9,mastr_offshore_units.csv.xz
DE-SEE970463963405,Germany,EnBW Windpark Baltic 2,Kriegers Flak and Baltic 1/2,Skagerrak-Kattegat-Baltic,54.965517,13.17013,3.78,2015-06-25,,MaStR,Baltic 2,0,45.0,mastr_offshore_units.csv.xz
DE-SEE970507628789,Germany,EnBW Windpark Baltic 2,Kriegers Flak and Baltic 1/2,Skagerrak-Kattegat-Baltic,54.969371,13.134594,3.78,2015-06-07,,MaStR,Baltic 2,0,42.7,mastr_offshore_units.csv.xz
DE-SEE970561824639,Germany,Sandbank,German Bight north of 54.3N,North Sea,55.279825,6.800389,4.2,2016-10-10,,MaStR,OWP Sandbank,0,88.6,mastr_offshore_units.csv.xz
DE-SEE970611496069,Germany,Wikinger,Other German Baltic farms,Skagerrak-Kattegat-Baltic,54.864716,14.095906,5.23,2017-12-19,,MaStR,WIKINGER,1,97.7,mastr_offshore_units.csv.xz
DE-SEE970618434521,Germany,Nordsee One,German Bight south of 54.3N,North Sea,53.992927,6.844601,6.15,2017-03-30,,MaStR,Nordsee One,0,36.3,mastr_offshore_units.csv.xz
DE-SEE970657297811,Germany,Wikinger,Other German Baltic farms,Skagerrak-Kattegat-Baltic,54.855287,14.089671,5.23,2017-11-13,,MaStR,WIKINGER,0,96.7,mastr_offshore_units.csv.xz
DE-SEE970683813825,Germany,Global Tech I,German Bight north of 54.3N,North Sea,54.510338,6.318302,5.0,2015-07-14,,MaStR,Global Tech I,0,101.9,mastr_offshore_units.csv.xz
DE-SEE970719144763,Germany,Wikinger,Other German Baltic farms,Skagerrak-Kattegat-Baltic,54.801277,14.032249,5.23,2017-11-05,,MaStR,WIKINGER,0,90.2,mastr_offshore_units.csv.xz
DE-SEE970784036055,Germany,Borkum Riffgrund 2,German Bight south of 54.3N,North Sea,53.967245,6.434398,8.3,2018-10-13,,MaStR,Borkum Riffgrund 2,0,44.7,mastr_offshore_units.csv.xz
DE-SEE970937621794,Germany,Nordsee Ost,German Bight north of 54.3N,North Sea,54.433738,7.696749,6.15,2015-04-25,,MaStR,OWP Nordsee Ost 2,0,31.5,mastr_offshore_units.csv.xz
DE-SEE971030427535,Germany,Meerwind Sued/Ost,German Bight north of 54.3N,North Sea,54.378384,7.712705,3.78,2014-09-06,,MaStR,Meerwind Süd|Ost,0,25.5,mastr_offshore_units.csv.xz
DE-SEE971087132765,Germany,Borkum Riffgrund 2,German Bight south of 54.3N,North Sea,53.932787,6.553314,8.3,2018-08-26,,MaStR,Borkum Riffgrund 2,0,38.5,mastr_offshore_units.csv.xz
DE-SEE971116335839,Germany,Sandbank,German Bight north of 54.3N,North Sea,55.248464,6.844953,4.2,2016-10-22,,MaStR,OWP Sandbank,0,87.3,mastr_offshore_units.csv.xz
DE-SEE971117166760,Germany,Borkum Riffgrund 3,German Bight south of 54.3N,North Sea,54.0284,6.18898,11.55,2026-08-17,,MaStR,Borkum Riffgrund 3,0,58.6,mastr_offshore_units.csv.xz
DE-SEE971187769359,Germany,Global Tech I,German Bight north of 54.3N,North Sea,54.47976,6.391597,5.0,2015-04-23,,MaStR,Global Tech I,0,96.9,mastr_offshore_units.csv.xz
DE-SEE971189396898,Germany,Amrumbank West,German Bight north of 54.3N,North Sea,54.517171,7.641017,3.78,2015-09-10,,MaStR,Amrumbank-West,0,41.4,mastr_offshore_units.csv.xz
DE-SEE971216326522,Germany,Bard Offshore 1,German Bight north of 54.3N,North Sea,54.354632,5.965797,5.5,2013-07-18,,MaStR,Bard Offshore 1 - C5 - 51573657555,0,97.0,mastr_offshore_units.csv.xz
DE-SEE971267737698,Germany,Nordsee Ost,German Bight north of 54.3N,North Sea,54.438658,7.654521,6.15,2015-06-11,,MaStR,OWP Nordsee Ost 2,0,33.2,mastr_offshore_units.csv.xz
DE-SEE971274640554,Germany,Global Tech I,German Bight north of 54.3N,North Sea,54.522549,6.34764,5.0,2015-07-06,,MaStR,Global Tech I,0,102.4,mastr_offshore_units.csv.xz
DE-SEE971351279097,Germany,Sandbank,German Bight north of 54.3N,North Sea,55.170881,6.889586,4.2,2016-09-22,,MaStR,OWP Sandbank,0,87.4,mastr_offshore_units.csv.xz
DE-SEE971438328991,Germany,Borkum Riffgrund 1,German Bight south of 54.3N,North Sea,53.987611,6.536977,4.2,2015-06-15,,MaStR,Borkum Riffgrund 1,0,44.1,mastr_offshore_units.csv.xz
DE-SEE971447290685,Germany,Borkum Riffgrund 3,German Bight south of 54.3N,North Sea,54.02132,6.10392,11.55,2026-04-27,,MaStR,Borkum Riffgrund 3,1,61.4,mastr_offshore_units.csv.xz
DE-SEE971465337997,Germany,Baltic Eagle,Other German Baltic farms,Skagerrak-Kattegat-Baltic,54.794583,13.895015,9.525,2024-06-16,,MaStR,Baltic Eagle,0,82.8,mastr_offshore_units.csv.xz
DE-SEE971474390860,Germany,Borkum Riffgrund 1,German Bight south of 54.3N,North Sea,53.967385,6.525585,4.2,2015-07-03,,MaStR,Borkum Riffgrund 1,0,42.7,mastr_offshore_units.csv.xz
DE-SEE971504444525,Germany,Global Tech I,German Bight north of 54.3N,North Sea,54.498082,6.400502,5.0,2015-04-21,,MaStR,Global Tech I,0,98.6,mastr_offshore_units.csv.xz
DE-SEE971526967507,Germany,Bard Offshore 1,German Bight north of 54.3N,North Sea,54.363997,5.939529,5.5,2013-09-07,,MaStR,Bard Offshore 1 - C6 - 51573657563,0,98.8,mastr_offshore_units.csv.xz
DE-SEE971629756756,Germany,Gode Wind 01,German Bight south of 54.3N,North Sea,54.027431,6.958579,6.264,2016-07-30,,MaStR,Gode Wind 1,0,37.3,mastr_offshore_units.csv.xz
DE-SEE971640690480,Germany,Bard Offshore 1,German Bight north of 54.3N,North Sea,54.314391,5.998243,5.5,2011-04-27,,MaStR,Bard Offshore 1 - C11 - 51573657620,0,92.1,mastr_offshore_units.csv.xz
DE-SEE971642106583,Germany,EnBW Windpark Baltic 2,Kriegers Flak and Baltic 1/2,Skagerrak-Kattegat-Baltic,54.980142,13.129562,3.78,2015-06-10,,MaStR,Baltic 2,0,42.3,mastr_offshore_units.csv.xz
DE-SEE971713648240,Germany,Global Tech I,German Bight north of 54.3N,North Sea,54.467721,6.392095,5.0,2015-03-22,,MaStR,Global Tech I,0,95.6,mastr_offshore_units.csv.xz
DE-SEE971850124423,Germany,Veja Mate,German Bight south of 54.3N,North Sea,54.281377,5.849379,6.3,2017-04-21,,MaStR,OWP Veja Mate,0,94.4,mastr_offshore_units.csv.xz
DE-SEE971936968422,Germany,EnBW Hohe See,German Bight north of 54.3N,North Sea,54.446936,6.318167,7.35,2019-08-05,,MaStR,Windpark Hohe See,0,95.5,mastr_offshore_units.csv.xz
DE-SEE971992174249,Germany,Gode Wind 02,German Bight south of 54.3N,North Sea,54.06238,7.017714,6.264,2016-02-18,,MaStR,Gode Wind 2,0,39.9,mastr_offshore_units.csv.xz
DE-SEE972051293291,Germany,Borkum Riffgrund 2,German Bight south of 54.3N,North Sea,53.927338,6.56993,8.3,2018-08-09,,MaStR,Borkum Riffgrund 2,0,37.6,mastr_offshore_units.csv.xz
DE-SEE972133277584,Germany,Wikinger,Other German Baltic farms,Skagerrak-Kattegat-Baltic,54.858547,14.047119,5.23,2017-11-26,,MaStR,WIKINGER,0,94.8,mastr_offshore_units.csv.xz
DE-SEE972154640503,Germany,EnBW Windpark Baltic 2,Kriegers Flak and Baltic 1/2,Skagerrak-Kattegat-Baltic,54.95859,13.139623,3.78,2015-06-30,,MaStR,Baltic 2,0,43.1,mastr_offshore_units.csv.xz
DE-SEE972234525423,Germany,DanTysk,German Bight north of 54.3N,North Sea,55.234564,7.170467,3.78,2015-01-23,,MaStR,OWP DanTysk,0,68.4,mastr_offshore_units.csv.xz
DE-SEE972350958020,Germany,Trianel Windpark Borkum Phase 2,German Bight south of 54.3N,North Sea,54.080561,6.489374,6.33,2019-10-23,,MaStR,"Trianel Windpark Borkum, Bauphase 2",0,54.4,mastr_offshore_units.csv.xz
DE-SEE972357780723,Germany,Deutsche Bucht,German Bight north of 54.3N,North Sea,54.318323,5.808559,8.4,2019-08-06,,MaStR,Deutsche Bucht,0,99.3,mastr_offshore_units.csv.xz
DE-SEE972365776404,Germany,ARCADIS Ost 1,Other German Baltic farms,Skagerrak-Kattegat-Baltic,54.809033,13.709225,9.525,2023-05-01,,MaStR,Arcadis Ost I,0,75.3,mastr_offshore_units.csv.xz
DE-SEE972428338822,Germany,Borkum Riffgrund 1,German Bight south of 54.3N,North Sea,53.987612,6.525556,4.2,2015-06-16,,MaStR,Borkum Riffgrund 1,0,44.6,mastr_offshore_units.csv.xz
DE-SEE972539724538,Germany,EnBW Windpark Baltic 1,Kriegers Flak and Baltic 1/2,Skagerrak-Kattegat-Baltic,54.605528,12.63,2.3,2011-04-03,,MaStR,Baltic 1,0,18.1,mastr_offshore_units.csv.xz
DE-SEE972643531886,Germany,Kaskasi II,German Bight north of 54.3N,North Sea,54.477953,7.71335,9.0,2022-11-26,,MaStR,OWP Kaskasi,0,35.7,mastr_offshore_units.csv.xz
DE-SEE972660469803,Germany,Bard Offshore 1,German Bight north of 54.3N,North Sea,54.390311,6.004994,5.5,2013-01-25,,MaStR,Bard Offshore 1 - C2 - 51573657521,0,99.3,mastr_offshore_units.csv.xz
DE-SEE972680809962,Germany,DanTysk,German Bight north of 54.3N,North Sea,55.229219,7.167172,3.78,2015-02-13,,MaStR,OWP DanTysk,0,68.7,mastr_offshore_units.csv.xz
DE-SEE972692355839,Germany,Baltic Eagle,Other German Baltic farms,Skagerrak-Kattegat-Baltic,54.817336,13.911977,9.525,2024-05-02,,MaStR,Baltic Eagle,2,85.3,mastr_offshore_units.csv.xz
DE-SEE972711382600,Germany,Veja Mate,German Bight north of 54.3N,North Sea,54.326029,5.872489,6.3,2017-03-06,,MaStR,OWP Veja Mate,0,97.6,mastr_offshore_units.csv.xz
DE-SEE972852725977,Germany,EnBW Windpark Baltic 2,Kriegers Flak and Baltic 1/2,Skagerrak-Kattegat-Baltic,54.993942,13.156961,3.78,2015-05-28,,MaStR,Baltic 2,0,44.1,mastr_offshore_units.csv.xz
DE-SEE972874607541,Germany,Bard Offshore 1,German Bight north of 54.3N,North Sea,54.399116,6.018195,5.5,2013-04-28,,MaStR,Bard Offshore 1 - C1 - 51573657505,0,99.8,mastr_offshore_units.csv.xz
DE-SEE972910533070,Germany,Riffgat,German Bight south of 54.3N,North Sea,53.689552,6.455042,3.78,2014-02-19,,MaStR,RIFFGAT,0,18.8,mastr_offshore_units.csv.xz
DE-SEE972916297617,Germany,Sandbank,German Bight north of 54.3N,North Sea,55.184753,6.852344,4.2,2016-12-28,,MaStR,OWP Sandbank,0,89.3,mastr_offshore_units.csv.xz
DE-SEE972924417250,Germany,EnBW Windpark Baltic 2,Kriegers Flak and Baltic 1/2,Skagerrak-Kattegat-Baltic,54.956257,13.129344,3.78,2015-07-05,,MaStR,Baltic 2,0,42.5,mastr_offshore_units.csv.xz
DE-SEE973005857835,Germany,Gode Wind 3,German Bight south of 54.3N,North Sea,54.00692,7.10573,11.55,2024-05-07,,MaStR,Gode Wind 3,0,32.9,mastr_offshore_units.csv.xz
DE-SEE973008088533,Germany,Kaskasi II,German Bight north of 54.3N,North Sea,54.477788,7.698724,9.0,2022-11-24,,MaStR,OWP Kaskasi,0,36.0,mastr_offshore_units.csv.xz
DE-SEE973015261660,Germany,Wikinger,Other German Baltic farms,Skagerrak-Kattegat-Baltic,54.83097,14.079842,5.23,2017-11-16,,MaStR,WIKINGER,0,94.6,mastr_offshore_units.csv.xz
DE-SEE973142155108,Germany,Amrumbank West,German Bight north of 54.3N,North Sea,54.517171,7.666667,3.78,2015-10-03,,MaStR,Amrumbank-West,0,40.8,mastr_offshore_units.csv.xz
DE-SEE973153748870,Germany,Sandbank,German Bight north of 54.3N,North Sea,55.258875,6.856992,4.2,2016-10-27,,MaStR,OWP Sandbank,3,86.1,mastr_offshore_units.csv.xz
DE-SEE973199906937,Germany,Riffgat,German Bight south of 54.3N,North Sea,53.685469,6.465305,3.78,2014-02-13,,MaStR,RIFFGAT,0,18.0,mastr_offshore_units.csv.xz
DE-SEE973220806380,Germany,Borkum Riffgrund 3,German Bight south of 54.3N,North Sea,54.01964,6.15241,11.55,2026-05-19,,MaStR,Borkum Riffgrund 3,1,59.2,mastr_offshore_units.csv.xz
DE-SEE973268043396,Germany,Gode Wind 02,German Bight south of 54.3N,North Sea,54.046625,7.053361,15.0,2026-09-11,,MaStR,NC 1,1400,37.8,mastr_offshore_units.csv.xz
DE-SEE973297666818,Germany,Veja Mate,German Bight north of 54.3N,North Sea,54.372462,5.901753,6.3,2017-02-05,,MaStR,OWP Veja Mate,0,100.9,mastr_offshore_units.csv.xz
DE-SEE973308581420,Germany,Gode Wind 02,German Bight south of 54.3N,North Sea,54.074436,7.038288,6.264,2016-06-12,,MaStR,Gode Wind 2,0,41.0,mastr_offshore_units.csv.xz
DE-SEE973429775937,Germany,Wikinger,Other German Baltic farms,Skagerrak-Kattegat-Baltic,54.823419,14.103328,5.23,2017-11-29,,MaStR,WIKINGER,0,95.3,mastr_offshore_units.csv.xz
DE-SEE973453410675,Germany,Butendiek,German Bight north of 54.3N,North Sea,55.032839,7.799916,3.6,2015-04-26,,MaStR,Butendiek,0,36.0,mastr_offshore_units.csv.xz
DE-SEE973531566713,Germany,Borkum Riffgrund 1,German Bight south of 54.3N,North Sea,53.974111,6.491268,4.2,2015-02-16,,MaStR,Borkum Riffgrund 1,8,44.1,mastr_offshore_units.csv.xz
DE-SEE973560086497,Germany,Kaskasi II,German Bight north of 54.3N,North Sea,54.500034,7.670791,9.0,2022-10-31,,MaStR,OWP Kaskasi,0,38.9,mastr_offshore_units.csv.xz
DE-SEE973583595174,Germany,Borkum Riffgrund 2,German Bight south of 54.3N,North Sea,53.97393,6.434121,8.3,2018-10-09,,MaStR,Borkum Riffgrund 2,0,45.4,mastr_offshore_units.csv.xz
DE-SEE973594758933,Germany,Borkum Riffgrund 1,German Bight south of 54.3N,North Sea,53.980836,6.491251,4.2,2015-05-15,,MaStR,Borkum Riffgrund 1,3,44.8,mastr_offshore_units.csv.xz
DE-SEE973624065284,Germany,Borkum Riffgrund 3,German Bight south of 54.3N,North Sea,54.031,6.27321,11.55,2026-03-11,,MaStR,Borkum Riffgrund 3,0,55.8,mastr_offshore_units.csv.xz
DE-SEE973769363061,Germany,Gode Wind 02,German Bight south of 54.3N,North Sea,54.05588,7.066273,15.0,2026-09-11,,MaStR,NC 1,1778,38.6,mastr_offshore_units.csv.xz
DE-SEE973834798125,Germany,Global Tech I,German Bight north of 54.3N,North Sea,54.522556,6.318142,5.0,2015-06-14,,MaStR,Global Tech I,0,103.1,mastr_offshore_units.csv.xz
DE-SEE973914818842,Germany,Nordsee One,German Bight south of 54.3N,North Sea,53.987792,6.75851,6.15,2017-09-26,,MaStR,Nordsee One,0,37.2,mastr_offshore_units.csv.xz
DE-SEE973944897206,Germany,EnBW Windpark Baltic 2,Kriegers Flak and Baltic 1/2,Skagerrak-Kattegat-Baltic,54.990935,13.214256,3.78,2015-06-16,,MaStR,Baltic 2,0,47.7,mastr_offshore_units.csv.xz
DE-SEE973957487173,Germany,Kaskasi II,German Bight north of 54.3N,North Sea,54.478204,7.736277,9.0,2022-12-15,,MaStR,OWP Kaskasi,0,35.2,mastr_offshore_units.csv.xz
DE-SEE973959789626,Germany,Merkur Offshore (MEG Offshore I),German Bight south of 54.3N,North Sea,54.04135,6.56674,6.15,2019-05-02,,MaStR,Merkur Offshore,0,48.0,mastr_offshore_units.csv.xz
DE-SEE973984833912,Germany,ARCADIS Ost 1,Other German Baltic farms,Skagerrak-Kattegat-Baltic,54.839526,13.614389,9.525,2023-02-14,,MaStR,Arcadis Ost I,0,73.9,mastr_offshore_units.csv.xz
DE-SEE974000700072,Germany,Butendiek,German Bight north of 54.3N,North Sea,55.06052,7.799887,3.6,2015-05-01,,MaStR,Butendiek,0,37.4,mastr_offshore_units.csv.xz
DE-SEE974102361928,Germany,Meerwind Sued/Ost,German Bight north of 54.3N,North Sea,54.383311,7.641266,3.78,2014-09-04,,MaStR,Meerwind Süd|Ost,0,28.4,mastr_offshore_units.csv.xz
DE-SEE974184449873,Germany,Borkum Riffgrund 3,German Bight south of 54.3N,North Sea,54.03706,6.17968,11.55,2026-03-16,,MaStR,Borkum Riffgrund 3,0,59.7,mastr_offshore_units.csv.xz
DE-SEE974243885581,Germany,Wikinger,Other German Baltic farms,Skagerrak-Kattegat-Baltic,54.832209,14.026565,5.23,2017-12-01,,MaStR,WIKINGER,0,92.0,mastr_offshore_units.csv.xz
DE-SEE974328092620,Germany,EnBW Hohe See,German Bight north of 54.3N,North Sea,54.452215,6.271965,7.35,2019-08-24,,MaStR,Windpark Hohe See,0,97.3,mastr_offshore_units.csv.xz
DE-SEE974387246378,Germany,Merkur Offshore (MEG Offshore I),German Bight south of 54.3N,North Sea,54.06358,6.56558,6.15,2019-04-19,,MaStR,Merkur Offshore,0,50.2,mastr_offshore_units.csv.xz
DE-SEE974531659559,Germany,Deutsche Bucht,German Bight south of 54.3N,North Sea,54.286287,5.803431,8.4,2019-07-26,,MaStR,Deutsche Bucht,0,96.6,mastr_offshore_units.csv.xz
DE-SEE974597472147,Germany,EnBW Windpark Baltic 2,Kriegers Flak and Baltic 1/2,Skagerrak-Kattegat-Baltic,54.985494,13.171893,3.78,2015-04-30,,MaStR,Baltic 2,0,45.0,mastr_offshore_units.csv.xz
DE-SEE974601571095,Germany,Bard Offshore 1,German Bight north of 54.3N,North Sea,54.368521,6.01821,5.5,2013-01-16,,MaStR,Bard Offshore 1 - C1 - 51573657505,1,96.7,mastr_offshore_units.csv.xz
DE-SEE974629383519,Germany,Butendiek,German Bight north of 54.3N,North Sea,55.033363,7.780743,3.6,2015-03-20,,MaStR,Butendiek,0,37.2,mastr_offshore_units.csv.xz
DE-SEE974860872759,Germany,Merkur Offshore (MEG Offshore I),German Bight south of 54.3N,North Sea,54.03531,6.52945,6.15,2018-11-19,,MaStR,Merkur Offshore,0,48.7,mastr_offshore_units.csv.xz
DE-SEE974991940440,Germany,EnBW Windpark Baltic 1,Kriegers Flak and Baltic 1/2,Skagerrak-Kattegat-Baltic,54.616583,12.642389,2.3,2011-04-09,,MaStR,Baltic 1,1,19.5,mastr_offshore_units.csv.xz
DE-SEE975081985693,Germany,EnBW Hohe See,German Bight north of 54.3N,North Sea,54.467937,6.286402,7.35,2019-08-20,,MaStR,Windpark Hohe See,0,98.5,mastr_offshore_units.csv.xz
DE-SEE975121040627,Germany,EnBW Windpark Baltic 2,Kriegers Flak and Baltic 1/2,Skagerrak-Kattegat-Baltic,54.980184,13.174656,3.78,2015-04-29,,MaStR,Baltic 2,0,45.2,mastr_offshore_units.csv.xz
DE-SEE975238660992,Germany,Amrumbank West,German Bight north of 54.3N,North Sea,54.517171,7.728695,3.78,2015-09-14,,MaStR,Amrumbank-West,0,39.5,mastr_offshore_units.csv.xz
DE-SEE975239397002,Germany,Baltic Eagle,Other German Baltic farms,Skagerrak-Kattegat-Baltic,54.834864,13.820334,9.525,2024-07-26,,MaStR,Baltic Eagle,0,82.3,mastr_offshore_units.csv.xz
DE-SEE975248600179,Germany,Borkum Riffgrund 3,German Bight south of 54.3N,North Sea,54.07871,6.27382,11.55,2026-05-05,,MaStR,Borkum Riffgrund 3,0,60.4,mastr_offshore_units.csv.xz
DE-SEE975283682673,Germany,Borkum Riffgrund 3,German Bight south of 54.3N,North Sea,54.02903,6.15089,11.55,2026-04-24,,MaStR,Borkum Riffgrund 3,0,60.1,mastr_offshore_units.csv.xz
DE-SEE975317182971,Germany,Merkur Offshore (MEG Offshore I),German Bight south of 54.3N,North Sea,54.03631,6.60601,6.15,2019-05-08,,MaStR,Merkur Offshore,0,46.2,mastr_offshore_units.csv.xz
DE-SEE975320044594,Germany,Trianel Windpark Borkum Phase 2,German Bight south of 54.3N,North Sea,54.061307,6.417115,5.0,2015-04-27,,MaStR,Trianel Windpark Borkum,0,54.8,mastr_offshore_units.csv.xz
DE-SEE975401075868,Germany,Butendiek,German Bight north of 54.3N,North Sea,55.053912,7.799922,3.6,2015-05-24,,MaStR,Butendiek,0,37.0,mastr_offshore_units.csv.xz
DE-SEE975422450163,Germany,Butendiek,German Bight north of 54.3N,North Sea,54.973768,7.799922,3.6,2015-06-14,,MaStR,Butendiek,0,33.8,mastr_offshore_units.csv.xz
DE-SEE975427286736,Germany,DanTysk,German Bight north of 54.3N,North Sea,55.146139,7.228142,3.78,2015-03-15,,MaStR,OWP DanTysk,0,67.4,mastr_offshore_units.csv.xz
DE-SEE975445648509,Germany,Meerwind Sued/Ost,German Bight north of 54.3N,North Sea,54.386041,7.766418,3.78,2014-12-28,,MaStR,Meerwind Süd|Ost,0,24.9,mastr_offshore_units.csv.xz
DE-SEE975474659644,Germany,ARCADIS Ost 1,Other German Baltic farms,Skagerrak-Kattegat-Baltic,54.843261,13.594498,9.525,2023-02-14,,MaStR,Arcadis Ost I,0,73.5,mastr_offshore_units.csv.xz
DE-SEE975698468749,Germany,Sandbank,German Bight north of 54.3N,North Sea,55.285383,6.847272,4.2,2016-11-10,,MaStR,OWP Sandbank,0,85.6,mastr_offshore_units.csv.xz
DE-SEE975740940797,Germany,Bard Offshore 1,German Bight north of 54.3N,North Sea,54.310471,5.939396,5.5,2012-08-06,,MaStR,Bard Offshore 1 - C9 - 51573657597,0,93.7,mastr_offshore_units.csv.xz
DE-SEE975752091791,Germany,Baltic Eagle,Other German Baltic farms,Skagerrak-Kattegat-Baltic,54.826292,13.908945,9.525,2024-05-11,,MaStR,Baltic Eagle,2,85.8,mastr_offshore_units.csv.xz
DE-SEE975758736160,Germany,Bard Offshore 1,German Bight north of 54.3N,North Sea,54.337119,5.952715,5.5,2013-08-29,,MaStR,Bard Offshore 1 - C6 - 51573657563,0,95.8,mastr_offshore_units.csv.xz
DE-SEE975783973615,Germany,Kaskasi II,German Bight north of 54.3N,North Sea,54.482731,7.682976,9.0,2022-08-23,,MaStR,OWP Kaskasi,0,36.8,mastr_offshore_units.csv.xz
DE-SEE975829343204,Germany,Bard Offshore 1,German Bight north of 54.3N,North Sea,54.379296,5.939581,5.5,2013-08-05,,MaStR,Bard Offshore 1 - C5 - 51573657555,0,100.3,mastr_offshore_units.csv.xz
DE-SEE975977679309,Germany,Nordsee Ost,German Bight north of 54.3N,North Sea,54.422957,7.696704,6.15,2015-05-04,,MaStR,OWP Nordsee Ost 1,1,30.4,mastr_offshore_units.csv.xz
DE-SEE976059991500,Germany,Nordsee One,German Bight south of 54.3N,North Sea,53.980949,6.8821,6.15,2017-05-22,,MaStR,Nordsee One,0,34.6,mastr_offshore_units.csv.xz
DE-SEE976097371654,Germany,Bard Offshore 1,German Bight north of 54.3N,North Sea,54.318124,5.939432,5.5,2013-01-16,,MaStR,Bard Offshore 1 - C8 - 51573657589,0,94.4,mastr_offshore_units.csv.xz
DE-SEE976102892778,Germany,Baltic Eagle,Other German Baltic farms,Skagerrak-Kattegat-Baltic,54.856512,13.815177,9.525,2024-08-31,,MaStR,Baltic Eagle,0,83.8,mastr_offshore_units.csv.xz
DE-SEE976203015144,Germany,Kaskasi II,German Bight north of 54.3N,North Sea,54.498927,7.683753,9.0,2022-10-31,,MaStR,OWP Kaskasi,0,38.5,mastr_offshore_units.csv.xz
DE-SEE976232680597,Germany,Butendiek,German Bight north of 54.3N,North Sea,54.998385,7.750732,3.6,2015-03-28,,MaStR,Butendiek,0,37.6,mastr_offshore_units.csv.xz
DE-SEE976278366004,Germany,Meerwind Sued/Ost,German Bight north of 54.3N,North Sea,54.401563,7.68837,3.78,2014-09-03,,MaStR,Meerwind Süd|Ost,0,28.5,mastr_offshore_units.csv.xz
DE-SEE976402505279,Germany,Trianel Windpark Borkum Phase 2,German Bight south of 54.3N,North Sea,54.073064,6.52097,6.33,2019-09-15,,MaStR,"Trianel Windpark Borkum, Bauphase 2",0,52.6,mastr_offshore_units.csv.xz
DE-SEE976478301706,Germany,Albatros,German Bight north of 54.3N,North Sea,54.466139,6.248058,7.35,2020-01-07,,MaStR,Windpark Albatros,0,99.4,mastr_offshore_units.csv.xz
DE-SEE976484472155,Germany,ARCADIS Ost 1,Other German Baltic farms,Skagerrak-Kattegat-Baltic,54.835705,13.633671,9.525,2023-02-14,,MaStR,Arcadis Ost I,0,74.4,mastr_offshore_units.csv.xz
DE-SEE976485831333,Germany,Veja Mate,German Bight north of 54.3N,North Sea,54.318425,5.909827,6.3,2017-05-21,,MaStR,OWP Veja Mate,0,95.5,mastr_offshore_units.csv.xz
DE-SEE976514197300,Germany,Trianel Windpark Borkum Phase 1,German Bight south of 54.3N,North Sea,54.079111,6.457343,5.0,2015-05-08,,MaStR,Trianel Windpark Borkum,0,55.4,mastr_offshore_units.csv.xz
DE-SEE976594368034,Germany,EnBW He Dreiht,German Bight north of 54.3N,North Sea,54.386546,6.164229,15.0,2026-06-09,,MaStR,EnBW He Dreiht,9488,94.5,mastr_offshore_units.csv.xz
DE-SEE976628699202,Germany,Amrumbank West,German Bight north of 54.3N,North Sea,54.522649,7.641017,3.78,2015-07-22,,MaStR,Amrumbank-West,0,42.0,mastr_offshore_units.csv.xz
DE-SEE976675016366,Germany,Butendiek,German Bight north of 54.3N,North Sea,55.013701,7.783173,3.6,2015-02-17,,MaStR,Butendiek,0,36.2,mastr_offshore_units.csv.xz
DE-SEE976694776876,Germany,Meerwind Sued/Ost,German Bight north of 54.3N,North Sea,54.382593,7.748115,3.78,2015-01-30,,MaStR,Meerwind Süd|Ost,0,24.9,mastr_offshore_units.csv.xz
DE-SEE976919053577,Germany,Meerwind Sued/Ost,German Bight north of 54.3N,North Sea,54.420289,7.762476,3.78,2015-02-14,,MaStR,Meerwind Süd|Ost,0,28.6,mastr_offshore_units.csv.xz
DE-SEE977004472259,Germany,Sandbank,German Bight north of 54.3N,North Sea,55.179903,6.886675,4.2,2016-10-03,,MaStR,OWP Sandbank,1,87.3,mastr_offshore_units.csv.xz
DE-SEE977031441556,Germany,Borkum Riffgrund 2,German Bight south of 54.3N,North Sea,53.948997,6.445005,8.3,2018-09-29,,MaStR,Borkum Riffgrund 2,0,42.5,mastr_offshore_units.csv.xz
DE-SEE977085526414,Germany,EnBW Hohe See,German Bight north of 54.3N,North Sea,54.422373,6.318154,7.35,2019-07-18,,MaStR,Windpark Hohe See,0,93.0,mastr_offshore_units.csv.xz
DE-SEE977091784846,Germany,EnBW He Dreiht,German Bight north of 54.3N,North Sea,54.37311,6.134403,15.0,2026-09-11,,MaStR,EnBW He Dreiht,7552,93.9,mastr_offshore_units.csv.xz
DE-SEE977107724309,Germany,DanTysk,German Bight north of 54.3N,North Sea,55.0928,7.188544,3.78,2014-12-02,,MaStR,OWP DanTysk,0,72.0,mastr_offshore_units.csv.xz
DE-SEE977112241112,Germany,EnBW Windpark Baltic 2,Kriegers Flak and Baltic 1/2,Skagerrak-Kattegat-Baltic,54.977252,13.198218,3.78,2015-06-21,,MaStR,Baltic 2,0,46.7,mastr_offshore_units.csv.xz
DE-SEE977120062365,Germany,Butendiek,German Bight north of 54.3N,North Sea,55.004612,7.755972,3.6,2015-02-11,,MaStR,Butendiek,0,37.5,mastr_offshore_units.csv.xz
DE-SEE977176971765,Germany,DanTysk,German Bight north of 54.3N,North Sea,55.103258,7.170372,3.78,2014-12-02,,MaStR,OWP DanTysk,0,72.6,mastr_offshore_units.csv.xz
DE-SEE977183023365,Germany,Merkur Offshore (MEG Offshore I),German Bight south of 54.3N,North Sea,54.04371,6.52896,6.15,2018-08-07,,MaStR,Merkur Offshore,0,49.5,mastr_offshore_units.csv.xz
DE-SEE977190541326,Germany,Borkum Riffgrund 1,German Bight south of 54.3N,North Sea,53.98089,6.571274,4.2,2015-04-25,,MaStR,Borkum Riffgrund 1,0,42.2,mastr_offshore_units.csv.xz
DE-SEE977247503543,Germany,Veja Mate,German Bight north of 54.3N,North Sea,54.356841,5.891028,6.3,2017-02-25,,MaStR,OWP Veja Mate,0,99.8,mastr_offshore_units.csv.xz
DE-SEE977531194174,Germany,Bard Offshore 1,German Bight north of 54.3N,North Sea,54.330793,5.991686,5.5,2012-10-23,,MaStR,Bard Offshore 1 - C9 - 51573657597,0,93.9,mastr_offshore_units.csv.xz
DE-SEE977568988258,Germany,Amrumbank West,German Bight north of 54.3N,North Sea,54.506383,7.71629,3.78,2015-08-12,,MaStR,Amrumbank-West,0,38.6,mastr_offshore_units.csv.xz
DE-SEE977729981845,Germany,EnBW Windpark Baltic 2,Kriegers Flak and Baltic 1/2,Skagerrak-Kattegat-Baltic,54.960378,13.149928,3.78,2015-07-04,,MaStR,Baltic 2,0,43.7,mastr_offshore_units.csv.xz
DE-SEE977760894302,Germany,Butendiek,German Bight north of 54.3N,North Sea,55.006077,7.766772,3.6,2015-02-05,,MaStR,Butendiek,0,36.9,mastr_offshore_units.csv.xz
DE-SEE977828069123,Germany,Baltic Eagle,Other German Baltic farms,Skagerrak-Kattegat-Baltic,54.838152,13.882751,9.525,2024-09-12,,MaStR,Baltic Eagle,0,85.4,mastr_offshore_units.csv.xz
DE-SEE977833094349,Germany,ARCADIS Ost 1,Other German Baltic farms,Skagerrak-Kattegat-Baltic,54.820231,13.633509,9.525,2023-03-16,,MaStR,Arcadis Ost I,0,73.0,mastr_offshore_units.csv.xz
DE-SEE977868254558,Germany,Gode Wind 3,German Bight south of 54.3N,North Sea,54.060288,7.101541,11.55,2024-06-28,,MaStR,Gode Wind 3,0,38.9,mastr_offshore_units.csv.xz
DE-SEE977886436165,Germany,Nordsee Ost,German Bight north of 54.3N,North Sea,54.422316,7.64038,6.15,2015-07-21,,MaStR,OWP Nordsee Ost 1,1,32.0,mastr_offshore_units.csv.xz
DE-SEE977900175292,Germany,EnBW Hohe See,German Bight north of 54.3N,North Sea,54.428896,6.380622,7.35,2019-07-16,,MaStR,Windpark Hohe See,0,91.9,mastr_offshore_units.csv.xz
DE-SEE977926794552,Germany,Merkur Offshore (MEG Offshore I),German Bight south of 54.3N,North Sea,54.0347,6.5547,6.15,2019-02-06,,MaStR,Merkur Offshore,0,47.8,mastr_offshore_units.csv.xz
DE-SEE977980151025,Germany,Gode Wind 02,German Bight south of 54.3N,North Sea,54.06212,6.974961,6.264,2016-03-05,,MaStR,Gode Wind 2,0,40.6,mastr_offshore_units.csv.xz
DE-SEE978000153050,Germany,Sandbank,German Bight north of 54.3N,North Sea,55.158242,6.862075,4.2,2016-09-18,,MaStR,OWP Sandbank,0,89.4,mastr_offshore_units.csv.xz
DE-SEE978021145799,Germany,DanTysk,German Bight north of 54.3N,North Sea,55.225047,7.184408,3.78,2015-03-22,,MaStR,OWP DanTysk,0,67.7,mastr_offshore_units.csv.xz
DE-SEE978028310367,Germany,Arkona-Becken Südost,Other German Baltic farms,Skagerrak-Kattegat-Baltic,54.762861,14.080045,6.3,2018-09-30,,MaStR,Arkona Becken Süd-Ost,0,90.2,mastr_offshore_units.csv.xz
DE-SEE978184678387,Germany,Borkum Riffgrund 1,German Bight south of 54.3N,North Sea,53.974145,6.548415,4.2,2015-07-05,,MaStR,Borkum Riffgrund 1,0,42.5,mastr_offshore_units.csv.xz
DE-SEE978251021092,Germany,Merkur Offshore (MEG Offshore I),German Bight south of 54.3N,North Sea,54.08908,6.53954,6.15,2019-04-27,,MaStR,Merkur Offshore,1,53.5,mastr_offshore_units.csv.xz
DE-SEE978275027278,Germany,Borkum Riffgrund 3,German Bight south of 54.3N,North Sea,54.04705,6.0887,11.55,2025-12-04,,MaStR,Borkum Riffgrund 3,2,64.2,mastr_offshore_units.csv.xz
DE-SEE978283322853,Germany,Borkum Riffgrund 1,German Bight south of 54.3N,North Sea,53.994361,6.536976,4.2,2015-04-05,,MaStR,Borkum Riffgrund 1,0,44.7,mastr_offshore_units.csv.xz
DE-SEE978287906554,Germany,Borkum Riffgrund 2,German Bight south of 54.3N,North Sea,53.967261,6.445531,8.3,2018-10-13,,MaStR,Borkum Riffgrund 2,0,44.4,mastr_offshore_units.csv.xz
DE-SEE978387460420,Germany,Global Tech I,German Bight north of 54.3N,North Sea,54.516405,6.405309,5.0,2015-03-19,,MaStR,Global Tech I,0,100.4,mastr_offshore_units.csv.xz
DE-SEE978440462323,Germany,DanTysk,German Bight north of 54.3N,North Sea,55.111167,7.170183,3.78,2014-12-03,,MaStR,OWP DanTysk,0,72.3,mastr_offshore_units.csv.xz
DE-SEE978505387226,Germany,Nordsee One,German Bight south of 54.3N,North Sea,53.961503,6.747665,6.15,2017-08-12,,MaStR,Nordsee One,0,34.7,mastr_offshore_units.csv.xz
DE-SEE978537555303,Germany,DanTysk,German Bight north of 54.3N,North Sea,55.182097,7.200436,3.78,2015-02-12,,MaStR,OWP DanTysk,0,67.9,mastr_offshore_units.csv.xz
DE-SEE978538042666,Germany,Gode Wind 02,German Bight south of 54.3N,North Sea,54.073958,6.99511,6.264,2016-05-10,,MaStR,Gode Wind 2,0,41.5,mastr_offshore_units.csv.xz
DE-SEE978621831610,Germany,Meerwind Sued/Ost,German Bight north of 54.3N,North Sea,54.406847,7.706268,3.78,2014-11-01,,MaStR,Meerwind Süd|Ost,0,28.5,mastr_offshore_units.csv.xz
DE-SEE978690991796,Germany,EnBW He Dreiht,German Bight north of 54.3N,North Sea,54.329454,6.239801,15.0,2025-12-17,,MaStR,EnBW He Dreiht,10703,86.5,mastr_offshore_units.csv.xz
DE-SEE978751412826,Germany,EnBW He Dreiht,German Bight north of 54.3N,North Sea,54.336284,6.256221,15.0,2025-12-24,,MaStR,EnBW He Dreiht,9400,86.6,mastr_offshore_units.csv.xz
DE-SEE978771705311,Germany,Trianel Windpark Borkum Phase 1,German Bight south of 54.3N,North Sea,54.063512,6.472006,5.0,2015-02-20,,MaStR,Trianel Windpark Borkum,0,53.5,mastr_offshore_units.csv.xz
DE-SEE978879872601,Germany,ARCADIS Ost 1,Other German Baltic farms,Skagerrak-Kattegat-Baltic,54.845012,13.58412,9.525,2023-02-16,,MaStR,Arcadis Ost I,9,73.3,mastr_offshore_units.csv.xz
DE-SEE978918526878,Germany,Wikinger,Other German Baltic farms,Skagerrak-Kattegat-Baltic,54.857673,14.016245,15.0,2026-08-22,,MaStR,OWP Windanker,1598,93.3,mastr_offshore_units.csv.xz
DE-SEE978981534572,Germany,DanTysk,German Bight north of 54.3N,North Sea,55.0641,7.186019,3.78,2015-01-23,,MaStR,OWP DanTysk,0,73.4,mastr_offshore_units.csv.xz
DE-SEE978992262396,Germany,Gode Wind 3,German Bight south of 54.3N,North Sea,54.077272,7.11401,11.55,2024-05-18,,MaStR,Gode Wind 3,1,40.7,mastr_offshore_units.csv.xz
DE-SEE979039957329,Germany,Butendiek,German Bight north of 54.3N,North Sea,55.031188,7.7588,3.6,2015-06-29,,MaStR,Butendiek,0,38.3,mastr_offshore_units.csv.xz
DE-SEE979066014569,Germany,Wikinger,Other German Baltic farms,Skagerrak-Kattegat-Baltic,54.829016,14.10639,5.23,2017-12-03,,MaStR,WIKINGER,0,95.8,mastr_offshore_units.csv.xz
DE-SEE979085121088,Germany,Veja Mate,German Bight north of 54.3N,North Sea,54.334982,5.828835,6.3,2017-04-02,,MaStR,OWP Veja Mate,1,100.0,mastr_offshore_units.csv.xz
DE-SEE979234834852,Germany,Gode Wind 02,German Bight south of 54.3N,North Sea,54.06821,7.048878,6.264,2016-05-10,,MaStR,Gode Wind 2,2,40.2,mastr_offshore_units.csv.xz
DE-SEE979327730610,Germany,EnBW Windpark Baltic 2,Kriegers Flak and Baltic 1/2,Skagerrak-Kattegat-Baltic,54.992335,13.135139,3.78,2015-05-11,,MaStR,Baltic 2,0,42.7,mastr_offshore_units.csv.xz
DE-SEE979337693226,Germany,Veja Mate,German Bight north of 54.3N,North Sea,54.304062,5.909913,6.3,2017-05-25,,MaStR,OWP Veja Mate,0,94.2,mastr_offshore_units.csv.xz
DE-SEE979340417918,Germany,Amrumbank West,German Bight north of 54.3N,North Sea,54.52802,7.691478,3.78,2015-08-08,,MaStR,Amrumbank-West,0,41.4,mastr_offshore_units.csv.xz
DE-SEE979458145079,Germany,Nordsee One,German Bight south of 54.3N,North Sea,53.976855,6.903077,6.15,2017-06-05,,MaStR,Nordsee One,0,33.7,mastr_offshore_units.csv.xz
DE-SEE979546986188,Germany,Bard Offshore 1,German Bight north of 54.3N,North Sea,54.382086,6.008207,5.5,2013-05-03,,MaStR,Bard Offshore 1 - C2 - 51573657521,0,98.4,mastr_offshore_units.csv.xz
DE-SEE979547351879,Germany,Gode Wind 3,German Bight south of 54.3N,North Sea,54.011071,7.134169,11.55,2024-05-20,,MaStR,Gode Wind 3,0,33.3,mastr_offshore_units.csv.xz
DE-SEE979581389586,Germany,EnBW Hohe See,German Bight north of 54.3N,North Sea,54.42953,6.350666,7.35,2019-08-12,,MaStR,Windpark Hohe See,0,92.8,mastr_offshore_units.csv.xz
DE-SEE979599057446,Germany,DanTysk,German Bight north of 54.3N,North Sea,55.153078,7.185311,3.78,2015-03-12,,MaStR,OWP DanTysk,0,69.8,mastr_offshore_units.csv.xz
DE-SEE979651709054,Germany,Amrumbank West,German Bight north of 54.3N,North Sea,54.5388,7.6538,3.78,2015-07-16,,MaStR,Amrumbank West,0,43.3,mastr_offshore_units.csv.xz
DE-SEE979741621990,Germany,Trianel Windpark Borkum Phase 2,German Bight south of 54.3N,North Sea,54.047582,6.498748,6.33,2019-09-03,,MaStR,"Trianel Windpark Borkum, Bauphase 2",0,51.0,mastr_offshore_units.csv.xz
DE-SEE979757012959,Germany,Butendiek,German Bight north of 54.3N,North Sea,54.972019,7.778908,3.6,2015-04-19,,MaStR,Butendiek,0,35.1,mastr_offshore_units.csv.xz
DE-SEE979784343408,Germany,Bard Offshore 1,German Bight north of 54.3N,North Sea,54.392206,5.9507,5.5,2013-07-23,,MaStR,Bard Offshore 1 - C5 - 51573657555,0,101.1,mastr_offshore_units.csv.xz
DE-SEE979845836801,Germany,DanTysk,German Bight north of 54.3N,North Sea,55.145878,7.187003,3.78,2015-03-12,,MaStR,OWP DanTysk,0,69.9,mastr_offshore_units.csv.xz
DE-SEE979936416097,Germany,Borkum Riffgrund 3,German Bight south of 54.3N,North Sea,54.03582,6.28869,11.55,2025-12-27,,MaStR,Borkum Riffgrund 3,0,55.8,mastr_offshore_units.csv.xz
DE-SEE979949584462,Germany,Global Tech I,German Bight north of 54.3N,North Sea,54.522514,6.406637,5.0,2015-04-19,,MaStR,Global Tech I,0,101.0,mastr_offshore_units.csv.xz
DE-SEE979973327486,Germany,EnBW Hohe See,German Bight north of 54.3N,North Sea,54.476357,6.288051,7.35,2019-08-23,,MaStR,Windpark Hohe See,0,99.3,mastr_offshore_units.csv.xz
DE-SEE980009070962,Germany,Borkum Riffgrund 1,German Bight south of 54.3N,North Sea,53.947197,6.594163,4.2,2015-03-28,,MaStR,Borkum Riffgrund 1,0,38.3,mastr_offshore_units.csv.xz
DE-SEE980016566021,Germany,DanTysk,German Bight north of 54.3N,North Sea,55.116225,7.193519,3.78,2014-12-03,,MaStR,OWP DanTysk,0,70.7,mastr_offshore_units.csv.xz
DE-SEE980122691983,Germany,Amrumbank West,German Bight north of 54.3N,North Sea,54.517171,7.679072,3.78,2015-10-03,,MaStR,Amrumbank-West,0,40.5,mastr_offshore_units.csv.xz
DE-SEE980214789314,Germany,Riffgat,German Bight south of 54.3N,North Sea,53.688922,6.489782,3.78,2014-03-02,,MaStR,RIFFGAT,0,17.1,mastr_offshore_units.csv.xz
DE-SEE980217962554,Germany,Veja Mate,German Bight north of 54.3N,North Sea,54.31063,5.856606,6.3,2017-03-23,,MaStR,OWP Veja Mate,0,96.7,mastr_offshore_units.csv.xz
DE-SEE980245540298,Germany,Meerwind Sued/Ost,German Bight north of 54.3N,North Sea,54.401442,7.725697,3.78,2015-01-19,,MaStR,Meerwind Süd|Ost,0,27.4,mastr_offshore_units.csv.xz
DE-SEE980282368237,Germany,EnBW He Dreiht,German Bight north of 54.3N,North Sea,54.354539,6.142931,15.0,2026-09-14,,MaStR,EnBW He Dreiht,8110,91.8,mastr_offshore_units.csv.xz
DE-SEE980292520984,Germany,EnBW He Dreiht,German Bight north of 54.3N,North Sea,54.347598,6.133824,15.0,2026-08-28,,MaStR,EnBW He Dreiht,7519,91.3,mastr_offshore_units.csv.xz
DE-SEE980307194537,Germany,Riffgat,German Bight south of 54.3N,North Sea,53.683157,6.448991,3.78,2014-02-21,,MaStR,RIFFGAT,0,18.7,mastr_offshore_units.csv.xz
DE-SEE980314319589,Germany,Merkur Offshore (MEG Offshore I),German Bight south of 54.3N,North Sea,54.04365,6.60583,6.15,2018-12-29,,MaStR,Merkur Offshore,0,46.9,mastr_offshore_units.csv.xz
DE-SEE980346540470,Germany,Bard Offshore 1,German Bight north of 54.3N,North Sea,54.422049,6.018195,5.5,2013-05-04,,MaStR,Bard Offshore 1 - C2 - 51573657521,0,102.0,mastr_offshore_units.csv.xz
DE-SEE980352241149,Germany,Meerwind Sued/Ost,German Bight north of 54.3N,North Sea,54.395811,7.745044,3.78,2014-12-18,,MaStR,Meerwind Süd|Ost,0,26.4,mastr_offshore_units.csv.xz
DE-SEE980361907821,Germany,EnBW Hohe See,German Bight north of 54.3N,North Sea,54.46782,6.343163,7.35,2019-08-17,,MaStR,Windpark Hohe See,0,96.9,mastr_offshore_units.csv.xz
DE-SEE980362506061,Germany,Sandbank,German Bight north of 54.3N,North Sea,55.204473,6.860995,4.2,2016-11-07,,MaStR,OWP Sandbank,0,88.4,mastr_offshore_units.csv.xz
DE-SEE980402432268,Germany,Butendiek,German Bight north of 54.3N,North Sea,55.039752,7.781013,3.6,2015-03-25,,MaStR,Butendiek,0,37.4,mastr_offshore_units.csv.xz
DE-SEE980481839965,Germany,Butendiek,German Bight north of 54.3N,North Sea,55.04723,7.783993,3.6,2015-04-27,,MaStR,Butendiek,0,37.6,mastr_offshore_units.csv.xz
DE-SEE980539681041,Germany,Wikinger,Other German Baltic farms,Skagerrak-Kattegat-Baltic,54.837725,14.028552,5.23,2017-11-09,,MaStR,WIKINGER,0,92.5,mastr_offshore_units.csv.xz
DE-SEE980553458025,Germany,Meerwind Sued/Ost,German Bight north of 54.3N,North Sea,54.37216,7.68963,3.78,2014-11-20,,MaStR,Meerwind Süd|Ost,0,25.6,mastr_offshore_units.csv.xz
DE-SEE980578555990,Germany,Borkum Riffgrund 3,German Bight south of 54.3N,North Sea,54.05865,6.13454,11.55,2026-01-12,,MaStR,Borkum Riffgrund 3,0,63.4,mastr_offshore_units.csv.xz
DE-SEE980638775900,Germany,Merkur Offshore (MEG Offshore I),German Bight south of 54.3N,North Sea,54.022483,6.503589,6.15,2018-12-06,,MaStR,Merkur Offshore,8,48.6,mastr_offshore_units.csv.xz
DE-SEE980662526622,Germany,EnBW Windpark Baltic 1,Kriegers Flak and Baltic 1/2,Skagerrak-Kattegat-Baltic,54.609556,12.65475,2.3,2011-04-04,,MaStR,Baltic 1,0,19.0,mastr_offshore_units.csv.xz
DE-SEE980665749516,Germany,Nordsee Ost,German Bight north of 54.3N,North Sea,54.465442,7.640508,6.15,2015-02-17,,MaStR,OWP Nordsee Ost 1,2,36.2,mastr_offshore_units.csv.xz
DE-SEE980736061066,Germany,Gode Wind 3,German Bight south of 54.3N,North Sea,54.010465,7.063277,11.55,2024-07-01,,MaStR,Gode Wind 3,0,33.7,mastr_offshore_units.csv.xz
DE-SEE980785741308,Germany,Borkum Riffgrund 3,German Bight south of 54.3N,North Sea,54.03792,6.25538,11.55,2025-12-28,,MaStR,Borkum Riffgrund 3,0,57.1,mastr_offshore_units.csv.xz
DE-SEE980819438501,Germany,Gode Wind 01,German Bight south of 54.3N,North Sea,53.995745,6.981055,6.264,2016-08-01,,MaStR,Gode Wind 1,0,33.5,mastr_offshore_units.csv.xz
DE-SEE980865419110,Germany,EnBW Windpark Baltic 1,Kriegers Flak and Baltic 1/2,Skagerrak-Kattegat-Baltic,54.595028,12.642389,2.3,2011-04-05,,MaStR,Baltic 1,0,17.2,mastr_offshore_units.csv.xz
DE-SEE980900352143,Germany,Kaskasi II,German Bight north of 54.3N,North Sea,54.489075,7.715409,9.0,2022-08-10,,MaStR,OWP Kaskasi,0,36.8,mastr_offshore_units.csv.xz
DE-SEE981013023869,Germany,Gode Wind 01,German Bight south of 54.3N,North Sea,54.047176,6.950666,6.264,2016-08-01,,MaStR,Gode Wind 1,0,39.5,mastr_offshore_units.csv.xz
DE-SEE981077717933,Germany,Sandbank,German Bight north of 54.3N,North Sea,55.147831,6.850025,4.2,2017-01-23,,MaStR,OWP Sandbank,0,90.4,mastr_offshore_units.csv.xz
DE-SEE981139983375,Germany,Alpha Ventus,German Bight south of 54.3N,North Sea,54.014325,6.618852,5.0,2009-12-16,,MaStR,alpha ventus,0,43.7,mastr_offshore_units.csv.xz
DE-SEE981191639067,Germany,Butendiek,German Bight north of 54.3N,North Sea,55.040045,7.799922,3.6,2015-04-28,,MaStR,Butendiek,0,36.3,mastr_offshore_units.csv.xz
DE-SEE981251588847,Germany,Nordsee Ost,German Bight north of 54.3N,North Sea,54.406142,7.640293,6.15,2015-08-03,,MaStR,OWP Nordsee Ost 2,3,30.5,mastr_offshore_units.csv.xz
DE-SEE981265682449,Germany,Wikinger,Other German Baltic farms,Skagerrak-Kattegat-Baltic,54.837688,14.068586,5.23,2017-11-26,,MaStR,WIKINGER,0,94.5,mastr_offshore_units.csv.xz
DE-SEE981473806859,Germany,Veja Mate,German Bight north of 54.3N,North Sea,54.343876,5.856492,6.3,2017-03-10,,MaStR,OWP Veja Mate,0,99.8,mastr_offshore_units.csv.xz
DE-SEE981562325476,Germany,Global Tech I,German Bight north of 54.3N,North Sea,54.461613,6.390122,5.0,2015-07-14,,MaStR,Global Tech I,0,95.0,mastr_offshore_units.csv.xz
DE-SEE981707286600,Germany,Meerwind Sued/Ost,German Bight north of 54.3N,North Sea,54.419627,7.71634,3.78,2014-11-05,,MaStR,Meerwind Süd|Ost,0,29.5,mastr_offshore_units.csv.xz
DE-SEE981814756676,Germany,Meerwind Sued/Ost,German Bight north of 54.3N,North Sea,54.425004,7.741238,3.78,2014-11-17,,MaStR,Meerwind Süd|Ost,0,29.5,mastr_offshore_units.csv.xz
DE-SEE981959625677,Germany,Merkur Offshore (MEG Offshore I),German Bight south of 54.3N,North Sea,54.05836,6.59076,6.15,2019-05-14,,MaStR,Merkur Offshore,0,48.9,mastr_offshore_units.csv.xz
DE-SEE981966667943,Germany,Wikinger,Other German Baltic farms,Skagerrak-Kattegat-Baltic,54.824935,14.079525,5.23,2017-11-15,,MaStR,WIKINGER,0,94.2,mastr_offshore_units.csv.xz
DE-SEE982219860838,Germany,Global Tech I,German Bight north of 54.3N,North Sea,54.53476,6.364029,5.0,2015-06-21,,MaStR,Global Tech I,0,103.2,mastr_offshore_units.csv.xz
DE-SEE982273236075,Germany,Deutsche Bucht,German Bight north of 54.3N,North Sea,54.314954,5.767818,8.4,2019-08-03,,MaStR,Deutsche Bucht,0,100.6,mastr_offshore_units.csv.xz
DE-SEE982358126000,Germany,Meerwind Sued/Ost,German Bight north of 54.3N,North Sea,54.418671,7.748338,3.78,2014-12-02,,MaStR,Meerwind Süd|Ost,0,28.7,mastr_offshore_units.csv.xz
DE-SEE982365534874,Germany,Arkona-Becken Südost,Other German Baltic farms,Skagerrak-Kattegat-Baltic,54.771411,14.156915,6.3,2018-10-22,,MaStR,Arkona Becken Süd-Ost,0,94.9,mastr_offshore_units.csv.xz
DE-SEE982370299690,Germany,Bard Offshore 1,German Bight north of 54.3N,North Sea,54.330282,6.018197,5.5,2010-12-26,,MaStR,Bard Offshore 1 - C12 - 51573657638,0,93.0,mastr_offshore_units.csv.xz
DE-SEE982370725403,Germany,Wikinger,Other German Baltic farms,Skagerrak-Kattegat-Baltic,54.860556,14.085231,5.23,2017-11-18,,MaStR,WIKINGER,0,96.9,mastr_offshore_units.csv.xz
DE-SEE982413596991,Germany,Gode Wind 3,German Bight south of 54.3N,North Sea,54.030592,7.096548,11.55,2024-06-29,,MaStR,Gode Wind 3,0,35.6,mastr_offshore_units.csv.xz
DE-SEE982424635511,Germany,Gode Wind 3,German Bight south of 54.3N,North Sea,54.068744,7.116605,11.55,2024-06-22,,MaStR,Gode Wind 3,0,39.7,mastr_offshore_units.csv.xz
DE-SEE982459757295,Germany,Borkum Riffgrund 1,German Bight south of 54.3N,North Sea,53.987582,6.491245,4.2,2015-03-06,,MaStR,Borkum Riffgrund 1,0,45.5,mastr_offshore_units.csv.xz
DE-SEE982527987333,Germany,Alpha Ventus,German Bight south of 54.3N,North Sea,54.02166,6.593498,5.0,2010-04-08,,MaStR,alpha ventus,0,45.2,mastr_offshore_units.csv.xz
DE-SEE982545515693,Germany,Borkum Riffgrund 1,German Bight south of 54.3N,North Sea,53.947167,6.537026,4.2,2015-06-08,,MaStR,Borkum Riffgrund 1,0,40.3,mastr_offshore_units.csv.xz
DE-SEE982553665878,Germany,EnBW Hohe See,German Bight north of 54.3N,North Sea,54.43422,6.325068,7.35,2019-08-03,,MaStR,Windpark Hohe See,0,94.0,mastr_offshore_units.csv.xz
DE-SEE982569724088,Germany,Borkum Riffgrund 2,German Bight south of 54.3N,North Sea,53.967298,6.479863,8.3,2018-08-31,,MaStR,Borkum Riffgrund 2,0,43.6,mastr_offshore_units.csv.xz
DE-SEE982575771731,Germany,Meerwind Sued/Ost,German Bight north of 54.3N,North Sea,54.376263,7.695947,3.78,2014-09-29,,MaStR,Meerwind Süd|Ost,0,25.8,mastr_offshore_units.csv.xz
DE-SEE982623492663,Germany,Merkur Offshore (MEG Offshore I),German Bight south of 54.3N,North Sea,54.01508,6.51618,6.15,2018-09-17,,MaStR,Merkur Offshore,0,47.4,mastr_offshore_units.csv.xz
DE-SEE982729023884,Germany,Baltic Eagle,Other German Baltic farms,Skagerrak-Kattegat-Baltic,54.828956,13.863218,9.525,2024-07-22,,MaStR,Baltic Eagle,0,83.8,mastr_offshore_units.csv.xz
DE-SEE982745143580,Germany,Butendiek,German Bight north of 54.3N,North Sea,54.991093,7.79419,3.6,2015-06-28,,MaStR,Butendiek,0,34.7,mastr_offshore_units.csv.xz
DE-SEE982868893607,Germany,Amrumbank West,German Bight north of 54.3N,North Sea,54.52802,7.75348,3.78,2015-06-12,,MaStR,Amrumbank-West,0,40.3,mastr_offshore_units.csv.xz
DE-SEE982870006347,Germany,Deutsche Bucht,German Bight north of 54.3N,North Sea,54.336454,5.816847,8.4,2019-09-14,,MaStR,Deutsche Bucht,0,100.6,mastr_offshore_units.csv.xz
DE-SEE982894717618,Germany,Butendiek,German Bight north of 54.3N,North Sea,55.00275,7.794385,3.6,2015-04-30,,MaStR,Butendiek,0,35.1,mastr_offshore_units.csv.xz
DE-SEE982928023067,Germany,Nordergründe,German Bight south of 54.3N,North Sea,53.829081,8.173755,6.15,2017-11-21,,MaStR,OWP Nordergründe,0,18.0,mastr_offshore_units.csv.xz
DE-SEE982942216728,Germany,Nordergründe,German Bight south of 54.3N,North Sea,53.834147,8.157624,6.15,2017-12-17,,MaStR,OWP Nordergründe,0,17.2,mastr_offshore_units.csv.xz
DE-SEE983040469238,Germany,Butendiek,German Bight north of 54.3N,North Sea,54.984787,7.789309,3.6,2015-06-14,,MaStR,Butendiek,0,34.8,mastr_offshore_units.csv.xz
DE-SEE983077453002,Germany,Arkona-Becken Südost,Other German Baltic farms,Skagerrak-Kattegat-Baltic,54.771791,14.139915,6.3,2018-10-08,,MaStR,Arkona Becken Süd-Ost,0,94.0,mastr_offshore_units.csv.xz
DE-SEE983087427321,Germany,Sandbank,German Bight north of 54.3N,North Sea,55.118419,6.909539,4.2,2016-09-25,,MaStR,OWP Sandbank,1,87.7,mastr_offshore_units.csv.xz
DE-SEE983099104197,Germany,Borkum Riffgrund 2,German Bight south of 54.3N,North Sea,53.973977,6.473747,8.3,2018-09-03,,MaStR,Borkum Riffgrund 2,0,44.4,mastr_offshore_units.csv.xz
DE-SEE983115595657,Germany,Trianel Windpark Borkum Phase 2,German Bight south of 54.3N,North Sea,54.060978,6.444762,5.0,2015-02-01,,MaStR,Trianel Windpark Borkum,0,54.2,mastr_offshore_units.csv.xz
DE-SEE983177687970,Germany,Nordsee One,German Bight south of 54.3N,North Sea,53.992491,6.832096,6.15,2017-08-24,,MaStR,Nordsee One,0,36.4,mastr_offshore_units.csv.xz
DE-SEE983178668107,Germany,Global Tech I,German Bight north of 54.3N,North Sea,54.516447,6.318216,5.0,2015-03-09,,MaStR,Global Tech I,0,102.5,mastr_offshore_units.csv.xz
DE-SEE983331954016,Germany,Gode Wind 02,German Bight south of 54.3N,North Sea,54.08613,7.036945,6.264,2016-06-09,,MaStR,Gode Wind 2,0,42.3,mastr_offshore_units.csv.xz
DE-SEE983334180580,Germany,Trianel Windpark Borkum Phase 2,German Bight south of 54.3N,North Sea,54.008726,6.420152,6.33,2020-03-16,,MaStR,"Trianel Windpark Borkum, Bauphase 2",1,49.3,mastr_offshore_units.csv.xz
DE-SEE983343645087,Germany,Riffgat,German Bight south of 54.3N,North Sea,53.692413,6.514249,3.78,2014-02-28,,MaStR,RIFFGAT,0,16.3,mastr_offshore_units.csv.xz
DE-SEE983363996923,Germany,Global Tech I,German Bight north of 54.3N,North Sea,54.51644,6.347247,5.0,2014-09-12,,MaStR,Global Tech I,0,101.7,mastr_offshore_units.csv.xz
DE-SEE983494850569,Germany,Amrumbank West,German Bight north of 54.3N,North Sea,54.506383,7.653833,3.78,2015-09-26,,MaStR,Amrumbank-West,0,40.0,mastr_offshore_units.csv.xz
DE-SEE983500503199,Germany,Deutsche Bucht,German Bight south of 54.3N,North Sea,54.297352,5.778053,8.4,2019-08-09,,MaStR,Deutsche Bucht,0,98.6,mastr_offshore_units.csv.xz
DE-SEE983594239585,Germany,Butendiek,German Bight north of 54.3N,North Sea,54.966717,7.799903,3.6,2015-06-28,,MaStR,Butendiek,0,33.7,mastr_offshore_units.csv.xz
DE-SEE983612858576,Germany,EnBW He Dreiht,German Bight north of 54.3N,North Sea,54.411466,6.148466,15.0,2026-06-30,,MaStR,EnBW He Dreiht,8458,97.4,mastr_offshore_units.csv.xz
DE-SEE983670994148,Germany,Butendiek,German Bight north of 54.3N,North Sea,55.011466,7.761347,3.6,2015-02-17,,MaStR,Butendiek,0,37.4,mastr_offshore_units.csv.xz
DE-SEE983734901419,Germany,Wikinger,Other German Baltic farms,Skagerrak-Kattegat-Baltic,54.827348,14.053267,5.23,2017-11-09,,MaStR,WIKINGER,0,93.0,mastr_offshore_units.csv.xz
DE-SEE983945647144,Germany,Merkur Offshore (MEG Offshore I),German Bight south of 54.3N,North Sea,54.05045,6.55395,6.15,2019-03-27,,MaStR,Merkur Offshore,0,49.3,mastr_offshore_units.csv.xz
DE-SEE983961442624,Germany,Gode Wind 02,German Bight south of 54.3N,North Sea,54.044408,7.008218,6.264,2016-02-29,,MaStR,Gode Wind 2,0,38.1,mastr_offshore_units.csv.xz
DE-SEE984021020721,Germany,Butendiek,German Bight north of 54.3N,North Sea,55.00705,7.77734,3.6,2015-02-04,,MaStR,Butendiek,0,36.3,mastr_offshore_units.csv.xz
DE-SEE984046132201,Germany,Veja Mate,German Bight north of 54.3N,North Sea,54.304944,5.840345,6.3,2017-03-21,,MaStR,OWP Veja Mate,0,96.9,mastr_offshore_units.csv.xz
DE-SEE984080255348,Germany,EnBW He Dreiht,German Bight north of 54.3N,North Sea,54.404796,6.158084,15.0,2026-07-14,,MaStR,EnBW He Dreiht,8988,96.4,mastr_offshore_units.csv.xz
DE-SEE984150549834,Germany,Borkum Riffgrund 3,German Bight south of 54.3N,North Sea,54.01981,6.23086,11.55,2026-05-22,,MaStR,Borkum Riffgrund 3,0,56.2,mastr_offshore_units.csv.xz
DE-SEE984233477177,Germany,Gode Wind 02,German Bight south of 54.3N,North Sea,54.050366,7.018379,6.264,2016-02-28,,MaStR,Gode Wind 2,0,38.6,mastr_offshore_units.csv.xz
DE-SEE984271824766,Germany,Nordergründe,German Bight south of 54.3N,North Sea,53.830076,8.16158,6.15,2017-11-15,,MaStR,OWP Nordergründe,0,17.3,mastr_offshore_units.csv.xz
DE-SEE984357625546,Germany,Nordsee Ost,German Bight north of 54.3N,North Sea,54.449269,7.640483,6.15,2015-03-12,,MaStR,OWP Nordsee Ost 1,0,34.6,mastr_offshore_units.csv.xz
DE-SEE984359586340,Germany,Trianel Windpark Borkum Phase 2,German Bight south of 54.3N,North Sea,54.055346,6.510261,6.33,2019-09-07,,MaStR,"Trianel Windpark Borkum, Bauphase 2",0,51.3,mastr_offshore_units.csv.xz
DE-SEE984403763314,Germany,Sandbank,German Bight north of 54.3N,North Sea,55.125221,6.890669,4.2,2017-01-24,,MaStR,OWP Sandbank,0,88.6,mastr_offshore_units.csv.xz
DE-SEE984429000592,Germany,Sandbank,German Bight north of 54.3N,North Sea,55.1495,6.865486,4.2,2016-09-17,,MaStR,OWP Sandbank,0,89.4,mastr_offshore_units.csv.xz
DE-SEE984446460737,Germany,Borkum Riffgrund 3,German Bight south of 54.3N,North Sea,54.07323,6.19066,11.55,2026-04-09,,MaStR,Borkum Riffgrund 3,3,62.7,mastr_offshore_units.csv.xz
DE-SEE984486847147,Germany,Nordsee One,German Bight south of 54.3N,North Sea,53.980677,6.857851,6.15,2017-05-18,,MaStR,Nordsee One,0,34.8,mastr_offshore_units.csv.xz
DE-SEE984493146868,Germany,Wikinger,Other German Baltic farms,Skagerrak-Kattegat-Baltic,54.811956,14.068066,5.23,2017-10-06,,MaStR,WIKINGER,0,92.7,mastr_offshore_units.csv.xz
DE-SEE984498361341,Germany,Wikinger,Other German Baltic farms,Skagerrak-Kattegat-Baltic,54.850012,14.113451,5.23,2017-12-15,,MaStR,WIKINGER,0,97.6,mastr_offshore_units.csv.xz
DE-SEE984583711624,Germany,Bard Offshore 1,German Bight north of 54.3N,North Sea,54.333408,5.93946,5.5,2013-08-29,,MaStR,Bard Offshore 1 - C6 - 51573657563,0,95.9,mastr_offshore_units.csv.xz
DE-SEE984661071541,Germany,Nordsee One,German Bight south of 54.3N,North Sea,53.970894,6.864935,6.15,2017-05-26,,MaStR,Nordsee One,0,33.7,mastr_offshore_units.csv.xz
DE-SEE984708762524,Germany,Amrumbank West,German Bight north of 54.3N,North Sea,54.538833,7.77832,3.78,2015-06-27,,MaStR,Amrumbank West,0,39.1,mastr_offshore_units.csv.xz
DE-SEE984739319483,Germany,Kaskasi II,German Bight north of 54.3N,North Sea,54.49466,7.731863,9.0,2022-09-05,,MaStR,OWP Kaskasi,0,37.1,mastr_offshore_units.csv.xz
DE-SEE984774998438,Germany,DanTysk,German Bight north of 54.3N,North Sea,55.081625,7.244186,3.78,2015-02-01,,MaStR,OWP DanTysk,0,69.2,mastr_offshore_units.csv.xz
DE-SEE984851724172,Germany,Riffgat,German Bight south of 54.3N,North Sea,53.699396,6.485588,3.78,2014-02-14,,MaStR,RIFFGAT,0,18.1,mastr_offshore_units.csv.xz
DE-SEE984871130311,Germany,Baltic Eagle,Other German Baltic farms,Skagerrak-Kattegat-Baltic,54.857438,13.835685,9.525,2024-08-24,,MaStR,Baltic Eagle,0,84.8,mastr_offshore_units.csv.xz
DE-SEE984913841489,Germany,Borkum Riffgrund 3,German Bight south of 54.3N,North Sea,54.0196,6.13711,11.55,2026-04-25,,MaStR,Borkum Riffgrund 3,1,59.9,mastr_offshore_units.csv.xz
DE-SEE984994208263,Germany,Borkum Riffgrund 2,German Bight south of 54.3N,North Sea,53.933134,6.514217,8.3,2018-10-05,,MaStR,Borkum Riffgrund 2,0,39.3,mastr_offshore_units.csv.xz
DE-SEE985014563898,Germany,EnBW Hohe See,German Bight north of 54.3N,North Sea,54.44835,6.277957,7.35,2019-08-21,,MaStR,Windpark Hohe See,0,96.8,mastr_offshore_units.csv.xz
DE-SEE985119252055,Germany,Riffgat,German Bight south of 54.3N,North Sea,53.68662,6.473465,3.78,2014-02-13,,MaStR,RIFFGAT,0,17.7,mastr_offshore_units.csv.xz
DE-SEE985188238677,Germany,EnBW Windpark Baltic 2,Kriegers Flak and Baltic 1/2,Skagerrak-Kattegat-Baltic,54.973167,13.144104,3.78,2015-06-12,,MaStR,Baltic 2,0,43.3,mastr_offshore_units.csv.xz
DE-SEE985243229510,Germany,EnBW Windpark Baltic 2,Kriegers Flak and Baltic 1/2,Skagerrak-Kattegat-Baltic,54.973542,13.188881,3.78,2015-06-18,,MaStR,Baltic 2,0,46.1,mastr_offshore_units.csv.xz
DE-SEE985325177548,Germany,Amrumbank West,German Bight north of 54.3N,North Sea,54.522649,7.75348,3.78,2015-05-11,,MaStR,Amrumbank-West,0,39.7,mastr_offshore_units.csv.xz
DE-SEE985339521771,Germany,DanTysk,German Bight north of 54.3N,North Sea,55.107481,7.237781,3.78,2015-01-23,,MaStR,OWP DanTysk,0,68.4,mastr_offshore_units.csv.xz
DE-SEE985342238765,Germany,Arkona-Becken Südost,Other German Baltic farms,Skagerrak-Kattegat-Baltic,54.760448,14.147899,6.3,2018-10-09,,MaStR,Arkona Becken Süd-Ost,0,93.7,mastr_offshore_units.csv.xz
DE-SEE985423879788,Germany,DanTysk,German Bight north of 54.3N,North Sea,55.124092,7.1865,3.78,2014-12-04,,MaStR,OWP DanTysk,0,70.8,mastr_offshore_units.csv.xz
DE-SEE985458490705,Germany,Gode Wind 01,German Bight south of 54.3N,North Sea,54.011335,7.005995,6.264,2016-07-14,,MaStR,Gode Wind 1,0,34.6,mastr_offshore_units.csv.xz
DE-SEE985488944759,Germany,Bard Offshore 1,German Bight north of 54.3N,North Sea,54.349482,5.939463,5.5,2013-09-06,,MaStR,Bard Offshore 1 - C6 - 51573657563,2,97.4,mastr_offshore_units.csv.xz
DE-SEE985489453304,Germany,Arkona-Becken Südost,Other German Baltic farms,Skagerrak-Kattegat-Baltic,54.77251,14.095323,6.3,2018-09-15,,MaStR,Arkona Becken Süd-Ost,0,91.6,mastr_offshore_units.csv.xz
DE-SEE985558580962,Germany,Trianel Windpark Borkum Phase 2,German Bight south of 54.3N,North Sea,54.052193,6.452464,6.33,2020-05-13,,MaStR,"Trianel Windpark Borkum, Bauphase 2",0,53.1,mastr_offshore_units.csv.xz
DE-SEE985625630248,Germany,Borkum Riffgrund 2,German Bight south of 54.3N,North Sea,53.980614,6.434096,8.3,2018-09-04,,MaStR,Borkum Riffgrund 2,0,46.1,mastr_offshore_units.csv.xz
DE-SEE985635778053,Germany,EnBW He Dreiht,German Bight north of 54.3N,North Sea,54.329429,6.133935,15.0,2025-12-17,,MaStR,EnBW He Dreiht,7530,89.5,mastr_offshore_units.csv.xz
DE-SEE985730541446,Germany,Riffgat,German Bight south of 54.3N,North Sea,53.698246,6.477424,3.78,2014-02-24,,MaStR,RIFFGAT,0,18.4,mastr_offshore_units.csv.xz
DE-SEE985755487286,Germany,Gode Wind 3,German Bight south of 54.3N,North Sea,54.040326,7.070355,15.0,2026-07-31,,MaStR,NC 1,1985,36.9,mastr_offshore_units.csv.xz
DE-SEE985860373382,Germany,Wikinger,Other German Baltic farms,Skagerrak-Kattegat-Baltic,54.817218,14.065592,5.23,2017-12-13,,MaStR,WIKINGER,0,92.9,mastr_offshore_units.csv.xz
DE-SEE985891051792,Germany,Sandbank,German Bight north of 54.3N,North Sea,55.138808,6.852936,4.2,2016-10-24,,MaStR,OWP Sandbank,0,90.5,mastr_offshore_units.csv.xz
DE-SEE985944324828,Germany,Global Tech I,German Bight north of 54.3N,North Sea,54.498092,6.386298,5.0,2015-04-16,,MaStR,Global Tech I,0,98.9,mastr_offshore_units.csv.xz
DE-SEE985962236240,Germany,Bard Offshore 1,German Bight north of 54.3N,North Sea,54.388166,5.968879,5.5,2013-07-07,,MaStR,Bard Offshore 1 - C4 - 51573657547,0,100.2,mastr_offshore_units.csv.xz
DE-SEE985999835621,Germany,Amrumbank West,German Bight north of 54.3N,North Sea,54.538831,7.641017,3.78,2015-08-18,,MaStR,Amrumbank West,0,43.6,mastr_offshore_units.csv.xz
DE-SEE986022342543,Germany,Arkona-Becken Südost,Other German Baltic farms,Skagerrak-Kattegat-Baltic,54.792487,14.177324,6.3,2018-09-28,,MaStR,Arkona Becken Süd-Ost,0,97.2,mastr_offshore_units.csv.xz
DE-SEE986038947640,Germany,Butendiek,German Bight north of 54.3N,North Sea,55.053799,7.786492,3.6,2015-04-27,,MaStR,Butendiek,0,37.8,mastr_offshore_units.csv.xz
DE-SEE986042544057,Germany,Deutsche Bucht,German Bight north of 54.3N,North Sea,54.307992,5.765073,8.4,2019-08-02,,MaStR,Deutsche Bucht,0,100.1,mastr_offshore_units.csv.xz
DE-SEE986094496991,Germany,Deutsche Bucht,German Bight south of 54.3N,North Sea,54.298308,5.760744,8.4,2019-08-05,,MaStR,Deutsche Bucht,0,99.4,mastr_offshore_units.csv.xz
DE-SEE986139245393,Germany,Butendiek,German Bight north of 54.3N,North Sea,54.990238,7.783522,3.6,2015-06-05,,MaStR,Butendiek,0,35.3,mastr_offshore_units.csv.xz
DE-SEE986248904488,Germany,Meerwind Sued/Ost,German Bight north of 54.3N,North Sea,54.403042,7.673703,3.78,2014-09-06,,MaStR,Meerwind Süd|Ost,0,29.1,mastr_offshore_units.csv.xz
DE-SEE986317954673,Germany,Arkona-Becken Südost,Other German Baltic farms,Skagerrak-Kattegat-Baltic,54.801772,14.164504,6.3,2018-09-23,,MaStR,Arkona Becken Süd-Ost,0,97.1,mastr_offshore_units.csv.xz
DE-SEE986357440150,Germany,Nordsee One,German Bight south of 54.3N,North Sea,53.986698,6.802895,6.15,2017-08-11,,MaStR,Nordsee One,0,36.2,mastr_offshore_units.csv.xz
DE-SEE986392080120,Germany,Baltic Eagle,Other German Baltic farms,Skagerrak-Kattegat-Baltic,54.852431,13.878726,9.525,2024-09-20,,MaStR,Baltic Eagle,0,86.3,mastr_offshore_units.csv.xz
DE-SEE986412947006,Germany,Nordsee One,German Bight south of 54.3N,North Sea,53.990115,6.894523,6.15,2017-06-02,,MaStR,Nordsee One,0,35.2,mastr_offshore_units.csv.xz
DE-SEE986448912511,Germany,Amrumbank West,German Bight north of 54.3N,North Sea,54.5118,7.666667,3.78,2015-10-03,,MaStR,Amrumbank-West,0,40.2,mastr_offshore_units.csv.xz
DE-SEE986459875249,Germany,Merkur Offshore (MEG Offshore I),German Bight south of 54.3N,North Sea,54.0435,6.6188,6.15,2019-03-25,,MaStR,Merkur Offshore,0,46.5,mastr_offshore_units.csv.xz
DE-SEE986498997575,Germany,Deutsche Bucht,German Bight south of 54.3N,North Sea,54.283622,5.792234,8.4,2019-08-31,,MaStR,Deutsche Bucht,0,96.9,mastr_offshore_units.csv.xz
DE-SEE986558462890,Germany,Veja Mate,German Bight north of 54.3N,North Sea,54.303506,5.92465,6.3,2017-05-31,,MaStR,OWP Veja Mate,0,93.6,mastr_offshore_units.csv.xz
DE-SEE986663552097,Germany,Riffgat,German Bight south of 54.3N,North Sea,53.692478,6.43662,3.78,2014-03-01,,MaStR,RIFFGAT,4,20.0,mastr_offshore_units.csv.xz
DE-SEE986695574777,Germany,Merkur Offshore (MEG Offshore I),German Bight south of 54.3N,North Sea,54.007511,6.504436,6.15,2018-11-28,,MaStR,Merkur Offshore,0,47.2,mastr_offshore_units.csv.xz
DE-SEE986727779170,Germany,Borkum Riffgrund 3,German Bight south of 54.3N,North Sea,54.04877,6.14333,11.55,2026-04-05,,MaStR,Borkum Riffgrund 3,0,62.2,mastr_offshore_units.csv.xz
DE-SEE986764077123,Germany,Nordsee Ost,German Bight north of 54.3N,North Sea,54.449444,7.668661,6.15,2014-11-23,,MaStR,OWP Nordsee Ost 2,0,33.8,mastr_offshore_units.csv.xz
DE-SEE986799898120,Germany,Arkona-Becken Südost,Other German Baltic farms,Skagerrak-Kattegat-Baltic,54.770567,14.061738,6.3,2018-09-18,,MaStR,Arkona Becken Süd-Ost,0,89.7,mastr_offshore_units.csv.xz
DE-SEE986812237004,Germany,Sandbank,German Bight north of 54.3N,North Sea,55.177962,6.870716,4.2,2017-01-18,,MaStR,OWP Sandbank,0,88.4,mastr_offshore_units.csv.xz
DE-SEE986836749262,Germany,Nordsee Ost,German Bight north of 54.3N,North Sea,54.460046,7.640507,6.15,2015-02-13,,MaStR,OWP Nordsee Ost 1,1,35.7,mastr_offshore_units.csv.xz
DE-SEE986968980250,Germany,Amrumbank West,German Bight north of 54.3N,North Sea,54.506383,7.765887,3.78,2015-10-08,,MaStR,Amrumbank-West,0,37.8,mastr_offshore_units.csv.xz
DE-SEE987008291749,Germany,Gode Wind 01,German Bight south of 54.3N,North Sea,54.051523,6.94407,6.264,2016-07-18,,MaStR,Gode Wind 1,0,40.1,mastr_offshore_units.csv.xz
DE-SEE987060159902,Germany,EnBW He Dreiht,German Bight north of 54.3N,North Sea,54.375033,6.161774,15.0,2026-03-28,,MaStR,EnBW He Dreiht,9331,93.4,mastr_offshore_units.csv.xz
DE-SEE987088046710,Germany,Gode Wind 01,German Bight south of 54.3N,North Sea,53.981939,6.952766,6.264,2016-07-30,,MaStR,Gode Wind 1,0,32.7,mastr_offshore_units.csv.xz
DE-SEE987105580579,Germany,EnBW Windpark Baltic 2,Kriegers Flak and Baltic 1/2,Skagerrak-Kattegat-Baltic,54.960169,13.116073,3.78,2015-06-26,,MaStR,Baltic 2,0,41.6,mastr_offshore_units.csv.xz
DE-SEE987252716968,Germany,Global Tech I,German Bight north of 54.3N,North Sea,54.540833,6.415817,5.0,2015-05-24,,MaStR,Global Tech I,0,102.7,mastr_offshore_units.csv.xz
DE-SEE987418681659,Germany,Borkum Riffgrund 3,German Bight south of 54.3N,North Sea,54.03984,6.19823,11.55,2026-05-21,,MaStR,Borkum Riffgrund 3,0,59.3,mastr_offshore_units.csv.xz
DE-SEE987430775312,Germany,Amrumbank West,German Bight north of 54.3N,North Sea,54.533427,7.641017,3.78,2015-08-17,,MaStR,Amrumbank West,0,43.1,mastr_offshore_units.csv.xz
DE-SEE987445713620,Germany,DanTysk,German Bight north of 54.3N,North Sea,55.222733,7.208569,3.78,2015-03-26,,MaStR,OWP DanTysk,0,66.3,mastr_offshore_units.csv.xz
DE-SEE987524956658,Germany,Bard Offshore 1,German Bight north of 54.3N,North Sea,54.31499,6.018191,5.5,2011-01-19,,MaStR,Bard Offshore 1 - C12 - 51573657638,0,91.5,mastr_offshore_units.csv.xz
DE-SEE987572142072,Germany,Arkona-Becken Südost,Other German Baltic farms,Skagerrak-Kattegat-Baltic,54.80721,14.125848,6.3,2018-10-09,,MaStR,Arkona Becken Süd-Ost,0,95.4,mastr_offshore_units.csv.xz
DE-SEE987581060442,Germany,Meerwind Sued/Ost,German Bight north of 54.3N,North Sea,54.415331,7.724411,3.78,2014-10-16,,MaStR,Meerwind Süd|Ost,0,28.9,mastr_offshore_units.csv.xz
DE-SEE987588429099,Germany,Merkur Offshore (MEG Offshore I),German Bight south of 54.3N,North Sea,54.02986,6.50335,6.15,2018-12-02,,MaStR,Merkur Offshore,1,49.2,mastr_offshore_units.csv.xz
DE-SEE987643519000,Germany,Wikinger,Other German Baltic farms,Skagerrak-Kattegat-Baltic,54.846911,14.061881,5.23,2017-11-27,,MaStR,WIKINGER,0,94.8,mastr_offshore_units.csv.xz
DE-SEE987658200719,Germany,Kaskasi II,German Bight north of 54.3N,North Sea,54.500076,7.713659,9.0,2022-08-19,,MaStR,OWP Kaskasi,0,38.0,mastr_offshore_units.csv.xz
DE-SEE987722274592,Germany,Butendiek,German Bight north of 54.3N,North Sea,55.032147,7.769524,3.6,2015-03-06,,MaStR,Butendiek,0,37.8,mastr_offshore_units.csv.xz
DE-SEE987784944143,Germany,Amrumbank West,German Bight north of 54.3N,North Sea,54.533427,7.71629,3.78,2015-08-22,,MaStR,Amrumbank West,0,41.5,mastr_offshore_units.csv.xz
DE-SEE987843822658,Germany,Butendiek,German Bight north of 54.3N,North Sea,55.04953,7.753692,3.6,2015-03-12,,MaStR,Butendiek,0,39.5,mastr_offshore_units.csv.xz
DE-SEE987903732545,Germany,Kaskasi II,German Bight north of 54.3N,North Sea,54.482532,7.643034,9.0,2022-12-05,,MaStR,OWP Kaskasi,0,37.9,mastr_offshore_units.csv.xz
DE-SEE988001913607,Germany,Merkur Offshore (MEG Offshore I),German Bight south of 54.3N,North Sea,54.05649,6.60171,6.15,2019-05-13,,MaStR,Merkur Offshore,0,48.3,mastr_offshore_units.csv.xz
DE-SEE988010490373,Germany,Meerwind Sued/Ost,German Bight north of 54.3N,North Sea,54.390459,7.74627,3.78,2014-12-28,,MaStR,Meerwind Süd|Ost,0,25.8,mastr_offshore_units.csv.xz
DE-SEE988027160474,Germany,Bard Offshore 1,German Bight north of 54.3N,North Sea,54.40271,5.992923,5.5,2013-05-28,,MaStR,Bard Offshore 1 - C3 - 51573657539,0,100.9,mastr_offshore_units.csv.xz
DE-SEE988070354882,Germany,DanTysk,German Bight north of 54.3N,North Sea,55.073742,7.191847,3.78,2015-01-19,,MaStR,OWP DanTysk,0,72.6,mastr_offshore_units.csv.xz
DE-SEE988070789455,Germany,Amrumbank West,German Bight north of 54.3N,North Sea,54.538831,7.666667,3.78,2015-07-16,,MaStR,Amrumbank West,0,43.1,mastr_offshore_units.csv.xz
DE-SEE988197122746,Germany,Deutsche Bucht,German Bight north of 54.3N,North Sea,54.304118,5.744082,8.4,2019-08-04,,MaStR,Deutsche Bucht,0,100.6,mastr_offshore_units.csv.xz
DE-SEE988217294101,Germany,Borkum Riffgrund 1,German Bight south of 54.3N,North Sea,53.97414,6.559857,4.2,2015-04-26,,MaStR,Borkum Riffgrund 1,0,42.0,mastr_offshore_units.csv.xz
DE-SEE988426714179,Germany,Veja Mate,German Bight north of 54.3N,North Sea,54.351605,5.851788,6.3,2017-03-12,,MaStR,OWP Veja Mate,0,100.7,mastr_offshore_units.csv.xz
DE-SEE988441167905,Germany,EnBW Hohe See,German Bight north of 54.3N,North Sea,54.443156,6.300542,7.35,2019-08-05,,MaStR,Windpark Hohe See,0,95.6,mastr_offshore_units.csv.xz
DE-SEE988464849345,Germany,Wikinger,Other German Baltic farms,Skagerrak-Kattegat-Baltic,54.819046,14.0784,5.23,2017-11-29,,MaStR,WIKINGER,0,93.7,mastr_offshore_units.csv.xz
DE-SEE988485733609,Germany,Global Tech I,German Bight north of 54.3N,North Sea,54.492005,6.343045,5.0,2015-06-12,,MaStR,Global Tech I,0,99.4,mastr_offshore_units.csv.xz
DE-SEE988636497152,Germany,Amrumbank West,German Bight north of 54.3N,North Sea,54.533427,7.679072,3.78,2015-08-24,,MaStR,Amrumbank West,0,42.2,mastr_offshore_units.csv.xz
DE-SEE988672549990,Germany,Global Tech I,German Bight north of 54.3N,North Sea,54.534767,6.348734,5.0,2015-06-21,,MaStR,Global Tech I,0,103.6,mastr_offshore_units.csv.xz
DE-SEE988676328225,Germany,Amrumbank West,German Bight north of 54.3N,North Sea,54.517171,7.765887,3.78,2015-06-21,,MaStR,Amrumbank-West,0,38.9,mastr_offshore_units.csv.xz
DE-SEE988725987281,Germany,Meerwind Sued/Ost,German Bight north of 54.3N,North Sea,54.381754,7.660945,3.78,2014-09-03,,MaStR,Meerwind Süd|Ost,0,27.5,mastr_offshore_units.csv.xz
DE-SEE988789397309,Germany,Trianel Windpark Borkum Phase 2,German Bight south of 54.3N,North Sea,54.050834,6.4844,6.33,2019-10-08,,MaStR,"Trianel Windpark Borkum, Bauphase 2",0,51.8,mastr_offshore_units.csv.xz
DE-SEE988829344263,Germany,Bard Offshore 1,German Bight north of 54.3N,North Sea,54.416778,6.006288,5.5,2013-06-08,,MaStR,Bard Offshore 1 - C2 - 51573657521,0,101.9,mastr_offshore_units.csv.xz
DE-SEE988866590920,Germany,Veja Mate,German Bight north of 54.3N,North Sea,54.349699,5.872413,6.3,2017-02-16,,MaStR,OWP Veja Mate,0,99.8,mastr_offshore_units.csv.xz
DE-SEE989029090851,Germany,Arkona-Becken Südost,Other German Baltic farms,Skagerrak-Kattegat-Baltic,54.795372,14.085139,6.3,2018-10-08,,MaStR,Arkona Becken Süd-Ost,0,92.5,mastr_offshore_units.csv.xz
DE-SEE989050603976,Germany,Global Tech I,German Bight north of 54.3N,North Sea,54.479778,6.362901,5.0,2015-01-06,,MaStR,Global Tech I,0,97.6,mastr_offshore_units.csv.xz
DE-SEE989109201092,Germany,Meerwind Sued/Ost,German Bight north of 54.3N,North Sea,54.415381,7.70521,3.78,2015-02-13,,MaStR,Meerwind Süd|Ost,0,29.4,mastr_offshore_units.csv.xz
DE-SEE989346645314,Germany,DanTysk,German Bight north of 54.3N,North Sea,55.21725,7.189464,3.78,2015-02-25,,MaStR,OWP DanTysk,0,67.6,mastr_offshore_units.csv.xz
DE-SEE989349352516,Germany,Butendiek,German Bight north of 54.3N,North Sea,54.977148,7.773262,3.6,2015-04-19,,MaStR,Butendiek,0,35.6,mastr_offshore_units.csv.xz
DE-SEE989417174767,Germany,Meerwind Sued/Ost,German Bight north of 54.3N,North Sea,54.380251,7.737502,3.78,2014-12-18,,MaStR,Meerwind Süd|Ost,0,25.0,mastr_offshore_units.csv.xz
DE-SEE989423431359,Germany,Nordsee One,German Bight south of 54.3N,North Sea,53.97829,6.769645,6.15,2017-07-02,,MaStR,Nordsee One,0,36.0,mastr_offshore_units.csv.xz
DE-SEE989566447101,Germany,Deutsche Bucht,German Bight south of 54.3N,North Sea,54.291333,5.808004,8.4,2019-07-29,,MaStR,Deutsche Bucht,0,96.9,mastr_offshore_units.csv.xz
DE-SEE989609131479,Germany,Kaskasi II,German Bight north of 54.3N,North Sea,54.477619,7.684005,9.0,2022-11-22,,MaStR,OWP Kaskasi,0,36.3,mastr_offshore_units.csv.xz
DE-SEE989728865606,Germany,Borkum Riffgrund 3,German Bight south of 54.3N,North Sea,54.01971,6.18302,11.55,2026-05-06,,MaStR,Borkum Riffgrund 3,1,58.0,mastr_offshore_units.csv.xz
DE-SEE989731129931,Germany,Borkum Riffgrund 2,German Bight south of 54.3N,North Sea,53.933126,6.479958,8.3,2018-09-15,,MaStR,Borkum Riffgrund 2,0,40.0,mastr_offshore_units.csv.xz
DE-SEE989763838757,Germany,Bard Offshore 1,German Bight north of 54.3N,North Sea,54.305633,5.991782,5.5,2011-05-16,,MaStR,Bard Offshore 1 - C11 - 51573657620,2,91.5,mastr_offshore_units.csv.xz
DE-SEE989808135421,Germany,Global Tech I,German Bight north of 54.3N,North Sea,54.522535,6.377138,5.0,2015-05-29,,MaStR,Global Tech I,0,101.6,mastr_offshore_units.csv.xz
DE-SEE989813928117,Germany,Borkum Riffgrund 1,German Bight south of 54.3N,North Sea,53.974116,6.502696,4.2,2015-07-12,,MaStR,Borkum Riffgrund 1,0,43.8,mastr_offshore_units.csv.xz
DE-SEE989885566446,Germany,Sandbank,German Bight north of 54.3N,North Sea,55.264005,6.822672,4.2,2016-10-30,,MaStR,OWP Sandbank,0,87.9,mastr_offshore_units.csv.xz
DE-SEE989897250586,Germany,Bard Offshore 1,German Bight north of 54.3N,North Sea,54.39738,5.982068,5.5,2013-08-30,,MaStR,Bard Offshore 1 - C3 - 51573657539,0,100.7,mastr_offshore_units.csv.xz
DE-SEE989899785598,Germany,EnBW Hohe See,German Bight north of 54.3N,North Sea,54.44158,6.384583,7.35,2019-08-21,,MaStR,Windpark Hohe See,0,93.1,mastr_offshore_units.csv.xz
DE-SEE989944530647,Germany,DanTysk,German Bight north of 54.3N,North Sea,55.130525,7.23165,3.78,2015-02-06,,MaStR,OWP DanTysk,0,67.8,mastr_offshore_units.csv.xz
DE-SEE989967650599,Germany,Merkur Offshore (MEG Offshore I),German Bight south of 54.3N,North Sea,54.06569,6.59033,6.15,2019-05-13,,MaStR,Merkur Offshore,2,49.6,mastr_offshore_units.csv.xz
DE-SEE990077575153,Germany,Trianel Windpark Borkum Phase 2,German Bight south of 54.3N,North Sea,54.064457,6.487395,6.33,2019-11-14,,MaStR,"Trianel Windpark Borkum, Bauphase 2",0,53.0,mastr_offshore_units.csv.xz
DE-SEE990080909341,Germany,Meerwind Sued/Ost,German Bight north of 54.3N,North Sea,54.351533,7.641267,3.78,2014-10-01,,MaStR,Meerwind Süd|Ost,0,25.5,mastr_offshore_units.csv.xz
DE-SEE990097077873,Germany,Borkum Riffgrund 3,German Bight south of 54.3N,North Sea,54.06918,6.22407,11.55,2025-12-09,,MaStR,Borkum Riffgrund 3,0,61.1,mastr_offshore_units.csv.xz
DE-SEE990212835371,Germany,EnBW Hohe See,German Bight north of 54.3N,North Sea,54.394816,6.360733,7.35,2019-08-22,,MaStR,Windpark Hohe See,0,89.0,mastr_offshore_units.csv.xz
DE-SEE990269547425,Germany,EnBW Hohe See,German Bight north of 54.3N,North Sea,54.462024,6.275111,7.35,2019-08-09,,MaStR,Windpark Hohe See,0,98.2,mastr_offshore_units.csv.xz
DE-SEE990343108344,Germany,Nordsee One,German Bight south of 54.3N,North Sea,53.977574,6.817737,6.15,2017-06-23,,MaStR,Nordsee One,0,35.0,mastr_offshore_units.csv.xz
DE-SEE990389799087,Germany,DanTysk,German Bight north of 54.3N,North Sea,55.137925,7.229958,3.78,2015-03-22,,MaStR,OWP DanTysk,0,67.6,mastr_offshore_units.csv.xz
DE-SEE990404902775,Germany,Deutsche Bucht,German Bight north of 54.3N,North Sea,54.300316,5.7515,8.4,2019-07-30,,MaStR,Deutsche Bucht,1,100.0,mastr_offshore_units.csv.xz
DE-SEE990408439253,Germany,Amrumbank West,German Bight north of 54.3N,North Sea,54.5118,7.741088,3.78,2015-05-24,,MaStR,Amrumbank-West,0,38.7,mastr_offshore_units.csv.xz
DE-SEE990434581919,Germany,EnBW Windpark Baltic 2,Kriegers Flak and Baltic 1/2,Skagerrak-Kattegat-Baltic,55.001275,13.198269,3.78,2015-05-29,,MaStR,Baltic 2,0,46.7,mastr_offshore_units.csv.xz
DE-SEE990438798931,Germany,DanTysk,German Bight north of 54.3N,North Sea,55.163056,7.223836,3.78,2015-03-13,,MaStR,OWP DanTysk,0,67.1,mastr_offshore_units.csv.xz
DE-SEE990582178207,Germany,EnBW Windpark Baltic 2,Kriegers Flak and Baltic 1/2,Skagerrak-Kattegat-Baltic,54.949617,13.083867,3.78,2015-07-15,,MaStR,Baltic 2,0,39.6,mastr_offshore_units.csv.xz
DE-SEE990707270540,Germany,Trianel Windpark Borkum Phase 2,German Bight south of 54.3N,North Sea,54.08837,6.486157,6.33,2019-12-22,,MaStR,"Trianel Windpark Borkum, Bauphase 2",0,55.2,mastr_offshore_units.csv.xz
DE-SEE990740316663,Germany,Amrumbank West,German Bight north of 54.3N,North Sea,54.533427,7.75348,3.78,2015-06-17,,MaStR,Amrumbank West,0,40.8,mastr_offshore_units.csv.xz
DE-SEE990762449738,Germany,Nordsee One,German Bight south of 54.3N,North Sea,53.970981,6.828554,6.15,2017-06-26,,MaStR,Nordsee One,0,34.1,mastr_offshore_units.csv.xz
DE-SEE990772670047,Germany,Veja Mate,German Bight north of 54.3N,North Sea,54.367249,5.889258,6.3,2017-03-05,,MaStR,OWP Veja Mate,0,100.8,mastr_offshore_units.csv.xz
DE-SEE990830254998,Germany,Nordsee Ost,German Bight north of 54.3N,North Sea,54.438489,7.640436,6.15,2015-08-03,,MaStR,OWP Nordsee Ost 1,1,33.6,mastr_offshore_units.csv.xz
DE-SEE990863138883,Germany,EnBW Windpark Baltic 2,Kriegers Flak and Baltic 1/2,Skagerrak-Kattegat-Baltic,55.00166,13.164424,3.78,2015-04-26,,MaStR,Baltic 2,0,44.6,mastr_offshore_units.csv.xz
DE-SEE990915675908,Germany,EnBW Hohe See,German Bight north of 54.3N,North Sea,54.424907,6.329048,7.35,2019-10-01,,MaStR,Windpark Hohe See,0,92.9,mastr_offshore_units.csv.xz
DE-SEE990917805723,Germany,EnBW Hohe See,German Bight north of 54.3N,North Sea,54.453175,6.366114,7.35,2019-08-19,,MaStR,Windpark Hohe See,0,94.8,mastr_offshore_units.csv.xz
DE-SEE990925092870,Germany,Kaskasi II,German Bight north of 54.3N,North Sea,54.500104,7.752372,9.0,2022-10-30,,MaStR,OWP Kaskasi,0,37.3,mastr_offshore_units.csv.xz
DE-SEE990963220136,Germany,Wikinger,Other German Baltic farms,Skagerrak-Kattegat-Baltic,54.813458,14.080688,5.23,2017-12-05,,MaStR,WIKINGER,0,93.5,mastr_offshore_units.csv.xz
DE-SEE990993208913,Germany,Gode Wind 3,German Bight south of 54.3N,North Sea,54.037761,7.108403,11.55,2024-06-13,,MaStR,Gode Wind 3,0,36.3,mastr_offshore_units.csv.xz
DE-SEE991015173868,Germany,Wikinger,Other German Baltic farms,Skagerrak-Kattegat-Baltic,54.87451,14.083668,5.23,2017-11-30,,MaStR,WIKINGER,1,97.8,mastr_offshore_units.csv.xz
DE-SEE991057929393,Germany,Borkum Riffgrund 3,German Bight south of 54.3N,North Sea,54.04342,6.2883,11.55,2025-12-26,,MaStR,Borkum Riffgrund 3,0,56.5,mastr_offshore_units.csv.xz
DE-SEE991167501922,Germany,Borkum Riffgrund 2,German Bight south of 54.3N,North Sea,53.947032,6.463752,8.3,2018-10-05,,MaStR,Borkum Riffgrund 2,0,41.9,mastr_offshore_units.csv.xz
DE-SEE991181426935,Germany,Veja Mate,German Bight north of 54.3N,North Sea,54.34155,5.828958,6.3,2017-03-19,,MaStR,OWP Veja Mate,0,100.6,mastr_offshore_units.csv.xz
DE-SEE991188060453,Germany,Trianel Windpark Borkum Phase 2,German Bight south of 54.3N,North Sea,54.029869,6.443462,6.33,2020-04-04,,MaStR,"Trianel Windpark Borkum, Bauphase 2",0,51.0,mastr_offshore_units.csv.xz
DE-SEE991293171631,Germany,Gode Wind 01,German Bight south of 54.3N,North Sea,54.032703,6.950393,6.264,2016-07-20,,MaStR,Gode Wind 1,0,38.0,mastr_offshore_units.csv.xz
DE-SEE991314011502,Germany,Meerwind Sued/Ost,German Bight north of 54.3N,North Sea,54.375713,7.671428,3.78,2014-09-30,,MaStR,Meerwind Süd|Ost,0,26.6,mastr_offshore_units.csv.xz
DE-SEE991490102278,Germany,Bard Offshore 1,German Bight north of 54.3N,North Sea,54.381005,5.988567,5.5,2013-06-23,,MaStR,Bard Offshore 1 - C3 - 51573657539,0,98.9,mastr_offshore_units.csv.xz
DE-SEE991492858999,Germany,EnBW He Dreiht,German Bight north of 54.3N,North Sea,54.383436,6.212502,15.0,2026-03-02,,MaStR,EnBW He Dreiht,7995,92.5,mastr_offshore_units.csv.xz
DE-SEE991541548147,Germany,EnBW Hohe See,German Bight north of 54.3N,North Sea,54.451929,6.329225,7.35,2019-08-18,,MaStR,Windpark Hohe See,0,95.7,mastr_offshore_units.csv.xz
DE-SEE991641520722,Germany,Wikinger,Other German Baltic farms,Skagerrak-Kattegat-Baltic,54.867455,14.063056,5.23,2017-12-12,,MaStR,WIKINGER,0,96.3,mastr_offshore_units.csv.xz
DE-SEE991647612681,Germany,Trianel Windpark Borkum Phase 2,German Bight south of 54.3N,North Sea,54.016386,6.447281,5.0,2015-04-07,,MaStR,Trianel Windpark Borkum,0,49.5,mastr_offshore_units.csv.xz
DE-SEE991702160683,Germany,Borkum Riffgrund 1,German Bight south of 54.3N,North Sea,53.987582,6.514111,4.2,2015-02-21,,MaStR,Borkum Riffgrund 1,0,45.1,mastr_offshore_units.csv.xz
DE-SEE991717116569,Germany,Gode Wind 01,German Bight south of 54.3N,North Sea,54.05983,6.957921,6.264,2016-07-17,,MaStR,Gode Wind 1,0,40.7,mastr_offshore_units.csv.xz
DE-SEE991793212667,Germany,Nordsee Ost,German Bight north of 54.3N,North Sea,54.449428,7.654587,6.15,2015-03-12,,MaStR,OWP Nordsee Ost 1,0,34.2,mastr_offshore_units.csv.xz
DE-SEE991806941607,Germany,Borkum Riffgrund 3,German Bight south of 54.3N,North Sea,54.04742,6.16337,11.55,2026-05-09,,MaStR,Borkum Riffgrund 3,0,61.3,mastr_offshore_units.csv.xz
DE-SEE991825987167,Germany,Gode Wind 02,German Bight south of 54.3N,North Sea,54.062148,6.996114,6.264,2016-02-29,,MaStR,Gode Wind 2,0,40.3,mastr_offshore_units.csv.xz
DE-SEE991846274383,Germany,Riffgat,German Bight south of 54.3N,North Sea,53.690705,6.463202,3.78,2014-02-27,,MaStR,RIFFGAT,0,18.5,mastr_offshore_units.csv.xz
DE-SEE991853680610,Germany,Deutsche Bucht,German Bight south of 54.3N,North Sea,54.284167,5.809051,8.4,2019-08-13,,MaStR,Deutsche Bucht,0,96.2,mastr_offshore_units.csv.xz
DE-SEE991881938509,Germany,Butendiek,German Bight north of 54.3N,North Sea,55.009041,7.739526,3.6,2015-02-21,,MaStR,Butendiek,0,38.7,mastr_offshore_units.csv.xz
DE-SEE991883525929,Germany,Meerwind Sued/Ost,German Bight north of 54.3N,North Sea,54.395,7.653233,3.78,2014-09-07,,MaStR,Meerwind Süd|Ost,0,29.0,mastr_offshore_units.csv.xz
DE-SEE991957737562,Germany,Borkum Riffgrund 2,German Bight south of 54.3N,North Sea,53.917545,6.501162,8.3,2018-11-08,,MaStR,Borkum Riffgrund 2,0,37.9,mastr_offshore_units.csv.xz
DE-SEE992042487881,Germany,Deutsche Bucht,German Bight north of 54.3N,North Sea,54.325588,5.809211,8.4,2019-08-30,,MaStR,Deutsche Bucht,0,99.9,mastr_offshore_units.csv.xz
DE-SEE992076684362,Germany,Trianel Windpark Borkum Phase 1,German Bight south of 54.3N,North Sea,54.000198,6.475773,5.0,2015-04-13,,MaStR,Trianel Windpark Borkum,0,47.1,mastr_offshore_units.csv.xz
DE-SEE992083842977,Germany,Arkona-Becken Südost,Other German Baltic farms,Skagerrak-Kattegat-Baltic,54.794259,14.060891,6.3,2018-09-18,,MaStR,Arkona Becken Süd-Ost,0,91.2,mastr_offshore_units.csv.xz
DE-SEE992162138717,Germany,Trianel Windpark Borkum Phase 2,German Bight south of 54.3N,North Sea,54.044576,6.450553,6.33,2020-05-24,,MaStR,"Trianel Windpark Borkum, Bauphase 2",0,52.3,mastr_offshore_units.csv.xz
DE-SEE992222650401,Germany,Borkum Riffgrund 1,German Bight south of 54.3N,North Sea,53.960667,6.559862,4.2,2015-05-15,,MaStR,Borkum Riffgrund 1,0,40.9,mastr_offshore_units.csv.xz
DE-SEE992273754318,Germany,Veja Mate,German Bight south of 54.3N,North Sea,54.281465,5.827878,6.3,2017-04-16,,MaStR,OWP Veja Mate,0,95.2,mastr_offshore_units.csv.xz
DE-SEE992290608694,Germany,Butendiek,German Bight north of 54.3N,North Sea,55.023063,7.748491,3.6,2015-08-03,,MaStR,Butendiek,0,38.6,mastr_offshore_units.csv.xz
DE-SEE992399375756,Germany,Butendiek,German Bight north of 54.3N,North Sea,55.036134,7.73799,3.6,2015-07-07,,MaStR,Butendiek,0,39.8,mastr_offshore_units.csv.xz
DE-SEE992486226671,Germany,Gode Wind 01,German Bight south of 54.3N,North Sea,54.005494,6.964283,6.264,2016-07-13,,MaStR,Gode Wind 1,0,34.9,mastr_offshore_units.csv.xz
DE-SEE992508192786,Germany,Trianel Windpark Borkum Phase 1,German Bight south of 54.3N,North Sea,54.000192,6.461983,5.0,2015-02-22,,MaStR,Trianel Windpark Borkum,0,47.4,mastr_offshore_units.csv.xz
DE-SEE992516223724,Germany,Bard Offshore 1,German Bight north of 54.3N,North Sea,54.320666,5.959195,5.5,2012-12-17,,MaStR,Bard Offshore 1 - C8 - 51573657589,0,94.0,mastr_offshore_units.csv.xz
DE-SEE992578529895,Germany,EnBW Windpark Baltic 2,Kriegers Flak and Baltic 1/2,Skagerrak-Kattegat-Baltic,55.007864,13.195248,3.78,2015-06-01,,MaStR,Baltic 2,0,46.6,mastr_offshore_units.csv.xz
DE-SEE992611719054,Germany,Nordergründe,German Bight south of 54.3N,North Sea,53.822889,8.16856,6.15,2017-11-03,,MaStR,OWP Nordergründe,0,17.5,mastr_offshore_units.csv.xz
DE-SEE992630401015,Germany,Bard Offshore 1,German Bight north of 54.3N,North Sea,54.402037,5.972921,5.5,2013-07-08,,MaStR,Bard Offshore 1 - C4 - 51573657547,0,101.4,mastr_offshore_units.csv.xz
DE-SEE992642198675,Germany,OWP Windanker,Other German Baltic farms,Skagerrak-Kattegat-Baltic,54.896325,14.060573,15.0,2026-08-22,,MaStR,OWP Windanker,2839,98.2,mastr_offshore_units.csv.xz
DE-SEE992672559583,Germany,Borkum Riffgrund 2,German Bight south of 54.3N,North Sea,53.931746,6.539585,8.3,2018-08-26,,MaStR,Borkum Riffgrund 2,0,38.6,mastr_offshore_units.csv.xz
DE-SEE992678690372,Germany,Wikinger,Other German Baltic farms,Skagerrak-Kattegat-Baltic,54.855108,14.10769,5.23,2017-11-29,,MaStR,WIKINGER,15,97.6,mastr_offshore_units.csv.xz
DE-SEE992770002318,Germany,Gode Wind 01,German Bight south of 54.3N,North Sea,54.021281,6.95672,6.264,2016-07-29,,MaStR,Gode Wind 1,0,36.7,mastr_offshore_units.csv.xz
DE-SEE992772664224,Germany,EnBW He Dreiht,German Bight north of 54.3N,North Sea,54.396458,6.154469,15.0,2026-06-17,,MaStR,EnBW He Dreiht,8851,95.7,mastr_offshore_units.csv.xz
DE-SEE992788000382,Germany,Gode Wind 02,German Bight south of 54.3N,North Sea,54.07279,6.959459,6.264,2016-02-28,,MaStR,Gode Wind 2,0,42.1,mastr_offshore_units.csv.xz
DE-SEE992820250911,Germany,Nordsee Ost,German Bight north of 54.3N,North Sea,54.428505,7.710807,6.15,2015-04-27,,MaStR,OWP Nordsee Ost 2,1,30.6,mastr_offshore_units.csv.xz
DE-SEE992821659331,Germany,Kaskasi II,German Bight north of 54.3N,North Sea,54.488906,7.670658,9.0,2022-08-23,,MaStR,OWP Kaskasi,0,37.8,mastr_offshore_units.csv.xz
DE-SEE993042983656,Germany,Bard Offshore 1,German Bight north of 54.3N,North Sea,54.355375,5.981937,5.5,2013-07-05,,MaStR,Bard Offshore 1 - C4 - 51573657547,0,96.6,mastr_offshore_units.csv.xz
DE-SEE993126036339,Germany,EnBW Windpark Baltic 2,Kriegers Flak and Baltic 1/2,Skagerrak-Kattegat-Baltic,54.985532,13.127045,3.78,2015-06-10,,MaStR,Baltic 2,0,42.2,mastr_offshore_units.csv.xz
DE-SEE993172135451,Germany,Global Tech I,German Bight north of 54.3N,North Sea,54.528665,6.318343,5.0,2015-06-26,,MaStR,Global Tech I,0,103.7,mastr_offshore_units.csv.xz
DE-SEE993353148379,Germany,Borkum Riffgrund 2,German Bight south of 54.3N,North Sea,53.940091,6.537047,8.3,2018-08-25,,MaStR,Borkum Riffgrund 2,0,39.6,mastr_offshore_units.csv.xz
DE-SEE993359723280,Germany,Butendiek,German Bight north of 54.3N,North Sea,55.052258,7.776037,3.6,2015-03-25,,MaStR,Butendiek,0,38.3,mastr_offshore_units.csv.xz
DE-SEE993362626721,Germany,Wikinger,Other German Baltic farms,Skagerrak-Kattegat-Baltic,54.806869,14.029193,5.23,2017-12-04,,MaStR,WIKINGER,1,90.4,mastr_offshore_units.csv.xz
DE-SEE993383605828,Germany,Veja Mate,German Bight north of 54.3N,North Sea,54.308221,5.828361,6.3,2017-03-30,,MaStR,OWP Veja Mate,0,97.6,mastr_offshore_units.csv.xz
DE-SEE993402214246,Germany,Veja Mate,German Bight north of 54.3N,North Sea,54.321605,5.828601,6.3,2017-04-01,,MaStR,OWP Veja Mate,0,98.8,mastr_offshore_units.csv.xz
DE-SEE993485278012,Germany,Gode Wind 02,German Bight south of 54.3N,North Sea,54.062273,7.038708,6.264,2016-05-10,,MaStR,Gode Wind 2,0,39.7,mastr_offshore_units.csv.xz
DE-SEE993622293632,Germany,EnBW He Dreiht,German Bight north of 54.3N,North Sea,54.357051,6.251034,15.0,2026-01-17,,MaStR,EnBW He Dreiht,8102,88.7,mastr_offshore_units.csv.xz
DE-SEE993630063968,Germany,Nordsee Ost,German Bight north of 54.3N,North Sea,54.411761,7.668438,6.15,2015-05-11,,MaStR,OWP Nordsee Ost 1,9,30.1,mastr_offshore_units.csv.xz
DE-SEE993651145650,Germany,Borkum Riffgrund 1,German Bight south of 54.3N,North Sea,53.994336,6.514091,4.2,2015-04-17,,MaStR,Borkum Riffgrund 1,0,45.7,mastr_offshore_units.csv.xz
DE-SEE993832963325,Germany,Sandbank,German Bight north of 54.3N,North Sea,55.218342,6.823753,4.2,2016-11-21,,MaStR,OWP Sandbank,0,89.9,mastr_offshore_units.csv.xz
DE-SEE993861296692,Germany,Wikinger,Other German Baltic farms,Skagerrak-Kattegat-Baltic,54.823914,14.02524,5.23,2017-11-09,,MaStR,WIKINGER,1,91.3,mastr_offshore_units.csv.xz
DE-SEE993879862971,Germany,Bard Offshore 1,German Bight north of 54.3N,North Sea,54.389189,5.985299,5.5,2013-05-31,,MaStR,Bard Offshore 1 - C3 - 51573657539,0,99.8,mastr_offshore_units.csv.xz
DE-SEE993968284233,Germany,Trianel Windpark Borkum Phase 2,German Bight south of 54.3N,North Sea,54.053068,6.435736,6.33,2020-06-01,,MaStR,"Trianel Windpark Borkum, Bauphase 2",0,53.6,mastr_offshore_units.csv.xz
DE-SEE993985857823,Germany,Merkur Offshore (MEG Offshore I),German Bight south of 54.3N,North Sea,54.05103,6.59119,6.15,2019-05-12,,MaStR,Merkur Offshore,0,48.1,mastr_offshore_units.csv.xz
DE-SEE994024553874,Germany,Baltic Eagle,Other German Baltic farms,Skagerrak-Kattegat-Baltic,54.811347,13.846661,9.525,2024-06-18,,MaStR,Baltic Eagle,0,81.7,mastr_offshore_units.csv.xz
DE-SEE994035765501,Germany,Wikinger,Other German Baltic farms,Skagerrak-Kattegat-Baltic,54.829279,14.066484,5.23,2017-11-13,,MaStR,WIKINGER,0,93.8,mastr_offshore_units.csv.xz
DE-SEE994084245764,Germany,EnBW Windpark Baltic 2,Kriegers Flak and Baltic 1/2,Skagerrak-Kattegat-Baltic,55.008089,13.20645,3.78,2015-05-31,,MaStR,Baltic 2,0,47.3,mastr_offshore_units.csv.xz
DE-SEE994320516382,Germany,Borkum Riffgrund 1,German Bight south of 54.3N,North Sea,53.974141,6.571279,4.2,2015-06-07,,MaStR,Borkum Riffgrund 1,0,41.6,mastr_offshore_units.csv.xz
DE-SEE994615838397,Germany,EnBW Windpark Baltic 2,Kriegers Flak and Baltic 1/2,Skagerrak-Kattegat-Baltic,55.0017,13.175598,3.78,2015-05-01,,MaStR,Baltic 2,0,45.3,mastr_offshore_units.csv.xz
DE-SEE994620502054,Germany,EnBW Windpark Baltic 2,Kriegers Flak and Baltic 1/2,Skagerrak-Kattegat-Baltic,54.990885,13.169378,3.78,2015-04-30,,MaStR,Baltic 2,0,44.9,mastr_offshore_units.csv.xz
DE-SEE994718541545,Germany,Wikinger,Other German Baltic farms,Skagerrak-Kattegat-Baltic,54.818313,14.025497,5.23,2017-11-09,,MaStR,WIKINGER,1,91.0,mastr_offshore_units.csv.xz
DE-SEE994730748366,Germany,Riffgat,German Bight south of 54.3N,North Sea,53.682009,6.440839,3.78,2014-02-19,,MaStR,RIFFGAT,0,19.0,mastr_offshore_units.csv.xz
DE-SEE994734145147,Germany,DanTysk,German Bight north of 54.3N,North Sea,55.114778,7.235922,3.78,2015-02-17,,MaStR,OWP DanTysk,0,68.2,mastr_offshore_units.csv.xz
DE-SEE994749457228,Germany,EnBW Windpark Baltic 2,Kriegers Flak and Baltic 1/2,Skagerrak-Kattegat-Baltic,54.972073,13.110516,3.78,2015-06-09,,MaStR,Baltic 2,0,41.1,mastr_offshore_units.csv.xz
DE-SEE994771729485,Germany,Borkum Riffgrund 1,German Bight south of 54.3N,North Sea,53.980862,6.514108,4.2,2015-04-12,,MaStR,Borkum Riffgrund 1,0,44.3,mastr_offshore_units.csv.xz
DE-SEE994777026625,Germany,EnBW Windpark Baltic 1,Kriegers Flak and Baltic 1/2,Skagerrak-Kattegat-Baltic,54.627139,12.6795,2.3,2011-04-10,,MaStR,Baltic 1,0,21.4,mastr_offshore_units.csv.xz
DE-SEE994857621290,Germany,OWP Windanker,Other German Baltic farms,Skagerrak-Kattegat-Baltic,54.876251,14.00973,15.0,2026-08-22,,MaStR,OWP Windanker,3108,94.3,mastr_offshore_units.csv.xz
DE-SEE995000956481,Germany,Sandbank,German Bight north of 54.3N,North Sea,55.153392,6.896406,4.2,2016-10-03,,MaStR,OWP Sandbank,0,87.4,mastr_offshore_units.csv.xz
DE-SEE995087270258,Germany,Veja Mate,German Bight south of 54.3N,North Sea,54.295244,5.856657,6.3,2017-04-05,,MaStR,OWP Veja Mate,0,95.4,mastr_offshore_units.csv.xz
DE-SEE995089146223,Germany,Wikinger,Other German Baltic farms,Skagerrak-Kattegat-Baltic,54.823058,14.066255,5.23,2017-11-09,,MaStR,WIKINGER,0,93.4,mastr_offshore_units.csv.xz
DE-SEE995152810396,Germany,Gode Wind 02,German Bight south of 54.3N,North Sea,54.080668,7.048886,6.264,2016-05-07,,MaStR,Gode Wind 2,0,41.6,mastr_offshore_units.csv.xz
DE-SEE995221522878,Germany,EnBW He Dreiht,German Bight north of 54.3N,North Sea,54.422275,6.153158,15.0,2026-08-18,,MaStR,EnBW He Dreiht,7844,98.2,mastr_offshore_units.csv.xz
DE-SEE995334092398,Germany,Baltic Eagle,Other German Baltic farms,Skagerrak-Kattegat-Baltic,54.846842,13.901957,9.525,2024-05-13,,MaStR,Baltic Eagle,2,87.0,mastr_offshore_units.csv.xz
DE-SEE995350102286,Germany,Global Tech I,German Bight north of 54.3N,North Sea,54.467732,6.379599,5.0,2015-07-17,,MaStR,Global Tech I,0,95.9,mastr_offshore_units.csv.xz
DE-SEE995359710970,Germany,EnBW Hohe See,German Bight north of 54.3N,North Sea,54.475032,6.331501,7.35,2019-08-02,,MaStR,Windpark Hohe See,0,97.9,mastr_offshore_units.csv.xz
DE-SEE995408247624,Germany,EnBW Windpark Baltic 2,Kriegers Flak and Baltic 1/2,Skagerrak-Kattegat-Baltic,54.978095,13.15306,3.78,2015-05-12,,MaStR,Baltic 2,0,43.8,mastr_offshore_units.csv.xz
DE-SEE995431888344,Germany,Merkur Offshore (MEG Offshore I),German Bight south of 54.3N,North Sea,54.0043,6.56868,6.15,2018-10-13,,MaStR,Merkur Offshore,1,44.4,mastr_offshore_units.csv.xz
DE-SEE995482580976,Germany,Nordsee One,German Bight south of 54.3N,North Sea,53.991897,6.819513,6.15,2017-08-27,,MaStR,Nordsee One,0,36.5,mastr_offshore_units.csv.xz
DE-SEE995487793142,Germany,Veja Mate,German Bight north of 54.3N,North Sea,54.31832,5.856578,6.3,2017-03-28,,MaStR,OWP Veja Mate,0,97.5,mastr_offshore_units.csv.xz
DE-SEE995522117537,Germany,Global Tech I,German Bight north of 54.3N,North Sea,54.510335,6.332506,5.0,2014-12-01,,MaStR,Global Tech I,0,101.5,mastr_offshore_units.csv.xz
DE-SEE995536137828,Germany,Trianel Windpark Borkum Phase 1,German Bight south of 54.3N,North Sea,54.031756,6.460198,5.0,2015-05-11,,MaStR,Trianel Windpark Borkum,0,50.8,mastr_offshore_units.csv.xz
DE-SEE995628112627,Germany,Bard Offshore 1,German Bight north of 54.3N,North Sea,54.363001,6.008268,5.5,2013-02-18,,MaStR,Bard Offshore 1 - C2 - 51573657521,0,96.5,mastr_offshore_units.csv.xz
DE-SEE995719121491,Germany,Wikinger,Other German Baltic farms,Skagerrak-Kattegat-Baltic,54.805802,14.072493,5.23,2017-11-10,,MaStR,WIKINGER,0,92.5,mastr_offshore_units.csv.xz
DE-SEE995783909384,Germany,Borkum Riffgrund 1,German Bight south of 54.3N,North Sea,53.96067,6.537029,4.2,2015-06-22,,MaStR,Borkum Riffgrund 1,0,41.8,mastr_offshore_units.csv.xz
DE-SEE995790718726,Germany,Borkum Riffgrund 3,German Bight south of 54.3N,North Sea,54.0571,6.22466,11.55,2025-12-23,,MaStR,Borkum Riffgrund 3,0,59.9,mastr_offshore_units.csv.xz
DE-SEE995821958671,Germany,Gode Wind 02,German Bight south of 54.3N,North Sea,54.06712,6.965577,6.264,2016-06-11,,MaStR,Gode Wind 2,0,41.3,mastr_offshore_units.csv.xz
DE-SEE995861278562,Germany,Nordsee One,German Bight south of 54.3N,North Sea,53.982799,6.894563,6.15,2017-05-30,,MaStR,Nordsee One,0,34.5,mastr_offshore_units.csv.xz
DE-SEE995944335816,Germany,Butendiek,German Bight north of 54.3N,North Sea,55.017862,7.759645,3.6,2015-07-19,,MaStR,Butendiek,0,37.8,mastr_offshore_units.csv.xz
DE-SEE996046568683,Germany,ARCADIS Ost 1,Other German Baltic farms,Skagerrak-Kattegat-Baltic,54.804696,13.668236,9.525,2023-04-10,,MaStR,Arcadis Ost I,0,73.1,mastr_offshore_units.csv.xz
DE-SEE996121119236,Germany,Bard Offshore 1,German Bight north of 54.3N,North Sea,54.325772,5.939445,5.5,2012-05-08,,MaStR,Bard Offshore 1 - C7 - 51573657571,0,95.2,mastr_offshore_units.csv.xz
DE-SEE996160725511,Germany,Borkum Riffgrund 3,German Bight south of 54.3N,North Sea,54.01983,6.24692,11.55,2026-05-03,,MaStR,Borkum Riffgrund 3,1,55.7,mastr_offshore_units.csv.xz
DE-SEE996243351378,Germany,Kaskasi II,German Bight north of 54.3N,North Sea,54.484009,7.69726,9.0,2022-11-28,,MaStR,OWP Kaskasi,0,36.6,mastr_offshore_units.csv.xz
DE-SEE996254366262,Germany,Merkur Offshore (MEG Offshore I),German Bight south of 54.3N,North Sea,54.07586,6.57729,6.15,2019-05-01,,MaStR,Merkur Offshore,4,51.0,mastr_offshore_units.csv.xz
DE-SEE996261343003,Germany,DanTysk,German Bight north of 54.3N,North Sea,55.07562,7.175124,3.78,2014-12-04,,MaStR,OWP DanTysk,0,73.5,mastr_offshore_units.csv.xz
DE-SEE996353248902,Germany,Meerwind Sued/Ost,German Bight north of 54.3N,North Sea,54.387564,7.662584,3.78,2014-09-03,,MaStR,Meerwind Süd|Ost,0,28.0,mastr_offshore_units.csv.xz
DE-SEE996498534083,Germany,Meerwind Sued/Ost,German Bight north of 54.3N,North Sea,54.429359,7.757854,3.78,2014-11-20,,MaStR,Meerwind Süd|Ost,0,29.6,mastr_offshore_units.csv.xz
DE-SEE996505680642,Germany,Gode Wind 3,German Bight south of 54.3N,North Sea,54.057849,7.119911,11.55,2024-05-28,,MaStR,Gode Wind 3,0,38.5,mastr_offshore_units.csv.xz
DE-SEE996546963797,Germany,Borkum Riffgrund 1,German Bight south of 54.3N,North Sea,53.947191,6.582725,4.2,2015-04-07,,MaStR,Borkum Riffgrund 1,0,38.7,mastr_offshore_units.csv.xz
DE-SEE996566911969,Germany,Sandbank,German Bight north of 54.3N,North Sea,55.1656,6.842714,4.2,2016-12-21,,MaStR,OWP Sandbank,0,90.4,mastr_offshore_units.csv.xz
DE-SEE996607727351,Germany,Borkum Riffgrund 1,German Bight south of 54.3N,North Sea,53.96066,6.605588,4.2,2015-06-09,,MaStR,Borkum Riffgrund 1,0,39.1,mastr_offshore_units.csv.xz
DE-SEE996793207125,Germany,Baltic Eagle,Other German Baltic farms,Skagerrak-Kattegat-Baltic,54.807939,13.826762,9.525,2024-07-01,,MaStR,Baltic Eagle,0,80.5,mastr_offshore_units.csv.xz
DE-SEE996794060361,Germany,Borkum Riffgrund 2,German Bight south of 54.3N,North Sea,53.980436,6.473729,8.3,2018-08-31,,MaStR,Borkum Riffgrund 2,0,45.1,mastr_offshore_units.csv.xz
DE-SEE996842234270,Germany,OWP Windanker,Other German Baltic farms,Skagerrak-Kattegat-Baltic,54.885216,14.00022,15.0,2026-08-25,,MaStR,OWP Windanker,4228,94.5,mastr_offshore_units.csv.xz
DE-SEE996845314085,Germany,Gode Wind 02,German Bight south of 54.3N,North Sea,54.073973,7.016292,6.264,2016-05-12,,MaStR,Gode Wind 2,0,41.2,mastr_offshore_units.csv.xz
DE-SEE996874948558,Germany,Borkum Riffgrund 2,German Bight south of 54.3N,North Sea,53.920999,6.525379,8.3,2018-09-13,,MaStR,Borkum Riffgrund 2,0,37.7,mastr_offshore_units.csv.xz
DE-SEE997018057495,Germany,ARCADIS Ost 1,Other German Baltic farms,Skagerrak-Kattegat-Baltic,54.792818,13.720634,9.525,2023-04-16,,MaStR,Arcadis Ost I,0,74.5,mastr_offshore_units.csv.xz
DE-SEE997019166226,Germany,Trianel Windpark Borkum Phase 2,German Bight south of 54.3N,North Sea,54.080009,6.471113,5.0,2015-05-04,,MaStR,Trianel Windpark Borkum,0,55.0,mastr_offshore_units.csv.xz
DE-SEE997044217061,Germany,ARCADIS Ost 1,Other German Baltic farms,Skagerrak-Kattegat-Baltic,54.827864,13.612993,9.525,2023-03-06,,MaStR,Arcadis Ost I,0,72.9,mastr_offshore_units.csv.xz
DE-SEE997054121754,Germany,Butendiek,German Bight north of 54.3N,North Sea,55.015658,7.737943,3.6,2015-07-23,,MaStR,Butendiek,0,39.0,mastr_offshore_units.csv.xz
DE-SEE997068630129,Germany,Global Tech I,German Bight north of 54.3N,North Sea,54.534772,6.33344,5.0,2015-06-28,,MaStR,Global Tech I,0,104.0,mastr_offshore_units.csv.xz
DE-SEE997175221203,Germany,Kaskasi II,German Bight north of 54.3N,North Sea,54.491406,7.684766,9.0,2022-08-11,,MaStR,OWP Kaskasi,0,37.7,mastr_offshore_units.csv.xz
DE-SEE997199810292,Germany,Nordsee One,German Bight south of 54.3N,North Sea,53.984736,6.814365,6.15,2017-05-07,,MaStR,Nordsee One,0,35.8,mastr_offshore_units.csv.xz
DE-SEE997317502863,Germany,Meerwind Sued/Ost,German Bight north of 54.3N,North Sea,54.382792,7.726653,3.78,2014-10-15,,MaStR,Meerwind Süd|Ost,0,25.5,mastr_offshore_units.csv.xz
DE-SEE997331535090,Germany,Trianel Windpark Borkum Phase 2,German Bight south of 54.3N,North Sea,54.033522,6.429746,6.33,2020-05-28,,MaStR,"Trianel Windpark Borkum, Bauphase 2",0,51.6,mastr_offshore_units.csv.xz
DE-SEE997422527317,Germany,Butendiek,German Bight north of 54.3N,North Sea,55.02939,7.737916,3.6,2015-07-01,,MaStR,Butendiek,0,39.5,mastr_offshore_units.csv.xz
DE-SEE997452194411,Germany,Albatros,German Bight north of 54.3N,North Sea,54.495441,6.247384,7.35,2020-01-07,,MaStR,Windpark Albatros,0,102.3,mastr_offshore_units.csv.xz
DE-SEE997500786872,Germany,EnBW Windpark Baltic 2,Kriegers Flak and Baltic 1/2,Skagerrak-Kattegat-Baltic,54.963981,13.137109,3.78,2015-06-28,,MaStR,Baltic 2,0,42.9,mastr_offshore_units.csv.xz
DE-SEE997519988373,Germany,Gode Wind 01,German Bight south of 54.3N,North Sea,54.015951,6.959936,6.264,2016-07-30,,MaStR,Gode Wind 1,0,36.1,mastr_offshore_units.csv.xz
DE-SEE997555435541,Germany,Gode Wind 01,German Bight south of 54.3N,North Sea,54.013902,6.978498,6.264,2016-07-10,,MaStR,Gode Wind 1,0,35.4,mastr_offshore_units.csv.xz
DE-SEE997614409391,Germany,Borkum Riffgrund 2,German Bight south of 54.3N,North Sea,53.987283,6.422635,8.3,2018-09-04,,MaStR,Borkum Riffgrund 2,0,47.0,mastr_offshore_units.csv.xz
DE-SEE997620853577,Germany,Merkur Offshore (MEG Offshore I),German Bight south of 54.3N,North Sea,54.05163,6.52849,6.15,2018-09-19,,MaStR,Merkur Offshore,0,50.3,mastr_offshore_units.csv.xz
DE-SEE997643768254,Germany,EnBW Windpark Baltic 2,Kriegers Flak and Baltic 1/2,Skagerrak-Kattegat-Baltic,54.972794,13.155639,3.78,2015-05-11,,MaStR,Baltic 2,0,44.0,mastr_offshore_units.csv.xz
DE-SEE997676245807,Germany,Butendiek,German Bight north of 54.3N,North Sea,55.027693,7.791932,3.6,2015-04-27,,MaStR,Butendiek,0,36.2,mastr_offshore_units.csv.xz
DE-SEE997767434172,Germany,EnBW He Dreiht,German Bight north of 54.3N,North Sea,54.329517,6.264671,15.0,2025-12-23,,MaStR,EnBW He Dreiht,9508,85.6,mastr_offshore_units.csv.xz
DE-SEE997785383360,Germany,Butendiek,German Bight north of 54.3N,North Sea,55.051084,7.764632,3.6,2015-05-21,,MaStR,Butendiek,0,38.9,mastr_offshore_units.csv.xz
DE-SEE997786152590,Germany,Global Tech I,German Bight north of 54.3N,North Sea,54.504142,6.318276,5.0,2015-03-24,,MaStR,Global Tech I,0,101.2,mastr_offshore_units.csv.xz
DE-SEE997834536808,Germany,Borkum Riffgrund 2,German Bight south of 54.3N,North Sea,53.973933,6.423605,8.3,2018-10-16,,MaStR,Borkum Riffgrund 2,0,45.6,mastr_offshore_units.csv.xz
DE-SEE997882054019,Germany,Amrumbank West,German Bight north of 54.3N,North Sea,54.52802,7.666667,3.78,2015-08-12,,MaStR,Amrumbank-West,0,41.9,mastr_offshore_units.csv.xz
DE-SEE997887638986,Germany,Amrumbank West,German Bight north of 54.3N,North Sea,54.52802,7.641017,3.78,2015-08-17,,MaStR,Amrumbank-West,0,42.5,mastr_offshore_units.csv.xz
DE-SEE997931702298,Germany,Gode Wind 3,German Bight south of 54.3N,North Sea,54.08217,7.09484,11.55,2024-09-16,,MaStR,Gode Wind 3,1,41.3,mastr_offshore_units.csv.xz
DE-SEE997965906822,Germany,Borkum Riffgrund 3,German Bight south of 54.3N,North Sea,54.02106,6.28943,11.55,2026-07-28,,MaStR,Borkum Riffgrund 3,0,54.3,mastr_offshore_units.csv.xz
DE-SEE998007714504,Germany,Gode Wind 01,German Bight south of 54.3N,North Sea,53.991011,7.015297,6.264,2016-07-30,,MaStR,Gode Wind 1,0,32.3,mastr_offshore_units.csv.xz
DE-SEE998034053522,Germany,Borkum Riffgrund 1,German Bight south of 54.3N,North Sea,53.960664,6.594167,4.2,2015-05-17,,MaStR,Borkum Riffgrund 1,0,39.5,mastr_offshore_units.csv.xz
DE-SEE998129345198,Germany,Meerwind Sued/Ost,German Bight north of 54.3N,North Sea,54.384418,7.710796,3.78,2014-10-05,,MaStR,Meerwind Süd|Ost,0,26.1,mastr_offshore_units.csv.xz
DE-SEE998279752266,Germany,DanTysk,German Bight north of 54.3N,North Sea,55.093697,7.170464,3.78,2014-12-02,,MaStR,OWP DanTysk,0,73.0,mastr_offshore_units.csv.xz
DE-SEE998335128035,Germany,Meerwind Sued/Ost,German Bight north of 54.3N,North Sea,54.347063,7.641275,3.78,2014-09-30,,MaStR,Meerwind Süd|Ost,0,25.2,mastr_offshore_units.csv.xz
DE-SEE998477578477,Germany,Baltic Eagle,Other German Baltic farms,Skagerrak-Kattegat-Baltic,54.843271,13.801403,9.525,2024-07-21,,MaStR,Baltic Eagle,0,82.1,mastr_offshore_units.csv.xz
DE-SEE998502764349,Germany,ARCADIS Ost 1,Other German Baltic farms,Skagerrak-Kattegat-Baltic,54.788449,13.743183,9.525,2023-11-26,,MaStR,Arcadis Ost I,0,75.1,mastr_offshore_units.csv.xz
DE-SEE998614069721,Germany,ARCADIS Ost 1,Other German Baltic farms,Skagerrak-Kattegat-Baltic,54.812124,13.639526,9.525,2023-03-19,,MaStR,Arcadis Ost I,7,72.6,mastr_offshore_units.csv.xz
DE-SEE998641256224,Germany,Alpha Ventus,German Bight south of 54.3N,North Sea,54.007497,6.619319,5.0,2009-08-01,,MaStR,alpha ventus,0,43.0,mastr_offshore_units.csv.xz
DE-SEE998750880051,Germany,Kaskasi II,German Bight north of 54.3N,North Sea,54.482942,7.71253,9.0,2022-08-25,,MaStR,OWP Kaskasi,0,36.2,mastr_offshore_units.csv.xz
DE-SEE998761035174,Germany,EnBW He Dreiht,German Bight north of 54.3N,North Sea,54.416105,6.161448,15.0,2026-05-21,,MaStR,EnBW He Dreiht,7915,97.4,mastr_offshore_units.csv.xz
DE-SEE998776892212,Germany,Nordsee One,German Bight south of 54.3N,North Sea,53.997427,6.894514,6.15,2017-06-03,,MaStR,Nordsee One,0,36.0,mastr_offshore_units.csv.xz
DE-SEE998929495550,Germany,EnBW Windpark Baltic 2,Kriegers Flak and Baltic 1/2,Skagerrak-Kattegat-Baltic,54.950259,13.096126,3.78,2015-07-15,,MaStR,Baltic 2,0,40.4,mastr_offshore_units.csv.xz
DE-SEE999006798106,Germany,Nordsee Ost,German Bight north of 54.3N,North Sea,54.438973,7.682707,6.15,2015-04-20,,MaStR,OWP Nordsee Ost 2,0,32.4,mastr_offshore_units.csv.xz
DE-SEE999024924570,Germany,Veja Mate,German Bight south of 54.3N,North Sea,54.295266,5.872585,6.3,2017-04-20,,MaStR,OWP Veja Mate,0,94.8,mastr_offshore_units.csv.xz
DE-SEE999026403028,Germany,Albatros,German Bight north of 54.3N,North Sea,54.496308,6.216171,7.35,2020-01-07,,MaStR,Windpark Albatros,0,103.3,mastr_offshore_units.csv.xz
DE-SEE999152219265,Germany,Baltic Eagle,Other German Baltic farms,Skagerrak-Kattegat-Baltic,54.828606,13.801402,9.525,2024-07-31,,MaStR,Baltic Eagle,0,80.9,mastr_offshore_units.csv.xz
DE-SEE999194398423,Germany,Gode Wind 02,German Bight south of 54.3N,North Sea,54.092321,6.983997,6.264,2016-02-28,,MaStR,Gode Wind 2,0,43.7,mastr_offshore_units.csv.xz
DE-SEE999198333772,Germany,EnBW Hohe See,German Bight north of 54.3N,North Sea,54.45742,6.300664,7.35,2019-08-15,,MaStR,Windpark Hohe See,0,97.0,mastr_offshore_units.csv.xz
DE-SEE999229456883,Germany,Nordsee One,German Bight south of 54.3N,North Sea,53.980316,6.758313,6.15,2017-07-11,,MaStR,Nordsee One,0,36.4,mastr_offshore_units.csv.xz
DE-SEE999275677188,Germany,EnBW Windpark Baltic 2,Kriegers Flak and Baltic 1/2,Skagerrak-Kattegat-Baltic,54.993705,13.145769,3.78,2015-05-11,,MaStR,Baltic 2,0,43.3,mastr_offshore_units.csv.xz
DE-SEE999386343613,Germany,Amrumbank West,German Bight north of 54.3N,North Sea,54.52802,7.679072,3.78,2015-08-09,,MaStR,Amrumbank-West,0,41.6,mastr_offshore_units.csv.xz
DE-SEE999413043776,Germany,Arkona-Becken Südost,Other German Baltic farms,Skagerrak-Kattegat-Baltic,54.795622,14.117666,6.3,2018-09-20,,MaStR,Arkona Becken Süd-Ost,0,94.2,mastr_offshore_units.csv.xz
DE-SEE999499510759,Germany,EnBW He Dreiht,German Bight north of 54.3N,North Sea,54.378302,6.147856,15.0,2026-06-18,,MaStR,EnBW He Dreiht,8426,94.1,mastr_offshore_units.csv.xz
DE-SEE999501375611,Germany,Wikinger,Other German Baltic farms,Skagerrak-Kattegat-Baltic,54.85085,14.098178,5.23,2017-11-18,,MaStR,WIKINGER,0,96.9,mastr_offshore_units.csv.xz
DE-SEE999565442069,Germany,Merkur Offshore (MEG Offshore I),German Bight south of 54.3N,North Sea,54.0437,6.59161,6.15,2018-12-22,,MaStR,Merkur Offshore,0,47.4,mastr_offshore_units.csv.xz
DE-SEE999599787044,Germany,EnBW Hohe See,German Bight north of 54.3N,North Sea,54.403645,6.372612,7.35,2019-08-13,,MaStR,Windpark Hohe See,0,89.6,mastr_offshore_units.csv.xz
DE-SEE999748753111,Germany,EnBW Hohe See,German Bight north of 54.3N,North Sea,54.456072,6.26597,7.35,2019-08-01,,MaStR,Windpark Hohe See,0,97.9,mastr_offshore_units.csv.xz
DE-SEE999869615442,Germany,Riffgat,German Bight south of 54.3N,North Sea,53.695309,6.495845,3.78,2014-02-25,,MaStR,RIFFGAT,0,17.4,mastr_offshore_units.csv.xz
DK-570714700000001659,Denmark,unmatched,Other Danish inner-water farms,Skagerrak-Kattegat-Baltic,54.97323,11.12212,0.45,1991-09-01,2017-02-20,ENS,,42334,8.4,ens_historiske_vinddata.xlsx
DK-570714700000001666,Denmark,unmatched,Other Danish inner-water farms,Skagerrak-Kattegat-Baltic,54.971154,11.125106,0.45,1991-09-01,2017-02-20,ENS,,42601,8.1,ens_historiske_vinddata.xlsx
DK-570714700000001673,Denmark,unmatched,Other Danish inner-water farms,Skagerrak-Kattegat-Baltic,54.96909,11.128085,0.45,1991-09-01,2017-02-20,ENS,,42866,7.9,ens_historiske_vinddata.xlsx
DK-570714700000001680,Denmark,unmatched,Other Danish inner-water farms,Skagerrak-Kattegat-Baltic,54.967011,11.131079,0.45,1991-09-01,2017-02-20,ENS,,43134,7.6,ens_historiske_vinddata.xlsx
DK-570714700000001697,Denmark,unmatched,Other Danish inner-water farms,Skagerrak-Kattegat-Baltic,54.964923,11.134054,0.45,1991-09-01,2017-02-20,ENS,,43403,7.4,ens_historiske_vinddata.xlsx
DK-570714700000001703,Denmark,unmatched,Other Danish inner-water farms,Skagerrak-Kattegat-Baltic,54.976026,11.124312,0.45,1991-09-01,2017-02-20,ENS,,42060,8.7,ens_historiske_vinddata.xlsx
DK-570714700000001710,Denmark,unmatched,Other Danish inner-water farms,Skagerrak-Kattegat-Baltic,54.973887,11.127165,0.45,1991-09-01,2017-02-20,ENS,,42332,8.4,ens_historiske_vinddata.xlsx
DK-570714700000001727,Denmark,unmatched,Other Danish inner-water farms,Skagerrak-Kattegat-Baltic,54.971817,11.130127,0.45,1991-09-01,2017-02-20,ENS,,42599,8.2,ens_historiske_vinddata.xlsx
DK-570714700000001734,Denmark,unmatched,Other Danish inner-water farms,Skagerrak-Kattegat-Baltic,54.969759,11.133208,0.45,1991-09-01,2017-02-20,ENS,,42866,7.9,ens_historiske_vinddata.xlsx
DK-570714700000001741,Denmark,unmatched,Other Danish inner-water farms,Skagerrak-Kattegat-Baltic,54.967672,11.136176,0.45,1991-09-01,2017-02-20,ENS,,43135,7.7,ens_historiske_vinddata.xlsx
DK-570714700000001758,Denmark,unmatched,Other Danish inner-water farms,Skagerrak-Kattegat-Baltic,54.965593,11.13916,0.45,1991-09-01,2017-02-20,ENS,,43404,7.4,ens_historiske_vinddata.xlsx
DK-570714700000003592,Denmark,Middelgrunden,Other Danish inner-water farms,Skagerrak-Kattegat-Baltic,55.706965,12.668374,2.0,2000-12-27,,ENS,743E77AA-D4B4-4D3E-B59E-CBF6CE50A62F,0,6.2,ens_vinddata.xlsx
DK-570714700000003608,Denmark,Middelgrunden,Other Danish inner-water farms,Skagerrak-Kattegat-Baltic,55.705344,12.668851,2.0,2000-12-27,,ENS,743E77AA-D4B4-4D3E-B59E-CBF6CE50A62F,0,6.2,ens_vinddata.xlsx
DK-570714700000003615,Denmark,Middelgrunden,Other Danish inner-water farms,Skagerrak-Kattegat-Baltic,55.703719,12.669275,2.0,2000-12-27,,ENS,743E77AA-D4B4-4D3E-B59E-CBF6CE50A62F,0,6.1,ens_vinddata.xlsx
DK-570714700000003622,Denmark,Middelgrunden,Other Danish inner-water farms,Skagerrak-Kattegat-Baltic,55.70209,12.669646,2.0,2000-12-27,,ENS,743E77AA-D4B4-4D3E-B59E-CBF6CE50A62F,0,6.1,ens_vinddata.xlsx
DK-570714700000003639,Denmark,Middelgrunden,Other Danish inner-water farms,Skagerrak-Kattegat-Baltic,55.70046,12.669965,2.0,2000-12-27,,ENS,743E77AA-D4B4-4D3E-B59E-CBF6CE50A62F,0,6.1,ens_vinddata.xlsx
DK-570714700000003646,Denmark,Middelgrunden,Other Danish inner-water farms,Skagerrak-Kattegat-Baltic,55.698821,12.670231,2.0,2000-12-27,,ENS,743E77AA-D4B4-4D3E-B59E-CBF6CE50A62F,0,6.1,ens_vinddata.xlsx
DK-570714700000003653,Denmark,Middelgrunden,Other Danish inner-water farms,Skagerrak-Kattegat-Baltic,55.697183,12.670443,2.0,2000-12-27,,ENS,743E77AA-D4B4-4D3E-B59E-CBF6CE50A62F,0,6.0,ens_vinddata.xlsx
DK-570714700000003660,Denmark,Middelgrunden,Other Danish inner-water farms,Skagerrak-Kattegat-Baltic,55.695525,12.670602,2.0,2000-12-27,,ENS,743E77AA-D4B4-4D3E-B59E-CBF6CE50A62F,0,6.0,ens_vinddata.xlsx
DK-570714700000003677,Denmark,Middelgrunden,Other Danish inner-water farms,Skagerrak-Kattegat-Baltic,55.693901,12.670709,2.0,2000-12-27,,ENS,743E77AA-D4B4-4D3E-B59E-CBF6CE50A62F,0,6.0,ens_vinddata.xlsx
DK-570714700000003684,Denmark,Middelgrunden,Other Danish inner-water farms,Skagerrak-Kattegat-Baltic,55.692259,12.670762,2.0,2000-12-27,,ENS,743E77AA-D4B4-4D3E-B59E-CBF6CE50A62F,0,6.0,ens_vinddata.xlsx
DK-570714700000013713,Denmark,Middelgrunden,Other Danish inner-water farms,Skagerrak-Kattegat-Baltic,55.690616,12.670762,2.0,2000-12-27,,ENS,A2470AFA-6C20-4D64-847C-4113529ACF61,0,5.9,ens_vinddata.xlsx
DK-570714700000013720,Denmark,Middelgrunden,Other Danish inner-water farms,Skagerrak-Kattegat-Baltic,55.688974,12.670709,2.0,2000-12-27,,ENS,A2470AFA-6C20-4D64-847C-4113529ACF61,0,5.9,ens_vinddata.xlsx
DK-570714700000013737,Denmark,Middelgrunden,Other Danish inner-water farms,Skagerrak-Kattegat-Baltic,55.687332,12.670603,2.0,2000-12-27,,ENS,A2470AFA-6C20-4D64-847C-4113529ACF61,0,5.9,ens_vinddata.xlsx
DK-570714700000013744,Denmark,Middelgrunden,Other Danish inner-water farms,Skagerrak-Kattegat-Baltic,55.685692,12.670443,2.0,2000-12-27,,ENS,A2470AFA-6C20-4D64-847C-4113529ACF61,0,5.9,ens_vinddata.xlsx
DK-570714700000013751,Denmark,Middelgrunden,Other Danish inner-water farms,Skagerrak-Kattegat-Baltic,55.684054,12.670231,2.0,2000-12-27,,ENS,A2470AFA-6C20-4D64-847C-4113529ACF61,0,5.9,ens_vinddata.xlsx
DK-570714700000013768,Denmark,Middelgrunden,Other Danish inner-water farms,Skagerrak-Kattegat-Baltic,55.682418,12.669965,2.0,2000-12-27,,ENS,A2470AFA-6C20-4D64-847C-4113529ACF61,0,5.9,ens_vinddata.xlsx
DK-570714700000013775,Denmark,Middelgrunden,Other Danish inner-water farms,Skagerrak-Kattegat-Baltic,55.680785,12.669647,2.0,2000-12-27,,ENS,A2470AFA-6C20-4D64-847C-4113529ACF61,0,5.9,ens_vinddata.xlsx
DK-570714700000013782,Denmark,Middelgrunden,Other Danish inner-water farms,Skagerrak-Kattegat-Baltic,55.679156,12.669276,2.0,2000-12-27,,ENS,A2470AFA-6C20-4D64-847C-4113529ACF61,0,5.9,ens_vinddata.xlsx
DK-570714700000013799,Denmark,Middelgrunden,Other Danish inner-water farms,Skagerrak-Kattegat-Baltic,55.677531,12.668852,2.0,2000-12-27,,ENS,A2470AFA-6C20-4D64-847C-4113529ACF61,0,5.9,ens_vinddata.xlsx
DK-570714700000013805,Denmark,Middelgrunden,Other Danish inner-water farms,Skagerrak-Kattegat-Baltic,55.67591,12.668375,2.0,2000-12-27,,ENS,A2470AFA-6C20-4D64-847C-4113529ACF61,0,5.9,ens_vinddata.xlsx
DK-570714700000105920,Denmark,Nysted,Nysted and Rødsand,Skagerrak-Kattegat-Baltic,54.5695,11.66727,2.3,2003-06-17,,ENS,B0848D6C-F34F-4ECE-8B07-0F96DABDF166,89,10.3,ens_vinddata.xlsx
DK-570714700000105937,Denmark,Nysted,Nysted and Rødsand,Skagerrak-Kattegat-Baltic,54.56518,11.66727,2.3,2003-06-17,2022-01-12,ENS,,89,10.7,ens_historiske_vinddata.xlsx
DK-570714700000105944,Denmark,Nysted,Nysted and Rødsand,Skagerrak-Kattegat-Baltic,54.56085,11.66727,2.3,2003-06-17,,ENS,B0848D6C-F34F-4ECE-8B07-0F96DABDF166,89,11.2,ens_vinddata.xlsx
DK-570714700000105951,Denmark,Nysted,Nysted and Rødsand,Skagerrak-Kattegat-Baltic,54.55652,11.66727,2.3,2003-06-17,,ENS,B0848D6C-F34F-4ECE-8B07-0F96DABDF166,89,11.6,ens_vinddata.xlsx
DK-570714700000105968,Denmark,Nysted,Nysted and Rødsand,Skagerrak-Kattegat-Baltic,54.55219,11.66726,2.3,2003-06-17,,ENS,B0848D6C-F34F-4ECE-8B07-0F96DABDF166,89,12.1,ens_vinddata.xlsx
DK-570714700000105975,Denmark,Nysted,Nysted and Rødsand,Skagerrak-Kattegat-Baltic,54.54787,11.66726,2.3,2003-06-17,,ENS,B0848D6C-F34F-4ECE-8B07-0F96DABDF166,89,12.5,ens_vinddata.xlsx
DK-570714700000105982,Denmark,Nysted,Nysted and Rødsand,Skagerrak-Kattegat-Baltic,54.54354,11.66726,2.3,2003-06-17,,ENS,B0848D6C-F34F-4ECE-8B07-0F96DABDF166,89,13.0,ens_vinddata.xlsx
DK-570714700000105999,Denmark,Nysted,Nysted and Rødsand,Skagerrak-Kattegat-Baltic,54.53921,11.66726,2.3,2003-06-17,,ENS,B0848D6C-F34F-4ECE-8B07-0F96DABDF166,89,13.4,ens_vinddata.xlsx
DK-570714700000106002,Denmark,Nysted,Nysted and Rødsand,Skagerrak-Kattegat-Baltic,54.53488,11.66726,2.3,2003-06-17,,ENS,B0848D6C-F34F-4ECE-8B07-0F96DABDF166,222,13.9,ens_vinddata.xlsx
DK-570714700000106019,Denmark,Nysted,Nysted and Rødsand,Skagerrak-Kattegat-Baltic,54.56816,11.68047,2.3,2003-06-17,,ENS,B0848D6C-F34F-4ECE-8B07-0F96DABDF166,0,10.1,ens_vinddata.xlsx
DK-570714700000106026,Denmark,Nysted,Nysted and Rødsand,Skagerrak-Kattegat-Baltic,54.56383,11.68047,2.3,2003-06-17,,ENS,B0848D6C-F34F-4ECE-8B07-0F96DABDF166,0,10.6,ens_vinddata.xlsx
DK-570714700000106033,Denmark,Nysted,Nysted and Rødsand,Skagerrak-Kattegat-Baltic,54.55951,11.68047,2.3,2003-06-17,,ENS,B0848D6C-F34F-4ECE-8B07-0F96DABDF166,0,11.0,ens_vinddata.xlsx
DK-570714700000106040,Denmark,Nysted,Nysted and Rødsand,Skagerrak-Kattegat-Baltic,54.55518,11.68047,2.3,2003-06-17,,ENS,B0848D6C-F34F-4ECE-8B07-0F96DABDF166,0,11.5,ens_vinddata.xlsx
DK-570714700000106057,Denmark,Nysted,Nysted and Rødsand,Skagerrak-Kattegat-Baltic,54.55085,11.68047,2.3,2003-06-17,,ENS,B0848D6C-F34F-4ECE-8B07-0F96DABDF166,0,11.9,ens_vinddata.xlsx
DK-570714700000106064,Denmark,Nysted,Nysted and Rødsand,Skagerrak-Kattegat-Baltic,54.54652,11.68047,2.3,2003-06-17,,ENS,B0848D6C-F34F-4ECE-8B07-0F96DABDF166,0,12.4,ens_vinddata.xlsx
DK-570714700000106071,Denmark,Nysted,Nysted and Rødsand,Skagerrak-Kattegat-Baltic,54.54219,11.68047,2.3,2003-06-17,,ENS,B0848D6C-F34F-4ECE-8B07-0F96DABDF166,0,12.8,ens_vinddata.xlsx
DK-570714700000106088,Denmark,Nysted,Nysted and Rødsand,Skagerrak-Kattegat-Baltic,54.53787,11.68047,2.3,2003-06-17,,ENS,B0848D6C-F34F-4ECE-8B07-0F96DABDF166,0,13.3,ens_vinddata.xlsx
DK-570714700000106095,Denmark,Nysted,Nysted and Rødsand,Skagerrak-Kattegat-Baltic,54.53354,11.68047,2.3,2003-06-17,,ENS,B0848D6C-F34F-4ECE-8B07-0F96DABDF166,215,13.8,ens_vinddata.xlsx
DK-570714700000106101,Denmark,Nysted,Nysted and Rødsand,Skagerrak-Kattegat-Baltic,54.56682,11.69367,2.3,2003-06-17,,ENS,B0848D6C-F34F-4ECE-8B07-0F96DABDF166,0,10.0,ens_vinddata.xlsx
DK-570714700000106118,Denmark,Nysted,Nysted and Rødsand,Skagerrak-Kattegat-Baltic,54.56249,11.69367,2.3,2003-06-17,,ENS,B0848D6C-F34F-4ECE-8B07-0F96DABDF166,0,10.4,ens_vinddata.xlsx
DK-570714700000106125,Denmark,Nysted,Nysted and Rødsand,Skagerrak-Kattegat-Baltic,54.55816,11.69367,2.3,2003-06-17,,ENS,B0848D6C-F34F-4ECE-8B07-0F96DABDF166,0,10.9,ens_vinddata.xlsx
DK-570714700000106132,Denmark,Nysted,Nysted and Rødsand,Skagerrak-Kattegat-Baltic,54.55383,11.69367,2.3,2003-06-17,,ENS,B0848D6C-F34F-4ECE-8B07-0F96DABDF166,0,11.4,ens_vinddata.xlsx
DK-570714700000106149,Denmark,Nysted,Nysted and Rødsand,Skagerrak-Kattegat-Baltic,54.54951,11.69367,2.3,2003-06-17,,ENS,B0848D6C-F34F-4ECE-8B07-0F96DABDF166,0,11.8,ens_vinddata.xlsx
DK-570714700000106156,Denmark,Nysted,Nysted and Rødsand,Skagerrak-Kattegat-Baltic,54.54518,11.69367,2.3,2003-06-17,,ENS,B0848D6C-F34F-4ECE-8B07-0F96DABDF166,0,12.3,ens_vinddata.xlsx
DK-570714700000106163,Denmark,Nysted,Nysted and Rødsand,Skagerrak-Kattegat-Baltic,54.54085,11.69367,2.3,2003-06-17,,ENS,B0848D6C-F34F-4ECE-8B07-0F96DABDF166,0,12.8,ens_vinddata.xlsx
DK-570714700000106170,Denmark,Nysted,Nysted and Rødsand,Skagerrak-Kattegat-Baltic,54.53652,11.69367,2.3,2003-06-17,,ENS,B0848D6C-F34F-4ECE-8B07-0F96DABDF166,0,13.3,ens_vinddata.xlsx
DK-570714700000106187,Denmark,Nysted,Nysted and Rødsand,Skagerrak-Kattegat-Baltic,54.53219,11.69367,2.3,2003-06-17,,ENS,B0848D6C-F34F-4ECE-8B07-0F96DABDF166,215,13.7,ens_vinddata.xlsx
DK-570714700000106194,Denmark,Nysted,Nysted and Rødsand,Skagerrak-Kattegat-Baltic,54.56547,11.70687,2.3,2003-06-17,,ENS,B0848D6C-F34F-4ECE-8B07-0F96DABDF166,0,9.9,ens_vinddata.xlsx
DK-570714700000106200,Denmark,Nysted,Nysted and Rødsand,Skagerrak-Kattegat-Baltic,54.56114,11.70687,2.3,2003-06-17,,ENS,B0848D6C-F34F-4ECE-8B07-0F96DABDF166,0,10.4,ens_vinddata.xlsx
DK-570714700000106217,Denmark,Nysted,Nysted and Rødsand,Skagerrak-Kattegat-Baltic,54.55681,11.70687,2.3,2003-06-17,,ENS,B0848D6C-F34F-4ECE-8B07-0F96DABDF166,0,10.9,ens_vinddata.xlsx
DK-570714700000106224,Denmark,Nysted,Nysted and Rødsand,Skagerrak-Kattegat-Baltic,54.55249,11.70687,2.3,2003-06-17,,ENS,B0848D6C-F34F-4ECE-8B07-0F96DABDF166,0,11.3,ens_vinddata.xlsx
DK-570714700000106231,Denmark,Nysted,Nysted and Rødsand,Skagerrak-Kattegat-Baltic,54.54816,11.70687,2.3,2003-06-17,,ENS,B0848D6C-F34F-4ECE-8B07-0F96DABDF166,0,11.8,ens_vinddata.xlsx
DK-570714700000106248,Denmark,Nysted,Nysted and Rødsand,Skagerrak-Kattegat-Baltic,54.54383,11.70687,2.3,2003-06-17,,ENS,B0848D6C-F34F-4ECE-8B07-0F96DABDF166,0,12.3,ens_vinddata.xlsx
DK-570714700000106255,Denmark,Nysted,Nysted and Rødsand,Skagerrak-Kattegat-Baltic,54.5395,11.70687,2.3,2003-06-17,,ENS,B0848D6C-F34F-4ECE-8B07-0F96DABDF166,0,12.8,ens_vinddata.xlsx
DK-570714700000106262,Denmark,Nysted,Nysted and Rødsand,Skagerrak-Kattegat-Baltic,54.53517,11.70687,2.3,2003-06-17,,ENS,B0848D6C-F34F-4ECE-8B07-0F96DABDF166,0,13.3,ens_vinddata.xlsx
DK-570714700000106279,Denmark,Nysted,Nysted and Rødsand,Skagerrak-Kattegat-Baltic,54.53085,11.70687,2.3,2003-06-17,,ENS,B0848D6C-F34F-4ECE-8B07-0F96DABDF166,215,13.7,ens_vinddata.xlsx
DK-570714700000106286,Denmark,Nysted,Nysted and Rødsand,Skagerrak-Kattegat-Baltic,54.56412,11.72008,2.3,2003-06-17,,ENS,B0848D6C-F34F-4ECE-8B07-0F96DABDF166,0,10.0,ens_vinddata.xlsx
DK-570714700000106293,Denmark,Nysted,Nysted and Rødsand,Skagerrak-Kattegat-Baltic,54.55979,11.72007,2.3,2003-06-17,,ENS,B0848D6C-F34F-4ECE-8B07-0F96DABDF166,0,10.4,ens_vinddata.xlsx
DK-570714700000106309,Denmark,Nysted,Nysted and Rødsand,Skagerrak-Kattegat-Baltic,54.55547,11.72007,2.3,2003-06-17,,ENS,B0848D6C-F34F-4ECE-8B07-0F96DABDF166,0,10.9,ens_vinddata.xlsx
DK-570714700000106316,Denmark,Nysted,Nysted and Rødsand,Skagerrak-Kattegat-Baltic,54.55114,11.72007,2.3,2003-06-17,,ENS,B0848D6C-F34F-4ECE-8B07-0F96DABDF166,0,11.4,ens_vinddata.xlsx
DK-570714700000106323,Denmark,Nysted,Nysted and Rødsand,Skagerrak-Kattegat-Baltic,54.54681,11.72007,2.3,2003-06-17,,ENS,B0848D6C-F34F-4ECE-8B07-0F96DABDF166,0,11.9,ens_vinddata.xlsx
DK-570714700000106330,Denmark,Nysted,Nysted and Rødsand,Skagerrak-Kattegat-Baltic,54.54248,11.72007,2.3,2003-06-17,,ENS,B0848D6C-F34F-4ECE-8B07-0F96DABDF166,0,12.4,ens_vinddata.xlsx
DK-570714700000106347,Denmark,Nysted,Nysted and Rødsand,Skagerrak-Kattegat-Baltic,54.53815,11.72007,2.3,2003-06-17,,ENS,B0848D6C-F34F-4ECE-8B07-0F96DABDF166,0,12.8,ens_vinddata.xlsx
DK-570714700000106354,Denmark,Nysted,Nysted and Rødsand,Skagerrak-Kattegat-Baltic,54.53383,11.72007,2.3,2003-06-17,,ENS,B0848D6C-F34F-4ECE-8B07-0F96DABDF166,0,13.3,ens_vinddata.xlsx
DK-570714700000106361,Denmark,Nysted,Nysted and Rødsand,Skagerrak-Kattegat-Baltic,54.5295,11.72007,2.3,2003-06-17,,ENS,B0848D6C-F34F-4ECE-8B07-0F96DABDF166,215,13.8,ens_vinddata.xlsx
DK-570714700000106378,Denmark,Nysted,Nysted and Rødsand,Skagerrak-Kattegat-Baltic,54.56277,11.73327,2.3,2003-06-17,,ENS,B0848D6C-F34F-4ECE-8B07-0F96DABDF166,0,10.1,ens_vinddata.xlsx
DK-570714700000106385,Denmark,Nysted,Nysted and Rødsand,Skagerrak-Kattegat-Baltic,54.55844,11.73327,2.3,2003-06-17,,ENS,B0848D6C-F34F-4ECE-8B07-0F96DABDF166,0,10.5,ens_vinddata.xlsx
DK-570714700000106392,Denmark,Nysted,Nysted and Rødsand,Skagerrak-Kattegat-Baltic,54.55412,11.73327,2.3,2003-06-17,,ENS,B0848D6C-F34F-4ECE-8B07-0F96DABDF166,0,11.0,ens_vinddata.xlsx
DK-570714700000106408,Denmark,Nysted,Nysted and Rødsand,Skagerrak-Kattegat-Baltic,54.54979,11.73327,2.3,2003-06-17,,ENS,B0848D6C-F34F-4ECE-8B07-0F96DABDF166,0,11.5,ens_vinddata.xlsx
DK-570714700000106415,Denmark,Nysted,Nysted and Rødsand,Skagerrak-Kattegat-Baltic,54.54546,11.73327,2.3,2003-06-17,,ENS,B0848D6C-F34F-4ECE-8B07-0F96DABDF166,0,12.0,ens_vinddata.xlsx
DK-570714700000106422,Denmark,Nysted,Nysted and Rødsand,Skagerrak-Kattegat-Baltic,54.54113,11.73327,2.3,2003-06-17,,ENS,B0848D6C-F34F-4ECE-8B07-0F96DABDF166,0,12.5,ens_vinddata.xlsx
DK-570714700000106439,Denmark,Nysted,Nysted and Rødsand,Skagerrak-Kattegat-Baltic,54.53681,11.73327,2.3,2003-06-17,,ENS,B0848D6C-F34F-4ECE-8B07-0F96DABDF166,0,12.9,ens_vinddata.xlsx
DK-570714700000106446,Denmark,Nysted,Nysted and Rødsand,Skagerrak-Kattegat-Baltic,54.53248,11.73327,2.3,2003-06-17,,ENS,B0848D6C-F34F-4ECE-8B07-0F96DABDF166,0,13.1,ens_vinddata.xlsx
DK-570714700000106453,Denmark,Nysted,Nysted and Rødsand,Skagerrak-Kattegat-Baltic,54.52815,11.73327,2.3,2003-06-17,,ENS,B0848D6C-F34F-4ECE-8B07-0F96DABDF166,215,13.3,ens_vinddata.xlsx
DK-570714700000106460,Denmark,Nysted,Nysted and Rødsand,Skagerrak-Kattegat-Baltic,54.56142,11.74648,2.3,2003-06-17,,ENS,B0848D6C-F34F-4ECE-8B07-0F96DABDF166,0,10.2,ens_vinddata.xlsx
DK-570714700000106477,Denmark,Nysted,Nysted and Rødsand,Skagerrak-Kattegat-Baltic,54.55709,11.74647,2.3,2003-06-17,,ENS,B0848D6C-F34F-4ECE-8B07-0F96DABDF166,0,10.7,ens_vinddata.xlsx
DK-570714700000106484,Denmark,Nysted,Nysted and Rødsand,Skagerrak-Kattegat-Baltic,54.55277,11.74647,2.3,2003-06-17,,ENS,B0848D6C-F34F-4ECE-8B07-0F96DABDF166,0,11.2,ens_vinddata.xlsx
DK-570714700000106491,Denmark,Nysted,Nysted and Rødsand,Skagerrak-Kattegat-Baltic,54.54844,11.74647,2.3,2003-06-17,2022-06-29,ENS,,0,11.7,ens_historiske_vinddata.xlsx
DK-570714700000106507,Denmark,Nysted,Nysted and Rødsand,Skagerrak-Kattegat-Baltic,54.54411,11.74647,2.3,2003-06-17,,ENS,B0848D6C-F34F-4ECE-8B07-0F96DABDF166,0,11.9,ens_vinddata.xlsx
DK-570714700000106514,Denmark,Nysted,Nysted and Rødsand,Skagerrak-Kattegat-Baltic,54.53978,11.74647,2.3,2003-06-17,,ENS,B0848D6C-F34F-4ECE-8B07-0F96DABDF166,0,12.1,ens_vinddata.xlsx
DK-570714700000106521,Denmark,Nysted,Nysted and Rødsand,Skagerrak-Kattegat-Baltic,54.53545,11.74647,2.3,2003-06-17,,ENS,B0848D6C-F34F-4ECE-8B07-0F96DABDF166,0,12.2,ens_vinddata.xlsx
DK-570714700000106538,Denmark,Nysted,Nysted and Rødsand,Skagerrak-Kattegat-Baltic,54.53113,11.74647,2.3,2003-06-17,,ENS,B0848D6C-F34F-4ECE-8B07-0F96DABDF166,0,12.4,ens_vinddata.xlsx
DK-570714700000106545,Denmark,Nysted,Nysted and Rødsand,Skagerrak-Kattegat-Baltic,54.5268,11.74647,2.3,2003-06-17,,ENS,B0848D6C-F34F-4ECE-8B07-0F96DABDF166,215,12.6,ens_vinddata.xlsx
DK-570714700000106552,Denmark,Nysted,Nysted and Rødsand,Skagerrak-Kattegat-Baltic,54.56007,11.75967,2.3,2003-06-17,,ENS,B0848D6C-F34F-4ECE-8B07-0F96DABDF166,0,10.5,ens_vinddata.xlsx
DK-570714700000106569,Denmark,Nysted,Nysted and Rødsand,Skagerrak-Kattegat-Baltic,54.55574,11.75967,2.3,2003-06-17,,ENS,B0848D6C-F34F-4ECE-8B07-0F96DABDF166,0,10.8,ens_vinddata.xlsx
DK-570714700000106576,Denmark,Nysted,Nysted and Rødsand,Skagerrak-Kattegat-Baltic,54.55141,11.75967,2.3,2003-06-17,,ENS,B0848D6C-F34F-4ECE-8B07-0F96DABDF166,0,10.9,ens_vinddata.xlsx
DK-570714700000106583,Denmark,Nysted,Nysted and Rødsand,Skagerrak-Kattegat-Baltic,54.54708,11.75967,2.3,2003-06-17,,ENS,B0848D6C-F34F-4ECE-8B07-0F96DABDF166,0,11.0,ens_vinddata.xlsx
DK-570714700000106590,Denmark,Nysted,Nysted and Rødsand,Skagerrak-Kattegat-Baltic,54.54276,11.75967,2.3,2003-06-17,,ENS,B0848D6C-F34F-4ECE-8B07-0F96DABDF166,0,11.2,ens_vinddata.xlsx
DK-570714700000106606,Denmark,Nysted,Nysted and Rødsand,Skagerrak-Kattegat-Baltic,54.53843,11.75967,2.3,2003-06-17,,ENS,B0848D6C-F34F-4ECE-8B07-0F96DABDF166,0,11.3,ens_vinddata.xlsx
DK-570714700000106613,Denmark,Nysted,Nysted and Rødsand,Skagerrak-Kattegat-Baltic,54.5341,11.75967,2.3,2003-06-17,,ENS,B0848D6C-F34F-4ECE-8B07-0F96DABDF166,0,11.5,ens_vinddata.xlsx
DK-570714700000106620,Denmark,Nysted,Nysted and Rødsand,Skagerrak-Kattegat-Baltic,54.52977,11.75967,2.3,2003-06-17,,ENS,B0848D6C-F34F-4ECE-8B07-0F96DABDF166,0,11.7,ens_vinddata.xlsx
DK-570714700000106637,Denmark,Nysted,Nysted and Rødsand,Skagerrak-Kattegat-Baltic,54.52544,11.75967,2.3,2003-06-17,,ENS,B0848D6C-F34F-4ECE-8B07-0F96DABDF166,215,11.9,ens_vinddata.xlsx
DK-570715000000023972,Denmark,Tunø Knob,Other Danish inner-water farms,Skagerrak-Kattegat-Baltic,55.965605,10.352051,0.5,1995-05-30,,ENS,0F62704B-1430-4075-88B8-E7814DA161A2,2,5.3,ens_vinddata.xlsx
DK-570715000000023989,Denmark,Tunø Knob,Other Danish inner-water farms,Skagerrak-Kattegat-Baltic,55.9674,10.3521,0.5,1995-05-30,,ENS,0F62704B-1430-4075-88B8-E7814DA161A2,0,5.4,ens_vinddata.xlsx
DK-570715000000023996,Denmark,Tunø Knob,Other Danish inner-water farms,Skagerrak-Kattegat-Baltic,55.969197,10.352146,0.5,1995-05-30,,ENS,0F62704B-1430-4075-88B8-E7814DA161A2,0,5.4,ens_vinddata.xlsx
DK-570715000000024009,Denmark,Tunø Knob,Other Danish inner-water farms,Skagerrak-Kattegat-Baltic,55.971013,10.352153,0.5,1995-05-30,,ENS,0F62704B-1430-4075-88B8-E7814DA161A2,0,5.5,ens_vinddata.xlsx
DK-570715000000024016,Denmark,Tunø Knob,Other Danish inner-water farms,Skagerrak-Kattegat-Baltic,55.97281,10.3522,0.5,1995-05-30,,ENS,0F62704B-1430-4075-88B8-E7814DA161A2,0,5.6,ens_vinddata.xlsx
DK-570715000000024023,Denmark,Tunø Knob,Other Danish inner-water farms,Skagerrak-Kattegat-Baltic,55.964938,10.358426,0.5,1995-05-30,,ENS,0F62704B-1430-4075-88B8-E7814DA161A2,2,4.9,ens_vinddata.xlsx
DK-570715000000024030,Denmark,Tunø Knob,Other Danish inner-water farms,Skagerrak-Kattegat-Baltic,55.966737,10.358471,0.5,1995-05-30,,ENS,0F62704B-1430-4075-88B8-E7814DA161A2,2,5.0,ens_vinddata.xlsx
DK-570715000000024047,Denmark,Tunø Knob,Other Danish inner-water farms,Skagerrak-Kattegat-Baltic,55.968533,10.358514,0.5,1995-05-30,,ENS,0F62704B-1430-4075-88B8-E7814DA161A2,3,5.0,ens_vinddata.xlsx
DK-570715000000024054,Denmark,Tunø Knob,Other Danish inner-water farms,Skagerrak-Kattegat-Baltic,55.97033,10.358551,0.5,1995-05-30,,ENS,0F62704B-1430-4075-88B8-E7814DA161A2,2,5.1,ens_vinddata.xlsx
DK-570715000000024061,Denmark,Tunø Knob,Other Danish inner-water farms,Skagerrak-Kattegat-Baltic,55.97213,10.358606,0.5,1995-05-30,,ENS,0F62704B-1430-4075-88B8-E7814DA161A2,4,5.2,ens_vinddata.xlsx
DK-570715000000057489,Denmark,Frederikshavn Offshore,Other Danish inner-water farms,Skagerrak-Kattegat-Baltic,57.441973,10.565433,2.3,2003-05-28,,ENS,,0,1.8,ens_vinddata.xlsx
DK-570715000000059537,Denmark,Rønland,Other Danish inner-water farms,North Sea,56.6704,8.216181,2.0,2003-01-09,2024-02-28,ENS,D649404A-465F-4325-AD07-02324A0AF0FE,21,3.4,ens_vinddata.xlsx
DK-570715000000061769,Denmark,Horns Rev I,Horns Rev,North Sea,55.503195,7.796368,2.0,2002-09-04,,ENS,4C2AE442-2C0C-4443-B7F1-F656683C7620,0,20.8,ens_vinddata.xlsx
DK-570715000000061776,Denmark,Horns Rev I,Horns Rev,North Sea,55.498211,7.797597,2.0,2002-09-11,,ENS,4C2AE442-2C0C-4443-B7F1-F656683C7620,0,20.9,ens_vinddata.xlsx
DK-570715000000061783,Denmark,Horns Rev I,Horns Rev,North Sea,55.493227,7.798841,2.0,2002-12-10,,ENS,4C2AE442-2C0C-4443-B7F1-F656683C7620,0,21.0,ens_vinddata.xlsx
DK-570715000000061790,Denmark,Horns Rev I,Horns Rev,North Sea,55.488251,7.800068,2.0,2002-11-16,,ENS,4C2AE442-2C0C-4443-B7F1-F656683C7620,0,21.1,ens_vinddata.xlsx
DK-570715000000061806,Denmark,Horns Rev I,Horns Rev,North Sea,55.483267,7.801296,2.0,2002-09-19,,ENS,4C2AE442-2C0C-4443-B7F1-F656683C7620,0,21.2,ens_vinddata.xlsx
DK-570715000000061813,Denmark,Horns Rev I,Horns Rev,North Sea,55.478283,7.802523,2.0,2002-09-08,,ENS,4C2AE442-2C0C-4443-B7F1-F656683C7620,0,21.3,ens_vinddata.xlsx
DK-570715000000061820,Denmark,Horns Rev I,Horns Rev,North Sea,55.473298,7.803766,2.0,2002-09-24,,ENS,4C2AE442-2C0C-4443-B7F1-F656683C7620,0,21.5,ens_vinddata.xlsx
DK-570715000000061837,Denmark,Horns Rev I,Horns Rev,North Sea,55.468314,7.804992,2.0,2002-09-29,,ENS,4C2AE442-2C0C-4443-B7F1-F656683C7620,0,21.7,ens_vinddata.xlsx
DK-570715000000061844,Denmark,Horns Rev I,Horns Rev,North Sea,55.503282,7.805232,2.0,2002-08-29,,ENS,4C2AE442-2C0C-4443-B7F1-F656683C7620,0,20.2,ens_vinddata.xlsx
DK-570715000000061851,Denmark,Horns Rev I,Horns Rev,North Sea,55.498298,7.806459,2.0,2002-09-12,,ENS,4C2AE442-2C0C-4443-B7F1-F656683C7620,0,20.3,ens_vinddata.xlsx
DK-570715000000061868,Denmark,Horns Rev I,Horns Rev,North Sea,55.493313,7.807702,2.0,2002-09-12,,ENS,4C2AE442-2C0C-4443-B7F1-F656683C7620,0,20.4,ens_vinddata.xlsx
DK-570715000000061875,Denmark,Horns Rev I,Horns Rev,North Sea,55.488338,7.808929,2.0,2002-09-12,,ENS,4C2AE442-2C0C-4443-B7F1-F656683C7620,0,20.5,ens_vinddata.xlsx
DK-570715000000061882,Denmark,Horns Rev I,Horns Rev,North Sea,55.483353,7.810155,2.0,2002-09-19,,ENS,4C2AE442-2C0C-4443-B7F1-F656683C7620,0,20.7,ens_vinddata.xlsx
DK-570715000000061899,Denmark,Horns Rev I,Horns Rev,North Sea,55.478369,7.811381,2.0,2002-10-07,,ENS,4C2AE442-2C0C-4443-B7F1-F656683C7620,0,20.8,ens_vinddata.xlsx
DK-570715000000061905,Denmark,Horns Rev I,Horns Rev,North Sea,55.473384,7.812623,2.0,2002-09-24,,ENS,4C2AE442-2C0C-4443-B7F1-F656683C7620,0,21.0,ens_vinddata.xlsx
DK-570715000000061912,Denmark,Horns Rev I,Horns Rev,North Sea,55.4684,7.813848,2.0,2002-09-26,,ENS,4C2AE442-2C0C-4443-B7F1-F656683C7620,0,21.2,ens_vinddata.xlsx
DK-570715000000061929,Denmark,Horns Rev I,Horns Rev,North Sea,55.503368,7.814095,2.0,2002-10-02,,ENS,4C2AE442-2C0C-4443-B7F1-F656683C7620,0,19.7,ens_vinddata.xlsx
DK-570715000000061936,Denmark,Horns Rev I,Horns Rev,North Sea,55.498384,7.815322,2.0,2002-09-29,,ENS,4C2AE442-2C0C-4443-B7F1-F656683C7620,0,19.8,ens_vinddata.xlsx
DK-570715000000061943,Denmark,Horns Rev I,Horns Rev,North Sea,55.493399,7.816564,2.0,2002-09-29,,ENS,4C2AE442-2C0C-4443-B7F1-F656683C7620,0,19.9,ens_vinddata.xlsx
DK-570715000000061950,Denmark,Horns Rev I,Horns Rev,North Sea,55.488424,7.817789,2.0,2002-10-06,,ENS,4C2AE442-2C0C-4443-B7F1-F656683C7620,0,20.0,ens_vinddata.xlsx
DK-570715000000061967,Denmark,Horns Rev I,Horns Rev,North Sea,55.483439,7.819014,2.0,2002-10-16,,ENS,4C2AE442-2C0C-4443-B7F1-F656683C7620,0,20.2,ens_vinddata.xlsx
DK-570715000000061974,Denmark,Horns Rev I,Horns Rev,North Sea,55.478455,7.820239,2.0,2002-10-02,,ENS,4C2AE442-2C0C-4443-B7F1-F656683C7620,0,20.3,ens_vinddata.xlsx
DK-570715000000061981,Denmark,Horns Rev I,Horns Rev,North Sea,55.47347,7.82148,2.0,2002-10-18,,ENS,4C2AE442-2C0C-4443-B7F1-F656683C7620,0,20.5,ens_vinddata.xlsx
DK-570715000000061998,Denmark,Horns Rev I,Horns Rev,North Sea,55.468485,7.822704,2.0,2002-10-07,,ENS,4C2AE442-2C0C-4443-B7F1-F656683C7620,0,20.7,ens_vinddata.xlsx
DK-570715000000062001,Denmark,Horns Rev I,Horns Rev,North Sea,55.503454,7.822959,2.0,2002-09-03,,ENS,4C2AE442-2C0C-4443-B7F1-F656683C7620,0,19.2,ens_vinddata.xlsx
DK-570715000000062018,Denmark,Horns Rev I,Horns Rev,North Sea,55.498469,7.824184,2.0,2002-10-16,,ENS,4C2AE442-2C0C-4443-B7F1-F656683C7620,0,19.3,ens_vinddata.xlsx
DK-570715000000062025,Denmark,Horns Rev I,Horns Rev,North Sea,55.493485,7.825425,2.0,2002-10-07,,ENS,4C2AE442-2C0C-4443-B7F1-F656683C7620,0,19.4,ens_vinddata.xlsx
DK-570715000000062032,Denmark,Horns Rev I,Horns Rev,North Sea,55.488509,7.826649,2.0,2002-10-18,,ENS,4C2AE442-2C0C-4443-B7F1-F656683C7620,0,19.5,ens_vinddata.xlsx
DK-570715000000062049,Denmark,Horns Rev I,Horns Rev,North Sea,55.483524,7.827874,2.0,2002-12-04,,ENS,4C2AE442-2C0C-4443-B7F1-F656683C7620,0,19.6,ens_vinddata.xlsx
DK-570715000000062056,Denmark,Horns Rev I,Horns Rev,North Sea,55.47854,7.829097,2.0,2002-10-15,,ENS,4C2AE442-2C0C-4443-B7F1-F656683C7620,0,19.8,ens_vinddata.xlsx
DK-570715000000062063,Denmark,Horns Rev I,Horns Rev,North Sea,55.473555,7.830337,2.0,2002-11-07,,ENS,4C2AE442-2C0C-4443-B7F1-F656683C7620,0,20.0,ens_vinddata.xlsx
DK-570715000000062070,Denmark,Horns Rev I,Horns Rev,North Sea,55.46857,7.83156,2.0,2002-11-07,,ENS,4C2AE442-2C0C-4443-B7F1-F656683C7620,0,20.2,ens_vinddata.xlsx
DK-570715000000062087,Denmark,Horns Rev I,Horns Rev,North Sea,55.503539,7.831823,2.0,2002-11-16,,ENS,4C2AE442-2C0C-4443-B7F1-F656683C7620,0,18.6,ens_vinddata.xlsx
DK-570715000000062094,Denmark,Horns Rev I,Horns Rev,North Sea,55.498554,7.833047,2.0,2002-11-01,,ENS,4C2AE442-2C0C-4443-B7F1-F656683C7620,0,18.7,ens_vinddata.xlsx
DK-570715000000062100,Denmark,Horns Rev I,Horns Rev,North Sea,55.493569,7.834287,2.0,2002-11-01,,ENS,4C2AE442-2C0C-4443-B7F1-F656683C7620,0,18.8,ens_vinddata.xlsx
DK-570715000000062117,Denmark,Horns Rev I,Horns Rev,North Sea,55.488594,7.83551,2.0,2002-10-29,,ENS,4C2AE442-2C0C-4443-B7F1-F656683C7620,0,19.0,ens_vinddata.xlsx
DK-570715000000062124,Denmark,Horns Rev I,Horns Rev,North Sea,55.483609,7.836733,2.0,2002-11-01,,ENS,4C2AE442-2C0C-4443-B7F1-F656683C7620,0,19.1,ens_vinddata.xlsx
DK-570715000000062131,Denmark,Horns Rev I,Horns Rev,North Sea,55.478624,7.837956,2.0,2002-11-01,,ENS,4C2AE442-2C0C-4443-B7F1-F656683C7620,0,19.3,ens_vinddata.xlsx
DK-570715000000062148,Denmark,Horns Rev I,Horns Rev,North Sea,55.473639,7.839194,2.0,2002-11-01,,ENS,4C2AE442-2C0C-4443-B7F1-F656683C7620,0,19.5,ens_vinddata.xlsx
DK-570715000000062155,Denmark,Horns Rev I,Horns Rev,North Sea,55.468654,7.840416,2.0,2002-11-01,,ENS,4C2AE442-2C0C-4443-B7F1-F656683C7620,0,19.7,ens_vinddata.xlsx
DK-570715000000062162,Denmark,Horns Rev I,Horns Rev,North Sea,55.503623,7.840687,2.0,2002-08-21,,ENS,4C2AE442-2C0C-4443-B7F1-F656683C7620,0,18.1,ens_vinddata.xlsx
DK-570715000000062179,Denmark,Horns Rev I,Horns Rev,North Sea,55.498638,7.84191,2.0,2002-11-20,,ENS,4C2AE442-2C0C-4443-B7F1-F656683C7620,0,18.2,ens_vinddata.xlsx
DK-570715000000062186,Denmark,Horns Rev I,Horns Rev,North Sea,55.493653,7.843148,2.0,2002-11-04,,ENS,4C2AE442-2C0C-4443-B7F1-F656683C7620,0,18.3,ens_vinddata.xlsx
DK-570715000000062193,Denmark,Horns Rev I,Horns Rev,North Sea,55.488678,7.84437,2.0,2002-11-01,,ENS,4C2AE442-2C0C-4443-B7F1-F656683C7620,0,18.5,ens_vinddata.xlsx
DK-570715000000062209,Denmark,Horns Rev I,Horns Rev,North Sea,55.483693,7.845592,2.0,2002-11-17,,ENS,4C2AE442-2C0C-4443-B7F1-F656683C7620,0,18.6,ens_vinddata.xlsx
DK-570715000000062216,Denmark,Horns Rev I,Horns Rev,North Sea,55.478708,7.846814,2.0,2002-11-15,,ENS,4C2AE442-2C0C-4443-B7F1-F656683C7620,0,18.8,ens_vinddata.xlsx
DK-570715000000062223,Denmark,Horns Rev I,Horns Rev,North Sea,55.473723,7.848051,2.0,2002-11-20,,ENS,4C2AE442-2C0C-4443-B7F1-F656683C7620,0,19.0,ens_vinddata.xlsx
DK-570715000000062230,Denmark,Horns Rev I,Horns Rev,North Sea,55.468738,7.849272,2.0,2002-11-07,,ENS,4C2AE442-2C0C-4443-B7F1-F656683C7620,0,19.2,ens_vinddata.xlsx
DK-570715000000062247,Denmark,Horns Rev I,Horns Rev,North Sea,55.503707,7.849551,2.0,2002-11-16,,ENS,4C2AE442-2C0C-4443-B7F1-F656683C7620,0,17.6,ens_vinddata.xlsx
DK-570715000000062254,Denmark,Horns Rev I,Horns Rev,North Sea,55.498722,7.850773,2.0,2002-11-01,,ENS,4C2AE442-2C0C-4443-B7F1-F656683C7620,0,17.7,ens_vinddata.xlsx
DK-570715000000062261,Denmark,Horns Rev I,Horns Rev,North Sea,55.493737,7.85201,2.0,2002-11-15,,ENS,4C2AE442-2C0C-4443-B7F1-F656683C7620,0,17.8,ens_vinddata.xlsx
DK-570715000000062278,Denmark,Horns Rev I,Horns Rev,North Sea,55.488761,7.853231,2.0,2002-11-15,,ENS,4C2AE442-2C0C-4443-B7F1-F656683C7620,0,17.9,ens_vinddata.xlsx
DK-570715000000062285,Denmark,Horns Rev I,Horns Rev,North Sea,55.483776,7.854452,2.0,2002-11-17,,ENS,4C2AE442-2C0C-4443-B7F1-F656683C7620,0,18.1,ens_vinddata.xlsx
DK-570715000000062292,Denmark,Horns Rev I,Horns Rev,North Sea,55.478791,7.855672,2.0,2002-11-19,,ENS,4C2AE442-2C0C-4443-B7F1-F656683C7620,0,18.3,ens_vinddata.xlsx
DK-570715000000062308,Denmark,Horns Rev I,Horns Rev,North Sea,55.473806,7.856908,2.0,2002-11-19,,ENS,4C2AE442-2C0C-4443-B7F1-F656683C7620,0,18.5,ens_vinddata.xlsx
DK-570715000000062315,Denmark,Horns Rev I,Horns Rev,North Sea,55.468821,7.858128,2.0,2002-11-15,,ENS,4C2AE442-2C0C-4443-B7F1-F656683C7620,0,18.7,ens_vinddata.xlsx
DK-570715000000062322,Denmark,Horns Rev I,Horns Rev,North Sea,55.503789,7.858415,2.0,2002-08-18,,ENS,4C2AE442-2C0C-4443-B7F1-F656683C7620,0,17.0,ens_vinddata.xlsx
DK-570715000000062339,Denmark,Horns Rev I,Horns Rev,North Sea,55.498804,7.859635,2.0,2002-11-19,,ENS,4C2AE442-2C0C-4443-B7F1-F656683C7620,0,17.1,ens_vinddata.xlsx
DK-570715000000062346,Denmark,Horns Rev I,Horns Rev,North Sea,55.49382,7.860872,2.0,2002-11-19,,ENS,4C2AE442-2C0C-4443-B7F1-F656683C7620,0,17.3,ens_vinddata.xlsx
DK-570715000000062353,Denmark,Horns Rev I,Horns Rev,North Sea,55.488844,7.862092,2.0,2002-11-24,,ENS,4C2AE442-2C0C-4443-B7F1-F656683C7620,0,17.4,ens_vinddata.xlsx
DK-570715000000062360,Denmark,Horns Rev I,Horns Rev,North Sea,55.483858,7.863311,2.0,2002-12-04,,ENS,4C2AE442-2C0C-4443-B7F1-F656683C7620,0,17.6,ens_vinddata.xlsx
DK-570715000000062377,Denmark,Horns Rev I,Horns Rev,North Sea,55.478873,7.864531,2.0,2002-11-19,,ENS,4C2AE442-2C0C-4443-B7F1-F656683C7620,0,17.8,ens_vinddata.xlsx
DK-570715000000062384,Denmark,Horns Rev I,Horns Rev,North Sea,55.473888,7.865766,2.0,2002-11-20,,ENS,4C2AE442-2C0C-4443-B7F1-F656683C7620,0,18.0,ens_vinddata.xlsx
DK-570715000000062391,Denmark,Horns Rev I,Horns Rev,North Sea,55.468903,7.866984,2.0,2002-11-19,,ENS,4C2AE442-2C0C-4443-B7F1-F656683C7620,0,18.2,ens_vinddata.xlsx
DK-570715000000062407,Denmark,Horns Rev I,Horns Rev,North Sea,55.503872,7.867279,2.0,2002-08-15,,ENS,4C2AE442-2C0C-4443-B7F1-F656683C7620,0,16.5,ens_vinddata.xlsx
DK-570715000000062414,Denmark,Horns Rev I,Horns Rev,North Sea,55.498887,7.868498,2.0,2002-11-30,,ENS,4C2AE442-2C0C-4443-B7F1-F656683C7620,0,16.6,ens_vinddata.xlsx
DK-570715000000062421,Denmark,Horns Rev I,Horns Rev,North Sea,55.493902,7.869733,2.0,2002-12-01,,ENS,4C2AE442-2C0C-4443-B7F1-F656683C7620,0,16.8,ens_vinddata.xlsx
DK-570715000000062438,Denmark,Horns Rev I,Horns Rev,North Sea,55.488926,7.870952,2.0,2002-12-04,,ENS,4C2AE442-2C0C-4443-B7F1-F656683C7620,0,16.9,ens_vinddata.xlsx
DK-570715000000062445,Denmark,Horns Rev I,Horns Rev,North Sea,55.48394,7.872171,2.0,2002-12-06,,ENS,4C2AE442-2C0C-4443-B7F1-F656683C7620,0,17.1,ens_vinddata.xlsx
DK-570715000000062452,Denmark,Horns Rev I,Horns Rev,North Sea,55.478955,7.873389,2.0,2002-11-20,,ENS,4C2AE442-2C0C-4443-B7F1-F656683C7620,0,17.3,ens_vinddata.xlsx
DK-570715000000062469,Denmark,Horns Rev I,Horns Rev,North Sea,55.47397,7.874623,2.0,2002-11-27,,ENS,4C2AE442-2C0C-4443-B7F1-F656683C7620,0,17.5,ens_vinddata.xlsx
DK-570715000000062476,Denmark,Horns Rev I,Horns Rev,North Sea,55.468985,7.875841,2.0,2002-11-27,,ENS,4C2AE442-2C0C-4443-B7F1-F656683C7620,0,17.7,ens_vinddata.xlsx
DK-570715000000062483,Denmark,Horns Rev I,Horns Rev,North Sea,55.503953,7.876143,2.0,2002-07-29,,ENS,4C2AE442-2C0C-4443-B7F1-F656683C7620,0,16.0,ens_vinddata.xlsx
DK-570715000000062490,Denmark,Horns Rev I,Horns Rev,North Sea,55.498968,7.877361,2.0,2002-11-20,,ENS,4C2AE442-2C0C-4443-B7F1-F656683C7620,0,16.1,ens_vinddata.xlsx
DK-570715000000062506,Denmark,Horns Rev I,Horns Rev,North Sea,55.493983,7.878595,2.0,2002-12-10,,ENS,4C2AE442-2C0C-4443-B7F1-F656683C7620,0,16.2,ens_vinddata.xlsx
DK-570715000000062513,Denmark,Horns Rev I,Horns Rev,North Sea,55.489007,7.879813,2.0,2002-11-25,,ENS,4C2AE442-2C0C-4443-B7F1-F656683C7620,0,16.4,ens_vinddata.xlsx
DK-570715000000062520,Denmark,Horns Rev I,Horns Rev,North Sea,55.484022,7.88103,2.0,2002-12-11,,ENS,4C2AE442-2C0C-4443-B7F1-F656683C7620,0,16.6,ens_vinddata.xlsx
DK-570715000000062537,Denmark,Horns Rev I,Horns Rev,North Sea,55.479036,7.882248,2.0,2002-12-05,,ENS,4C2AE442-2C0C-4443-B7F1-F656683C7620,0,16.8,ens_vinddata.xlsx
DK-570715000000062544,Denmark,Horns Rev I,Horns Rev,North Sea,55.474051,7.88348,2.0,2002-12-10,,ENS,4C2AE442-2C0C-4443-B7F1-F656683C7620,0,17.0,ens_vinddata.xlsx
DK-570715000000062551,Denmark,Horns Rev I,Horns Rev,North Sea,55.469066,7.884697,2.0,2002-12-04,,ENS,4C2AE442-2C0C-4443-B7F1-F656683C7620,0,17.2,ens_vinddata.xlsx
DK-570715000000062599,Denmark,Rønland,Other Danish inner-water farms,North Sea,56.660578,8.221473,2.3,2003-01-24,,ENS,A07AAFEC-A1DB-427A-A8FB-8405D4685B3E,16,4.4,ens_vinddata.xlsx
DK-570715000000062605,Denmark,Rønland,Other Danish inner-water farms,North Sea,56.65812,8.222792,2.3,2003-01-29,,ENS,A07AAFEC-A1DB-427A-A8FB-8405D4685B3E,17,4.7,ens_vinddata.xlsx
DK-570715000000062612,Denmark,Rønland,Other Danish inner-water farms,North Sea,56.655668,8.224122,2.3,2003-01-28,,ENS,A07AAFEC-A1DB-427A-A8FB-8405D4685B3E,14,5.0,ens_vinddata.xlsx
DK-570715000000062629,Denmark,Rønland,Other Danish inner-water farms,North Sea,56.653208,8.225439,2.3,2003-01-21,,ENS,A07AAFEC-A1DB-427A-A8FB-8405D4685B3E,15,5.3,ens_vinddata.xlsx
DK-570715000000062926,Denmark,Samsa,Other Danish inner-water farms,Skagerrak-Kattegat-Baltic,55.7335,10.58337,2.3,2003-02-08,,ENS,,0,4.6,ens_vinddata.xlsx
DK-570715000000062933,Denmark,Samsa,Other Danish inner-water farms,Skagerrak-Kattegat-Baltic,55.7308,10.583372,2.3,2003-02-08,,ENS,,0,4.8,ens_vinddata.xlsx
DK-570715000000062940,Denmark,Samsa,Other Danish inner-water farms,Skagerrak-Kattegat-Baltic,55.7281,10.583371,2.3,2003-02-08,,ENS,,0,5.1,ens_vinddata.xlsx
DK-570715000000062957,Denmark,Samsa,Other Danish inner-water farms,Skagerrak-Kattegat-Baltic,55.72542,10.583369,2.3,2003-02-08,,ENS,,0,5.4,ens_vinddata.xlsx
DK-570715000000062964,Denmark,Samsa,Other Danish inner-water farms,Skagerrak-Kattegat-Baltic,55.72272,10.583375,2.3,2003-02-08,,ENS,,0,5.7,ens_vinddata.xlsx
DK-570715000000062971,Denmark,Samsa,Other Danish inner-water farms,Skagerrak-Kattegat-Baltic,55.72,10.583373,2.3,2003-02-08,,ENS,,0,5.9,ens_vinddata.xlsx
DK-570715000000062988,Denmark,Samsa,Other Danish inner-water farms,Skagerrak-Kattegat-Baltic,55.71914,10.584729,2.3,2003-02-08,2017-12-21,ENS,,0,6.1,ens_historiske_vinddata.xlsx
DK-570715000000062995,Denmark,Samsa,Other Danish inner-water farms,Skagerrak-Kattegat-Baltic,55.71463,10.583377,2.3,2003-02-08,,ENS,,0,6.5,ens_vinddata.xlsx
DK-570715000000063008,Denmark,Samsa,Other Danish inner-water farms,Skagerrak-Kattegat-Baltic,55.71193,10.583359,2.3,2003-02-08,,ENS,,0,6.8,ens_vinddata.xlsx
DK-570715000000063015,Denmark,Samsa,Other Danish inner-water farms,Skagerrak-Kattegat-Baltic,55.70923,10.583361,2.3,2003-02-08,,ENS,,69,7.1,ens_vinddata.xlsx
DK-570715000000084539,Denmark,Rodsand II,Nysted and Rødsand,Skagerrak-Kattegat-Baltic,54.583147,11.485567,2.3,2010-04-21,,ENS,8E6EA078-43B1-4B47-BF68-DB1C312CE34D,0,4.0,ens_vinddata.xlsx
DK-570715000000086632,Denmark,Horns Rev II,Horns Rev,North Sea,55.604802,7.554119,2.3,2009-05-14,,ENS,06E2FF64-2E73-43BD-B37E-520919B80CEB,0,35.7,ens_vinddata.xlsx
DK-570715000000086649,Denmark,Horns Rev II,Horns Rev,North Sea,55.603453,7.562438,2.3,2009-05-14,,ENS,06E2FF64-2E73-43BD-B37E-520919B80CEB,0,35.2,ens_vinddata.xlsx
DK-570715000000087059,Denmark,Horns Rev II,Horns Rev,North Sea,55.602103,7.570742,2.3,2009-05-16,,ENS,06E2FF64-2E73-43BD-B37E-520919B80CEB,0,34.6,ens_vinddata.xlsx
DK-570715000000087240,Denmark,Horns Rev II,Horns Rev,North Sea,55.600753,7.57906,2.3,2009-05-14,,ENS,06E2FF64-2E73-43BD-B37E-520919B80CEB,0,34.1,ens_vinddata.xlsx
DK-570715000000087264,Denmark,Horns Rev II,Horns Rev,North Sea,55.599402,7.587363,2.3,2009-05-14,,ENS,06E2FF64-2E73-43BD-B37E-520919B80CEB,0,33.5,ens_vinddata.xlsx
DK-570715000000087271,Denmark,Horns Rev II,Horns Rev,North Sea,55.598042,7.59568,2.3,2009-05-13,,ENS,06E2FF64-2E73-43BD-B37E-520919B80CEB,0,33.0,ens_vinddata.xlsx
DK-570715000000087288,Denmark,Horns Rev II,Horns Rev,North Sea,55.59669,7.603997,2.3,2009-05-13,,ENS,06E2FF64-2E73-43BD-B37E-520919B80CEB,0,32.5,ens_vinddata.xlsx
DK-570715000000087295,Denmark,Horns Rev II,Horns Rev,North Sea,55.596915,7.5506,2.3,2009-06-06,,ENS,06E2FF64-2E73-43BD-B37E-520919B80CEB,0,35.8,ens_vinddata.xlsx
DK-570715000000087301,Denmark,Horns Rev II,Horns Rev,North Sea,55.595873,7.559049,2.3,2009-06-01,,ENS,06E2FF64-2E73-43BD-B37E-520919B80CEB,0,35.3,ens_vinddata.xlsx
DK-570715000000087318,Denmark,Horns Rev II,Horns Rev,North Sea,55.594831,7.567499,2.3,2009-06-01,,ENS,06E2FF64-2E73-43BD-B37E-520919B80CEB,0,34.7,ens_vinddata.xlsx
DK-570715000000087325,Denmark,Horns Rev II,Horns Rev,North Sea,55.593788,7.575948,2.3,2009-06-07,,ENS,06E2FF64-2E73-43BD-B37E-520919B80CEB,0,34.2,ens_vinddata.xlsx
DK-570715000000087332,Denmark,Horns Rev II,Horns Rev,North Sea,55.592745,7.584396,2.3,2009-06-06,,ENS,06E2FF64-2E73-43BD-B37E-520919B80CEB,0,33.6,ens_vinddata.xlsx
DK-570715000000087349,Denmark,Horns Rev II,Horns Rev,North Sea,55.591692,7.592845,2.3,2009-06-01,,ENS,06E2FF64-2E73-43BD-B37E-520919B80CEB,0,33.1,ens_vinddata.xlsx
DK-570715000000087356,Denmark,Horns Rev II,Horns Rev,North Sea,55.590647,7.601292,2.3,2009-06-01,,ENS,06E2FF64-2E73-43BD-B37E-520919B80CEB,0,32.5,ens_vinddata.xlsx
DK-570715000000087363,Denmark,Horns Rev II,Horns Rev,North Sea,55.588922,7.548006,2.3,2009-08-05,,ENS,06E2FF64-2E73-43BD-B37E-520919B80CEB,0,35.9,ens_vinddata.xlsx
DK-570715000000087370,Denmark,Horns Rev II,Horns Rev,North Sea,55.588187,7.556538,2.3,2009-08-06,,ENS,06E2FF64-2E73-43BD-B37E-520919B80CEB,0,35.3,ens_vinddata.xlsx
DK-570715000000087387,Denmark,Horns Rev II,Horns Rev,North Sea,55.587452,7.565102,2.3,2009-08-05,,ENS,06E2FF64-2E73-43BD-B37E-520919B80CEB,0,34.8,ens_vinddata.xlsx
DK-570715000000087394,Denmark,Horns Rev II,Horns Rev,North Sea,55.586725,7.573649,2.3,2009-08-04,,ENS,06E2FF64-2E73-43BD-B37E-520919B80CEB,0,34.2,ens_vinddata.xlsx
DK-570715000000087400,Denmark,Horns Rev II,Horns Rev,North Sea,55.585988,7.582196,2.3,2009-08-04,,ENS,06E2FF64-2E73-43BD-B37E-520919B80CEB,0,33.7,ens_vinddata.xlsx
DK-570715000000087417,Denmark,Horns Rev II,Horns Rev,North Sea,55.585251,7.590743,2.3,2009-08-04,,ENS,06E2FF64-2E73-43BD-B37E-520919B80CEB,0,33.1,ens_vinddata.xlsx
DK-570715000000087424,Denmark,Horns Rev II,Horns Rev,North Sea,55.584513,7.599289,2.3,2009-08-03,,ENS,06E2FF64-2E73-43BD-B37E-520919B80CEB,0,32.6,ens_vinddata.xlsx
DK-570715000000087431,Denmark,Horns Rev II,Horns Rev,North Sea,55.58085,7.546305,2.3,2009-06-24,,ENS,06E2FF64-2E73-43BD-B37E-520919B80CEB,0,35.9,ens_vinddata.xlsx
DK-570715000000087448,Denmark,Horns Rev II,Horns Rev,North Sea,55.580431,7.554919,2.3,2009-09-15,,ENS,06E2FF64-2E73-43BD-B37E-520919B80CEB,0,35.3,ens_vinddata.xlsx
DK-570715000000087455,Denmark,Horns Rev II,Horns Rev,North Sea,55.580011,7.563533,2.3,2009-08-07,,ENS,06E2FF64-2E73-43BD-B37E-520919B80CEB,0,34.8,ens_vinddata.xlsx
DK-570715000000087462,Denmark,Horns Rev II,Horns Rev,North Sea,55.57959,7.572147,2.3,2009-06-24,,ENS,06E2FF64-2E73-43BD-B37E-520919B80CEB,0,34.3,ens_vinddata.xlsx
DK-570715000000087479,Denmark,Horns Rev II,Horns Rev,North Sea,55.579169,7.58076,2.3,2009-06-22,,ENS,06E2FF64-2E73-43BD-B37E-520919B80CEB,0,33.7,ens_vinddata.xlsx
DK-570715000000087486,Denmark,Horns Rev II,Horns Rev,North Sea,55.578747,7.589373,2.3,2009-06-23,,ENS,06E2FF64-2E73-43BD-B37E-520919B80CEB,0,33.2,ens_vinddata.xlsx
DK-570715000000087493,Denmark,Horns Rev II,Horns Rev,North Sea,55.578325,7.597987,2.3,2009-08-05,,ENS,06E2FF64-2E73-43BD-B37E-520919B80CEB,0,32.6,ens_vinddata.xlsx
DK-570715000000087509,Denmark,Horns Rev II,Horns Rev,North Sea,55.572726,7.545543,2.3,2009-08-07,,ENS,06E2FF64-2E73-43BD-B37E-520919B80CEB,0,35.9,ens_vinddata.xlsx
DK-570715000000087516,Denmark,Horns Rev II,Horns Rev,North Sea,55.572622,7.554191,2.3,2009-08-05,,ENS,06E2FF64-2E73-43BD-B37E-520919B80CEB,0,35.3,ens_vinddata.xlsx
DK-570715000000087523,Denmark,Horns Rev II,Horns Rev,North Sea,55.572516,7.562823,2.3,2009-08-07,,ENS,06E2FF64-2E73-43BD-B37E-520919B80CEB,0,34.8,ens_vinddata.xlsx
DK-570715000000087530,Denmark,Horns Rev II,Horns Rev,North Sea,55.57242,7.571471,2.3,2009-08-05,,ENS,06E2FF64-2E73-43BD-B37E-520919B80CEB,0,34.2,ens_vinddata.xlsx
DK-570715000000087547,Denmark,Horns Rev II,Horns Rev,North Sea,55.572313,7.580103,2.3,2009-08-05,,ENS,06E2FF64-2E73-43BD-B37E-520919B80CEB,0,33.7,ens_vinddata.xlsx
DK-570715000000087554,Denmark,Horns Rev II,Horns Rev,North Sea,55.572207,7.588751,2.3,2009-08-05,,ENS,06E2FF64-2E73-43BD-B37E-520919B80CEB,0,33.1,ens_vinddata.xlsx
DK-570715000000087561,Denmark,Horns Rev II,Horns Rev,North Sea,55.572099,7.597384,2.3,2009-08-05,,ENS,06E2FF64-2E73-43BD-B37E-520919B80CEB,0,32.6,ens_vinddata.xlsx
DK-570715000000087578,Denmark,Horns Rev II,Horns Rev,North Sea,55.564595,7.545716,2.3,2009-08-08,,ENS,06E2FF64-2E73-43BD-B37E-520919B80CEB,0,35.8,ens_vinddata.xlsx
DK-570715000000087585,Denmark,Horns Rev II,Horns Rev,North Sea,55.564805,7.554335,2.3,2009-08-10,,ENS,06E2FF64-2E73-43BD-B37E-520919B80CEB,0,35.3,ens_vinddata.xlsx
DK-570715000000087592,Denmark,Horns Rev II,Horns Rev,North Sea,55.565023,7.56297,2.3,2009-08-08,,ENS,06E2FF64-2E73-43BD-B37E-520919B80CEB,0,34.7,ens_vinddata.xlsx
DK-570715000000087608,Denmark,Horns Rev II,Horns Rev,North Sea,55.565232,7.571605,2.3,2009-08-07,,ENS,06E2FF64-2E73-43BD-B37E-520919B80CEB,0,34.2,ens_vinddata.xlsx
DK-570715000000087615,Denmark,Horns Rev II,Horns Rev,North Sea,55.56544,7.58024,2.3,2009-08-06,,ENS,06E2FF64-2E73-43BD-B37E-520919B80CEB,0,33.7,ens_vinddata.xlsx
DK-570715000000087622,Denmark,Horns Rev II,Horns Rev,North Sea,55.565657,7.588875,2.3,2009-08-07,,ENS,06E2FF64-2E73-43BD-B37E-520919B80CEB,0,33.1,ens_vinddata.xlsx
DK-570715000000087639,Denmark,Horns Rev II,Horns Rev,North Sea,55.565864,7.597511,2.3,2009-08-07,,ENS,06E2FF64-2E73-43BD-B37E-520919B80CEB,0,32.6,ens_vinddata.xlsx
DK-570715000000087646,Denmark,Horns Rev II,Horns Rev,North Sea,55.556484,7.546793,2.3,2009-08-08,,ENS,06E2FF64-2E73-43BD-B37E-520919B80CEB,0,35.7,ens_vinddata.xlsx
DK-570715000000087653,Denmark,Horns Rev II,Horns Rev,North Sea,55.557017,7.555382,2.3,2009-08-07,,ENS,06E2FF64-2E73-43BD-B37E-520919B80CEB,0,35.2,ens_vinddata.xlsx
DK-570715000000087660,Denmark,Horns Rev II,Horns Rev,North Sea,55.55754,7.563973,2.3,2009-08-07,,ENS,06E2FF64-2E73-43BD-B37E-520919B80CEB,0,34.7,ens_vinddata.xlsx
DK-570715000000087677,Denmark,Horns Rev II,Horns Rev,North Sea,55.558072,7.572563,2.3,2009-08-08,,ENS,06E2FF64-2E73-43BD-B37E-520919B80CEB,0,34.1,ens_vinddata.xlsx
DK-570715000000087684,Denmark,Horns Rev II,Horns Rev,North Sea,55.558594,7.581153,2.3,2009-08-10,,ENS,06E2FF64-2E73-43BD-B37E-520919B80CEB,0,33.6,ens_vinddata.xlsx
DK-570715000000087691,Denmark,Horns Rev II,Horns Rev,North Sea,55.559125,7.589744,2.3,2009-08-09,,ENS,06E2FF64-2E73-43BD-B37E-520919B80CEB,0,33.0,ens_vinddata.xlsx
DK-570715000000087707,Denmark,Horns Rev II,Horns Rev,North Sea,55.559646,7.598335,2.3,2009-08-10,,ENS,06E2FF64-2E73-43BD-B37E-520919B80CEB,0,32.5,ens_vinddata.xlsx
DK-570715000000087714,Denmark,Horns Rev II,Horns Rev,North Sea,55.641419,7.584659,2.3,2009-09-17,,ENS,06E2FF64-2E73-43BD-B37E-520919B80CEB,0,34.7,ens_vinddata.xlsx
DK-570715000000087721,Denmark,Horns Rev II,Horns Rev,North Sea,55.638643,7.591797,2.3,2009-09-19,,ENS,06E2FF64-2E73-43BD-B37E-520919B80CEB,0,34.2,ens_vinddata.xlsx
DK-570715000000087738,Denmark,Horns Rev II,Horns Rev,North Sea,55.635867,7.598919,2.3,2009-09-18,,ENS,06E2FF64-2E73-43BD-B37E-520919B80CEB,0,33.7,ens_vinddata.xlsx
DK-570715000000087745,Denmark,Horns Rev II,Horns Rev,North Sea,55.63309,7.606055,2.3,2009-09-18,,ENS,06E2FF64-2E73-43BD-B37E-520919B80CEB,0,33.2,ens_vinddata.xlsx
DK-570715000000087752,Denmark,Horns Rev II,Horns Rev,North Sea,55.630314,7.61319,2.3,2009-09-18,,ENS,06E2FF64-2E73-43BD-B37E-520919B80CEB,0,32.6,ens_vinddata.xlsx
DK-570715000000087769,Denmark,Horns Rev II,Horns Rev,North Sea,55.627536,7.620309,2.3,2009-09-17,,ENS,06E2FF64-2E73-43BD-B37E-520919B80CEB,0,32.1,ens_vinddata.xlsx
DK-570715000000087776,Denmark,Horns Rev II,Horns Rev,North Sea,55.624759,7.627442,2.3,2009-09-16,,ENS,06E2FF64-2E73-43BD-B37E-520919B80CEB,0,31.6,ens_vinddata.xlsx
DK-570715000000087783,Denmark,Horns Rev II,Horns Rev,North Sea,55.647969,7.593195,2.3,2009-10-10,,ENS,06E2FF64-2E73-43BD-B37E-520919B80CEB,0,34.4,ens_vinddata.xlsx
DK-570715000000087790,Denmark,Horns Rev II,Horns Rev,North Sea,55.644937,7.599993,2.3,2009-10-06,,ENS,06E2FF64-2E73-43BD-B37E-520919B80CEB,0,33.9,ens_vinddata.xlsx
DK-570715000000087806,Denmark,Horns Rev II,Horns Rev,North Sea,55.641905,7.606791,2.3,2009-10-10,,ENS,06E2FF64-2E73-43BD-B37E-520919B80CEB,0,33.4,ens_vinddata.xlsx
DK-570715000000087813,Denmark,Horns Rev II,Horns Rev,North Sea,55.638873,7.613587,2.3,2009-10-11,,ENS,06E2FF64-2E73-43BD-B37E-520919B80CEB,0,32.9,ens_vinddata.xlsx
DK-570715000000087820,Denmark,Horns Rev II,Horns Rev,North Sea,55.63584,7.620382,2.3,2009-10-14,,ENS,06E2FF64-2E73-43BD-B37E-520919B80CEB,0,32.4,ens_vinddata.xlsx
DK-570715000000087837,Denmark,Horns Rev II,Horns Rev,North Sea,55.632808,7.627193,2.3,2009-10-11,,ENS,06E2FF64-2E73-43BD-B37E-520919B80CEB,0,31.9,ens_vinddata.xlsx
DK-570715000000087844,Denmark,Horns Rev II,Horns Rev,North Sea,55.629774,7.633986,2.3,2009-10-14,,ENS,06E2FF64-2E73-43BD-B37E-520919B80CEB,0,31.4,ens_vinddata.xlsx
DK-570715000000087851,Denmark,Horns Rev II,Horns Rev,North Sea,55.627462,7.56993,2.3,2009-10-10,,ENS,06E2FF64-2E73-43BD-B37E-520919B80CEB,0,35.2,ens_vinddata.xlsx
DK-570715000000087868,Denmark,Horns Rev II,Horns Rev,North Sea,55.625225,7.577635,2.3,2009-10-10,,ENS,06E2FF64-2E73-43BD-B37E-520919B80CEB,0,34.7,ens_vinddata.xlsx
DK-570715000000087875,Denmark,Horns Rev II,Horns Rev,North Sea,55.622995,7.585339,2.3,2009-10-06,,ENS,06E2FF64-2E73-43BD-B37E-520919B80CEB,0,34.2,ens_vinddata.xlsx
DK-570715000000087882,Denmark,Horns Rev II,Horns Rev,North Sea,55.620765,7.593042,2.3,2009-10-15,,ENS,06E2FF64-2E73-43BD-B37E-520919B80CEB,0,33.6,ens_vinddata.xlsx
DK-570715000000087899,Denmark,Horns Rev II,Horns Rev,North Sea,55.618526,7.600744,2.3,2009-10-14,,ENS,06E2FF64-2E73-43BD-B37E-520919B80CEB,0,33.1,ens_vinddata.xlsx
DK-570715000000087905,Denmark,Horns Rev II,Horns Rev,North Sea,55.616295,7.608445,2.3,2009-10-10,,ENS,06E2FF64-2E73-43BD-B37E-520919B80CEB,0,32.6,ens_vinddata.xlsx
DK-570715000000087912,Denmark,Horns Rev II,Horns Rev,North Sea,55.614064,7.616146,2.3,2009-10-14,,ENS,06E2FF64-2E73-43BD-B37E-520919B80CEB,0,32.0,ens_vinddata.xlsx
DK-570715000000087929,Denmark,Horns Rev II,Horns Rev,North Sea,55.634571,7.576899,2.3,2009-10-24,,ENS,06E2FF64-2E73-43BD-B37E-520919B80CEB,0,35.0,ens_vinddata.xlsx
DK-570715000000087936,Denmark,Horns Rev II,Horns Rev,North Sea,55.632069,7.584329,2.3,2009-10-24,,ENS,06E2FF64-2E73-43BD-B37E-520919B80CEB,0,34.5,ens_vinddata.xlsx
DK-570715000000087943,Denmark,Horns Rev II,Horns Rev,North Sea,55.629557,7.591758,2.3,2009-10-27,,ENS,06E2FF64-2E73-43BD-B37E-520919B80CEB,0,33.9,ens_vinddata.xlsx
DK-570715000000087950,Denmark,Horns Rev II,Horns Rev,North Sea,55.627045,7.599202,2.3,2009-10-24,,ENS,06E2FF64-2E73-43BD-B37E-520919B80CEB,0,33.4,ens_vinddata.xlsx
DK-570715000000087967,Denmark,Horns Rev II,Horns Rev,North Sea,55.624533,7.606629,2.3,2009-10-29,,ENS,06E2FF64-2E73-43BD-B37E-520919B80CEB,0,32.9,ens_vinddata.xlsx
DK-570715000000087974,Denmark,Horns Rev II,Horns Rev,North Sea,55.62202,7.614055,2.3,2009-10-30,,ENS,06E2FF64-2E73-43BD-B37E-520919B80CEB,0,32.4,ens_vinddata.xlsx
DK-570715000000087981,Denmark,Horns Rev II,Horns Rev,North Sea,55.619515,7.62148,2.3,2009-10-27,,ENS,06E2FF64-2E73-43BD-B37E-520919B80CEB,0,31.8,ens_vinddata.xlsx
DK-570715000000087998,Denmark,Horns Rev II,Horns Rev,North Sea,55.612546,7.558517,2.3,2009-12-08,,ENS,06E2FF64-2E73-43BD-B37E-520919B80CEB,0,35.6,ens_vinddata.xlsx
DK-570715000000088001,Denmark,Horns Rev II,Horns Rev,North Sea,55.610889,7.566659,2.3,2009-12-08,,ENS,06E2FF64-2E73-43BD-B37E-520919B80CEB,0,35.0,ens_vinddata.xlsx
DK-570715000000088018,Denmark,Horns Rev II,Horns Rev,North Sea,55.609241,7.574816,2.3,2009-12-10,,ENS,06E2FF64-2E73-43BD-B37E-520919B80CEB,0,34.5,ens_vinddata.xlsx
DK-570715000000088025,Denmark,Horns Rev II,Horns Rev,North Sea,55.607583,7.582957,2.3,2009-12-08,,ENS,06E2FF64-2E73-43BD-B37E-520919B80CEB,0,34.0,ens_vinddata.xlsx
DK-570715000000088032,Denmark,Horns Rev II,Horns Rev,North Sea,55.605933,7.591096,2.3,2009-12-08,,ENS,06E2FF64-2E73-43BD-B37E-520919B80CEB,0,33.4,ens_vinddata.xlsx
DK-570715000000088049,Denmark,Horns Rev II,Horns Rev,North Sea,55.604283,7.599235,2.3,2009-12-08,,ENS,06E2FF64-2E73-43BD-B37E-520919B80CEB,0,32.9,ens_vinddata.xlsx
DK-570715000000088056,Denmark,Horns Rev II,Horns Rev,North Sea,55.602623,7.607374,2.3,2009-12-10,,ENS,06E2FF64-2E73-43BD-B37E-520919B80CEB,0,32.4,ens_vinddata.xlsx
DK-570715000000088063,Denmark,Horns Rev II,Horns Rev,North Sea,55.620103,7.563798,2.3,2009-12-15,,ENS,06E2FF64-2E73-43BD-B37E-520919B80CEB,0,35.4,ens_vinddata.xlsx
DK-570715000000088070,Denmark,Horns Rev II,Horns Rev,North Sea,55.618165,7.571745,2.3,2009-12-15,,ENS,06E2FF64-2E73-43BD-B37E-520919B80CEB,0,34.9,ens_vinddata.xlsx
DK-570715000000088087,Denmark,Horns Rev II,Horns Rev,North Sea,55.616217,7.579676,2.3,2009-12-15,,ENS,06E2FF64-2E73-43BD-B37E-520919B80CEB,0,34.3,ens_vinddata.xlsx
DK-570715000000088094,Denmark,Horns Rev II,Horns Rev,North Sea,55.614269,7.587622,2.3,2009-12-15,,ENS,06E2FF64-2E73-43BD-B37E-520919B80CEB,0,33.8,ens_vinddata.xlsx
DK-570715000000088100,Denmark,Horns Rev II,Horns Rev,North Sea,55.61232,7.595551,2.3,2009-12-15,,ENS,06E2FF64-2E73-43BD-B37E-520919B80CEB,0,33.3,ens_vinddata.xlsx
DK-570715000000088117,Denmark,Horns Rev II,Horns Rev,North Sea,55.61037,7.603495,2.3,2009-12-15,,ENS,06E2FF64-2E73-43BD-B37E-520919B80CEB,0,32.7,ens_vinddata.xlsx
DK-570715000000088124,Denmark,Horns Rev II,Horns Rev,North Sea,55.608421,7.611439,2.3,2009-12-15,,ENS,06E2FF64-2E73-43BD-B37E-520919B80CEB,0,32.2,ens_vinddata.xlsx
DK-570715000000088643,Denmark,Avedøre Holme,Other Danish inner-water farms,Skagerrak-Kattegat-Baltic,55.602261,12.46109,3.6,2009-11-23,,ENS,,0,2.1,ens_vinddata.xlsx
DK-570715000000088650,Denmark,Sprogo,Other Danish inner-water farms,Skagerrak-Kattegat-Baltic,55.346324,10.981142,3.0,2009-10-28,,ENS,1BFC850D-E12D-46E6-A683-F67E1A6A6DDA,0,8.5,ens_vinddata.xlsx
DK-570715000000088667,Denmark,Avedøre Holme,Other Danish inner-water farms,Skagerrak-Kattegat-Baltic,55.601727,12.468335,3.6,2009-11-23,,ENS,,0,2.4,ens_vinddata.xlsx
DK-570715000000088674,Denmark,Sprogo,Other Danish inner-water farms,Skagerrak-Kattegat-Baltic,55.345443,10.97424,3.0,2009-10-28,,ENS,1BFC850D-E12D-46E6-A683-F67E1A6A6DDA,0,9.0,ens_vinddata.xlsx
DK-570715000000088681,Denmark,Sprogo,Other Danish inner-water farms,Skagerrak-Kattegat-Baltic,55.344566,10.96732,3.0,2009-10-28,,ENS,1BFC850D-E12D-46E6-A683-F67E1A6A6DDA,0,9.4,ens_vinddata.xlsx
DK-570715000000088698,Denmark,Sprogo,Other Danish inner-water farms,Skagerrak-Kattegat-Baltic,55.343693,10.9604,3.0,2009-10-28,,ENS,1BFC850D-E12D-46E6-A683-F67E1A6A6DDA,0,9.2,ens_vinddata.xlsx
DK-570715000000088704,Denmark,Sprogo,Other Danish inner-water farms,Skagerrak-Kattegat-Baltic,55.342811,10.953481,3.0,2009-10-28,,ENS,1BFC850D-E12D-46E6-A683-F67E1A6A6DDA,0,8.8,ens_vinddata.xlsx
DK-570715000000088711,Denmark,Sprogo,Other Danish inner-water farms,Skagerrak-Kattegat-Baltic,55.341933,10.946546,3.0,2009-10-28,,ENS,1BFC850D-E12D-46E6-A683-F67E1A6A6DDA,0,8.4,ens_vinddata.xlsx
DK-570715000000088728,Denmark,Sprogo,Other Danish inner-water farms,Skagerrak-Kattegat-Baltic,55.34105,10.939623,3.0,2009-10-28,,ENS,1BFC850D-E12D-46E6-A683-F67E1A6A6DDA,0,8.0,ens_vinddata.xlsx
DK-570715000000089244,Denmark,Rodsand II,Nysted and Rødsand,Skagerrak-Kattegat-Baltic,54.580577,11.493742,2.3,2010-04-24,,ENS,8E6EA078-43B1-4B47-BF68-DB1C312CE34D,0,4.4,ens_vinddata.xlsx
DK-570715000000089251,Denmark,Rodsand II,Nysted and Rødsand,Skagerrak-Kattegat-Baltic,54.578441,11.501411,2.3,2010-04-22,,ENS,8E6EA078-43B1-4B47-BF68-DB1C312CE34D,0,4.8,ens_vinddata.xlsx
DK-570715000000089329,Denmark,Rodsand II,Nysted and Rødsand,Skagerrak-Kattegat-Baltic,54.576168,11.510448,2.3,2010-04-10,,ENS,8E6EA078-43B1-4B47-BF68-DB1C312CE34D,0,5.3,ens_vinddata.xlsx
DK-570715000000089343,Denmark,Rodsand II,Nysted and Rødsand,Skagerrak-Kattegat-Baltic,54.574378,11.518292,2.3,2010-04-13,,ENS,8E6EA078-43B1-4B47-BF68-DB1C312CE34D,0,5.7,ens_vinddata.xlsx
DK-570715000000089350,Denmark,Rodsand II,Nysted and Rødsand,Skagerrak-Kattegat-Baltic,54.572507,11.526517,2.3,2010-04-10,,ENS,8E6EA078-43B1-4B47-BF68-DB1C312CE34D,0,6.2,ens_vinddata.xlsx
DK-570715000000089367,Denmark,Rodsand II,Nysted and Rødsand,Skagerrak-Kattegat-Baltic,54.57073,11.534561,2.3,2010-04-02,,ENS,8E6EA078-43B1-4B47-BF68-DB1C312CE34D,0,6.6,ens_vinddata.xlsx
DK-570715000000089374,Denmark,Rodsand II,Nysted and Rødsand,Skagerrak-Kattegat-Baltic,54.569305,11.54207,2.3,2010-04-01,,ENS,8E6EA078-43B1-4B47-BF68-DB1C312CE34D,0,7.1,ens_vinddata.xlsx
DK-570715000000089381,Denmark,Rodsand II,Nysted and Rødsand,Skagerrak-Kattegat-Baltic,54.568031,11.550036,2.3,2010-04-01,,ENS,8E6EA078-43B1-4B47-BF68-DB1C312CE34D,0,7.5,ens_vinddata.xlsx
DK-570715000000089398,Denmark,Rodsand II,Nysted and Rødsand,Skagerrak-Kattegat-Baltic,54.566658,11.557995,2.3,2010-04-29,,ENS,8E6EA078-43B1-4B47-BF68-DB1C312CE34D,0,8.0,ens_vinddata.xlsx
DK-570715000000089404,Denmark,Rodsand II,Nysted and Rødsand,Skagerrak-Kattegat-Baltic,54.565879,11.565079,2.3,2010-05-01,,ENS,8E6EA078-43B1-4B47-BF68-DB1C312CE34D,0,8.4,ens_vinddata.xlsx
DK-570715000000089411,Denmark,Rodsand II,Nysted and Rødsand,Skagerrak-Kattegat-Baltic,54.564894,11.572938,2.3,2010-05-02,,ENS,8E6EA078-43B1-4B47-BF68-DB1C312CE34D,0,8.8,ens_vinddata.xlsx
DK-570715000000089428,Denmark,Rodsand II,Nysted and Rødsand,Skagerrak-Kattegat-Baltic,54.564124,11.580362,2.3,2010-05-01,,ENS,8E6EA078-43B1-4B47-BF68-DB1C312CE34D,0,9.2,ens_vinddata.xlsx
DK-570715000000089435,Denmark,Rodsand II,Nysted and Rødsand,Skagerrak-Kattegat-Baltic,54.563497,11.587825,2.3,2010-05-03,,ENS,8E6EA078-43B1-4B47-BF68-DB1C312CE34D,0,9.7,ens_vinddata.xlsx
DK-570715000000089442,Denmark,Rodsand II,Nysted and Rødsand,Skagerrak-Kattegat-Baltic,54.563057,11.594975,2.3,2010-05-09,,ENS,8E6EA078-43B1-4B47-BF68-DB1C312CE34D,0,10.1,ens_vinddata.xlsx
DK-570715000000089459,Denmark,Rodsand II,Nysted and Rødsand,Skagerrak-Kattegat-Baltic,54.562637,11.602374,2.3,2010-05-09,,ENS,8E6EA078-43B1-4B47-BF68-DB1C312CE34D,0,10.5,ens_vinddata.xlsx
DK-570715000000089466,Denmark,Rodsand II,Nysted and Rødsand,Skagerrak-Kattegat-Baltic,54.56231,11.609624,2.3,2010-05-09,,ENS,8E6EA078-43B1-4B47-BF68-DB1C312CE34D,0,10.9,ens_vinddata.xlsx
DK-570715000000089473,Denmark,Rodsand II,Nysted and Rødsand,Skagerrak-Kattegat-Baltic,54.562286,11.616956,2.3,2010-05-09,,ENS,8E6EA078-43B1-4B47-BF68-DB1C312CE34D,0,11.2,ens_vinddata.xlsx
DK-570715000000089480,Denmark,Rodsand II,Nysted and Rødsand,Skagerrak-Kattegat-Baltic,54.58016,11.478627,2.3,2010-05-29,,ENS,8E6EA078-43B1-4B47-BF68-DB1C312CE34D,0,4.2,ens_vinddata.xlsx
DK-570715000000089497,Denmark,Rodsand II,Nysted and Rødsand,Skagerrak-Kattegat-Baltic,54.577178,11.486802,2.3,2010-05-29,,ENS,8E6EA078-43B1-4B47-BF68-DB1C312CE34D,0,4.6,ens_vinddata.xlsx
DK-570715000000089503,Denmark,Rodsand II,Nysted and Rødsand,Skagerrak-Kattegat-Baltic,54.574472,11.495117,2.3,2010-05-29,,ENS,8E6EA078-43B1-4B47-BF68-DB1C312CE34D,0,5.1,ens_vinddata.xlsx
DK-570715000000089510,Denmark,Rodsand II,Nysted and Rødsand,Skagerrak-Kattegat-Baltic,54.571951,11.503566,2.3,2010-05-29,,ENS,8E6EA078-43B1-4B47-BF68-DB1C312CE34D,0,5.5,ens_vinddata.xlsx
DK-570715000000089527,Denmark,Rodsand II,Nysted and Rødsand,Skagerrak-Kattegat-Baltic,54.569745,11.511508,2.3,2010-05-29,,ENS,8E6EA078-43B1-4B47-BF68-DB1C312CE34D,0,5.9,ens_vinddata.xlsx
DK-570715000000089534,Denmark,Rodsand II,Nysted and Rødsand,Skagerrak-Kattegat-Baltic,54.567493,11.519941,2.3,2010-05-18,,ENS,8E6EA078-43B1-4B47-BF68-DB1C312CE34D,0,6.4,ens_vinddata.xlsx
DK-570715000000089541,Denmark,Rodsand II,Nysted and Rødsand,Skagerrak-Kattegat-Baltic,54.565324,11.528254,2.3,2010-05-19,,ENS,8E6EA078-43B1-4B47-BF68-DB1C312CE34D,0,6.9,ens_vinddata.xlsx
DK-570715000000089558,Denmark,Rodsand II,Nysted and Rødsand,Skagerrak-Kattegat-Baltic,54.563505,11.536124,2.3,2010-05-19,,ENS,8E6EA078-43B1-4B47-BF68-DB1C312CE34D,0,7.4,ens_vinddata.xlsx
DK-570715000000089565,Denmark,Rodsand II,Nysted and Rødsand,Skagerrak-Kattegat-Baltic,54.562148,11.542939,2.3,2010-05-17,,ENS,8E6EA078-43B1-4B47-BF68-DB1C312CE34D,0,7.7,ens_vinddata.xlsx
DK-570715000000089572,Denmark,Rodsand II,Nysted and Rødsand,Skagerrak-Kattegat-Baltic,54.560096,11.552882,2.3,2010-06-01,,ENS,8E6EA078-43B1-4B47-BF68-DB1C312CE34D,0,8.3,ens_vinddata.xlsx
DK-570715000000089589,Denmark,Rodsand II,Nysted and Rødsand,Skagerrak-Kattegat-Baltic,54.558936,11.560528,2.3,2010-06-04,,ENS,8E6EA078-43B1-4B47-BF68-DB1C312CE34D,0,8.7,ens_vinddata.xlsx
DK-570715000000089596,Denmark,Rodsand II,Nysted and Rødsand,Skagerrak-Kattegat-Baltic,54.557607,11.568937,2.3,2010-06-01,,ENS,8E6EA078-43B1-4B47-BF68-DB1C312CE34D,0,9.2,ens_vinddata.xlsx
DK-570715000000089602,Denmark,Rodsand II,Nysted and Rødsand,Skagerrak-Kattegat-Baltic,54.556491,11.577049,2.3,2010-06-02,,ENS,8E6EA078-43B1-4B47-BF68-DB1C312CE34D,0,9.7,ens_vinddata.xlsx
DK-570715000000089619,Denmark,Rodsand II,Nysted and Rødsand,Skagerrak-Kattegat-Baltic,54.555554,11.58511,2.3,2010-06-04,,ENS,8E6EA078-43B1-4B47-BF68-DB1C312CE34D,0,10.1,ens_vinddata.xlsx
DK-570715000000089626,Denmark,Rodsand II,Nysted and Rødsand,Skagerrak-Kattegat-Baltic,54.554818,11.593029,2.3,2010-06-08,,ENS,8E6EA078-43B1-4B47-BF68-DB1C312CE34D,0,10.5,ens_vinddata.xlsx
DK-570715000000089633,Denmark,Rodsand II,Nysted and Rødsand,Skagerrak-Kattegat-Baltic,54.554112,11.601213,2.3,2010-06-09,,ENS,8E6EA078-43B1-4B47-BF68-DB1C312CE34D,0,11.0,ens_vinddata.xlsx
DK-570715000000089640,Denmark,Rodsand II,Nysted and Rødsand,Skagerrak-Kattegat-Baltic,54.553534,11.60928,2.3,2010-06-09,,ENS,8E6EA078-43B1-4B47-BF68-DB1C312CE34D,0,11.4,ens_vinddata.xlsx
DK-570715000000089657,Denmark,Rodsand II,Nysted and Rødsand,Skagerrak-Kattegat-Baltic,54.553295,11.617431,2.3,2010-06-15,,ENS,8E6EA078-43B1-4B47-BF68-DB1C312CE34D,0,11.9,ens_vinddata.xlsx
DK-570715000000089664,Denmark,Rodsand II,Nysted and Rødsand,Skagerrak-Kattegat-Baltic,54.577163,11.471729,2.3,2010-06-21,,ENS,8E6EA078-43B1-4B47-BF68-DB1C312CE34D,0,4.5,ens_vinddata.xlsx
DK-570715000000089671,Denmark,Rodsand II,Nysted and Rødsand,Skagerrak-Kattegat-Baltic,54.573788,11.479849,2.3,2010-06-18,,ENS,8E6EA078-43B1-4B47-BF68-DB1C312CE34D,0,4.9,ens_vinddata.xlsx
DK-570715000000089688,Denmark,Rodsand II,Nysted and Rødsand,Skagerrak-Kattegat-Baltic,54.570696,11.48814,2.3,2010-06-22,,ENS,8E6EA078-43B1-4B47-BF68-DB1C312CE34D,0,5.4,ens_vinddata.xlsx
DK-570715000000089695,Denmark,Rodsand II,Nysted and Rødsand,Skagerrak-Kattegat-Baltic,54.567733,11.496686,2.3,2010-06-22,,ENS,8E6EA078-43B1-4B47-BF68-DB1C312CE34D,0,5.8,ens_vinddata.xlsx
DK-570715000000089701,Denmark,Rodsand II,Nysted and Rødsand,Skagerrak-Kattegat-Baltic,54.565122,11.50471,2.3,2010-06-18,,ENS,8E6EA078-43B1-4B47-BF68-DB1C312CE34D,0,6.2,ens_vinddata.xlsx
DK-570715000000089718,Denmark,Rodsand II,Nysted and Rødsand,Skagerrak-Kattegat-Baltic,54.562469,11.513381,2.3,2010-06-17,,ENS,8E6EA078-43B1-4B47-BF68-DB1C312CE34D,0,6.7,ens_vinddata.xlsx
DK-570715000000089725,Denmark,Rodsand II,Nysted and Rødsand,Skagerrak-Kattegat-Baltic,54.559917,11.521964,2.3,2010-06-15,,ENS,8E6EA078-43B1-4B47-BF68-DB1C312CE34D,0,7.2,ens_vinddata.xlsx
DK-570715000000089732,Denmark,Rodsand II,Nysted and Rødsand,Skagerrak-Kattegat-Baltic,54.557705,11.53018,2.3,2010-06-15,,ENS,8E6EA078-43B1-4B47-BF68-DB1C312CE34D,0,7.7,ens_vinddata.xlsx
DK-570715000000089749,Denmark,Rodsand II,Nysted and Rødsand,Skagerrak-Kattegat-Baltic,54.555661,11.5389,2.3,2010-06-16,,ENS,8E6EA078-43B1-4B47-BF68-DB1C312CE34D,0,8.2,ens_vinddata.xlsx
DK-570715000000089756,Denmark,Rodsand II,Nysted and Rødsand,Skagerrak-Kattegat-Baltic,54.553523,11.5478,2.3,2010-06-25,,ENS,8E6EA078-43B1-4B47-BF68-DB1C312CE34D,0,8.7,ens_vinddata.xlsx
DK-570715000000089763,Denmark,Rodsand II,Nysted and Rødsand,Skagerrak-Kattegat-Baltic,54.551993,11.555979,2.3,2010-06-26,,ENS,8E6EA078-43B1-4B47-BF68-DB1C312CE34D,0,9.1,ens_vinddata.xlsx
DK-570715000000089770,Denmark,Rodsand II,Nysted and Rødsand,Skagerrak-Kattegat-Baltic,54.550188,11.565671,2.3,2010-06-26,,ENS,8E6EA078-43B1-4B47-BF68-DB1C312CE34D,0,9.7,ens_vinddata.xlsx
DK-570715000000089787,Denmark,Rodsand II,Nysted and Rødsand,Skagerrak-Kattegat-Baltic,54.548847,11.573752,2.3,2010-06-23,,ENS,8E6EA078-43B1-4B47-BF68-DB1C312CE34D,0,10.1,ens_vinddata.xlsx
DK-570715000000089794,Denmark,Rodsand II,Nysted and Rødsand,Skagerrak-Kattegat-Baltic,54.547611,11.582396,2.3,2010-06-25,,ENS,8E6EA078-43B1-4B47-BF68-DB1C312CE34D,0,10.6,ens_vinddata.xlsx
DK-570715000000089800,Denmark,Rodsand II,Nysted and Rødsand,Skagerrak-Kattegat-Baltic,54.546572,11.591068,2.3,2010-06-25,,ENS,8E6EA078-43B1-4B47-BF68-DB1C312CE34D,0,11.1,ens_vinddata.xlsx
DK-570715000000089817,Denmark,Rodsand II,Nysted and Rødsand,Skagerrak-Kattegat-Baltic,54.545588,11.600051,2.3,2010-06-30,,ENS,8E6EA078-43B1-4B47-BF68-DB1C312CE34D,0,11.6,ens_vinddata.xlsx
DK-570715000000089824,Denmark,Rodsand II,Nysted and Rødsand,Skagerrak-Kattegat-Baltic,54.544767,11.608952,2.3,2010-06-29,,ENS,8E6EA078-43B1-4B47-BF68-DB1C312CE34D,0,12.1,ens_vinddata.xlsx
DK-570715000000089831,Denmark,Rodsand II,Nysted and Rødsand,Skagerrak-Kattegat-Baltic,54.544294,11.617906,2.3,2010-07-03,,ENS,8E6EA078-43B1-4B47-BF68-DB1C312CE34D,0,12.5,ens_vinddata.xlsx
DK-570715000000089848,Denmark,Rodsand II,Nysted and Rødsand,Skagerrak-Kattegat-Baltic,54.574167,11.464831,2.3,2010-07-10,,ENS,8E6EA078-43B1-4B47-BF68-DB1C312CE34D,0,4.9,ens_vinddata.xlsx
DK-570715000000089855,Denmark,Rodsand II,Nysted and Rødsand,Skagerrak-Kattegat-Baltic,54.570388,11.472912,2.3,2010-07-08,,ENS,8E6EA078-43B1-4B47-BF68-DB1C312CE34D,0,5.3,ens_vinddata.xlsx
DK-570715000000089862,Denmark,Rodsand II,Nysted and Rødsand,Skagerrak-Kattegat-Baltic,54.56692,11.481149,2.3,2010-07-11,,ENS,8E6EA078-43B1-4B47-BF68-DB1C312CE34D,0,5.7,ens_vinddata.xlsx
DK-570715000000089879,Denmark,Rodsand II,Nysted and Rødsand,Skagerrak-Kattegat-Baltic,54.563514,11.489807,2.3,2010-07-16,,ENS,8E6EA078-43B1-4B47-BF68-DB1C312CE34D,0,6.2,ens_vinddata.xlsx
DK-570715000000089886,Denmark,Rodsand II,Nysted and Rødsand,Skagerrak-Kattegat-Baltic,54.560488,11.497929,2.3,2010-07-15,,ENS,8E6EA078-43B1-4B47-BF68-DB1C312CE34D,0,6.6,ens_vinddata.xlsx
DK-570715000000089893,Denmark,Rodsand II,Nysted and Rødsand,Skagerrak-Kattegat-Baltic,54.557455,11.506808,2.3,2010-07-06,,ENS,8E6EA078-43B1-4B47-BF68-DB1C312CE34D,0,7.1,ens_vinddata.xlsx
DK-570715000000089909,Denmark,Rodsand II,Nysted and Rødsand,Skagerrak-Kattegat-Baltic,54.554511,11.51566,2.3,2010-07-07,,ENS,8E6EA078-43B1-4B47-BF68-DB1C312CE34D,0,7.6,ens_vinddata.xlsx
DK-570715000000089916,Denmark,Rodsand II,Nysted and Rødsand,Skagerrak-Kattegat-Baltic,54.551896,11.524237,2.3,2010-06-30,,ENS,8E6EA078-43B1-4B47-BF68-DB1C312CE34D,0,8.1,ens_vinddata.xlsx
DK-570715000000089923,Denmark,Rodsand II,Nysted and Rødsand,Skagerrak-Kattegat-Baltic,54.549485,11.533336,2.3,2010-07-01,,ENS,8E6EA078-43B1-4B47-BF68-DB1C312CE34D,0,8.6,ens_vinddata.xlsx
DK-570715000000089930,Denmark,Rodsand II,Nysted and Rødsand,Skagerrak-Kattegat-Baltic,54.54696,11.542705,2.3,2010-07-16,,ENS,8E6EA078-43B1-4B47-BF68-DB1C312CE34D,0,9.1,ens_vinddata.xlsx
DK-570715000000089947,Denmark,Rodsand II,Nysted and Rødsand,Skagerrak-Kattegat-Baltic,54.545059,11.551447,2.3,2010-07-16,,ENS,8E6EA078-43B1-4B47-BF68-DB1C312CE34D,0,9.6,ens_vinddata.xlsx
DK-570715000000089961,Denmark,Rodsand II,Nysted and Rødsand,Skagerrak-Kattegat-Baltic,54.543033,11.560923,2.3,2010-07-16,,ENS,8E6EA078-43B1-4B47-BF68-DB1C312CE34D,0,10.1,ens_vinddata.xlsx
DK-570715000000089978,Denmark,Rodsand II,Nysted and Rødsand,Skagerrak-Kattegat-Baltic,54.541213,11.570442,2.3,2010-07-16,,ENS,8E6EA078-43B1-4B47-BF68-DB1C312CE34D,0,10.7,ens_vinddata.xlsx
DK-570715000000089985,Denmark,Rodsand II,Nysted and Rødsand,Skagerrak-Kattegat-Baltic,54.539668,11.579683,2.3,2010-07-17,,ENS,8E6EA078-43B1-4B47-BF68-DB1C312CE34D,0,11.2,ens_vinddata.xlsx
DK-570715000000089992,Denmark,Rodsand II,Nysted and Rødsand,Skagerrak-Kattegat-Baltic,54.538324,11.589122,2.3,2010-07-18,,ENS,8E6EA078-43B1-4B47-BF68-DB1C312CE34D,0,11.7,ens_vinddata.xlsx
DK-570715000000090004,Denmark,Rodsand II,Nysted and Rødsand,Skagerrak-Kattegat-Baltic,54.537072,11.598891,2.3,2010-07-17,,ENS,8E6EA078-43B1-4B47-BF68-DB1C312CE34D,0,12.2,ens_vinddata.xlsx
DK-570715000000090011,Denmark,Rodsand II,Nysted and Rødsand,Skagerrak-Kattegat-Baltic,54.535974,11.609396,2.3,2010-07-17,,ENS,8E6EA078-43B1-4B47-BF68-DB1C312CE34D,0,12.8,ens_vinddata.xlsx
DK-570715000000090028,Denmark,Rodsand II,Nysted and Rødsand,Skagerrak-Kattegat-Baltic,54.535303,11.618382,2.3,2010-07-18,,ENS,8E6EA078-43B1-4B47-BF68-DB1C312CE34D,0,13.2,ens_vinddata.xlsx
DK-570715000000090035,Denmark,Rodsand II,Nysted and Rødsand,Skagerrak-Kattegat-Baltic,54.571169,11.457935,2.3,2010-07-24,,ENS,8E6EA078-43B1-4B47-BF68-DB1C312CE34D,0,5.3,ens_vinddata.xlsx
DK-570715000000090042,Denmark,Rodsand II,Nysted and Rødsand,Skagerrak-Kattegat-Baltic,54.566997,11.465961,2.3,2010-07-24,,ENS,8E6EA078-43B1-4B47-BF68-DB1C312CE34D,0,5.7,ens_vinddata.xlsx
DK-570715000000090059,Denmark,Rodsand II,Nysted and Rødsand,Skagerrak-Kattegat-Baltic,54.563143,11.474175,2.3,2010-07-23,,ENS,8E6EA078-43B1-4B47-BF68-DB1C312CE34D,0,6.1,ens_vinddata.xlsx
DK-570715000000090066,Denmark,Rodsand II,Nysted and Rødsand,Skagerrak-Kattegat-Baltic,54.559296,11.482929,2.3,2010-07-22,,ENS,8E6EA078-43B1-4B47-BF68-DB1C312CE34D,0,6.6,ens_vinddata.xlsx
DK-570715000000090073,Denmark,Rodsand II,Nysted and Rødsand,Skagerrak-Kattegat-Baltic,54.555864,11.491135,2.3,2010-07-22,,ENS,8E6EA078-43B1-4B47-BF68-DB1C312CE34D,0,7.0,ens_vinddata.xlsx
DK-570715000000090080,Denmark,Rodsand II,Nysted and Rødsand,Skagerrak-Kattegat-Baltic,54.55243,11.500251,2.3,2010-07-23,,ENS,8E6EA078-43B1-4B47-BF68-DB1C312CE34D,0,7.5,ens_vinddata.xlsx
DK-570715000000090097,Denmark,Rodsand II,Nysted and Rødsand,Skagerrak-Kattegat-Baltic,54.549104,11.509357,2.3,2010-07-23,,ENS,8E6EA078-43B1-4B47-BF68-DB1C312CE34D,0,8.0,ens_vinddata.xlsx
DK-570715000000090103,Denmark,Rodsand II,Nysted and Rødsand,Skagerrak-Kattegat-Baltic,54.546095,11.518296,2.3,2010-07-22,,ENS,8E6EA078-43B1-4B47-BF68-DB1C312CE34D,0,8.5,ens_vinddata.xlsx
DK-570715000000090110,Denmark,Rodsand II,Nysted and Rødsand,Skagerrak-Kattegat-Baltic,54.5433,11.527772,2.3,2010-07-21,,ENS,8E6EA078-43B1-4B47-BF68-DB1C312CE34D,0,9.1,ens_vinddata.xlsx
DK-570715000000090127,Denmark,Rodsand II,Nysted and Rødsand,Skagerrak-Kattegat-Baltic,54.540396,11.537612,2.3,2010-07-27,,ENS,8E6EA078-43B1-4B47-BF68-DB1C312CE34D,0,9.6,ens_vinddata.xlsx
DK-570715000000090134,Denmark,Rodsand II,Nysted and Rødsand,Skagerrak-Kattegat-Baltic,54.538115,11.546901,2.3,2010-07-27,,ENS,8E6EA078-43B1-4B47-BF68-DB1C312CE34D,0,10.1,ens_vinddata.xlsx
DK-570715000000090141,Denmark,Rodsand II,Nysted and Rødsand,Skagerrak-Kattegat-Baltic,54.535746,11.556926,2.3,2010-07-27,,ENS,8E6EA078-43B1-4B47-BF68-DB1C312CE34D,0,10.7,ens_vinddata.xlsx
DK-570715000000090158,Denmark,Rodsand II,Nysted and Rødsand,Skagerrak-Kattegat-Baltic,54.533579,11.567133,2.3,2010-07-27,,ENS,8E6EA078-43B1-4B47-BF68-DB1C312CE34D,0,11.2,ens_vinddata.xlsx
DK-570715000000090165,Denmark,Rodsand II,Nysted and Rødsand,Skagerrak-Kattegat-Baltic,54.531725,11.576971,2.3,2010-07-31,,ENS,8E6EA078-43B1-4B47-BF68-DB1C312CE34D,0,11.8,ens_vinddata.xlsx
DK-570715000000090172,Denmark,Rodsand II,Nysted and Rødsand,Skagerrak-Kattegat-Baltic,54.530077,11.587163,2.3,2010-08-03,,ENS,8E6EA078-43B1-4B47-BF68-DB1C312CE34D,0,12.3,ens_vinddata.xlsx
DK-570715000000090189,Denmark,Rodsand II,Nysted and Rødsand,Skagerrak-Kattegat-Baltic,54.528547,11.597731,2.3,2010-08-03,,ENS,8E6EA078-43B1-4B47-BF68-DB1C312CE34D,0,12.9,ens_vinddata.xlsx
DK-570715000000090196,Denmark,Rodsand II,Nysted and Rødsand,Skagerrak-Kattegat-Baltic,54.527223,11.608297,2.3,2010-07-31,,ENS,8E6EA078-43B1-4B47-BF68-DB1C312CE34D,0,13.4,ens_vinddata.xlsx
DK-570715000000090202,Denmark,Rodsand II,Nysted and Rødsand,Skagerrak-Kattegat-Baltic,54.526468,11.617028,2.3,2010-07-31,,ENS,8E6EA078-43B1-4B47-BF68-DB1C312CE34D,0,13.9,ens_vinddata.xlsx
DK-570715000000128905,Denmark,Avedøre Holme,Other Danish inner-water farms,Skagerrak-Kattegat-Baltic,55.602895,12.453883,3.6,2011-09-26,,ENS,,0,1.7,ens_vinddata.xlsx
DK-570715000000256998,Denmark,Anholt,Anholt,Skagerrak-Kattegat-Baltic,56.507945,11.18376,3.6396,2012-09-21,,ENS,CE2B6FF3-4061-4E4C-88F3-DA06632E259C,0,21.3,ens_vinddata.xlsx
DK-570715000000257001,Denmark,Anholt,Anholt,Skagerrak-Kattegat-Baltic,56.513502,11.184641,3.6396,2012-11-19,,ENS,CE2B6FF3-4061-4E4C-88F3-DA06632E259C,0,21.8,ens_vinddata.xlsx
DK-570715000000257018,Denmark,Anholt,Anholt,Skagerrak-Kattegat-Baltic,56.519067,11.185383,3.6396,2012-11-16,,ENS,CE2B6FF3-4061-4E4C-88F3-DA06632E259C,0,21.9,ens_vinddata.xlsx
DK-570715000000257025,Denmark,Anholt,Anholt,Skagerrak-Kattegat-Baltic,56.524636,11.185987,3.6396,2012-11-13,,ENS,CE2B6FF3-4061-4E4C-88F3-DA06632E259C,0,22.0,ens_vinddata.xlsx
DK-570715000000257032,Denmark,Anholt,Anholt,Skagerrak-Kattegat-Baltic,56.53021,11.18645,3.6396,2012-11-14,,ENS,CE2B6FF3-4061-4E4C-88F3-DA06632E259C,0,22.1,ens_vinddata.xlsx
DK-570715000000257049,Denmark,Anholt,Anholt,Skagerrak-Kattegat-Baltic,56.535786,11.186776,3.6396,2012-10-27,,ENS,CE2B6FF3-4061-4E4C-88F3-DA06632E259C,0,22.3,ens_vinddata.xlsx
DK-570715000000257056,Denmark,Anholt,Anholt,Skagerrak-Kattegat-Baltic,56.541364,11.186963,3.6396,2012-11-04,,ENS,CE2B6FF3-4061-4E4C-88F3-DA06632E259C,0,22.4,ens_vinddata.xlsx
DK-570715000000257063,Denmark,Anholt,Anholt,Skagerrak-Kattegat-Baltic,56.546944,11.187013,3.6396,2012-10-15,,ENS,CE2B6FF3-4061-4E4C-88F3-DA06632E259C,0,22.5,ens_vinddata.xlsx
DK-570715000000257070,Denmark,Anholt,Anholt,Skagerrak-Kattegat-Baltic,56.552523,11.186924,3.6396,2012-10-20,,ENS,CE2B6FF3-4061-4E4C-88F3-DA06632E259C,0,22.7,ens_vinddata.xlsx
DK-570715000000257087,Denmark,Anholt,Anholt,Skagerrak-Kattegat-Baltic,56.558101,11.186693,3.6396,2012-12-02,,ENS,CE2B6FF3-4061-4E4C-88F3-DA06632E259C,0,22.8,ens_vinddata.xlsx
DK-570715000000257094,Denmark,Anholt,Anholt,Skagerrak-Kattegat-Baltic,56.564707,11.186241,3.6396,2013-02-12,,ENS,CE2B6FF3-4061-4E4C-88F3-DA06632E259C,0,23.0,ens_vinddata.xlsx
DK-570715000000257100,Denmark,Anholt,Anholt,Skagerrak-Kattegat-Baltic,56.571311,11.185598,3.6396,2013-04-28,,ENS,CE2B6FF3-4061-4E4C-88F3-DA06632E259C,0,23.2,ens_vinddata.xlsx
DK-570715000000257117,Denmark,Anholt,Anholt,Skagerrak-Kattegat-Baltic,56.577906,11.184753,3.6396,2013-05-28,,ENS,CE2B6FF3-4061-4E4C-88F3-DA06632E259C,0,23.4,ens_vinddata.xlsx
DK-570715000000257124,Denmark,Anholt,Anholt,Skagerrak-Kattegat-Baltic,56.583826,11.183829,3.6396,2013-02-28,,ENS,CE2B6FF3-4061-4E4C-88F3-DA06632E259C,0,23.6,ens_vinddata.xlsx
DK-570715000000257131,Denmark,Anholt,Anholt,Skagerrak-Kattegat-Baltic,56.589739,11.182749,3.6396,2013-01-17,,ENS,CE2B6FF3-4061-4E4C-88F3-DA06632E259C,0,23.9,ens_vinddata.xlsx
DK-570715000000257148,Denmark,Anholt,Anholt,Skagerrak-Kattegat-Baltic,56.595641,11.181509,3.6396,2013-03-12,,ENS,CE2B6FF3-4061-4E4C-88F3-DA06632E259C,0,24.1,ens_vinddata.xlsx
DK-570715000000257155,Denmark,Anholt,Anholt,Skagerrak-Kattegat-Baltic,56.601532,11.18011,3.6396,2013-04-28,,ENS,CE2B6FF3-4061-4E4C-88F3-DA06632E259C,0,24.0,ens_vinddata.xlsx
DK-570715000000257162,Denmark,Anholt,Anholt,Skagerrak-Kattegat-Baltic,56.607413,11.178554,3.6396,2013-05-19,,ENS,CE2B6FF3-4061-4E4C-88F3-DA06632E259C,0,23.7,ens_vinddata.xlsx
DK-570715000000257179,Denmark,Anholt,Anholt,Skagerrak-Kattegat-Baltic,56.613279,11.17684,3.6396,2013-06-04,,ENS,CE2B6FF3-4061-4E4C-88F3-DA06632E259C,0,23.5,ens_vinddata.xlsx
DK-570715000000257186,Denmark,Anholt,Anholt,Skagerrak-Kattegat-Baltic,56.619131,11.174968,3.6396,2013-04-06,,ENS,CE2B6FF3-4061-4E4C-88F3-DA06632E259C,0,23.2,ens_vinddata.xlsx
DK-570715000000257193,Denmark,Anholt,Anholt,Skagerrak-Kattegat-Baltic,56.629628,11.171205,3.6396,2013-04-05,,ENS,CE2B6FF3-4061-4E4C-88F3-DA06632E259C,0,22.9,ens_vinddata.xlsx
DK-570715000000257209,Denmark,Anholt,Anholt,Skagerrak-Kattegat-Baltic,56.634867,11.169125,3.6396,2013-06-15,,ENS,CE2B6FF3-4061-4E4C-88F3-DA06632E259C,0,22.8,ens_vinddata.xlsx
DK-570715000000257216,Denmark,Anholt,Anholt,Skagerrak-Kattegat-Baltic,56.640091,11.16693,3.6396,2013-04-13,,ENS,CE2B6FF3-4061-4E4C-88F3-DA06632E259C,0,22.7,ens_vinddata.xlsx
DK-570715000000257223,Denmark,Anholt,Anholt,Skagerrak-Kattegat-Baltic,56.64529,11.164602,3.6396,2013-04-26,,ENS,CE2B6FF3-4061-4E4C-88F3-DA06632E259C,0,22.6,ens_vinddata.xlsx
DK-570715000000257230,Denmark,Anholt,Anholt,Skagerrak-Kattegat-Baltic,56.650482,11.162143,3.6396,2013-04-13,,ENS,CE2B6FF3-4061-4E4C-88F3-DA06632E259C,0,22.6,ens_vinddata.xlsx
DK-570715000000257247,Denmark,Anholt,Anholt,Skagerrak-Kattegat-Baltic,56.655649,11.159567,3.6396,2013-06-16,,ENS,CE2B6FF3-4061-4E4C-88F3-DA06632E259C,0,22.5,ens_vinddata.xlsx
DK-570715000000257254,Denmark,Anholt,Anholt,Skagerrak-Kattegat-Baltic,56.660809,11.15686,3.6396,2013-06-10,,ENS,CE2B6FF3-4061-4E4C-88F3-DA06632E259C,0,22.5,ens_vinddata.xlsx
DK-570715000000257261,Denmark,Anholt,Anholt,Skagerrak-Kattegat-Baltic,56.665935,11.154035,3.6396,2013-06-12,,ENS,CE2B6FF3-4061-4E4C-88F3-DA06632E259C,0,22.5,ens_vinddata.xlsx
DK-570715000000257278,Denmark,Anholt,Anholt,Skagerrak-Kattegat-Baltic,56.671046,11.151079,3.6396,2013-06-12,,ENS,CE2B6FF3-4061-4E4C-88F3-DA06632E259C,0,22.6,ens_vinddata.xlsx
DK-570715000000257285,Denmark,Anholt,Anholt,Skagerrak-Kattegat-Baltic,56.676131,11.148006,3.6396,2013-05-02,,ENS,CE2B6FF3-4061-4E4C-88F3-DA06632E259C,0,22.6,ens_vinddata.xlsx
DK-570715000000257292,Denmark,Anholt,Anholt,Skagerrak-Kattegat-Baltic,56.517317,11.203663,3.6396,2012-12-19,,ENS,CE2B6FF3-4061-4E4C-88F3-DA06632E259C,0,22.9,ens_vinddata.xlsx
DK-570715000000257308,Denmark,Anholt,Anholt,Skagerrak-Kattegat-Baltic,56.521916,11.213434,3.6396,2012-12-17,,ENS,CE2B6FF3-4061-4E4C-88F3-DA06632E259C,0,23.7,ens_vinddata.xlsx
DK-570715000000257315,Denmark,Anholt,Anholt,Skagerrak-Kattegat-Baltic,56.52987,11.213957,3.6396,2013-01-04,,ENS,CE2B6FF3-4061-4E4C-88F3-DA06632E259C,0,23.8,ens_vinddata.xlsx
DK-570715000000257322,Denmark,Anholt,Anholt,Skagerrak-Kattegat-Baltic,56.537743,11.213939,3.6396,2013-01-17,,ENS,CE2B6FF3-4061-4E4C-88F3-DA06632E259C,0,24.0,ens_vinddata.xlsx
DK-570715000000257339,Denmark,Anholt,Anholt,Skagerrak-Kattegat-Baltic,56.545612,11.213549,3.6396,2013-02-09,,ENS,CE2B6FF3-4061-4E4C-88F3-DA06632E259C,0,24.1,ens_vinddata.xlsx
DK-570715000000257346,Denmark,Anholt,Anholt,Skagerrak-Kattegat-Baltic,56.553473,11.212785,3.6396,2013-02-01,,ENS,CE2B6FF3-4061-4E4C-88F3-DA06632E259C,0,24.3,ens_vinddata.xlsx
DK-570715000000257353,Denmark,Anholt,Anholt,Skagerrak-Kattegat-Baltic,56.56132,11.211654,3.6396,2013-04-09,,ENS,CE2B6FF3-4061-4E4C-88F3-DA06632E259C,0,24.4,ens_vinddata.xlsx
DK-570715000000257360,Denmark,Anholt,Anholt,Skagerrak-Kattegat-Baltic,56.569148,11.210151,3.6396,2013-05-11,,ENS,CE2B6FF3-4061-4E4C-88F3-DA06632E259C,0,24.6,ens_vinddata.xlsx
DK-570715000000257377,Denmark,Anholt,Anholt,Skagerrak-Kattegat-Baltic,56.586717,11.205409,3.6396,2013-06-18,,ENS,CE2B6FF3-4061-4E4C-88F3-DA06632E259C,0,23.6,ens_vinddata.xlsx
DK-570715000000257384,Denmark,Anholt,Anholt,Skagerrak-Kattegat-Baltic,56.594648,11.202626,3.6396,2013-06-10,,ENS,CE2B6FF3-4061-4E4C-88F3-DA06632E259C,0,23.2,ens_vinddata.xlsx
DK-570715000000257391,Denmark,Anholt,Anholt,Skagerrak-Kattegat-Baltic,56.610376,11.195917,3.6396,2013-06-14,,ENS,CE2B6FF3-4061-4E4C-88F3-DA06632E259C,0,22.6,ens_vinddata.xlsx
DK-570715000000257407,Denmark,Anholt,Anholt,Skagerrak-Kattegat-Baltic,56.676296,11.161353,3.6396,2013-06-08,,ENS,CE2B6FF3-4061-4E4C-88F3-DA06632E259C,0,21.8,ens_vinddata.xlsx
DK-570715000000257414,Denmark,Anholt,Anholt,Skagerrak-Kattegat-Baltic,56.526685,11.223572,3.6396,2012-12-16,,ENS,CE2B6FF3-4061-4E4C-88F3-DA06632E259C,0,24.4,ens_vinddata.xlsx
DK-570715000000257421,Denmark,Anholt,Anholt,Skagerrak-Kattegat-Baltic,56.531369,11.233523,3.6396,2012-11-19,,ENS,CE2B6FF3-4061-4E4C-88F3-DA06632E259C,0,25.0,ens_vinddata.xlsx
DK-570715000000257438,Denmark,Anholt,Anholt,Skagerrak-Kattegat-Baltic,56.536051,11.243492,3.6396,2013-02-17,,ENS,CE2B6FF3-4061-4E4C-88F3-DA06632E259C,0,25.7,ens_vinddata.xlsx
DK-570715000000257445,Denmark,Anholt,Anholt,Skagerrak-Kattegat-Baltic,56.544451,11.240959,3.6396,2013-02-28,,ENS,CE2B6FF3-4061-4E4C-88F3-DA06632E259C,0,25.3,ens_vinddata.xlsx
DK-570715000000257452,Denmark,Anholt,Anholt,Skagerrak-Kattegat-Baltic,56.55283,11.2382,3.6396,2013-03-04,,ENS,CE2B6FF3-4061-4E4C-88F3-DA06632E259C,0,24.7,ens_vinddata.xlsx
DK-570715000000257469,Denmark,Anholt,Anholt,Skagerrak-Kattegat-Baltic,56.561185,11.235217,3.6396,2013-02-14,,ENS,CE2B6FF3-4061-4E4C-88F3-DA06632E259C,0,24.2,ens_vinddata.xlsx
DK-570715000000257476,Denmark,Anholt,Anholt,Skagerrak-Kattegat-Baltic,56.569516,11.23201,3.6396,2013-04-04,,ENS,CE2B6FF3-4061-4E4C-88F3-DA06632E259C,0,23.7,ens_vinddata.xlsx
DK-570715000000257483,Denmark,Anholt,Anholt,Skagerrak-Kattegat-Baltic,56.577819,11.228581,3.6396,2013-06-12,,ENS,CE2B6FF3-4061-4E4C-88F3-DA06632E259C,0,23.2,ens_vinddata.xlsx
DK-570715000000257490,Denmark,Anholt,Anholt,Skagerrak-Kattegat-Baltic,56.585685,11.225015,3.6396,2013-06-12,,ENS,CE2B6FF3-4061-4E4C-88F3-DA06632E259C,0,22.8,ens_vinddata.xlsx
DK-570715000000257506,Denmark,Anholt,Anholt,Skagerrak-Kattegat-Baltic,56.593552,11.221447,3.6396,2013-04-21,,ENS,CE2B6FF3-4061-4E4C-88F3-DA06632E259C,0,22.4,ens_vinddata.xlsx
DK-570715000000257513,Denmark,Anholt,Anholt,Skagerrak-Kattegat-Baltic,56.600976,11.217623,3.6396,2013-04-15,,ENS,CE2B6FF3-4061-4E4C-88F3-DA06632E259C,0,22.1,ens_vinddata.xlsx
DK-570715000000257520,Denmark,Anholt,Anholt,Skagerrak-Kattegat-Baltic,56.608388,11.213726,3.6396,2013-06-12,,ENS,CE2B6FF3-4061-4E4C-88F3-DA06632E259C,0,21.8,ens_vinddata.xlsx
DK-570715000000257537,Denmark,Anholt,Anholt,Skagerrak-Kattegat-Baltic,56.616219,11.20952,3.6396,2013-05-12,,ENS,CE2B6FF3-4061-4E4C-88F3-DA06632E259C,0,21.6,ens_vinddata.xlsx
DK-570715000000257544,Denmark,Anholt,Anholt,Skagerrak-Kattegat-Baltic,56.623178,11.205715,3.6396,2013-06-14,,ENS,CE2B6FF3-4061-4E4C-88F3-DA06632E259C,0,21.4,ens_vinddata.xlsx
DK-570715000000257551,Denmark,Anholt,Anholt,Skagerrak-Kattegat-Baltic,56.630555,11.201601,3.6396,2013-05-23,,ENS,CE2B6FF3-4061-4E4C-88F3-DA06632E259C,0,21.2,ens_vinddata.xlsx
DK-570715000000257568,Denmark,Anholt,Anholt,Skagerrak-Kattegat-Baltic,56.63792,11.197414,3.6396,2013-05-16,,ENS,CE2B6FF3-4061-4E4C-88F3-DA06632E259C,0,21.1,ens_vinddata.xlsx
DK-570715000000257575,Denmark,Anholt,Anholt,Skagerrak-Kattegat-Baltic,56.649625,11.190593,3.6396,2013-05-14,,ENS,CE2B6FF3-4061-4E4C-88F3-DA06632E259C,0,21.0,ens_vinddata.xlsx
DK-570715000000257582,Denmark,Anholt,Anholt,Skagerrak-Kattegat-Baltic,56.655609,11.187073,3.6396,2013-06-10,,ENS,CE2B6FF3-4061-4E4C-88F3-DA06632E259C,0,20.9,ens_vinddata.xlsx
DK-570715000000257599,Denmark,Anholt,Anholt,Skagerrak-Kattegat-Baltic,56.678221,11.173593,3.6396,2013-05-30,,ENS,CE2B6FF3-4061-4E4C-88F3-DA06632E259C,0,21.1,ens_vinddata.xlsx
DK-570715000000257605,Denmark,Anholt,Anholt,Skagerrak-Kattegat-Baltic,56.686733,11.168368,3.6396,2013-04-24,,ENS,CE2B6FF3-4061-4E4C-88F3-DA06632E259C,0,21.2,ens_vinddata.xlsx
DK-570715000000257612,Denmark,Anholt,Anholt,Skagerrak-Kattegat-Baltic,56.691994,11.165115,3.6396,2013-06-06,,ENS,CE2B6FF3-4061-4E4C-88F3-DA06632E259C,0,21.3,ens_vinddata.xlsx
DK-570715000000257629,Denmark,Anholt,Anholt,Skagerrak-Kattegat-Baltic,56.697085,11.161902,3.6396,2013-05-19,,ENS,CE2B6FF3-4061-4E4C-88F3-DA06632E259C,0,21.4,ens_vinddata.xlsx
DK-570715000000257636,Denmark,Anholt,Anholt,Skagerrak-Kattegat-Baltic,56.702159,11.158768,3.6396,2013-05-05,,ENS,CE2B6FF3-4061-4E4C-88F3-DA06632E259C,0,21.6,ens_vinddata.xlsx
DK-570715000000257643,Denmark,Anholt,Anholt,Skagerrak-Kattegat-Baltic,56.540732,11.253448,3.6396,2013-05-29,,ENS,CE2B6FF3-4061-4E4C-88F3-DA06632E259C,0,25.1,ens_vinddata.xlsx
DK-570715000000257650,Denmark,Anholt,Anholt,Skagerrak-Kattegat-Baltic,56.545413,11.263406,3.6396,2013-02-05,,ENS,CE2B6FF3-4061-4E4C-88F3-DA06632E259C,0,24.3,ens_vinddata.xlsx
DK-570715000000257667,Denmark,Anholt,Anholt,Skagerrak-Kattegat-Baltic,56.550084,11.273382,3.6396,2013-01-12,,ENS,CE2B6FF3-4061-4E4C-88F3-DA06632E259C,0,23.6,ens_vinddata.xlsx
DK-570715000000257674,Denmark,Anholt,Anholt,Skagerrak-Kattegat-Baltic,56.55749,11.268456,3.6396,2013-03-29,,ENS,CE2B6FF3-4061-4E4C-88F3-DA06632E259C,0,23.1,ens_vinddata.xlsx
DK-570715000000257681,Denmark,Anholt,Anholt,Skagerrak-Kattegat-Baltic,56.564877,11.263494,3.6396,2013-04-01,,ENS,CE2B6FF3-4061-4E4C-88F3-DA06632E259C,0,22.7,ens_vinddata.xlsx
DK-570715000000257698,Denmark,Anholt,Anholt,Skagerrak-Kattegat-Baltic,56.572257,11.258497,3.6396,2013-03-29,,ENS,CE2B6FF3-4061-4E4C-88F3-DA06632E259C,0,22.3,ens_vinddata.xlsx
DK-570715000000257704,Denmark,Anholt,Anholt,Skagerrak-Kattegat-Baltic,56.579628,11.253449,3.6396,2013-04-24,,ENS,CE2B6FF3-4061-4E4C-88F3-DA06632E259C,0,21.9,ens_vinddata.xlsx
DK-570715000000257711,Denmark,Anholt,Anholt,Skagerrak-Kattegat-Baltic,56.594344,11.243216,3.6396,2013-06-17,,ENS,CE2B6FF3-4061-4E4C-88F3-DA06632E259C,0,21.3,ens_vinddata.xlsx
DK-570715000000257728,Denmark,Anholt,Anholt,Skagerrak-Kattegat-Baltic,56.60169,11.238031,3.6396,2013-04-05,,ENS,CE2B6FF3-4061-4E4C-88F3-DA06632E259C,0,21.0,ens_vinddata.xlsx
DK-570715000000257735,Denmark,Anholt,Anholt,Skagerrak-Kattegat-Baltic,56.616356,11.227554,3.6396,2013-05-18,,ENS,CE2B6FF3-4061-4E4C-88F3-DA06632E259C,0,20.6,ens_vinddata.xlsx
DK-570715000000257742,Denmark,Anholt,Anholt,Skagerrak-Kattegat-Baltic,56.701901,11.172001,3.6396,2013-06-17,,ENS,CE2B6FF3-4061-4E4C-88F3-DA06632E259C,0,20.8,ens_vinddata.xlsx
DK-570715000000257759,Denmark,Anholt,Anholt,Skagerrak-Kattegat-Baltic,56.554763,11.283345,3.6396,2013-03-06,,ENS,CE2B6FF3-4061-4E4C-88F3-DA06632E259C,0,22.8,ens_vinddata.xlsx
DK-570715000000257766,Denmark,Anholt,Anholt,Skagerrak-Kattegat-Baltic,56.559442,11.293326,3.6396,2013-03-05,,ENS,CE2B6FF3-4061-4E4C-88F3-DA06632E259C,0,22.0,ens_vinddata.xlsx
DK-570715000000257773,Denmark,Anholt,Anholt,Skagerrak-Kattegat-Baltic,56.564119,11.303294,3.6396,2013-03-13,,ENS,CE2B6FF3-4061-4E4C-88F3-DA06632E259C,0,21.2,ens_vinddata.xlsx
DK-570715000000257780,Denmark,Anholt,Anholt,Skagerrak-Kattegat-Baltic,56.567627,11.289847,3.6396,2013-05-24,,ENS,CE2B6FF3-4061-4E4C-88F3-DA06632E259C,0,21.4,ens_vinddata.xlsx
DK-570715000000257797,Denmark,Anholt,Anholt,Skagerrak-Kattegat-Baltic,56.57366,11.281826,3.6396,2013-03-01,,ENS,CE2B6FF3-4061-4E4C-88F3-DA06632E259C,0,21.2,ens_vinddata.xlsx
DK-570715000000257803,Denmark,Anholt,Anholt,Skagerrak-Kattegat-Baltic,56.579871,11.27426,3.6396,2013-05-28,,ENS,CE2B6FF3-4061-4E4C-88F3-DA06632E259C,0,21.0,ens_vinddata.xlsx
DK-570715000000257810,Denmark,Anholt,Anholt,Skagerrak-Kattegat-Baltic,56.586248,11.267162,3.6396,2013-05-27,,ENS,CE2B6FF3-4061-4E4C-88F3-DA06632E259C,0,20.8,ens_vinddata.xlsx
DK-570715000000257827,Denmark,Anholt,Anholt,Skagerrak-Kattegat-Baltic,56.592781,11.260545,3.6396,2013-04-15,,ENS,CE2B6FF3-4061-4E4C-88F3-DA06632E259C,0,20.6,ens_vinddata.xlsx
DK-570715000000257834,Denmark,Anholt,Anholt,Skagerrak-Kattegat-Baltic,56.568659,11.312975,3.6396,2013-05-22,,ENS,CE2B6FF3-4061-4E4C-88F3-DA06632E259C,0,20.4,ens_vinddata.xlsx
DK-570715000000257841,Denmark,Anholt,Anholt,Skagerrak-Kattegat-Baltic,56.573396,11.323086,3.6396,2013-01-09,,ENS,CE2B6FF3-4061-4E4C-88F3-DA06632E259C,0,19.6,ens_vinddata.xlsx
DK-570715000000257858,Denmark,Anholt,Anholt,Skagerrak-Kattegat-Baltic,56.577177,11.314143,3.6396,2013-05-13,,ENS,CE2B6FF3-4061-4E4C-88F3-DA06632E259C,0,19.6,ens_vinddata.xlsx
DK-570715000000257865,Denmark,Anholt,Anholt,Skagerrak-Kattegat-Baltic,56.581106,11.305251,3.6396,2013-04-26,,ENS,CE2B6FF3-4061-4E4C-88F3-DA06632E259C,0,19.6,ens_vinddata.xlsx
DK-570715000000257872,Denmark,Anholt,Anholt,Skagerrak-Kattegat-Baltic,56.5852,11.29669,3.6396,2013-03-29,,ENS,CE2B6FF3-4061-4E4C-88F3-DA06632E259C,0,19.6,ens_vinddata.xlsx
DK-570715000000257889,Denmark,Anholt,Anholt,Skagerrak-Kattegat-Baltic,56.58949,11.288388,3.6396,2013-03-01,,ENS,CE2B6FF3-4061-4E4C-88F3-DA06632E259C,0,19.6,ens_vinddata.xlsx
DK-570715000000257896,Denmark,Anholt,Anholt,Skagerrak-Kattegat-Baltic,56.593938,11.280421,3.6396,2013-05-12,,ENS,CE2B6FF3-4061-4E4C-88F3-DA06632E259C,0,19.6,ens_vinddata.xlsx
DK-570715000000257902,Denmark,Anholt,Anholt,Skagerrak-Kattegat-Baltic,56.59857,11.272743,3.6396,2013-02-07,,ENS,CE2B6FF3-4061-4E4C-88F3-DA06632E259C,0,19.6,ens_vinddata.xlsx
DK-570715000000257919,Denmark,Anholt,Anholt,Skagerrak-Kattegat-Baltic,56.603737,11.264847,3.6396,2013-06-09,,ENS,CE2B6FF3-4061-4E4C-88F3-DA06632E259C,0,19.6,ens_vinddata.xlsx
DK-570715000000257926,Denmark,Anholt,Anholt,Skagerrak-Kattegat-Baltic,56.608925,11.257557,3.6396,2013-04-21,,ENS,CE2B6FF3-4061-4E4C-88F3-DA06632E259C,0,19.6,ens_vinddata.xlsx
DK-570715000000257933,Denmark,Anholt,Anholt,Skagerrak-Kattegat-Baltic,56.613213,11.251976,3.6396,2013-06-08,,ENS,CE2B6FF3-4061-4E4C-88F3-DA06632E259C,0,19.6,ens_vinddata.xlsx
DK-570715000000257940,Denmark,Anholt,Anholt,Skagerrak-Kattegat-Baltic,56.617613,11.246634,3.6396,2013-05-07,,ENS,CE2B6FF3-4061-4E4C-88F3-DA06632E259C,0,19.6,ens_vinddata.xlsx
DK-570715000000257957,Denmark,Anholt,Anholt,Skagerrak-Kattegat-Baltic,56.622099,11.241565,3.6396,2013-05-16,,ENS,CE2B6FF3-4061-4E4C-88F3-DA06632E259C,0,19.5,ens_vinddata.xlsx
DK-570715000000257964,Denmark,Anholt,Anholt,Skagerrak-Kattegat-Baltic,56.626911,11.237289,3.6396,2013-02-17,,ENS,CE2B6FF3-4061-4E4C-88F3-DA06632E259C,0,19.5,ens_vinddata.xlsx
DK-570715000000257971,Denmark,Anholt,Anholt,Skagerrak-Kattegat-Baltic,56.63664,11.229011,3.6396,2013-05-04,,ENS,CE2B6FF3-4061-4E4C-88F3-DA06632E259C,0,19.4,ens_vinddata.xlsx
DK-570715000000257988,Denmark,Anholt,Anholt,Skagerrak-Kattegat-Baltic,56.641509,11.225058,3.6396,2013-05-22,,ENS,CE2B6FF3-4061-4E4C-88F3-DA06632E259C,0,19.4,ens_vinddata.xlsx
DK-570715000000257995,Denmark,Anholt,Anholt,Skagerrak-Kattegat-Baltic,56.646404,11.221187,3.6396,2013-05-24,,ENS,CE2B6FF3-4061-4E4C-88F3-DA06632E259C,0,19.4,ens_vinddata.xlsx
DK-570715000000258008,Denmark,Anholt,Anholt,Skagerrak-Kattegat-Baltic,56.65626,11.213755,3.6396,2013-05-28,,ENS,CE2B6FF3-4061-4E4C-88F3-DA06632E259C,0,19.4,ens_vinddata.xlsx
DK-570715000000258015,Denmark,Anholt,Anholt,Skagerrak-Kattegat-Baltic,56.661221,11.210195,3.6396,2013-04-22,,ENS,CE2B6FF3-4061-4E4C-88F3-DA06632E259C,0,19.4,ens_vinddata.xlsx
DK-570715000000258022,Denmark,Anholt,Anholt,Skagerrak-Kattegat-Baltic,56.666198,11.206733,3.6396,2013-05-20,,ENS,CE2B6FF3-4061-4E4C-88F3-DA06632E259C,0,19.4,ens_vinddata.xlsx
DK-570715000000258039,Denmark,Anholt,Anholt,Skagerrak-Kattegat-Baltic,56.671201,11.203369,3.6396,2013-05-23,,ENS,CE2B6FF3-4061-4E4C-88F3-DA06632E259C,0,19.5,ens_vinddata.xlsx
DK-570715000000258046,Denmark,Anholt,Anholt,Skagerrak-Kattegat-Baltic,56.676228,11.200104,3.6396,2013-05-14,,ENS,CE2B6FF3-4061-4E4C-88F3-DA06632E259C,0,19.5,ens_vinddata.xlsx
DK-570715000000258053,Denmark,Anholt,Anholt,Skagerrak-Kattegat-Baltic,56.681271,11.196936,3.6396,2013-05-28,,ENS,CE2B6FF3-4061-4E4C-88F3-DA06632E259C,0,19.6,ens_vinddata.xlsx
DK-570715000000258060,Denmark,Anholt,Anholt,Skagerrak-Kattegat-Baltic,56.686331,11.193884,3.6396,2013-05-24,,ENS,CE2B6FF3-4061-4E4C-88F3-DA06632E259C,0,19.7,ens_vinddata.xlsx
DK-570715000000258077,Denmark,Anholt,Anholt,Skagerrak-Kattegat-Baltic,56.691415,11.19093,3.6396,2013-05-11,,ENS,CE2B6FF3-4061-4E4C-88F3-DA06632E259C,0,19.8,ens_vinddata.xlsx
DK-570715000000258084,Denmark,Anholt,Anholt,Skagerrak-Kattegat-Baltic,56.696516,11.188074,3.6396,2013-04-17,,ENS,CE2B6FF3-4061-4E4C-88F3-DA06632E259C,0,19.9,ens_vinddata.xlsx
DK-570715000000258091,Denmark,Anholt,Anholt,Skagerrak-Kattegat-Baltic,56.701632,11.185332,3.6396,2013-04-23,,ENS,CE2B6FF3-4061-4E4C-88F3-DA06632E259C,0,20.0,ens_vinddata.xlsx
DK-570715000001542588,Denmark,Kriegers Flak K2-K3,Kriegers Flak and Baltic 1/2,Skagerrak-Kattegat-Baltic,55.066356,12.823994,8.4,2021-02-24,,ENS,826CB46A-CD4E-4EA5-979C-421AC51EFEEB,0,24.2,ens_vinddata.xlsx
DK-570715000001542595,Denmark,Kriegers Flak K2-K3,Kriegers Flak and Baltic 1/2,Skagerrak-Kattegat-Baltic,55.05858,12.788,8.4,2021-02-24,,ENS,826CB46A-CD4E-4EA5-979C-421AC51EFEEB,0,21.7,ens_vinddata.xlsx
DK-570715000001542601,Denmark,Kriegers Flak K2-K3,Kriegers Flak and Baltic 1/2,Skagerrak-Kattegat-Baltic,55.056042,12.817369,8.4,2021-02-23,,ENS,826CB46A-CD4E-4EA5-979C-421AC51EFEEB,0,23.5,ens_vinddata.xlsx
DK-570715000001542618,Denmark,Kriegers Flak K2-K3,Kriegers Flak and Baltic 1/2,Skagerrak-Kattegat-Baltic,55.053497,12.767781,8.4,2021-02-28,,ENS,826CB46A-CD4E-4EA5-979C-421AC51EFEEB,0,20.4,ens_vinddata.xlsx
DK-570715000001542625,Denmark,Kriegers Flak K2-K3,Kriegers Flak and Baltic 1/2,Skagerrak-Kattegat-Baltic,55.044833,12.813482,8.4,2021-02-23,,ENS,826CB46A-CD4E-4EA5-979C-421AC51EFEEB,0,22.9,ens_vinddata.xlsx
DK-570715000001542632,Denmark,Kriegers Flak K2-K3,Kriegers Flak and Baltic 1/2,Skagerrak-Kattegat-Baltic,55.042287,12.765318,8.4,2021-02-22,,ENS,826CB46A-CD4E-4EA5-979C-421AC51EFEEB,0,19.9,ens_vinddata.xlsx
DK-570715000001542649,Denmark,Kriegers Flak K2-K3,Kriegers Flak and Baltic 1/2,Skagerrak-Kattegat-Baltic,55.033447,12.815218,8.4,2021-02-13,,ENS,826CB46A-CD4E-4EA5-979C-421AC51EFEEB,0,22.7,ens_vinddata.xlsx
DK-570715000001542656,Denmark,Kriegers Flak K2-K3,Kriegers Flak and Baltic 1/2,Skagerrak-Kattegat-Baltic,55.03269,12.761598,8.4,2021-02-25,,ENS,826CB46A-CD4E-4EA5-979C-421AC51EFEEB,0,19.4,ens_vinddata.xlsx
DK-570715000001542663,Denmark,Kriegers Flak K2-K3,Kriegers Flak and Baltic 1/2,Skagerrak-Kattegat-Baltic,55.022962,12.762095,8.4,2021-02-27,,ENS,826CB46A-CD4E-4EA5-979C-421AC51EFEEB,0,19.2,ens_vinddata.xlsx
DK-570715000001542670,Denmark,Kriegers Flak K2-K3,Kriegers Flak and Baltic 1/2,Skagerrak-Kattegat-Baltic,55.019552,12.819531,8.4,2021-02-01,,ENS,826CB46A-CD4E-4EA5-979C-421AC51EFEEB,0,22.7,ens_vinddata.xlsx
DK-570715000001542687,Denmark,Kriegers Flak K2-K3,Kriegers Flak and Baltic 1/2,Skagerrak-Kattegat-Baltic,55.013278,12.761187,8.4,2021-03-01,,ENS,826CB46A-CD4E-4EA5-979C-421AC51EFEEB,0,18.9,ens_vinddata.xlsx
DK-570715000001542694,Denmark,Kriegers Flak K2-K3,Kriegers Flak and Baltic 1/2,Skagerrak-Kattegat-Baltic,55.009736,12.822822,8.4,2021-02-12,,ENS,826CB46A-CD4E-4EA5-979C-421AC51EFEEB,0,22.8,ens_vinddata.xlsx
DK-570715000001542700,Denmark,Kriegers Flak K2-K3,Kriegers Flak and Baltic 1/2,Skagerrak-Kattegat-Baltic,55.004531,12.756143,8.4,2021-03-02,,ENS,826CB46A-CD4E-4EA5-979C-421AC51EFEEB,0,18.5,ens_vinddata.xlsx
DK-570715000001542717,Denmark,Kriegers Flak K2-K3,Kriegers Flak and Baltic 1/2,Skagerrak-Kattegat-Baltic,54.998571,12.81608,8.4,2021-03-15,,ENS,826CB46A-CD4E-4EA5-979C-421AC51EFEEB,0,22.3,ens_vinddata.xlsx
DK-570715000001542724,Denmark,Kriegers Flak K2-K3,Kriegers Flak and Baltic 1/2,Skagerrak-Kattegat-Baltic,54.994629,12.762256,8.4,2021-03-02,,ENS,826CB46A-CD4E-4EA5-979C-421AC51EFEEB,0,18.8,ens_vinddata.xlsx
DK-570715000001542731,Denmark,Kriegers Flak K2-K3,Kriegers Flak and Baltic 1/2,Skagerrak-Kattegat-Baltic,54.989678,12.844843,8.4,2021-03-05,,ENS,826CB46A-CD4E-4EA5-979C-421AC51EFEEB,0,24.1,ens_vinddata.xlsx
DK-570715000001542748,Denmark,Kriegers Flak K2-K3,Kriegers Flak and Baltic 1/2,Skagerrak-Kattegat-Baltic,54.984167,12.810521,8.4,2021-03-16,,ENS,826CB46A-CD4E-4EA5-979C-421AC51EFEEB,0,21.9,ens_vinddata.xlsx
DK-570715000001542755,Denmark,Kriegers Flak K2-K3,Kriegers Flak and Baltic 1/2,Skagerrak-Kattegat-Baltic,54.984727,12.768365,8.4,2021-02-05,,ENS,826CB46A-CD4E-4EA5-979C-421AC51EFEEB,0,19.2,ens_vinddata.xlsx
DK-570715000001542762,Denmark,Kriegers Flak K2-K3,Kriegers Flak and Baltic 1/2,Skagerrak-Kattegat-Baltic,54.979847,12.872064,8.4,2021-03-06,,ENS,826CB46A-CD4E-4EA5-979C-421AC51EFEEB,0,25.8,ens_vinddata.xlsx
DK-570715000001542779,Denmark,Kriegers Flak K2-K3,Kriegers Flak and Baltic 1/2,Skagerrak-Kattegat-Baltic,54.971621,12.903712,8.4,2021-03-09,,ENS,826CB46A-CD4E-4EA5-979C-421AC51EFEEB,0,27.9,ens_vinddata.xlsx
DK-570715000001542786,Denmark,Kriegers Flak K2-K3,Kriegers Flak and Baltic 1/2,Skagerrak-Kattegat-Baltic,54.974811,12.775784,8.4,2021-02-14,,ENS,826CB46A-CD4E-4EA5-979C-421AC51EFEEB,0,19.7,ens_vinddata.xlsx
DK-570715000001542793,Denmark,Kriegers Flak K2-K3,Kriegers Flak and Baltic 1/2,Skagerrak-Kattegat-Baltic,54.973099,12.803858,8.4,2021-04-28,,ENS,826CB46A-CD4E-4EA5-979C-421AC51EFEEB,0,21.5,ens_vinddata.xlsx
DK-570715000001542809,Denmark,Kriegers Flak K2-K3,Kriegers Flak and Baltic 1/2,Skagerrak-Kattegat-Baltic,54.971321,12.834644,8.4,2021-03-19,,ENS,826CB46A-CD4E-4EA5-979C-421AC51EFEEB,0,23.5,ens_vinddata.xlsx
DK-570715000001542816,Denmark,Kriegers Flak K2-K3,Kriegers Flak and Baltic 1/2,Skagerrak-Kattegat-Baltic,54.970247,12.868247,8.4,2021-03-08,,ENS,826CB46A-CD4E-4EA5-979C-421AC51EFEEB,0,25.7,ens_vinddata.xlsx
DK-570715000001542823,Denmark,Kriegers Flak K2-K3,Kriegers Flak and Baltic 1/2,Skagerrak-Kattegat-Baltic,55.09182,12.938012,8.4,2021-04-17,,ENS,17470F01-A92F-492B-884D-B961CAE5B5E8,0,32.0,ens_vinddata.xlsx
DK-570715000001542830,Denmark,Kriegers Flak K2-K3,Kriegers Flak and Baltic 1/2,Skagerrak-Kattegat-Baltic,55.087609,12.919159,8.4,2021-04-16,,ENS,17470F01-A92F-492B-884D-B961CAE5B5E8,0,30.7,ens_vinddata.xlsx
DK-570715000001542847,Denmark,Kriegers Flak K2-K3,Kriegers Flak and Baltic 1/2,Skagerrak-Kattegat-Baltic,55.085414,12.986676,8.4,2021-05-30,,ENS,17470F01-A92F-492B-884D-B961CAE5B5E8,0,34.8,ens_vinddata.xlsx
DK-570715000001542854,Denmark,Kriegers Flak K2-K3,Kriegers Flak and Baltic 1/2,Skagerrak-Kattegat-Baltic,55.079258,13.001583,8.4,2021-05-22,,ENS,17470F01-A92F-492B-884D-B961CAE5B5E8,0,35.6,ens_vinddata.xlsx
DK-570715000001542861,Denmark,Kriegers Flak K2-K3,Kriegers Flak and Baltic 1/2,Skagerrak-Kattegat-Baltic,55.076983,12.922351,8.4,2021-04-13,,ENS,17470F01-A92F-492B-884D-B961CAE5B5E8,0,30.6,ens_vinddata.xlsx
DK-570715000001542878,Denmark,Kriegers Flak K2-K3,Kriegers Flak and Baltic 1/2,Skagerrak-Kattegat-Baltic,55.066097,12.983343,8.4,2021-05-22,,ENS,17470F01-A92F-492B-884D-B961CAE5B5E8,0,34.0,ens_vinddata.xlsx
DK-570715000001542885,Denmark,Kriegers Flak K2-K3,Kriegers Flak and Baltic 1/2,Skagerrak-Kattegat-Baltic,55.053661,12.966471,8.4,2021-05-18,,ENS,17470F01-A92F-492B-884D-B961CAE5B5E8,0,32.7,ens_vinddata.xlsx
DK-570715000001542892,Denmark,Kriegers Flak K2-K3,Kriegers Flak and Baltic 1/2,Skagerrak-Kattegat-Baltic,55.049543,13.067699,8.4,2021-05-04,,ENS,17470F01-A92F-492B-884D-B961CAE5B5E8,0,38.9,ens_vinddata.xlsx
DK-570715000001542908,Denmark,Kriegers Flak K2-K3,Kriegers Flak and Baltic 1/2,Skagerrak-Kattegat-Baltic,55.045846,13.009508,8.4,2021-05-02,,ENS,17470F01-A92F-492B-884D-B961CAE5B5E8,0,35.2,ens_vinddata.xlsx
DK-570715000001542915,Denmark,Kriegers Flak K2-K3,Kriegers Flak and Baltic 1/2,Skagerrak-Kattegat-Baltic,55.041858,13.079606,8.4,2021-05-08,,ENS,17470F01-A92F-492B-884D-B961CAE5B5E8,0,39.5,ens_vinddata.xlsx
DK-570715000001542922,Denmark,Kriegers Flak K2-K3,Kriegers Flak and Baltic 1/2,Skagerrak-Kattegat-Baltic,55.044103,12.962831,8.4,2021-04-26,,ENS,17470F01-A92F-492B-884D-B961CAE5B5E8,0,32.2,ens_vinddata.xlsx
DK-570715000001542939,Denmark,Kriegers Flak K2-K3,Kriegers Flak and Baltic 1/2,Skagerrak-Kattegat-Baltic,55.040612,13.044239,8.4,2021-05-03,,ENS,17470F01-A92F-492B-884D-B961CAE5B5E8,0,37.3,ens_vinddata.xlsx
DK-570715000001542946,Denmark,Kriegers Flak K2-K3,Kriegers Flak and Baltic 1/2,Skagerrak-Kattegat-Baltic,55.037481,12.942444,8.4,2021-04-20,,ENS,17470F01-A92F-492B-884D-B961CAE5B5E8,0,30.8,ens_vinddata.xlsx
DK-570715000001542953,Denmark,Kriegers Flak K2-K3,Kriegers Flak and Baltic 1/2,Skagerrak-Kattegat-Baltic,55.03304,13.004015,8.4,2021-04-30,,ENS,17470F01-A92F-492B-884D-B961CAE5B5E8,0,34.6,ens_vinddata.xlsx
DK-570715000001542960,Denmark,Kriegers Flak K2-K3,Kriegers Flak and Baltic 1/2,Skagerrak-Kattegat-Baltic,55.031513,12.951722,8.4,2021-04-21,,ENS,17470F01-A92F-492B-884D-B961CAE5B5E8,0,31.3,ens_vinddata.xlsx
DK-570715000001542977,Denmark,Kriegers Flak K2-K3,Kriegers Flak and Baltic 1/2,Skagerrak-Kattegat-Baltic,55.027031,13.054205,8.4,2021-05-01,,ENS,17470F01-A92F-492B-884D-B961CAE5B5E8,0,37.7,ens_vinddata.xlsx
DK-570715000001542984,Denmark,Kriegers Flak K2-K3,Kriegers Flak and Baltic 1/2,Skagerrak-Kattegat-Baltic,55.023565,12.972073,8.4,2021-04-20,,ENS,17470F01-A92F-492B-884D-B961CAE5B5E8,0,32.5,ens_vinddata.xlsx
DK-570715000001542991,Denmark,Kriegers Flak K2-K3,Kriegers Flak and Baltic 1/2,Skagerrak-Kattegat-Baltic,55.017426,12.9879,8.4,2021-04-24,,ENS,17470F01-A92F-492B-884D-B961CAE5B5E8,0,33.4,ens_vinddata.xlsx
DK-570715000001543004,Denmark,Kriegers Flak K2-K3,Kriegers Flak and Baltic 1/2,Skagerrak-Kattegat-Baltic,55.013279,13.060156,8.4,2021-05-27,,ENS,17470F01-A92F-492B-884D-B961CAE5B5E8,0,38.0,ens_vinddata.xlsx
DK-570715000001543011,Denmark,Kriegers Flak K2-K3,Kriegers Flak and Baltic 1/2,Skagerrak-Kattegat-Baltic,54.994542,13.043774,8.4,2021-03-22,,ENS,17470F01-A92F-492B-884D-B961CAE5B5E8,0,36.8,ens_vinddata.xlsx
DK-570715000001543028,Denmark,Kriegers Flak K2-K3,Kriegers Flak and Baltic 1/2,Skagerrak-Kattegat-Baltic,54.983671,13.05258,8.4,2021-03-23,,ENS,17470F01-A92F-492B-884D-B961CAE5B5E8,0,37.4,ens_vinddata.xlsx
DK-570715000001543035,Denmark,Kriegers Flak K2-K3,Kriegers Flak and Baltic 1/2,Skagerrak-Kattegat-Baltic,54.979717,13.02544,8.4,2021-03-24,,ENS,17470F01-A92F-492B-884D-B961CAE5B5E8,0,35.7,ens_vinddata.xlsx
DK-570715000001543042,Denmark,Kriegers Flak K2-K3,Kriegers Flak and Baltic 1/2,Skagerrak-Kattegat-Baltic,55.087611,12.952447,8.4,2021-04-22,,ENS,17470F01-A92F-492B-884D-B961CAE5B5E8,0,32.7,ens_vinddata.xlsx
DK-570715000001543059,Denmark,Kriegers Flak K2-K3,Kriegers Flak and Baltic 1/2,Skagerrak-Kattegat-Baltic,54.985531,13.014996,8.4,2021-03-25,,ENS,17470F01-A92F-492B-884D-B961CAE5B5E8,0,35.0,ens_vinddata.xlsx
DK-570715000001543066,Denmark,Kriegers Flak K2-K3,Kriegers Flak and Baltic 1/2,Skagerrak-Kattegat-Baltic,55.096107,12.956689,8.4,2021-05-28,,ENS,17470F01-A92F-492B-884D-B961CAE5B5E8,0,33.2,ens_vinddata.xlsx
DK-570715000001543073,Denmark,Kriegers Flak K2-K3,Kriegers Flak and Baltic 1/2,Skagerrak-Kattegat-Baltic,55.091614,12.970358,8.4,2021-05-26,,ENS,17470F01-A92F-492B-884D-B961CAE5B5E8,0,33.9,ens_vinddata.xlsx
DK-570715000001543080,Denmark,Kriegers Flak K2-K3,Kriegers Flak and Baltic 1/2,Skagerrak-Kattegat-Baltic,55.082137,12.962849,8.4,2021-05-25,,ENS,17470F01-A92F-492B-884D-B961CAE5B5E8,0,33.2,ens_vinddata.xlsx
DK-570715000001543097,Denmark,Kriegers Flak K2-K3,Kriegers Flak and Baltic 1/2,Skagerrak-Kattegat-Baltic,55.069527,12.952652,8.4,2021-05-24,,ENS,17470F01-A92F-492B-884D-B961CAE5B5E8,0,32.2,ens_vinddata.xlsx
DK-570715000001543103,Denmark,Kriegers Flak K2-K3,Kriegers Flak and Baltic 1/2,Skagerrak-Kattegat-Baltic,55.081983,12.893273,8.4,2021-05-30,,ENS,17470F01-A92F-492B-884D-B961CAE5B5E8,0,28.9,ens_vinddata.xlsx
DK-570715000001543110,Denmark,Kriegers Flak K2-K3,Kriegers Flak and Baltic 1/2,Skagerrak-Kattegat-Baltic,55.076274,12.868673,8.4,2021-06-01,,ENS,17470F01-A92F-492B-884D-B961CAE5B5E8,0,27.2,ens_vinddata.xlsx
DK-570715000001543127,Denmark,Kriegers Flak K2-K3,Kriegers Flak and Baltic 1/2,Skagerrak-Kattegat-Baltic,55.073271,12.886721,8.4,2021-05-31,,ENS,17470F01-A92F-492B-884D-B961CAE5B5E8,0,28.3,ens_vinddata.xlsx
DK-570715000001543134,Denmark,Kriegers Flak K2-K3,Kriegers Flak and Baltic 1/2,Skagerrak-Kattegat-Baltic,55.056494,12.930215,8.4,2021-05-29,,ENS,17470F01-A92F-492B-884D-B961CAE5B5E8,0,30.5,ens_vinddata.xlsx
DK-570715000001543141,Denmark,Kriegers Flak K2-K3,Kriegers Flak and Baltic 1/2,Skagerrak-Kattegat-Baltic,55.071322,13.021855,8.4,2021-05-14,,ENS,17470F01-A92F-492B-884D-B961CAE5B5E8,0,36.6,ens_vinddata.xlsx
DK-570715000001543158,Denmark,Kriegers Flak K2-K3,Kriegers Flak and Baltic 1/2,Skagerrak-Kattegat-Baltic,55.065095,13.038249,8.4,2021-05-15,,ENS,17470F01-A92F-492B-884D-B961CAE5B5E8,0,37.4,ens_vinddata.xlsx
DK-570715000001543165,Denmark,Kriegers Flak K2-K3,Kriegers Flak and Baltic 1/2,Skagerrak-Kattegat-Baltic,55.058218,13.053021,8.4,2021-05-15,,ENS,17470F01-A92F-492B-884D-B961CAE5B5E8,0,38.2,ens_vinddata.xlsx
DK-570715000001543172,Denmark,Kriegers Flak K2-K3,Kriegers Flak and Baltic 1/2,Skagerrak-Kattegat-Baltic,55.057772,13.014948,8.4,2021-05-15,,ENS,17470F01-A92F-492B-884D-B961CAE5B5E8,0,35.8,ens_vinddata.xlsx
DK-570715000001543189,Denmark,Kriegers Flak K2-K3,Kriegers Flak and Baltic 1/2,Skagerrak-Kattegat-Baltic,55.034125,13.092913,8.4,2021-04-04,,ENS,17470F01-A92F-492B-884D-B961CAE5B5E8,0,40.3,ens_vinddata.xlsx
DK-570715000001543196,Denmark,Kriegers Flak K2-K3,Kriegers Flak and Baltic 1/2,Skagerrak-Kattegat-Baltic,55.026439,13.10481,8.4,2021-04-06,,ENS,17470F01-A92F-492B-884D-B961CAE5B5E8,0,40.9,ens_vinddata.xlsx
DK-570715000001543202,Denmark,Kriegers Flak K2-K3,Kriegers Flak and Baltic 1/2,Skagerrak-Kattegat-Baltic,55.019605,13.115382,8.4,2021-04-08,,ENS,17470F01-A92F-492B-884D-B961CAE5B5E8,0,41.5,ens_vinddata.xlsx
DK-570715000001543219,Denmark,Kriegers Flak K2-K3,Kriegers Flak and Baltic 1/2,Skagerrak-Kattegat-Baltic,55.010257,13.104563,8.4,2021-04-10,,ENS,17470F01-A92F-492B-884D-B961CAE5B5E8,0,40.8,ens_vinddata.xlsx
DK-570715000001543226,Denmark,Kriegers Flak K2-K3,Kriegers Flak and Baltic 1/2,Skagerrak-Kattegat-Baltic,55.016235,13.022639,8.4,2021-04-29,,ENS,17470F01-A92F-492B-884D-B961CAE5B5E8,0,35.6,ens_vinddata.xlsx
DK-570715000001543233,Denmark,Kriegers Flak K2-K3,Kriegers Flak and Baltic 1/2,Skagerrak-Kattegat-Baltic,55.004027,13.049002,8.4,2021-04-01,,ENS,17470F01-A92F-492B-884D-B961CAE5B5E8,0,37.2,ens_vinddata.xlsx
DK-570715000001543240,Denmark,Kriegers Flak K2-K3,Kriegers Flak and Baltic 1/2,Skagerrak-Kattegat-Baltic,54.998583,13.090696,8.4,2021-04-03,,ENS,17470F01-A92F-492B-884D-B961CAE5B5E8,0,39.8,ens_vinddata.xlsx
DK-570715000001543257,Denmark,Kriegers Flak K2-K3,Kriegers Flak and Baltic 1/2,Skagerrak-Kattegat-Baltic,54.988567,13.075598,8.4,2021-04-03,,ENS,17470F01-A92F-492B-884D-B961CAE5B5E8,0,38.9,ens_vinddata.xlsx
DK-570715000001543264,Denmark,Kriegers Flak K2-K3,Kriegers Flak and Baltic 1/2,Skagerrak-Kattegat-Baltic,55.008974,12.997388,8.4,2021-06-02,,ENS,17470F01-A92F-492B-884D-B961CAE5B5E8,0,33.9,ens_vinddata.xlsx
DK-570715000001543271,Denmark,Kriegers Flak K2-K3,Kriegers Flak and Baltic 1/2,Skagerrak-Kattegat-Baltic,54.999645,12.99937,8.4,2021-06-04,,ENS,17470F01-A92F-492B-884D-B961CAE5B5E8,0,34.0,ens_vinddata.xlsx
DK-570715000001543288,Denmark,Kriegers Flak K2-K3,Kriegers Flak and Baltic 1/2,Skagerrak-Kattegat-Baltic,54.992763,13.005442,8.4,2021-06-05,,ENS,17470F01-A92F-492B-884D-B961CAE5B5E8,0,34.4,ens_vinddata.xlsx
DK-570715000001543295,Denmark,Kriegers Flak K2-K3,Kriegers Flak and Baltic 1/2,Skagerrak-Kattegat-Baltic,54.985531,12.996462,8.4,2021-06-05,,ENS,17470F01-A92F-492B-884D-B961CAE5B5E8,0,33.8,ens_vinddata.xlsx
DK-570715000001592651,Denmark,Samsa,Other Danish inner-water farms,Skagerrak-Kattegat-Baltic,55.71733,10.583367,2.4,2018-01-23,,ENS,,0,6.2,ens_vinddata.xlsx
DK-570715000001613509,Denmark,Horns Rev III,Horns Rev,North Sea,55.736035,7.550672,8.3,2018-12-23,,ENS,1449BBFF-09BF-4F5F-9FDC-264E63F6239E,0,39.6,ens_vinddata.xlsx
DK-570715000001613516,Denmark,Horns Rev III,Horns Rev,North Sea,55.725751,7.553378,8.3,2018-12-23,,ENS,1449BBFF-09BF-4F5F-9FDC-264E63F6239E,0,39.3,ens_vinddata.xlsx
DK-570715000001613523,Denmark,Horns Rev III,Horns Rev,North Sea,55.71669,7.561593,8.3,2018-12-23,,ENS,1449BBFF-09BF-4F5F-9FDC-264E63F6239E,0,38.5,ens_vinddata.xlsx
DK-570715000001613530,Denmark,Horns Rev III,Horns Rev,North Sea,55.707032,7.568728,8.3,2018-12-23,,ENS,1449BBFF-09BF-4F5F-9FDC-264E63F6239E,0,37.8,ens_vinddata.xlsx
DK-570715000001613547,Denmark,Horns Rev III,Horns Rev,North Sea,55.697319,7.571899,8.3,2018-12-23,,ENS,1449BBFF-09BF-4F5F-9FDC-264E63F6239E,0,37.3,ens_vinddata.xlsx
DK-570715000001613554,Denmark,Horns Rev III,Horns Rev,North Sea,55.687427,7.573644,8.3,2018-12-23,,ENS,1449BBFF-09BF-4F5F-9FDC-264E63F6239E,0,36.9,ens_vinddata.xlsx
DK-570715000001613561,Denmark,Horns Rev III,Horns Rev,North Sea,55.737316,7.575647,8.3,2018-12-23,,ENS,1449BBFF-09BF-4F5F-9FDC-264E63F6239E,0,38.0,ens_vinddata.xlsx
DK-570715000001613578,Denmark,Horns Rev III,Horns Rev,North Sea,55.737929,7.603961,8.3,2018-12-23,,ENS,1449BBFF-09BF-4F5F-9FDC-264E63F6239E,0,36.2,ens_vinddata.xlsx
DK-570715000001613585,Denmark,Horns Rev III,Horns Rev,North Sea,55.72812,7.601206,8.3,2018-12-23,,ENS,1449BBFF-09BF-4F5F-9FDC-264E63F6239E,0,36.4,ens_vinddata.xlsx
DK-570715000001613592,Denmark,Horns Rev III,Horns Rev,North Sea,55.718226,7.599585,8.3,2018-12-23,,ENS,1449BBFF-09BF-4F5F-9FDC-264E63F6239E,0,36.3,ens_vinddata.xlsx
DK-570715000001613608,Denmark,Horns Rev III,Horns Rev,North Sea,55.708299,7.599081,8.3,2018-12-23,,ENS,1449BBFF-09BF-4F5F-9FDC-264E63F6239E,0,36.0,ens_vinddata.xlsx
DK-570715000001613615,Denmark,Horns Rev III,Horns Rev,North Sea,55.698376,7.599691,8.3,2018-12-23,,ENS,1449BBFF-09BF-4F5F-9FDC-264E63F6239E,0,35.6,ens_vinddata.xlsx
DK-570715000001613622,Denmark,Horns Rev III,Horns Rev,North Sea,55.688484,7.601428,8.3,2018-12-23,,ENS,1449BBFF-09BF-4F5F-9FDC-264E63F6239E,0,35.3,ens_vinddata.xlsx
DK-570715000001613639,Denmark,Horns Rev III,Horns Rev,North Sea,55.678685,7.604275,8.3,2018-12-23,,ENS,1449BBFF-09BF-4F5F-9FDC-264E63F6239E,0,34.9,ens_vinddata.xlsx
DK-570715000001613646,Denmark,Horns Rev III,Horns Rev,North Sea,55.738978,7.631782,8.3,2018-12-23,,ENS,1449BBFF-09BF-4F5F-9FDC-264E63F6239E,0,34.5,ens_vinddata.xlsx
DK-570715000001613653,Denmark,Horns Rev III,Horns Rev,North Sea,55.729171,7.629036,8.3,2018-12-23,,ENS,1449BBFF-09BF-4F5F-9FDC-264E63F6239E,0,34.7,ens_vinddata.xlsx
DK-570715000001613660,Denmark,Horns Rev III,Horns Rev,North Sea,55.70935,7.626881,8.3,2018-12-23,,ENS,1449BBFF-09BF-4F5F-9FDC-264E63F6239E,0,34.3,ens_vinddata.xlsx
DK-570715000001613677,Denmark,Horns Rev III,Horns Rev,North Sea,55.699418,7.6275,8.3,2018-12-23,,ENS,1449BBFF-09BF-4F5F-9FDC-264E63F6239E,0,34.0,ens_vinddata.xlsx
DK-570715000001613684,Denmark,Horns Rev III,Horns Rev,North Sea,55.679735,7.63207,8.3,2018-12-23,,ENS,1449BBFF-09BF-4F5F-9FDC-264E63F6239E,0,33.2,ens_vinddata.xlsx
DK-570715000001613691,Denmark,Horns Rev III,Horns Rev,North Sea,55.670056,7.636001,8.3,2018-12-23,,ENS,1449BBFF-09BF-4F5F-9FDC-264E63F6239E,0,32.7,ens_vinddata.xlsx
DK-570715000001613707,Denmark,Horns Rev III,Horns Rev,North Sea,55.660532,7.641038,8.3,2018-12-23,,ENS,1449BBFF-09BF-4F5F-9FDC-264E63F6239E,0,32.0,ens_vinddata.xlsx
DK-570715000001613714,Denmark,Horns Rev III,Horns Rev,North Sea,55.740022,7.659621,8.3,2018-12-23,,ENS,1449BBFF-09BF-4F5F-9FDC-264E63F6239E,0,32.7,ens_vinddata.xlsx
DK-570715000001613721,Denmark,Horns Rev III,Horns Rev,North Sea,55.730215,7.656852,8.3,2018-12-23,,ENS,1449BBFF-09BF-4F5F-9FDC-264E63F6239E,0,32.9,ens_vinddata.xlsx
DK-570715000001613738,Denmark,Horns Rev III,Horns Rev,North Sea,55.720321,7.655217,8.3,2018-12-23,,ENS,1449BBFF-09BF-4F5F-9FDC-264E63F6239E,0,33.0,ens_vinddata.xlsx
DK-570715000001613745,Denmark,Horns Rev III,Horns Rev,North Sea,55.690578,7.657018,8.3,2018-12-23,,ENS,1449BBFF-09BF-4F5F-9FDC-264E63F6239E,0,31.9,ens_vinddata.xlsx
DK-570715000001613752,Denmark,Horns Rev III,Horns Rev,North Sea,55.671098,7.663791,8.3,2018-12-23,,ENS,1449BBFF-09BF-4F5F-9FDC-264E63F6239E,0,31.0,ens_vinddata.xlsx
DK-570715000001613769,Denmark,Horns Rev III,Horns Rev,North Sea,55.661573,7.668805,8.3,2018-12-23,,ENS,1449BBFF-09BF-4F5F-9FDC-264E63F6239E,0,30.5,ens_vinddata.xlsx
DK-570715000001613776,Denmark,Horns Rev III,Horns Rev,North Sea,55.652257,7.674891,8.3,2018-12-23,,ENS,1449BBFF-09BF-4F5F-9FDC-264E63F6239E,0,29.7,ens_vinddata.xlsx
DK-570715000001613783,Denmark,Horns Rev III,Horns Rev,North Sea,55.643168,7.681998,8.3,2018-12-23,,ENS,1449BBFF-09BF-4F5F-9FDC-264E63F6239E,0,28.9,ens_vinddata.xlsx
DK-570715000001613790,Denmark,Horns Rev III,Horns Rev,North Sea,55.634358,7.690126,8.3,2018-12-23,,ENS,1449BBFF-09BF-4F5F-9FDC-264E63F6239E,0,28.1,ens_vinddata.xlsx
DK-570715000001613806,Denmark,Horns Rev III,Horns Rev,North Sea,55.74106,7.687446,8.3,2018-12-23,,ENS,1449BBFF-09BF-4F5F-9FDC-264E63F6239E,0,31.0,ens_vinddata.xlsx
DK-570715000001613813,Denmark,Horns Rev III,Horns Rev,North Sea,55.731253,7.684685,8.3,2018-12-23,,ENS,1449BBFF-09BF-4F5F-9FDC-264E63F6239E,0,31.2,ens_vinddata.xlsx
DK-570715000001613820,Denmark,Horns Rev III,Horns Rev,North Sea,55.721359,7.683028,8.3,2018-12-23,,ENS,1449BBFF-09BF-4F5F-9FDC-264E63F6239E,0,31.3,ens_vinddata.xlsx
DK-570715000001613837,Denmark,Horns Rev III,Horns Rev,North Sea,55.711433,7.682502,8.3,2018-12-23,,ENS,1449BBFF-09BF-4F5F-9FDC-264E63F6239E,0,31.1,ens_vinddata.xlsx
DK-570715000001613844,Denmark,Horns Rev III,Horns Rev,North Sea,55.701501,7.683107,8.3,2018-12-23,,ENS,1449BBFF-09BF-4F5F-9FDC-264E63F6239E,0,30.7,ens_vinddata.xlsx
DK-570715000001613851,Denmark,Horns Rev III,Horns Rev,North Sea,55.67905,7.68701,8.3,2018-12-23,,ENS,1449BBFF-09BF-4F5F-9FDC-264E63F6239E,0,29.8,ens_vinddata.xlsx
DK-570715000001613868,Denmark,Horns Rev III,Horns Rev,North Sea,55.668334,7.694158,8.3,2018-12-23,,ENS,1449BBFF-09BF-4F5F-9FDC-264E63F6239E,0,29.1,ens_vinddata.xlsx
DK-570715000001613875,Denmark,Horns Rev III,Horns Rev,North Sea,55.655799,7.701935,8.3,2018-12-23,,ENS,1449BBFF-09BF-4F5F-9FDC-264E63F6239E,0,28.3,ens_vinddata.xlsx
DK-570715000001613882,Denmark,Horns Rev III,Horns Rev,North Sea,55.643664,7.710106,8.3,2018-12-23,,ENS,1449BBFF-09BF-4F5F-9FDC-264E63F6239E,0,27.3,ens_vinddata.xlsx
DK-570715000001613899,Denmark,Horns Rev III,Horns Rev,North Sea,55.706876,7.708597,8.3,2018-12-23,,ENS,1449BBFF-09BF-4F5F-9FDC-264E63F6239E,0,29.4,ens_vinddata.xlsx
DK-570715000001613905,Denmark,Horns Rev III,Horns Rev,North Sea,55.696943,7.709179,8.3,2018-12-23,,ENS,1449BBFF-09BF-4F5F-9FDC-264E63F6239E,0,29.0,ens_vinddata.xlsx
DK-570715000001613912,Denmark,Horns Rev III,Horns Rev,North Sea,55.68298,7.714506,8.3,2018-12-23,,ENS,1449BBFF-09BF-4F5F-9FDC-264E63F6239E,0,28.2,ens_vinddata.xlsx
DK-570715000001613929,Denmark,Horns Rev III,Horns Rev,North Sea,55.673155,7.719361,8.3,2018-12-23,,ENS,1449BBFF-09BF-4F5F-9FDC-264E63F6239E,0,27.6,ens_vinddata.xlsx
DK-570715000001613936,Denmark,Horns Rev III,Horns Rev,North Sea,55.663637,7.724361,8.3,2018-12-23,,ENS,1449BBFF-09BF-4F5F-9FDC-264E63F6239E,0,27.1,ens_vinddata.xlsx
DK-570715000001613943,Denmark,Horns Rev III,Horns Rev,North Sea,55.654309,7.730418,8.3,2018-12-23,,ENS,1449BBFF-09BF-4F5F-9FDC-264E63F6239E,0,26.6,ens_vinddata.xlsx
DK-570715000001613950,Denmark,Horns Rev III,Horns Rev,North Sea,55.684279,7.742681,8.3,2018-12-23,,ENS,1449BBFF-09BF-4F5F-9FDC-264E63F6239E,0,26.5,ens_vinddata.xlsx
DK-570715000001613967,Denmark,Horns Rev III,Horns Rev,North Sea,55.674179,7.747139,8.3,2018-12-23,,ENS,1449BBFF-09BF-4F5F-9FDC-264E63F6239E,0,26.0,ens_vinddata.xlsx
DK-570715000001613974,Denmark,Horns Rev III,Horns Rev,North Sea,55.664659,7.752133,8.3,2018-12-23,,ENS,1449BBFF-09BF-4F5F-9FDC-264E63F6239E,0,25.4,ens_vinddata.xlsx
DK-570715000001613981,Denmark,Horns Rev III,Horns Rev,North Sea,55.682509,7.772942,8.3,2018-12-23,,ENS,1449BBFF-09BF-4F5F-9FDC-264E63F6239E,0,24.7,ens_vinddata.xlsx
DK-570715000002332621,Denmark,Vesterhav Syd,Vesterhav,North Sea,56.081796,7.953553,8.4,2023-11-10,,ENS,7E4E68D7-774C-4675-A5E5-7C0C1C7931D6,0,10.0,ens_vinddata.xlsx
DK-570715000002332638,Denmark,Vesterhav Syd,Vesterhav,North Sea,56.087976,7.953532,8.4,2023-11-11,,ENS,7E4E68D7-774C-4675-A5E5-7C0C1C7931D6,0,10.3,ens_vinddata.xlsx
DK-570715000002332652,Denmark,Vesterhav Syd,Vesterhav,North Sea,56.094107,7.953511,8.4,2023-11-14,,ENS,7E4E68D7-774C-4675-A5E5-7C0C1C7931D6,0,10.6,ens_vinddata.xlsx
DK-570715000002332676,Denmark,Vesterhav Syd,Vesterhav,North Sea,56.100263,7.95349,8.4,2023-11-16,,ENS,7E4E68D7-774C-4675-A5E5-7C0C1C7931D6,0,10.9,ens_vinddata.xlsx
DK-570715000002332683,Denmark,Vesterhav Syd,Vesterhav,North Sea,56.106464,7.953467,8.4,2023-11-21,,ENS,7E4E68D7-774C-4675-A5E5-7C0C1C7931D6,0,11.3,ens_vinddata.xlsx
DK-570715000002332690,Denmark,Vesterhav Syd,Vesterhav,North Sea,56.112609,7.953427,8.4,2023-11-24,,ENS,7E4E68D7-774C-4675-A5E5-7C0C1C7931D6,0,11.7,ens_vinddata.xlsx
DK-570715000002332706,Denmark,Vesterhav Syd,Vesterhav,North Sea,56.118731,7.953434,8.4,2023-11-26,,ENS,7E4E68D7-774C-4675-A5E5-7C0C1C7931D6,0,12.1,ens_vinddata.xlsx
DK-570715000002332713,Denmark,Vesterhav Syd,Vesterhav,North Sea,56.124885,7.953405,8.4,2023-12-06,,ENS,7E4E68D7-774C-4675-A5E5-7C0C1C7931D6,0,12.5,ens_vinddata.xlsx
DK-570715000002332720,Denmark,Vesterhav Syd,Vesterhav,North Sea,56.131041,7.953384,8.4,2023-12-09,,ENS,7E4E68D7-774C-4675-A5E5-7C0C1C7931D6,0,13.0,ens_vinddata.xlsx
DK-570715000002332737,Denmark,Vesterhav Syd,Vesterhav,North Sea,56.137196,7.953363,8.4,2023-12-11,,ENS,7E4E68D7-774C-4675-A5E5-7C0C1C7931D6,0,13.5,ens_vinddata.xlsx
DK-570715000002338425,Denmark,Vesterhav Syd,Vesterhav,North Sea,56.07564,7.953574,8.4,2023-12-13,,ENS,7E4E68D7-774C-4675-A5E5-7C0C1C7931D6,0,9.8,ens_vinddata.xlsx
DK-570715000002338432,Denmark,Vesterhav Syd,Vesterhav,North Sea,56.069484,7.953596,8.4,2023-12-14,,ENS,7E4E68D7-774C-4675-A5E5-7C0C1C7931D6,0,9.6,ens_vinddata.xlsx
DK-570715000002338449,Denmark,Vesterhav Syd,Vesterhav,North Sea,56.063314,7.953617,8.4,2023-12-16,,ENS,7E4E68D7-774C-4675-A5E5-7C0C1C7931D6,0,9.5,ens_vinddata.xlsx
DK-570715000002338456,Denmark,Vesterhav Syd,Vesterhav,North Sea,56.057173,7.953638,8.4,2023-12-17,,ENS,7E4E68D7-774C-4675-A5E5-7C0C1C7931D6,0,9.4,ens_vinddata.xlsx
DK-570715000002338463,Denmark,Vesterhav Syd,Vesterhav,North Sea,56.051017,7.953659,8.4,2023-12-19,,ENS,7E4E68D7-774C-4675-A5E5-7C0C1C7931D6,0,9.4,ens_vinddata.xlsx
DK-570715000002338470,Denmark,Vesterhav Syd,Vesterhav,North Sea,56.044862,7.95368,8.4,2023-12-20,,ENS,7E4E68D7-774C-4675-A5E5-7C0C1C7931D6,0,9.4,ens_vinddata.xlsx
DK-570715000002338487,Denmark,Vesterhav Syd,Vesterhav,North Sea,56.038706,7.953701,8.4,2023-12-22,,ENS,7E4E68D7-774C-4675-A5E5-7C0C1C7931D6,0,9.5,ens_vinddata.xlsx
DK-570715000002338517,Denmark,Vesterhav Syd,Vesterhav,North Sea,56.03255,7.953722,8.4,2023-12-23,,ENS,7E4E68D7-774C-4675-A5E5-7C0C1C7931D6,0,9.6,ens_vinddata.xlsx
DK-570715000002338524,Denmark,Vesterhav Syd,Vesterhav,North Sea,56.026412,7.953742,8.4,2023-12-25,,ENS,7E4E68D7-774C-4675-A5E5-7C0C1C7931D6,0,9.7,ens_vinddata.xlsx
DK-570715000002338531,Denmark,Vesterhav Syd,Vesterhav,North Sea,56.020223,7.953769,8.4,2023-12-26,,ENS,7E4E68D7-774C-4675-A5E5-7C0C1C7931D6,0,9.9,ens_vinddata.xlsx
DK-571313134701404280,Denmark,Nissum Bredning,Other Danish inner-water farms,North Sea,56.664835,8.241503,7.0,2018-02-17,,ENS,4C191584-EA50-4AF7-A22F-A78BAEF42712,0,4.1,ens_vinddata.xlsx
DK-571313134701404655,Denmark,Vesterhav Nord,Vesterhav,North Sea,56.656741,8.024823,8.4,2024-02-28,,ENS,0B053315-00F1-4F25-9DC9-491CB9791452,0,12.9,ens_vinddata.xlsx
DK-571313134701404693,Denmark,Thor,Thor,North Sea,56.443353,7.681344,14.7,2026-04-20,,ENS,9FF2FEBA-CEFC-4570-9052-E430239F5A03,0,28.1,ens_vinddata.xlsx
DK-571313134702404289,Denmark,Nissum Bredning,Other Danish inner-water farms,North Sea,56.672525,8.23407,7.0,2018-02-17,,ENS,4C191584-EA50-4AF7-A22F-A78BAEF42712,0,3.2,ens_vinddata.xlsx
DK-571313134702404654,Denmark,Vesterhav Nord,Vesterhav,North Sea,56.650336,8.024937,8.4,2024-02-28,,ENS,0B053315-00F1-4F25-9DC9-491CB9791452,0,13.2,ens_vinddata.xlsx
DK-571313134702404692,Denmark,Thor,Thor,North Sea,56.452826,7.696659,14.7,2026-04-21,,ENS,9FF2FEBA-CEFC-4570-9052-E430239F5A03,0,27.0,ens_vinddata.xlsx
DK-571313134703404288,Denmark,Nissum Bredning,Other Danish inner-water farms,North Sea,56.669253,8.256051,7.0,2018-02-17,,ENS,4C191584-EA50-4AF7-A22F-A78BAEF42712,0,4.1,ens_vinddata.xlsx
DK-571313134703404653,Denmark,Vesterhav Nord,Vesterhav,North Sea,56.643953,8.025022,8.4,2024-03-07,,ENS,0B053315-00F1-4F25-9DC9-491CB9791452,0,13.6,ens_vinddata.xlsx
DK-571313134703404691,Denmark,Thor,Thor,North Sea,56.452593,7.720071,14.7,2026-04-07,,ENS,9FF2FEBA-CEFC-4570-9052-E430239F5A03,0,25.6,ens_vinddata.xlsx
DK-571313134704404287,Denmark,Nissum Bredning,Other Danish inner-water farms,North Sea,56.677079,8.251751,7.0,2018-02-17,,ENS,4C191584-EA50-4AF7-A22F-A78BAEF42712,0,3.2,ens_vinddata.xlsx
DK-571313134704404652,Denmark,Vesterhav Nord,Vesterhav,North Sea,56.637571,8.025107,8.4,2024-03-05,,ENS,0B053315-00F1-4F25-9DC9-491CB9791452,0,13.6,ens_vinddata.xlsx
DK-571313134704404690,Denmark,Thor,Thor,North Sea,56.43335,7.666221,14.7,2026-04-13,,ENS,9FF2FEBA-CEFC-4570-9052-E430239F5A03,0,29.4,ens_vinddata.xlsx
DK-571313134705404651,Denmark,Vesterhav Nord,Vesterhav,North Sea,56.631207,8.025193,8.4,2024-03-03,,ENS,0B053315-00F1-4F25-9DC9-491CB9791452,0,13.0,ens_vinddata.xlsx
DK-571313134705404699,Denmark,Thor,Thor,North Sea,56.429079,7.702211,14.7,2026-03-17,,ENS,9FF2FEBA-CEFC-4570-9052-E430239F5A03,0,27.4,ens_vinddata.xlsx
DK-571313134706404650,Denmark,Vesterhav Nord,Vesterhav,North Sea,56.624806,8.025277,8.4,2024-03-04,,ENS,0B053315-00F1-4F25-9DC9-491CB9791452,0,12.4,ens_vinddata.xlsx
DK-571313134706404698,Denmark,Thor,Thor,North Sea,56.43725,7.724327,14.7,2026-03-23,,ENS,9FF2FEBA-CEFC-4570-9052-E430239F5A03,0,25.8,ens_vinddata.xlsx
DK-571313134707404659,Denmark,Vesterhav Nord,Vesterhav,North Sea,56.618423,8.025362,8.4,2024-03-03,,ENS,0B053315-00F1-4F25-9DC9-491CB9791452,0,11.8,ens_vinddata.xlsx
DK-571313134707404697,Denmark,Thor,Thor,North Sea,56.432265,7.747953,14.7,2026-02-23,,ENS,9FF2FEBA-CEFC-4570-9052-E430239F5A03,0,24.7,ens_vinddata.xlsx
DK-571313134708404658,Denmark,Vesterhav Nord,Vesterhav,North Sea,56.612037,8.025462,8.4,2024-03-05,,ENS,0B053315-00F1-4F25-9DC9-491CB9791452,0,11.2,ens_vinddata.xlsx
DK-571313134708404696,Denmark,Thor,Thor,North Sea,56.420874,7.647134,14.7,2026-04-28,,ENS,9FF2FEBA-CEFC-4570-9052-E430239F5A03,0,30.9,ens_vinddata.xlsx
DK-571313134709404657,Denmark,Vesterhav Nord,Vesterhav,North Sea,56.605675,8.025485,8.4,2024-03-02,,ENS,0B053315-00F1-4F25-9DC9-491CB9791452,0,10.6,ens_vinddata.xlsx
DK-571313134709404695,Denmark,Thor,Thor,North Sea,56.421817,7.682032,14.7,2026-04-10,,ENS,9FF2FEBA-CEFC-4570-9052-E430239F5A03,0,28.9,ens_vinddata.xlsx
DK-571313134710404656,Denmark,Vesterhav Nord,Vesterhav,North Sea,56.599275,8.025616,8.4,2024-03-12,,ENS,0B053315-00F1-4F25-9DC9-491CB9791452,0,10.0,ens_vinddata.xlsx
DK-571313134710404691,Denmark,Thor,Thor,North Sea,56.410328,7.630904,14.7,2026-02-23,,ENS,9FF2FEBA-CEFC-4570-9052-E430239F5A03,0,32.3,ens_vinddata.xlsx
DK-571313134711404652,Denmark,Vesterhav Nord,Vesterhav,North Sea,56.592892,8.025701,8.4,2024-02-27,,ENS,0B053315-00F1-4F25-9DC9-491CB9791452,0,9.5,ens_vinddata.xlsx
DK-571313134711404690,Denmark,Thor,Thor,North Sea,56.410622,7.661915,14.7,2026-04-27,,ENS,9FF2FEBA-CEFC-4570-9052-E430239F5A03,0,30.5,ens_vinddata.xlsx
DK-571313134712404651,Denmark,Vesterhav Nord,Vesterhav,North Sea,56.586494,8.025785,8.4,2024-02-22,,ENS,0B053315-00F1-4F25-9DC9-491CB9791452,0,9.0,ens_vinddata.xlsx
DK-571313134712404699,Denmark,Thor,Thor,North Sea,56.411065,7.701908,14.7,2026-03-16,,ENS,9FF2FEBA-CEFC-4570-9052-E430239F5A03,0,28.1,ens_vinddata.xlsx
DK-571313134713404650,Denmark,Vesterhav Nord,Vesterhav,North Sea,56.58015,8.025858,8.4,2024-02-24,,ENS,0B053315-00F1-4F25-9DC9-491CB9791452,0,8.5,ens_vinddata.xlsx
DK-571313134713404698,Denmark,Thor,Thor,North Sea,56.415068,7.733717,14.7,2026-02-23,,ENS,9FF2FEBA-CEFC-4570-9052-E430239F5A03,0,26.1,ens_vinddata.xlsx
DK-571313134714404659,Denmark,Vesterhav Nord,Vesterhav,North Sea,56.573758,8.02599,8.4,2024-03-03,,ENS,0B053315-00F1-4F25-9DC9-491CB9791452,0,8.1,ens_vinddata.xlsx
DK-571313134714404697,Denmark,Thor,Thor,North Sea,56.397244,7.640187,14.7,2026-05-05,,ENS,9FF2FEBA-CEFC-4570-9052-E430239F5A03,0,32.3,ens_vinddata.xlsx
DK-571313134715404658,Denmark,Vesterhav Nord,Vesterhav,North Sea,56.56739,8.026056,8.4,2024-02-22,,ENS,0B053315-00F1-4F25-9DC9-491CB9791452,0,7.6,ens_vinddata.xlsx
DK-571313134715404696,Denmark,Thor,Thor,North Sea,56.394943,7.679033,14.7,2026-04-26,,ENS,9FF2FEBA-CEFC-4570-9052-E430239F5A03,0,30.1,ens_vinddata.xlsx
DK-571313134716404657,Denmark,Vesterhav Nord,Vesterhav,North Sea,56.560979,8.026123,8.4,2024-02-22,,ENS,0B053315-00F1-4F25-9DC9-491CB9791452,0,7.3,ens_vinddata.xlsx
DK-571313134716404695,Denmark,Thor,Thor,North Sea,56.396426,7.73347,14.7,2026-02-23,,ENS,9FF2FEBA-CEFC-4570-9052-E430239F5A03,0,27.0,ens_vinddata.xlsx
DK-571313134717404656,Denmark,Vesterhav Nord,Vesterhav,North Sea,56.554596,8.026208,8.4,2024-02-20,,ENS,0B053315-00F1-4F25-9DC9-491CB9791452,0,7.0,ens_vinddata.xlsx
DK-571313134717404694,Denmark,Thor,Thor,North Sea,56.404727,7.7605,14.7,2026-02-23,,ENS,9FF2FEBA-CEFC-4570-9052-E430239F5A03,0,25.1,ens_vinddata.xlsx
DK-571313134718404655,Denmark,Vesterhav Nord,Vesterhav,North Sea,56.548214,8.026292,8.4,2024-02-19,,ENS,0B053315-00F1-4F25-9DC9-491CB9791452,0,6.7,ens_vinddata.xlsx
DK-571313134718404693,Denmark,Thor,Thor,North Sea,56.383454,7.63892,14.7,2026-02-23,,ENS,9FF2FEBA-CEFC-4570-9052-E430239F5A03,0,32.9,ens_vinddata.xlsx
DK-571313134719404654,Denmark,Vesterhav Nord,Vesterhav,North Sea,56.541831,8.026376,8.4,2024-02-18,,ENS,0B053315-00F1-4F25-9DC9-491CB9791452,0,6.5,ens_vinddata.xlsx
DK-571313134719404692,Denmark,Thor,Thor,North Sea,56.385324,7.663902,14.7,2026-05-01,,ENS,9FF2FEBA-CEFC-4570-9052-E430239F5A03,0,31.4,ens_vinddata.xlsx
DK-571313134720404650,Denmark,Vesterhav Nord,Vesterhav,North Sea,56.535448,8.026461,8.4,2024-02-18,,ENS,0B053315-00F1-4F25-9DC9-491CB9791452,0,6.3,ens_vinddata.xlsx
DK-571313134720404698,Denmark,Thor,Thor,North Sea,56.387857,7.70269,14.7,2026-04-09,,ENS,9FF2FEBA-CEFC-4570-9052-E430239F5A03,0,29.1,ens_vinddata.xlsx
DK-571313134721404659,Denmark,Vesterhav Nord,Vesterhav,North Sea,56.529065,8.026545,8.4,2024-02-18,,ENS,0B053315-00F1-4F25-9DC9-491CB9791452,0,6.0,ens_vinddata.xlsx
DK-571313134721404697,Denmark,Thor,Thor,North Sea,56.381161,7.730234,14.7,2026-02-23,,ENS,9FF2FEBA-CEFC-4570-9052-E430239F5A03,0,27.9,ens_vinddata.xlsx
DK-571313134722404696,Denmark,Thor,Thor,North Sea,56.390535,7.757067,14.7,2026-02-23,,ENS,9FF2FEBA-CEFC-4570-9052-E430239F5A03,0,26.0,ens_vinddata.xlsx
DK-571313134723404695,Denmark,Thor,Thor,North Sea,56.368688,7.645085,14.7,2026-02-23,,ENS,9FF2FEBA-CEFC-4570-9052-E430239F5A03,0,33.2,ens_vinddata.xlsx
DK-571313134724404694,Denmark,Thor,Thor,North Sea,56.370849,7.668326,14.7,2026-05-15,,ENS,9FF2FEBA-CEFC-4570-9052-E430239F5A03,0,31.9,ens_vinddata.xlsx
DK-571313134725404693,Denmark,Thor,Thor,North Sea,56.375142,7.703406,14.7,2026-04-14,,ENS,9FF2FEBA-CEFC-4570-9052-E430239F5A03,0,29.7,ens_vinddata.xlsx
DK-571313134726404692,Denmark,Thor,Thor,North Sea,56.366513,7.732242,14.7,2026-02-23,,ENS,9FF2FEBA-CEFC-4570-9052-E430239F5A03,0,28.6,ens_vinddata.xlsx
DK-571313134727404691,Denmark,Thor,Thor,North Sea,56.376883,7.757485,14.7,2026-02-23,,ENS,9FF2FEBA-CEFC-4570-9052-E430239F5A03,0,26.7,ens_vinddata.xlsx
DK-571313134728404690,Denmark,Thor,Thor,North Sea,56.355122,7.626156,14.7,2026-05-15,,ENS,9FF2FEBA-CEFC-4570-9052-E430239F5A03,0,35.0,ens_vinddata.xlsx
DK-571313134729404699,Denmark,Thor,Thor,North Sea,56.355754,7.664944,14.7,2026-05-21,,ENS,9FF2FEBA-CEFC-4570-9052-E430239F5A03,0,32.8,ens_vinddata.xlsx
DK-571313134730404695,Denmark,Thor,Thor,North Sea,56.352883,7.703945,14.7,2026-06-11,,ENS,9FF2FEBA-CEFC-4570-9052-E430239F5A03,0,30.4,ens_vinddata.xlsx
DK-571313134731404694,Denmark,Thor,Thor,North Sea,56.359171,7.758042,14.7,2026-02-23,,ENS,9FF2FEBA-CEFC-4570-9052-E430239F5A03,0,27.5,ens_vinddata.xlsx
DK-571313134732404693,Denmark,Thor,Thor,North Sea,56.336243,7.568642,14.7,2026-05-19,,ENS,9FF2FEBA-CEFC-4570-9052-E430239F5A03,0,37.9,ens_vinddata.xlsx
DK-571313134733404692,Denmark,Thor,Thor,North Sea,56.33804,7.596499,14.7,2026-05-16,,ENS,9FF2FEBA-CEFC-4570-9052-E430239F5A03,0,36.3,ens_vinddata.xlsx
DK-571313134734404691,Denmark,Thor,Thor,North Sea,56.338282,7.621464,14.7,2026-05-25,,ENS,9FF2FEBA-CEFC-4570-9052-E430239F5A03,0,34.8,ens_vinddata.xlsx
DK-571313134735404690,Denmark,Thor,Thor,North Sea,56.342634,7.649836,14.7,2026-07-14,,ENS,9FF2FEBA-CEFC-4570-9052-E430239F5A03,0,33.2,ens_vinddata.xlsx
DK-571313134736404699,Denmark,Thor,Thor,North Sea,56.340412,7.684941,14.7,2026-07-17,,ENS,9FF2FEBA-CEFC-4570-9052-E430239F5A03,0,31.1,ens_vinddata.xlsx
DK-571313134737404698,Denmark,Thor,Thor,North Sea,56.342088,7.719744,14.7,2026-08-15,,ENS,9FF2FEBA-CEFC-4570-9052-E430239F5A03,0,29.1,ens_vinddata.xlsx
DK-571313134738404697,Denmark,Thor,Thor,North Sea,56.346256,7.758423,14.7,2026-06-08,,ENS,9FF2FEBA-CEFC-4570-9052-E430239F5A03,0,27.0,ens_vinddata.xlsx
DK-571313134739404696,Denmark,Thor,Thor,North Sea,56.319941,7.583769,14.7,2026-02-23,,ENS,9FF2FEBA-CEFC-4570-9052-E430239F5A03,0,36.6,ens_vinddata.xlsx
DK-571313134740404692,Denmark,Thor,Thor,North Sea,56.324967,7.615526,14.7,2026-06-05,,ENS,9FF2FEBA-CEFC-4570-9052-E430239F5A03,0,34.8,ens_vinddata.xlsx
DK-571313134741404691,Denmark,Thor,Thor,North Sea,56.326486,7.658158,14.7,2026-07-20,,ENS,9FF2FEBA-CEFC-4570-9052-E430239F5A03,0,32.3,ens_vinddata.xlsx
DK-571313134742404690,Denmark,Thor,Thor,North Sea,56.327561,7.689123,14.7,2026-05-24,,ENS,9FF2FEBA-CEFC-4570-9052-E430239F5A03,0,30.4,ens_vinddata.xlsx
DK-571313134743404699,Denmark,Thor,Thor,North Sea,56.33,7.73192,14.7,2026-08-09,,ENS,9FF2FEBA-CEFC-4570-9052-E430239F5A03,0,27.9,ens_vinddata.xlsx
DK-571313134744404698,Denmark,Thor,Thor,North Sea,56.333511,7.758857,14.7,2026-02-23,,ENS,9FF2FEBA-CEFC-4570-9052-E430239F5A03,0,26.5,ens_vinddata.xlsx
DK-571313134745404697,Denmark,Thor,Thor,North Sea,56.302742,7.585348,14.7,2026-06-08,,ENS,9FF2FEBA-CEFC-4570-9052-E430239F5A03,0,36.3,ens_vinddata.xlsx
DK-571313134746404696,Denmark,Thor,Thor,North Sea,56.308997,7.608385,14.7,2026-07-29,,ENS,9FF2FEBA-CEFC-4570-9052-E430239F5A03,0,34.9,ens_vinddata.xlsx
DK-571313134747404695,Denmark,Thor,Thor,North Sea,56.311596,7.635505,14.7,2026-08-01,,ENS,9FF2FEBA-CEFC-4570-9052-E430239F5A03,0,33.3,ens_vinddata.xlsx
DK-571313134748404694,Denmark,Thor,Thor,North Sea,56.313762,7.666437,14.7,2026-05-29,,ENS,9FF2FEBA-CEFC-4570-9052-E430239F5A03,0,31.5,ens_vinddata.xlsx
DK-571313134749404693,Denmark,Thor,Thor,North Sea,56.314425,7.701392,14.7,2026-08-17,,ENS,9FF2FEBA-CEFC-4570-9052-E430239F5A03,0,29.4,ens_vinddata.xlsx
DK-571313134750404699,Denmark,Thor,Thor,North Sea,56.315489,7.740081,14.7,2026-02-23,,ENS,9FF2FEBA-CEFC-4570-9052-E430239F5A03,0,27.1,ens_vinddata.xlsx
DK-571313134751404698,Denmark,Thor,Thor,North Sea,56.31752,7.763309,14.7,2026-02-23,,ENS,9FF2FEBA-CEFC-4570-9052-E430239F5A03,0,25.7,ens_vinddata.xlsx
DK-571313134752404697,Denmark,Thor,Thor,North Sea,56.294206,7.608948,14.7,2026-07-29,,ENS,9FF2FEBA-CEFC-4570-9052-E430239F5A03,0,34.7,ens_vinddata.xlsx
DK-571313134753404696,Denmark,Thor,Thor,North Sea,56.296667,7.647562,14.7,2026-05-29,,ENS,9FF2FEBA-CEFC-4570-9052-E430239F5A03,0,32.3,ens_vinddata.xlsx
DK-571313134754404695,Denmark,Thor,Thor,North Sea,56.297379,7.674761,14.7,2026-09-04,,ENS,9FF2FEBA-CEFC-4570-9052-E430239F5A03,0,30.7,ens_vinddata.xlsx
DK-571313134755404694,Denmark,Thor,Thor,North Sea,56.297501,7.705683,14.7,2026-08-21,,ENS,9FF2FEBA-CEFC-4570-9052-E430239F5A03,0,28.8,ens_vinddata.xlsx
DK-571313134756404693,Denmark,Thor,Thor,North Sea,56.291698,7.736975,14.7,2026-08-30,,ENS,9FF2FEBA-CEFC-4570-9052-E430239F5A03,0,26.8,ens_vinddata.xlsx
DK-571313134757404692,Denmark,Thor,Thor,North Sea,56.300047,7.763893,14.7,2026-02-23,,ENS,9FF2FEBA-CEFC-4570-9052-E430239F5A03,0,25.3,ens_vinddata.xlsx
DK-571313134758404691,Denmark,Thor,Thor,North Sea,56.281122,7.609439,14.7,2026-08-04,,ENS,9FF2FEBA-CEFC-4570-9052-E430239F5A03,0,34.5,ens_vinddata.xlsx
DK-571313134759404690,Denmark,Thor,Thor,North Sea,56.274391,7.632843,14.7,2026-08-08,,ENS,9FF2FEBA-CEFC-4570-9052-E430239F5A03,0,33.1,ens_vinddata.xlsx
DK-571313134760404696,Denmark,Thor,Thor,North Sea,56.277651,7.659931,14.7,2026-09-06,,ENS,9FF2FEBA-CEFC-4570-9052-E430239F5A03,0,31.4,ens_vinddata.xlsx
DK-571313134761404695,Denmark,Thor,Thor,North Sea,56.279349,7.690772,14.7,2026-02-23,,ENS,9FF2FEBA-CEFC-4570-9052-E430239F5A03,0,29.5,ens_vinddata.xlsx
DK-571313134762404694,Denmark,Thor,Thor,North Sea,56.274519,7.729728,14.7,2026-02-23,,ENS,9FF2FEBA-CEFC-4570-9052-E430239F5A03,0,27.1,ens_vinddata.xlsx
DK-571313134763404693,Denmark,Thor,Thor,North Sea,56.284409,7.768251,14.7,2026-02-23,,ENS,9FF2FEBA-CEFC-4570-9052-E430239F5A03,0,24.8,ens_vinddata.xlsx
DK-571313134764404692,Denmark,Thor,Thor,North Sea,56.257735,7.648515,14.7,2026-06-03,,ENS,9FF2FEBA-CEFC-4570-9052-E430239F5A03,0,32.1,ens_vinddata.xlsx
DK-571313134765404691,Denmark,Thor,Thor,North Sea,56.263582,7.672059,14.7,2026-02-23,,ENS,9FF2FEBA-CEFC-4570-9052-E430239F5A03,0,30.6,ens_vinddata.xlsx
DK-571313134766404690,Denmark,Thor,Thor,North Sea,56.257566,7.714776,14.7,2026-02-23,,ENS,9FF2FEBA-CEFC-4570-9052-E430239F5A03,0,27.9,ens_vinddata.xlsx
DK-571313134767404699,Denmark,Thor,Thor,North Sea,56.258752,7.751601,14.7,2026-02-23,,ENS,9FF2FEBA-CEFC-4570-9052-E430239F5A03,0,25.7,ens_vinddata.xlsx
DK-571313134768404698,Denmark,Thor,Thor,North Sea,56.270005,7.768707,14.7,2026-02-23,,ENS,9FF2FEBA-CEFC-4570-9052-E430239F5A03,0,24.6,ens_vinddata.xlsx
DK-571313134769404697,Denmark,Thor,Thor,North Sea,56.244818,7.645604,14.7,2026-06-03,,ENS,9FF2FEBA-CEFC-4570-9052-E430239F5A03,0,32.3,ens_vinddata.xlsx
DK-571313134770404693,Denmark,Thor,Thor,North Sea,56.245112,7.672776,14.7,2026-02-23,,ENS,9FF2FEBA-CEFC-4570-9052-E430239F5A03,0,30.6,ens_vinddata.xlsx
DK-571313134771404692,Denmark,Thor,Thor,North Sea,56.245638,7.72278,14.7,2026-02-23,,ENS,9FF2FEBA-CEFC-4570-9052-E430239F5A03,0,27.5,ens_vinddata.xlsx
DK-571313134772404691,Denmark,Thor,Thor,North Sea,56.24615,7.773368,14.7,2026-02-23,,ENS,9FF2FEBA-CEFC-4570-9052-E430239F5A03,0,24.4,ens_vinddata.xlsx
PT-Buitengaats_-0000,Netherlands,Buitengaats / Gemini I,Dutch farms,North Sea,54.065767,5.992856,2.1429,2016-03-11,,polygon grid 500 m,Buitengaats / Gemini I,0,69.9,farms_manual.csv
PT-Buitengaats_-0001,Netherlands,Buitengaats / Gemini I,Dutch farms,North Sea,54.070252,5.992427,2.1429,2016-03-13,,polygon grid 500 m,Buitengaats / Gemini I,0,70.3,farms_manual.csv
PT-Buitengaats_-0002,Netherlands,Buitengaats / Gemini I,Dutch farms,North Sea,54.048075,6.002194,2.1429,2016-03-14,,polygon grid 500 m,Buitengaats / Gemini I,0,68.0,farms_manual.csv
PT-Buitengaats_-0003,Netherlands,Buitengaats / Gemini I,Dutch farms,North Sea,54.05256,6.001766,2.1429,2016-03-16,,polygon grid 500 m,Buitengaats / Gemini I,0,68.4,farms_manual.csv
PT-Buitengaats_-0004,Netherlands,Buitengaats / Gemini I,Dutch farms,North Sea,54.057045,6.001337,2.1429,2016-03-17,,polygon grid 500 m,Buitengaats / Gemini I,0,68.8,farms_manual.csv
PT-Buitengaats_-0005,Netherlands,Buitengaats / Gemini I,Dutch farms,North Sea,54.06153,6.000909,2.1429,2016-03-19,,polygon grid 500 m,Buitengaats / Gemini I,0,69.2,farms_manual.csv
PT-Buitengaats_-0006,Netherlands,Buitengaats / Gemini I,Dutch farms,North Sea,54.066015,6.000481,2.1429,2016-03-20,,polygon grid 500 m,Buitengaats / Gemini I,0,69.6,farms_manual.csv
PT-Buitengaats_-0007,Netherlands,Buitengaats / Gemini I,Dutch farms,North Sea,54.0705,6.000052,2.1429,2016-03-22,,polygon grid 500 m,Buitengaats / Gemini I,0,70.0,farms_manual.csv
PT-Buitengaats_-0008,Netherlands,Buitengaats / Gemini I,Dutch farms,North Sea,54.034868,6.011096,2.1429,2016-03-24,,polygon grid 500 m,Buitengaats / Gemini I,0,66.6,farms_manual.csv
PT-Buitengaats_-0009,Netherlands,Buitengaats / Gemini I,Dutch farms,North Sea,54.039353,6.01067,2.1429,2016-03-25,,polygon grid 500 m,Buitengaats / Gemini I,0,66.9,farms_manual.csv
PT-Buitengaats_-0010,Netherlands,Buitengaats / Gemini I,Dutch farms,North Sea,54.043838,6.010243,2.1429,2016-03-27,,polygon grid 500 m,Buitengaats / Gemini I,0,67.3,farms_manual.csv
PT-Buitengaats_-0011,Netherlands,Buitengaats / Gemini I,Dutch farms,North Sea,54.048323,6.009816,2.1429,2016-03-28,,polygon grid 500 m,Buitengaats / Gemini I,0,67.7,farms_manual.csv
PT-Buitengaats_-0012,Netherlands,Buitengaats / Gemini I,Dutch farms,North Sea,54.052808,6.009388,2.1429,2016-03-30,,polygon grid 500 m,Buitengaats / Gemini I,0,68.1,farms_manual.csv
PT-Buitengaats_-0013,Netherlands,Buitengaats / Gemini I,Dutch farms,North Sea,54.057293,6.008961,2.1429,2016-03-31,,polygon grid 500 m,Buitengaats / Gemini I,0,68.5,farms_manual.csv
PT-Buitengaats_-0014,Netherlands,Buitengaats / Gemini I,Dutch farms,North Sea,54.061778,6.008534,2.1429,2016-04-02,,polygon grid 500 m,Buitengaats / Gemini I,0,68.9,farms_manual.csv
PT-Buitengaats_-0015,Netherlands,Buitengaats / Gemini I,Dutch farms,North Sea,54.066263,6.008106,2.1429,2016-04-04,,polygon grid 500 m,Buitengaats / Gemini I,0,69.3,farms_manual.csv
PT-Buitengaats_-0016,Netherlands,Buitengaats / Gemini I,Dutch farms,North Sea,54.070748,6.007678,2.1429,2016-04-05,,polygon grid 500 m,Buitengaats / Gemini I,0,69.7,farms_manual.csv
PT-Buitengaats_-0017,Netherlands,Buitengaats / Gemini I,Dutch farms,North Sea,54.017174,6.020419,2.1429,2016-04-07,,polygon grid 500 m,Buitengaats / Gemini I,0,64.7,farms_manual.csv
PT-Buitengaats_-0018,Netherlands,Buitengaats / Gemini I,Dutch farms,North Sea,54.021659,6.019994,2.1429,2016-04-08,,polygon grid 500 m,Buitengaats / Gemini I,0,65.1,farms_manual.csv
PT-Buitengaats_-0019,Netherlands,Buitengaats / Gemini I,Dutch farms,North Sea,54.026145,6.019568,2.1429,2016-04-10,,polygon grid 500 m,Buitengaats / Gemini I,0,65.5,farms_manual.csv
PT-Buitengaats_-0020,Netherlands,Buitengaats / Gemini I,Dutch farms,North Sea,54.03063,6.019142,2.1429,2016-04-11,,polygon grid 500 m,Buitengaats / Gemini I,0,65.9,farms_manual.csv
PT-Buitengaats_-0021,Netherlands,Buitengaats / Gemini I,Dutch farms,North Sea,54.035115,6.018716,2.1429,2016-04-13,,polygon grid 500 m,Buitengaats / Gemini I,0,66.2,farms_manual.csv
PT-Buitengaats_-0022,Netherlands,Buitengaats / Gemini I,Dutch farms,North Sea,54.0396,6.01829,2.1429,2016-04-15,,polygon grid 500 m,Buitengaats / Gemini I,0,66.6,farms_manual.csv
PT-Buitengaats_-0023,Netherlands,Buitengaats / Gemini I,Dutch farms,North Sea,54.044085,6.017864,2.1429,2016-04-16,,polygon grid 500 m,Buitengaats / Gemini I,0,67.0,farms_manual.csv
PT-Buitengaats_-0024,Netherlands,Buitengaats / Gemini I,Dutch farms,North Sea,54.04857,6.017438,2.1429,2016-04-18,,polygon grid 500 m,Buitengaats / Gemini I,0,67.4,farms_manual.csv
PT-Buitengaats_-0025,Netherlands,Buitengaats / Gemini I,Dutch farms,North Sea,54.053055,6.017011,2.1429,2016-04-19,,polygon grid 500 m,Buitengaats / Gemini I,0,67.8,farms_manual.csv
PT-Buitengaats_-0026,Netherlands,Buitengaats / Gemini I,Dutch farms,North Sea,54.05754,6.016585,2.1429,2016-04-21,,polygon grid 500 m,Buitengaats / Gemini I,0,68.2,farms_manual.csv
PT-Buitengaats_-0027,Netherlands,Buitengaats / Gemini I,Dutch farms,North Sea,54.062026,6.016158,2.1429,2016-04-22,,polygon grid 500 m,Buitengaats / Gemini I,0,68.6,farms_manual.csv
PT-Buitengaats_-0028,Netherlands,Buitengaats / Gemini I,Dutch farms,North Sea,54.066511,6.015731,2.1429,2016-04-24,,polygon grid 500 m,Buitengaats / Gemini I,0,69.0,farms_manual.csv
PT-Buitengaats_-0029,Netherlands,Buitengaats / Gemini I,Dutch farms,North Sea,54.070996,6.015305,2.1429,2016-04-25,,polygon grid 500 m,Buitengaats / Gemini I,0,69.4,farms_manual.csv
PT-Buitengaats_-0030,Netherlands,Buitengaats / Gemini I,Dutch farms,North Sea,54.008451,6.028885,2.1429,2016-04-27,,polygon grid 500 m,Buitengaats / Gemini I,0,63.6,farms_manual.csv
PT-Buitengaats_-0031,Netherlands,Buitengaats / Gemini I,Dutch farms,North Sea,54.012936,6.02846,2.1429,2016-04-29,,polygon grid 500 m,Buitengaats / Gemini I,0,64.0,farms_manual.csv
PT-Buitengaats_-0032,Netherlands,Buitengaats / Gemini I,Dutch farms,North Sea,54.017421,6.028036,2.1429,2016-04-30,,polygon grid 500 m,Buitengaats / Gemini I,0,64.4,farms_manual.csv
PT-Buitengaats_-0033,Netherlands,Buitengaats / Gemini I,Dutch farms,North Sea,54.021906,6.027611,2.1429,2016-05-02,,polygon grid 500 m,Buitengaats / Gemini I,0,64.8,farms_manual.csv
PT-Buitengaats_-0034,Netherlands,Buitengaats / Gemini I,Dutch farms,North Sea,54.026391,6.027186,2.1429,2016-05-03,,polygon grid 500 m,Buitengaats / Gemini I,0,65.1,farms_manual.csv
PT-Buitengaats_-0035,Netherlands,Buitengaats / Gemini I,Dutch farms,North Sea,54.030876,6.026761,2.1429,2016-05-05,,polygon grid 500 m,Buitengaats / Gemini I,0,65.5,farms_manual.csv
PT-Buitengaats_-0036,Netherlands,Buitengaats / Gemini I,Dutch farms,North Sea,54.035362,6.026336,2.1429,2016-05-06,,polygon grid 500 m,Buitengaats / Gemini I,0,65.9,farms_manual.csv
PT-Buitengaats_-0037,Netherlands,Buitengaats / Gemini I,Dutch farms,North Sea,54.039847,6.025911,2.1429,2016-05-08,,polygon grid 500 m,Buitengaats / Gemini I,0,66.3,farms_manual.csv
PT-Buitengaats_-0038,Netherlands,Buitengaats / Gemini I,Dutch farms,North Sea,54.044332,6.025485,2.1429,2016-05-10,,polygon grid 500 m,Buitengaats / Gemini I,0,66.7,farms_manual.csv
PT-Buitengaats_-0039,Netherlands,Buitengaats / Gemini I,Dutch farms,North Sea,54.048817,6.02506,2.1429,2016-05-11,,polygon grid 500 m,Buitengaats / Gemini I,0,67.1,farms_manual.csv
PT-Buitengaats_-0040,Netherlands,Buitengaats / Gemini I,Dutch farms,North Sea,54.053302,6.024634,2.1429,2016-05-13,,polygon grid 500 m,Buitengaats / Gemini I,0,67.5,farms_manual.csv
PT-Buitengaats_-0041,Netherlands,Buitengaats / Gemini I,Dutch farms,North Sea,54.057787,6.024208,2.1429,2016-05-14,,polygon grid 500 m,Buitengaats / Gemini I,0,67.9,farms_manual.csv
PT-Buitengaats_-0042,Netherlands,Buitengaats / Gemini I,Dutch farms,North Sea,54.062273,6.023783,2.1429,2016-05-16,,polygon grid 500 m,Buitengaats / Gemini I,0,68.3,farms_manual.csv
PT-Buitengaats_-0043,Netherlands,Buitengaats / Gemini I,Dutch farms,North Sea,54.066758,6.023357,2.1429,2016-05-17,,polygon grid 500 m,Buitengaats / Gemini I,0,68.7,farms_manual.csv
PT-Buitengaats_-0044,Netherlands,Buitengaats / Gemini I,Dutch farms,North Sea,54.071243,6.022931,2.1429,2016-05-19,,polygon grid 500 m,Buitengaats / Gemini I,0,69.0,farms_manual.csv
PT-Buitengaats_-0045,Netherlands,Buitengaats / Gemini I,Dutch farms,North Sea,54.004212,6.036924,2.1429,2016-05-21,,polygon grid 500 m,Buitengaats / Gemini I,0,62.9,farms_manual.csv
PT-Buitengaats_-0046,Netherlands,Buitengaats / Gemini I,Dutch farms,North Sea,54.008697,6.0365,2.1429,2016-05-22,,polygon grid 500 m,Buitengaats / Gemini I,0,63.3,farms_manual.csv
PT-Buitengaats_-0047,Netherlands,Buitengaats / Gemini I,Dutch farms,North Sea,54.013182,6.036076,2.1429,2016-05-24,,polygon grid 500 m,Buitengaats / Gemini I,0,63.7,farms_manual.csv
PT-Buitengaats_-0048,Netherlands,Buitengaats / Gemini I,Dutch farms,North Sea,54.017667,6.035652,2.1429,2016-05-25,,polygon grid 500 m,Buitengaats / Gemini I,0,64.1,farms_manual.csv
PT-Buitengaats_-0049,Netherlands,Buitengaats / Gemini I,Dutch farms,North Sea,54.022152,6.035228,2.1429,2016-05-27,,polygon grid 500 m,Buitengaats / Gemini I,0,64.4,farms_manual.csv
PT-Buitengaats_-0050,Netherlands,Buitengaats / Gemini I,Dutch farms,North Sea,54.026638,6.034804,2.1429,2016-05-28,,polygon grid 500 m,Buitengaats / Gemini I,0,64.8,farms_manual.csv
PT-Buitengaats_-0051,Netherlands,Buitengaats / Gemini I,Dutch farms,North Sea,54.031123,6.03438,2.1429,2016-05-30,,polygon grid 500 m,Buitengaats / Gemini I,0,65.2,farms_manual.csv
PT-Buitengaats_-0052,Netherlands,Buitengaats / Gemini I,Dutch farms,North Sea,54.035608,6.033956,2.1429,2016-06-01,,polygon grid 500 m,Buitengaats / Gemini I,0,65.6,farms_manual.csv
PT-Buitengaats_-0053,Netherlands,Buitengaats / Gemini I,Dutch farms,North Sea,54.040093,6.033531,2.1429,2016-06-02,,polygon grid 500 m,Buitengaats / Gemini I,0,66.0,farms_manual.csv
PT-Buitengaats_-0054,Netherlands,Buitengaats / Gemini I,Dutch farms,North Sea,54.044578,6.033107,2.1429,2016-06-04,,polygon grid 500 m,Buitengaats / Gemini I,0,66.4,farms_manual.csv
PT-Buitengaats_-0055,Netherlands,Buitengaats / Gemini I,Dutch farms,North Sea,54.049063,6.032682,2.1429,2016-06-05,,polygon grid 500 m,Buitengaats / Gemini I,0,66.8,farms_manual.csv
PT-Buitengaats_-0056,Netherlands,Buitengaats / Gemini I,Dutch farms,North Sea,54.053549,6.032257,2.1429,2016-06-07,,polygon grid 500 m,Buitengaats / Gemini I,0,67.2,farms_manual.csv
PT-Buitengaats_-0057,Netherlands,Buitengaats / Gemini I,Dutch farms,North Sea,54.058034,6.031832,2.1429,2016-06-08,,polygon grid 500 m,Buitengaats / Gemini I,0,67.6,farms_manual.csv
PT-Buitengaats_-0058,Netherlands,Buitengaats / Gemini I,Dutch farms,North Sea,54.062519,6.031407,2.1429,2016-06-10,,polygon grid 500 m,Buitengaats / Gemini I,0,67.9,farms_manual.csv
PT-Buitengaats_-0059,Netherlands,Buitengaats / Gemini I,Dutch farms,North Sea,54.067004,6.030982,2.1429,2016-06-12,,polygon grid 500 m,Buitengaats / Gemini I,0,68.3,farms_manual.csv
PT-Buitengaats_-0060,Netherlands,Buitengaats / Gemini I,Dutch farms,North Sea,54.071489,6.030557,2.1429,2016-06-13,,polygon grid 500 m,Buitengaats / Gemini I,0,68.7,farms_manual.csv
PT-Buitengaats_-0061,Netherlands,Buitengaats / Gemini I,Dutch farms,North Sea,54.004457,6.044538,2.1429,2016-06-15,,polygon grid 500 m,Buitengaats / Gemini I,0,62.6,farms_manual.csv
PT-Buitengaats_-0062,Netherlands,Buitengaats / Gemini I,Dutch farms,North Sea,54.008942,6.044115,2.1429,2016-06-16,,polygon grid 500 m,Buitengaats / Gemini I,0,63.0,farms_manual.csv
PT-Buitengaats_-0063,Netherlands,Buitengaats / Gemini I,Dutch farms,North Sea,54.013428,6.043692,2.1429,2016-06-18,,polygon grid 500 m,Buitengaats / Gemini I,0,63.4,farms_manual.csv
PT-Buitengaats_-0064,Netherlands,Buitengaats / Gemini I,Dutch farms,North Sea,54.017913,6.043269,2.1429,2016-06-19,,polygon grid 500 m,Buitengaats / Gemini I,0,63.7,farms_manual.csv
PT-Buitengaats_-0065,Netherlands,Buitengaats / Gemini I,Dutch farms,North Sea,54.022398,6.042846,2.1429,2016-06-21,,polygon grid 500 m,Buitengaats / Gemini I,0,64.1,farms_manual.csv
PT-Buitengaats_-0066,Netherlands,Buitengaats / Gemini I,Dutch farms,North Sea,54.026883,6.042422,2.1429,2016-06-23,,polygon grid 500 m,Buitengaats / Gemini I,0,64.5,farms_manual.csv
PT-Buitengaats_-0067,Netherlands,Buitengaats / Gemini I,Dutch farms,North Sea,54.031369,6.041999,2.1429,2016-06-24,,polygon grid 500 m,Buitengaats / Gemini I,0,64.9,farms_manual.csv
PT-Buitengaats_-0068,Netherlands,Buitengaats / Gemini I,Dutch farms,North Sea,54.035854,6.041575,2.1429,2016-06-26,,polygon grid 500 m,Buitengaats / Gemini I,0,65.3,farms_manual.csv
PT-Buitengaats_-0069,Netherlands,Buitengaats / Gemini I,Dutch farms,North Sea,54.040339,6.041152,2.1429,2016-06-27,,polygon grid 500 m,Buitengaats / Gemini I,0,65.7,farms_manual.csv
PT-Buitengaats_-0070,Netherlands,Buitengaats / Gemini I,Dutch farms,North Sea,54.044824,6.040728,2.1429,2016-06-29,,polygon grid 500 m,Buitengaats / Gemini I,0,66.1,farms_manual.csv
PT-Buitengaats_-0071,Netherlands,Buitengaats / Gemini I,Dutch farms,North Sea,54.049309,6.040304,2.1429,2016-06-30,,polygon grid 500 m,Buitengaats / Gemini I,0,66.5,farms_manual.csv
PT-Buitengaats_-0072,Netherlands,Buitengaats / Gemini I,Dutch farms,North Sea,54.053795,6.03988,2.1429,2016-07-02,,polygon grid 500 m,Buitengaats / Gemini I,0,66.9,farms_manual.csv
PT-Buitengaats_-0073,Netherlands,Buitengaats / Gemini I,Dutch farms,North Sea,54.05828,6.039456,2.1429,2016-07-03,,polygon grid 500 m,Buitengaats / Gemini I,0,67.2,farms_manual.csv
PT-Buitengaats_-0074,Netherlands,Buitengaats / Gemini I,Dutch farms,North Sea,54.062765,6.039032,2.1429,2016-07-05,,polygon grid 500 m,Buitengaats / Gemini I,0,67.6,farms_manual.csv
PT-Buitengaats_-0075,Netherlands,Buitengaats / Gemini I,Dutch farms,North Sea,54.06725,6.038608,2.1429,2016-07-07,,polygon grid 500 m,Buitengaats / Gemini I,0,68.0,farms_manual.csv
PT-Buitengaats_-0076,Netherlands,Buitengaats / Gemini I,Dutch farms,North Sea,54.071735,6.038183,2.1429,2016-07-08,,polygon grid 500 m,Buitengaats / Gemini I,0,68.4,farms_manual.csv
PT-Buitengaats_-0077,Netherlands,Buitengaats / Gemini I,Dutch farms,North Sea,54.004702,6.052152,2.1429,2016-07-10,,polygon grid 500 m,Buitengaats / Gemini I,0,62.3,farms_manual.csv
PT-Buitengaats_-0078,Netherlands,Buitengaats / Gemini I,Dutch farms,North Sea,54.009188,6.05173,2.1429,2016-07-11,,polygon grid 500 m,Buitengaats / Gemini I,0,62.7,farms_manual.csv
PT-Buitengaats_-0079,Netherlands,Buitengaats / Gemini I,Dutch farms,North Sea,54.013673,6.051308,2.1429,2016-07-13,,polygon grid 500 m,Buitengaats / Gemini I,0,63.0,farms_manual.csv
PT-Buitengaats_-0080,Netherlands,Buitengaats / Gemini I,Dutch farms,North Sea,54.018158,6.050886,2.1429,2016-07-14,,polygon grid 500 m,Buitengaats / Gemini I,0,63.4,farms_manual.csv
PT-Buitengaats_-0081,Netherlands,Buitengaats / Gemini I,Dutch farms,North Sea,54.022643,6.050463,2.1429,2016-07-16,,polygon grid 500 m,Buitengaats / Gemini I,0,63.8,farms_manual.csv
PT-Buitengaats_-0082,Netherlands,Buitengaats / Gemini I,Dutch farms,North Sea,54.027129,6.050041,2.1429,2016-07-18,,polygon grid 500 m,Buitengaats / Gemini I,0,64.2,farms_manual.csv
PT-Buitengaats_-0083,Netherlands,Buitengaats / Gemini I,Dutch farms,North Sea,54.031614,6.049618,2.1429,2016-07-19,,polygon grid 500 m,Buitengaats / Gemini I,0,64.6,farms_manual.csv
PT-Buitengaats_-0084,Netherlands,Buitengaats / Gemini I,Dutch farms,North Sea,54.036099,6.049195,2.1429,2016-07-21,,polygon grid 500 m,Buitengaats / Gemini I,0,65.0,farms_manual.csv
PT-Buitengaats_-0085,Netherlands,Buitengaats / Gemini I,Dutch farms,North Sea,54.040584,6.048773,2.1429,2016-07-22,,polygon grid 500 m,Buitengaats / Gemini I,0,65.4,farms_manual.csv
PT-Buitengaats_-0086,Netherlands,Buitengaats / Gemini I,Dutch farms,North Sea,54.04507,6.04835,2.1429,2016-07-24,,polygon grid 500 m,Buitengaats / Gemini I,0,65.8,farms_manual.csv
PT-Buitengaats_-0087,Netherlands,Buitengaats / Gemini I,Dutch farms,North Sea,54.049555,6.047927,2.1429,2016-07-25,,polygon grid 500 m,Buitengaats / Gemini I,0,66.2,farms_manual.csv
PT-Buitengaats_-0088,Netherlands,Buitengaats / Gemini I,Dutch farms,North Sea,54.05404,6.047503,2.1429,2016-07-27,,polygon grid 500 m,Buitengaats / Gemini I,0,66.5,farms_manual.csv
PT-Buitengaats_-0089,Netherlands,Buitengaats / Gemini I,Dutch farms,North Sea,54.058525,6.04708,2.1429,2016-07-29,,polygon grid 500 m,Buitengaats / Gemini I,0,66.9,farms_manual.csv
PT-Buitengaats_-0090,Netherlands,Buitengaats / Gemini I,Dutch farms,North Sea,54.063011,6.046657,2.1429,2016-07-30,,polygon grid 500 m,Buitengaats / Gemini I,0,67.3,farms_manual.csv
PT-Buitengaats_-0091,Netherlands,Buitengaats / Gemini I,Dutch farms,North Sea,54.067496,6.046233,2.1429,2016-08-01,,polygon grid 500 m,Buitengaats / Gemini I,0,67.7,farms_manual.csv
PT-Buitengaats_-0092,Netherlands,Buitengaats / Gemini I,Dutch farms,North Sea,54.071981,6.04581,2.1429,2016-08-02,,polygon grid 500 m,Buitengaats / Gemini I,0,68.1,farms_manual.csv
PT-Buitengaats_-0093,Netherlands,Buitengaats / Gemini I,Dutch farms,North Sea,54.004947,6.059766,2.1429,2016-08-04,,polygon grid 500 m,Buitengaats / Gemini I,0,61.9,farms_manual.csv
PT-Buitengaats_-0094,Netherlands,Buitengaats / Gemini I,Dutch farms,North Sea,54.009432,6.059345,2.1429,2016-08-05,,polygon grid 500 m,Buitengaats / Gemini I,0,62.3,farms_manual.csv
PT-Buitengaats_-0095,Netherlands,Buitengaats / Gemini I,Dutch farms,North Sea,54.013918,6.058924,2.1429,2016-08-07,,polygon grid 500 m,Buitengaats / Gemini I,0,62.7,farms_manual.csv
PT-Buitengaats_-0096,Netherlands,Buitengaats / Gemini I,Dutch farms,North Sea,54.018403,6.058502,2.1429,2016-08-09,,polygon grid 500 m,Buitengaats / Gemini I,0,63.1,farms_manual.csv
PT-Buitengaats_-0097,Netherlands,Buitengaats / Gemini I,Dutch farms,North Sea,54.022888,6.058081,2.1429,2016-08-10,,polygon grid 500 m,Buitengaats / Gemini I,0,63.5,farms_manual.csv
PT-Buitengaats_-0098,Netherlands,Buitengaats / Gemini I,Dutch farms,North Sea,54.027373,6.057659,2.1429,2016-08-12,,polygon grid 500 m,Buitengaats / Gemini I,0,63.9,farms_manual.csv
PT-Buitengaats_-0099,Netherlands,Buitengaats / Gemini I,Dutch farms,North Sea,54.031859,6.057237,2.1429,2016-08-13,,polygon grid 500 m,Buitengaats / Gemini I,0,64.3,farms_manual.csv
PT-Buitengaats_-0100,Netherlands,Buitengaats / Gemini I,Dutch farms,North Sea,54.036344,6.056815,2.1429,2016-08-15,,polygon grid 500 m,Buitengaats / Gemini I,0,64.7,farms_manual.csv
PT-Buitengaats_-0101,Netherlands,Buitengaats / Gemini I,Dutch farms,North Sea,54.040829,6.056393,2.1429,2016-08-16,,polygon grid 500 m,Buitengaats / Gemini I,0,65.1,farms_manual.csv
PT-Buitengaats_-0102,Netherlands,Buitengaats / Gemini I,Dutch farms,North Sea,54.045315,6.055971,2.1429,2016-08-18,,polygon grid 500 m,Buitengaats / Gemini I,0,65.4,farms_manual.csv
PT-Buitengaats_-0103,Netherlands,Buitengaats / Gemini I,Dutch farms,North Sea,54.0498,6.055549,2.1429,2016-08-20,,polygon grid 500 m,Buitengaats / Gemini I,0,65.8,farms_manual.csv
PT-Buitengaats_-0104,Netherlands,Buitengaats / Gemini I,Dutch farms,North Sea,54.054285,6.055127,2.1429,2016-08-21,,polygon grid 500 m,Buitengaats / Gemini I,0,66.2,farms_manual.csv
PT-Buitengaats_-0105,Netherlands,Buitengaats / Gemini I,Dutch farms,North Sea,54.05877,6.054704,2.1429,2016-08-23,,polygon grid 500 m,Buitengaats / Gemini I,0,66.6,farms_manual.csv
PT-Buitengaats_-0106,Netherlands,Buitengaats / Gemini I,Dutch farms,North Sea,54.063256,6.054282,2.1429,2016-08-24,,polygon grid 500 m,Buitengaats / Gemini I,0,67.0,farms_manual.csv
PT-Buitengaats_-0107,Netherlands,Buitengaats / Gemini I,Dutch farms,North Sea,54.067741,6.053859,2.1429,2016-08-26,,polygon grid 500 m,Buitengaats / Gemini I,0,67.4,farms_manual.csv
PT-Buitengaats_-0108,Netherlands,Buitengaats / Gemini I,Dutch farms,North Sea,54.072226,6.053436,2.1429,2016-08-27,,polygon grid 500 m,Buitengaats / Gemini I,0,67.8,farms_manual.csv
PT-Buitengaats_-0109,Netherlands,Buitengaats / Gemini I,Dutch farms,North Sea,54.005191,6.067381,2.1429,2016-08-29,,polygon grid 500 m,Buitengaats / Gemini I,0,61.6,farms_manual.csv
PT-Buitengaats_-0110,Netherlands,Buitengaats / Gemini I,Dutch farms,North Sea,54.009677,6.06696,2.1429,2016-08-31,,polygon grid 500 m,Buitengaats / Gemini I,0,62.0,farms_manual.csv
PT-Buitengaats_-0111,Netherlands,Buitengaats / Gemini I,Dutch farms,North Sea,54.014162,6.06654,2.1429,2016-09-01,,polygon grid 500 m,Buitengaats / Gemini I,0,62.4,farms_manual.csv
PT-Buitengaats_-0112,Netherlands,Buitengaats / Gemini I,Dutch farms,North Sea,54.018647,6.066119,2.1429,2016-09-03,,polygon grid 500 m,Buitengaats / Gemini I,0,62.8,farms_manual.csv
PT-Buitengaats_-0113,Netherlands,Buitengaats / Gemini I,Dutch farms,North Sea,54.023132,6.065698,2.1429,2016-09-04,,polygon grid 500 m,Buitengaats / Gemini I,0,63.2,farms_manual.csv
PT-Buitengaats_-0114,Netherlands,Buitengaats / Gemini I,Dutch farms,North Sea,54.027618,6.065278,2.1429,2016-09-06,,polygon grid 500 m,Buitengaats / Gemini I,0,63.6,farms_manual.csv
PT-Buitengaats_-0115,Netherlands,Buitengaats / Gemini I,Dutch farms,North Sea,54.032103,6.064857,2.1429,2016-09-07,,polygon grid 500 m,Buitengaats / Gemini I,0,64.0,farms_manual.csv
PT-Buitengaats_-0116,Netherlands,Buitengaats / Gemini I,Dutch farms,North Sea,54.036588,6.064435,2.1429,2016-09-09,,polygon grid 500 m,Buitengaats / Gemini I,0,64.4,farms_manual.csv
PT-Buitengaats_-0117,Netherlands,Buitengaats / Gemini I,Dutch farms,North Sea,54.041074,6.064014,2.1429,2016-09-10,,polygon grid 500 m,Buitengaats / Gemini I,0,64.7,farms_manual.csv
PT-Buitengaats_-0118,Netherlands,Buitengaats / Gemini I,Dutch farms,North Sea,54.045559,6.063593,2.1429,2016-09-12,,polygon grid 500 m,Buitengaats / Gemini I,0,65.1,farms_manual.csv
PT-Buitengaats_-0119,Netherlands,Buitengaats / Gemini I,Dutch farms,North Sea,54.050044,6.063172,2.1429,2016-09-14,,polygon grid 500 m,Buitengaats / Gemini I,0,65.5,farms_manual.csv
PT-Buitengaats_-0120,Netherlands,Buitengaats / Gemini I,Dutch farms,North Sea,54.05453,6.06275,2.1429,2016-09-15,,polygon grid 500 m,Buitengaats / Gemini I,0,65.9,farms_manual.csv
PT-Buitengaats_-0121,Netherlands,Buitengaats / Gemini I,Dutch farms,North Sea,54.059015,6.062328,2.1429,2016-09-17,,polygon grid 500 m,Buitengaats / Gemini I,0,66.3,farms_manual.csv
PT-Buitengaats_-0122,Netherlands,Buitengaats / Gemini I,Dutch farms,North Sea,54.005435,6.074995,2.1429,2016-09-18,,polygon grid 500 m,Buitengaats / Gemini I,0,61.3,farms_manual.csv
PT-Buitengaats_-0123,Netherlands,Buitengaats / Gemini I,Dutch farms,North Sea,54.00992,6.074576,2.1429,2016-09-20,,polygon grid 500 m,Buitengaats / Gemini I,0,61.7,farms_manual.csv
PT-Buitengaats_-0124,Netherlands,Buitengaats / Gemini I,Dutch farms,North Sea,54.014406,6.074156,2.1429,2016-09-21,,polygon grid 500 m,Buitengaats / Gemini I,0,62.1,farms_manual.csv
PT-Buitengaats_-0125,Netherlands,Buitengaats / Gemini I,Dutch farms,North Sea,54.018891,6.073736,2.1429,2016-09-23,,polygon grid 500 m,Buitengaats / Gemini I,0,62.5,farms_manual.csv
PT-Buitengaats_-0126,Netherlands,Buitengaats / Gemini I,Dutch farms,North Sea,54.023376,6.073316,2.1429,2016-09-25,,polygon grid 500 m,Buitengaats / Gemini I,0,62.9,farms_manual.csv
PT-Buitengaats_-0127,Netherlands,Buitengaats / Gemini I,Dutch farms,North Sea,54.027862,6.072896,2.1429,2016-09-26,,polygon grid 500 m,Buitengaats / Gemini I,0,63.3,farms_manual.csv
PT-Buitengaats_-0128,Netherlands,Buitengaats / Gemini I,Dutch farms,North Sea,54.032347,6.072476,2.1429,2016-09-28,,polygon grid 500 m,Buitengaats / Gemini I,0,63.7,farms_manual.csv
PT-Buitengaats_-0129,Netherlands,Buitengaats / Gemini I,Dutch farms,North Sea,54.036832,6.072056,2.1429,2016-09-29,,polygon grid 500 m,Buitengaats / Gemini I,0,64.0,farms_manual.csv
PT-Buitengaats_-0130,Netherlands,Buitengaats / Gemini I,Dutch farms,North Sea,54.041318,6.071635,2.1429,2016-10-01,,polygon grid 500 m,Buitengaats / Gemini I,0,64.4,farms_manual.csv
PT-Buitengaats_-0131,Netherlands,Buitengaats / Gemini I,Dutch farms,North Sea,54.045803,6.071215,2.1429,2016-10-02,,polygon grid 500 m,Buitengaats / Gemini I,0,64.8,farms_manual.csv
PT-Buitengaats_-0132,Netherlands,Buitengaats / Gemini I,Dutch farms,North Sea,54.005678,6.08261,2.1429,2016-10-04,,polygon grid 500 m,Buitengaats / Gemini I,0,61.0,farms_manual.csv
PT-Buitengaats_-0133,Netherlands,Buitengaats / Gemini I,Dutch farms,North Sea,54.010164,6.082191,2.1429,2016-10-06,,polygon grid 500 m,Buitengaats / Gemini I,0,61.4,farms_manual.csv
PT-Buitengaats_-0134,Netherlands,Buitengaats / Gemini I,Dutch farms,North Sea,54.014649,6.081772,2.1429,2016-10-07,,polygon grid 500 m,Buitengaats / Gemini I,0,61.8,farms_manual.csv
PT-Buitengaats_-0135,Netherlands,Buitengaats / Gemini I,Dutch farms,North Sea,54.019134,6.081353,2.1429,2016-10-09,,polygon grid 500 m,Buitengaats / Gemini I,0,62.2,farms_manual.csv
PT-Buitengaats_-0136,Netherlands,Buitengaats / Gemini I,Dutch farms,North Sea,54.02362,6.080934,2.1429,2016-10-10,,polygon grid 500 m,Buitengaats / Gemini I,0,62.6,farms_manual.csv
PT-Buitengaats_-0137,Netherlands,Buitengaats / Gemini I,Dutch farms,North Sea,54.028105,6.080515,2.1429,2016-10-12,,polygon grid 500 m,Buitengaats / Gemini I,0,62.9,farms_manual.csv
PT-Buitengaats_-0138,Netherlands,Buitengaats / Gemini I,Dutch farms,North Sea,54.005921,6.090225,2.1429,2016-10-13,,polygon grid 500 m,Buitengaats / Gemini I,0,60.7,farms_manual.csv
PT-Buitengaats_-0139,Netherlands,Buitengaats / Gemini I,Dutch farms,North Sea,54.010406,6.089807,2.1429,2016-10-15,,polygon grid 500 m,Buitengaats / Gemini I,0,61.1,farms_manual.csv
PT-Lillgrund-0000,Sweden,Lillgrund,Lillgrund,Skagerrak-Kattegat-Baltic,55.50232,12.75989,3.68,2007-01-01,,polygon grid 500 m,Lillgrund,0,11.5,farms_manual.csv
PT-Lillgrund-0001,Sweden,Lillgrund,Lillgrund,Skagerrak-Kattegat-Baltic,55.50681,12.760201,3.68,2007-01-14,,polygon grid 500 m,Lillgrund,0,11.0,farms_manual.csv
PT-Lillgrund-0002,Sweden,Lillgrund,Lillgrund,Skagerrak-Kattegat-Baltic,55.5113,12.760512,3.68,2007-01-26,,polygon grid 500 m,Lillgrund,0,10.6,farms_manual.csv
PT-Lillgrund-0003,Sweden,Lillgrund,Lillgrund,Skagerrak-Kattegat-Baltic,55.515789,12.760823,3.68,2007-02-08,,polygon grid 500 m,Lillgrund,0,10.2,farms_manual.csv
PT-Lillgrund-0004,Sweden,Lillgrund,Lillgrund,Skagerrak-Kattegat-Baltic,55.520279,12.761134,3.68,2007-02-20,,polygon grid 500 m,Lillgrund,0,9.8,farms_manual.csv
PT-Lillgrund-0005,Sweden,Lillgrund,Lillgrund,Skagerrak-Kattegat-Baltic,55.497658,12.767482,3.68,2007-03-05,,polygon grid 500 m,Lillgrund,0,12.2,farms_manual.csv
PT-Lillgrund-0006,Sweden,Lillgrund,Lillgrund,Skagerrak-Kattegat-Baltic,55.502148,12.767793,3.68,2007-03-17,,polygon grid 500 m,Lillgrund,0,11.7,farms_manual.csv
PT-Lillgrund-0007,Sweden,Lillgrund,Lillgrund,Skagerrak-Kattegat-Baltic,55.506638,12.768105,3.68,2007-03-30,,polygon grid 500 m,Lillgrund,0,11.3,farms_manual.csv
PT-Lillgrund-0008,Sweden,Lillgrund,Lillgrund,Skagerrak-Kattegat-Baltic,55.511127,12.768417,3.68,2007-04-11,,polygon grid 500 m,Lillgrund,0,10.9,farms_manual.csv
PT-Lillgrund-0009,Sweden,Lillgrund,Lillgrund,Skagerrak-Kattegat-Baltic,55.515617,12.768728,3.68,2007-04-24,,polygon grid 500 m,Lillgrund,0,10.5,farms_manual.csv
PT-Lillgrund-0010,Sweden,Lillgrund,Lillgrund,Skagerrak-Kattegat-Baltic,55.520106,12.76904,3.68,2007-05-07,,polygon grid 500 m,Lillgrund,0,10.2,farms_manual.csv
PT-Lillgrund-0011,Sweden,Lillgrund,Lillgrund,Skagerrak-Kattegat-Baltic,55.524596,12.769352,3.68,2007-05-19,,polygon grid 500 m,Lillgrund,0,9.8,farms_manual.csv
PT-Lillgrund-0012,Sweden,Lillgrund,Lillgrund,Skagerrak-Kattegat-Baltic,55.497486,12.775384,3.68,2007-06-01,,polygon grid 500 m,Lillgrund,0,12.4,farms_manual.csv
PT-Lillgrund-0013,Sweden,Lillgrund,Lillgrund,Skagerrak-Kattegat-Baltic,55.501975,12.775696,3.68,2007-06-13,,polygon grid 500 m,Lillgrund,0,12.0,farms_manual.csv
PT-Lillgrund-0014,Sweden,Lillgrund,Lillgrund,Skagerrak-Kattegat-Baltic,55.506465,12.776009,3.68,2007-06-26,,polygon grid 500 m,Lillgrund,0,11.6,farms_manual.csv
PT-Lillgrund-0015,Sweden,Lillgrund,Lillgrund,Skagerrak-Kattegat-Baltic,55.510954,12.776321,3.68,2007-07-08,,polygon grid 500 m,Lillgrund,0,11.3,farms_manual.csv
PT-Lillgrund-0016,Sweden,Lillgrund,Lillgrund,Skagerrak-Kattegat-Baltic,55.515444,12.776634,3.68,2007-07-21,,polygon grid 500 m,Lillgrund,0,10.9,farms_manual.csv
PT-Lillgrund-0017,Sweden,Lillgrund,Lillgrund,Skagerrak-Kattegat-Baltic,55.519933,12.776947,3.68,2007-08-02,,polygon grid 500 m,Lillgrund,0,10.5,farms_manual.csv
PT-Lillgrund-0018,Sweden,Lillgrund,Lillgrund,Skagerrak-Kattegat-Baltic,55.501802,12.783599,3.68,2007-08-15,,polygon grid 500 m,Lillgrund,0,12.3,farms_manual.csv
PT-Lillgrund-0019,Sweden,Lillgrund,Lillgrund,Skagerrak-Kattegat-Baltic,55.506291,12.783912,3.68,2007-08-27,,polygon grid 500 m,Lillgrund,0,12.0,farms_manual.csv
PT-Lillgrund-0020,Sweden,Lillgrund,Lillgrund,Skagerrak-Kattegat-Baltic,55.510781,12.784226,3.68,2007-09-09,,polygon grid 500 m,Lillgrund,0,11.6,farms_manual.csv
PT-Lillgrund-0021,Sweden,Lillgrund,Lillgrund,Skagerrak-Kattegat-Baltic,55.51527,12.784539,3.68,2007-09-22,,polygon grid 500 m,Lillgrund,0,11.2,farms_manual.csv
PT-Lillgrund-0022,Sweden,Lillgrund,Lillgrund,Skagerrak-Kattegat-Baltic,55.51976,12.784853,3.68,2007-10-04,,polygon grid 500 m,Lillgrund,0,10.9,farms_manual.csv
PT-Lillgrund-0023,Sweden,Lillgrund,Lillgrund,Skagerrak-Kattegat-Baltic,55.506117,12.791816,3.68,2007-10-17,,polygon grid 500 m,Lillgrund,0,12.3,farms_manual.csv
PT-Lillgrund-0024,Sweden,Lillgrund,Lillgrund,Skagerrak-Kattegat-Baltic,55.510607,12.79213,3.68,2007-10-29,,polygon grid 500 m,Lillgrund,0,11.9,farms_manual.csv
PT-Lillgrund-0025,Sweden,Lillgrund,Lillgrund,Skagerrak-Kattegat-Baltic,55.515096,12.792445,3.68,2007-11-11,,polygon grid 500 m,Lillgrund,0,11.6,farms_manual.csv
PT-Lillgrund-0026,Sweden,Lillgrund,Lillgrund,Skagerrak-Kattegat-Baltic,55.519586,12.792759,3.68,2007-11-23,,polygon grid 500 m,Lillgrund,0,11.2,farms_manual.csv
PT-Lillgrund-0027,Sweden,Lillgrund,Lillgrund,Skagerrak-Kattegat-Baltic,55.510433,12.800035,3.68,2007-12-06,,polygon grid 500 m,Lillgrund,0,12.3,farms_manual.csv
PT-Lillgrund-0028,Sweden,Lillgrund,Lillgrund,Skagerrak-Kattegat-Baltic,55.514922,12.80035,3.68,2007-12-18,,polygon grid 500 m,Lillgrund,0,11.9,farms_manual.csv
PT-Lillgrund-0029,Sweden,Lillgrund,Lillgrund,Skagerrak-Kattegat-Baltic,55.519412,12.800666,3.68,2007-12-31,,polygon grid 500 m,Lillgrund,0,11.6,farms_manual.csv
PT-ZeeEnergie_/-0000,Netherlands,ZeeEnergie / Gemini II,Dutch farms,North Sea,54.047939,5.826127,2.2222,2016-03-11,,polygon grid 500 m,ZeeEnergie / Gemini II,0,76.2,farms_manual.csv
PT-ZeeEnergie_/-0001,Netherlands,ZeeEnergie / Gemini II,Dutch farms,North Sea,54.052424,5.82568,2.2222,2016-03-13,,polygon grid 500 m,ZeeEnergie / Gemini II,0,76.6,farms_manual.csv
PT-ZeeEnergie_/-0002,Netherlands,ZeeEnergie / Gemini II,Dutch farms,North Sea,54.056908,5.825234,2.2222,2016-03-14,,polygon grid 500 m,ZeeEnergie / Gemini II,0,77.0,farms_manual.csv
PT-ZeeEnergie_/-0003,Netherlands,ZeeEnergie / Gemini II,Dutch farms,North Sea,54.043714,5.834194,2.2222,2016-03-16,,polygon grid 500 m,ZeeEnergie / Gemini II,0,75.5,farms_manual.csv
PT-ZeeEnergie_/-0004,Netherlands,ZeeEnergie / Gemini II,Dutch farms,North Sea,54.048198,5.833748,2.2222,2016-03-18,,polygon grid 500 m,ZeeEnergie / Gemini II,0,75.9,farms_manual.csv
PT-ZeeEnergie_/-0005,Netherlands,ZeeEnergie / Gemini II,Dutch farms,North Sea,54.052682,5.833302,2.2222,2016-03-19,,polygon grid 500 m,ZeeEnergie / Gemini II,0,76.3,farms_manual.csv
PT-ZeeEnergie_/-0006,Netherlands,ZeeEnergie / Gemini II,Dutch farms,North Sea,54.057167,5.832856,2.2222,2016-03-21,,polygon grid 500 m,ZeeEnergie / Gemini II,0,76.6,farms_manual.csv
PT-ZeeEnergie_/-0007,Netherlands,ZeeEnergie / Gemini II,Dutch farms,North Sea,54.035003,5.842704,2.2222,2016-03-22,,polygon grid 500 m,ZeeEnergie / Gemini II,0,74.5,farms_manual.csv
PT-ZeeEnergie_/-0008,Netherlands,ZeeEnergie / Gemini II,Dutch farms,North Sea,54.039487,5.84226,2.2222,2016-03-24,,polygon grid 500 m,ZeeEnergie / Gemini II,0,74.8,farms_manual.csv
PT-ZeeEnergie_/-0009,Netherlands,ZeeEnergie / Gemini II,Dutch farms,North Sea,54.043972,5.841815,2.2222,2016-03-26,,polygon grid 500 m,ZeeEnergie / Gemini II,0,75.2,farms_manual.csv
PT-ZeeEnergie_/-0010,Netherlands,ZeeEnergie / Gemini II,Dutch farms,North Sea,54.048456,5.841369,2.2222,2016-03-27,,polygon grid 500 m,ZeeEnergie / Gemini II,0,75.6,farms_manual.csv
PT-ZeeEnergie_/-0011,Netherlands,ZeeEnergie / Gemini II,Dutch farms,North Sea,54.052941,5.840924,2.2222,2016-03-29,,polygon grid 500 m,ZeeEnergie / Gemini II,0,75.9,farms_manual.csv
PT-ZeeEnergie_/-0012,Netherlands,ZeeEnergie / Gemini II,Dutch farms,North Sea,54.057425,5.840479,2.2222,2016-03-31,,polygon grid 500 m,ZeeEnergie / Gemini II,0,76.3,farms_manual.csv
PT-ZeeEnergie_/-0013,Netherlands,ZeeEnergie / Gemini II,Dutch farms,North Sea,54.026292,5.851211,2.2222,2016-04-01,,polygon grid 500 m,ZeeEnergie / Gemini II,0,73.4,farms_manual.csv
PT-ZeeEnergie_/-0014,Netherlands,ZeeEnergie / Gemini II,Dutch farms,North Sea,54.030776,5.850767,2.2222,2016-04-03,,polygon grid 500 m,ZeeEnergie / Gemini II,0,73.8,farms_manual.csv
PT-ZeeEnergie_/-0015,Netherlands,ZeeEnergie / Gemini II,Dutch farms,North Sea,54.035261,5.850323,2.2222,2016-04-04,,polygon grid 500 m,ZeeEnergie / Gemini II,0,74.1,farms_manual.csv
PT-ZeeEnergie_/-0016,Netherlands,ZeeEnergie / Gemini II,Dutch farms,North Sea,54.039745,5.849879,2.2222,2016-04-06,,polygon grid 500 m,ZeeEnergie / Gemini II,0,74.5,farms_manual.csv
PT-ZeeEnergie_/-0017,Netherlands,ZeeEnergie / Gemini II,Dutch farms,North Sea,54.04423,5.849435,2.2222,2016-04-08,,polygon grid 500 m,ZeeEnergie / Gemini II,0,74.9,farms_manual.csv
PT-ZeeEnergie_/-0018,Netherlands,ZeeEnergie / Gemini II,Dutch farms,North Sea,54.048714,5.848991,2.2222,2016-04-09,,polygon grid 500 m,ZeeEnergie / Gemini II,0,75.2,farms_manual.csv
PT-ZeeEnergie_/-0019,Netherlands,ZeeEnergie / Gemini II,Dutch farms,North Sea,54.053199,5.848546,2.2222,2016-04-11,,polygon grid 500 m,ZeeEnergie / Gemini II,0,75.6,farms_manual.csv
PT-ZeeEnergie_/-0020,Netherlands,ZeeEnergie / Gemini II,Dutch farms,North Sea,54.057683,5.848102,2.2222,2016-04-13,,polygon grid 500 m,ZeeEnergie / Gemini II,0,76.0,farms_manual.csv
PT-ZeeEnergie_/-0021,Netherlands,ZeeEnergie / Gemini II,Dutch farms,North Sea,54.022065,5.859271,2.2222,2016-04-14,,polygon grid 500 m,ZeeEnergie / Gemini II,0,72.7,farms_manual.csv
PT-ZeeEnergie_/-0022,Netherlands,ZeeEnergie / Gemini II,Dutch farms,North Sea,54.026549,5.858828,2.2222,2016-04-16,,polygon grid 500 m,ZeeEnergie / Gemini II,0,73.1,farms_manual.csv
PT-ZeeEnergie_/-0023,Netherlands,ZeeEnergie / Gemini II,Dutch farms,North Sea,54.031033,5.858385,2.2222,2016-04-17,,polygon grid 500 m,ZeeEnergie / Gemini II,0,73.4,farms_manual.csv
PT-ZeeEnergie_/-0024,Netherlands,ZeeEnergie / Gemini II,Dutch farms,North Sea,54.035518,5.857942,2.2222,2016-04-19,,polygon grid 500 m,ZeeEnergie / Gemini II,0,73.8,farms_manual.csv
PT-ZeeEnergie_/-0025,Netherlands,ZeeEnergie / Gemini II,Dutch farms,North Sea,54.040002,5.857499,2.2222,2016-04-21,,polygon grid 500 m,ZeeEnergie / Gemini II,0,74.1,farms_manual.csv
PT-ZeeEnergie_/-0026,Netherlands,ZeeEnergie / Gemini II,Dutch farms,North Sea,54.044487,5.857055,2.2222,2016-04-22,,polygon grid 500 m,ZeeEnergie / Gemini II,0,74.5,farms_manual.csv
PT-ZeeEnergie_/-0027,Netherlands,ZeeEnergie / Gemini II,Dutch farms,North Sea,54.048971,5.856612,2.2222,2016-04-24,,polygon grid 500 m,ZeeEnergie / Gemini II,0,74.9,farms_manual.csv
PT-ZeeEnergie_/-0028,Netherlands,ZeeEnergie / Gemini II,Dutch farms,North Sea,54.053456,5.856168,2.2222,2016-04-26,,polygon grid 500 m,ZeeEnergie / Gemini II,0,75.2,farms_manual.csv
PT-ZeeEnergie_/-0029,Netherlands,ZeeEnergie / Gemini II,Dutch farms,North Sea,54.05794,5.855725,2.2222,2016-04-27,,polygon grid 500 m,ZeeEnergie / Gemini II,0,75.6,farms_manual.csv
PT-ZeeEnergie_/-0030,Netherlands,ZeeEnergie / Gemini II,Dutch farms,North Sea,54.013352,5.867771,2.2222,2016-04-29,,polygon grid 500 m,ZeeEnergie / Gemini II,0,71.6,farms_manual.csv
PT-ZeeEnergie_/-0031,Netherlands,ZeeEnergie / Gemini II,Dutch farms,North Sea,54.017837,5.86733,2.2222,2016-04-30,,polygon grid 500 m,ZeeEnergie / Gemini II,0,72.0,farms_manual.csv
PT-ZeeEnergie_/-0032,Netherlands,ZeeEnergie / Gemini II,Dutch farms,North Sea,54.022321,5.866888,2.2222,2016-05-02,,polygon grid 500 m,ZeeEnergie / Gemini II,0,72.4,farms_manual.csv
PT-ZeeEnergie_/-0033,Netherlands,ZeeEnergie / Gemini II,Dutch farms,North Sea,54.026806,5.866446,2.2222,2016-05-04,,polygon grid 500 m,ZeeEnergie / Gemini II,0,72.7,farms_manual.csv
PT-ZeeEnergie_/-0034,Netherlands,ZeeEnergie / Gemini II,Dutch farms,North Sea,54.03129,5.866003,2.2222,2016-05-05,,polygon grid 500 m,ZeeEnergie / Gemini II,0,73.1,farms_manual.csv
PT-ZeeEnergie_/-0035,Netherlands,ZeeEnergie / Gemini II,Dutch farms,North Sea,54.035775,5.865561,2.2222,2016-05-07,,polygon grid 500 m,ZeeEnergie / Gemini II,0,73.4,farms_manual.csv
PT-ZeeEnergie_/-0036,Netherlands,ZeeEnergie / Gemini II,Dutch farms,North Sea,54.040259,5.865119,2.2222,2016-05-09,,polygon grid 500 m,ZeeEnergie / Gemini II,0,73.8,farms_manual.csv
PT-ZeeEnergie_/-0037,Netherlands,ZeeEnergie / Gemini II,Dutch farms,North Sea,54.044744,5.864676,2.2222,2016-05-10,,polygon grid 500 m,ZeeEnergie / Gemini II,0,74.2,farms_manual.csv
PT-ZeeEnergie_/-0038,Netherlands,ZeeEnergie / Gemini II,Dutch farms,North Sea,54.049228,5.864233,2.2222,2016-05-12,,polygon grid 500 m,ZeeEnergie / Gemini II,0,74.5,farms_manual.csv
PT-ZeeEnergie_/-0039,Netherlands,ZeeEnergie / Gemini II,Dutch farms,North Sea,54.053713,5.863791,2.2222,2016-05-13,,polygon grid 500 m,ZeeEnergie / Gemini II,0,74.9,farms_manual.csv
PT-ZeeEnergie_/-0040,Netherlands,ZeeEnergie / Gemini II,Dutch farms,North Sea,54.058197,5.863348,2.2222,2016-05-15,,polygon grid 500 m,ZeeEnergie / Gemini II,0,75.3,farms_manual.csv
PT-ZeeEnergie_/-0041,Netherlands,ZeeEnergie / Gemini II,Dutch farms,North Sea,54.009124,5.875827,2.2222,2016-05-17,,polygon grid 500 m,ZeeEnergie / Gemini II,0,70.9,farms_manual.csv
PT-ZeeEnergie_/-0042,Netherlands,ZeeEnergie / Gemini II,Dutch farms,North Sea,54.013608,5.875386,2.2222,2016-05-18,,polygon grid 500 m,ZeeEnergie / Gemini II,0,71.3,farms_manual.csv
PT-ZeeEnergie_/-0043,Netherlands,ZeeEnergie / Gemini II,Dutch farms,North Sea,54.018093,5.874945,2.2222,2016-05-20,,polygon grid 500 m,ZeeEnergie / Gemini II,0,71.6,farms_manual.csv
PT-ZeeEnergie_/-0044,Netherlands,ZeeEnergie / Gemini II,Dutch farms,North Sea,54.022577,5.874504,2.2222,2016-05-22,,polygon grid 500 m,ZeeEnergie / Gemini II,0,72.0,farms_manual.csv
PT-ZeeEnergie_/-0045,Netherlands,ZeeEnergie / Gemini II,Dutch farms,North Sea,54.027062,5.874063,2.2222,2016-05-23,,polygon grid 500 m,ZeeEnergie / Gemini II,0,72.4,farms_manual.csv
PT-ZeeEnergie_/-0046,Netherlands,ZeeEnergie / Gemini II,Dutch farms,North Sea,54.031546,5.873622,2.2222,2016-05-25,,polygon grid 500 m,ZeeEnergie / Gemini II,0,72.7,farms_manual.csv
PT-ZeeEnergie_/-0047,Netherlands,ZeeEnergie / Gemini II,Dutch farms,North Sea,54.036031,5.87318,2.2222,2016-05-26,,polygon grid 500 m,ZeeEnergie / Gemini II,0,73.1,farms_manual.csv
PT-ZeeEnergie_/-0048,Netherlands,ZeeEnergie / Gemini II,Dutch farms,North Sea,54.040516,5.872738,2.2222,2016-05-28,,polygon grid 500 m,ZeeEnergie / Gemini II,0,73.5,farms_manual.csv
PT-ZeeEnergie_/-0049,Netherlands,ZeeEnergie / Gemini II,Dutch farms,North Sea,54.045,5.872297,2.2222,2016-05-30,,polygon grid 500 m,ZeeEnergie / Gemini II,0,73.8,farms_manual.csv
PT-ZeeEnergie_/-0050,Netherlands,ZeeEnergie / Gemini II,Dutch farms,North Sea,54.049485,5.871855,2.2222,2016-05-31,,polygon grid 500 m,ZeeEnergie / Gemini II,0,74.2,farms_manual.csv
PT-ZeeEnergie_/-0051,Netherlands,ZeeEnergie / Gemini II,Dutch farms,North Sea,54.053969,5.871413,2.2222,2016-06-02,,polygon grid 500 m,ZeeEnergie / Gemini II,0,74.6,farms_manual.csv
PT-ZeeEnergie_/-0052,Netherlands,ZeeEnergie / Gemini II,Dutch farms,North Sea,54.058454,5.870971,2.2222,2016-06-04,,polygon grid 500 m,ZeeEnergie / Gemini II,0,74.9,farms_manual.csv
PT-ZeeEnergie_/-0053,Netherlands,ZeeEnergie / Gemini II,Dutch farms,North Sea,54.004895,5.883882,2.2222,2016-06-05,,polygon grid 500 m,ZeeEnergie / Gemini II,0,70.2,farms_manual.csv
PT-ZeeEnergie_/-0054,Netherlands,ZeeEnergie / Gemini II,Dutch farms,North Sea,54.009379,5.883442,2.2222,2016-06-07,,polygon grid 500 m,ZeeEnergie / Gemini II,0,70.6,farms_manual.csv
PT-ZeeEnergie_/-0055,Netherlands,ZeeEnergie / Gemini II,Dutch farms,North Sea,54.013864,5.883001,2.2222,2016-06-08,,polygon grid 500 m,ZeeEnergie / Gemini II,0,70.9,farms_manual.csv
PT-ZeeEnergie_/-0056,Netherlands,ZeeEnergie / Gemini II,Dutch farms,North Sea,54.018348,5.882561,2.2222,2016-06-10,,polygon grid 500 m,ZeeEnergie / Gemini II,0,71.3,farms_manual.csv
PT-ZeeEnergie_/-0057,Netherlands,ZeeEnergie / Gemini II,Dutch farms,North Sea,54.022833,5.882121,2.2222,2016-06-12,,polygon grid 500 m,ZeeEnergie / Gemini II,0,71.7,farms_manual.csv
PT-ZeeEnergie_/-0058,Netherlands,ZeeEnergie / Gemini II,Dutch farms,North Sea,54.027318,5.88168,2.2222,2016-06-13,,polygon grid 500 m,ZeeEnergie / Gemini II,0,72.0,farms_manual.csv
PT-ZeeEnergie_/-0059,Netherlands,ZeeEnergie / Gemini II,Dutch farms,North Sea,54.031802,5.88124,2.2222,2016-06-15,,polygon grid 500 m,ZeeEnergie / Gemini II,0,72.4,farms_manual.csv
PT-ZeeEnergie_/-0060,Netherlands,ZeeEnergie / Gemini II,Dutch farms,North Sea,54.036287,5.880799,2.2222,2016-06-17,,polygon grid 500 m,ZeeEnergie / Gemini II,0,72.8,farms_manual.csv
PT-ZeeEnergie_/-0061,Netherlands,ZeeEnergie / Gemini II,Dutch farms,North Sea,54.040771,5.880358,2.2222,2016-06-18,,polygon grid 500 m,ZeeEnergie / Gemini II,0,73.1,farms_manual.csv
PT-ZeeEnergie_/-0062,Netherlands,ZeeEnergie / Gemini II,Dutch farms,North Sea,54.045256,5.879917,2.2222,2016-06-20,,polygon grid 500 m,ZeeEnergie / Gemini II,0,73.5,farms_manual.csv
PT-ZeeEnergie_/-0063,Netherlands,ZeeEnergie / Gemini II,Dutch farms,North Sea,54.049741,5.879476,2.2222,2016-06-21,,polygon grid 500 m,ZeeEnergie / Gemini II,0,73.9,farms_manual.csv
PT-ZeeEnergie_/-0064,Netherlands,ZeeEnergie / Gemini II,Dutch farms,North Sea,54.054225,5.879035,2.2222,2016-06-23,,polygon grid 500 m,ZeeEnergie / Gemini II,0,74.2,farms_manual.csv
PT-ZeeEnergie_/-0065,Netherlands,ZeeEnergie / Gemini II,Dutch farms,North Sea,54.05871,5.878594,2.2222,2016-06-25,,polygon grid 500 m,ZeeEnergie / Gemini II,0,74.6,farms_manual.csv
PT-ZeeEnergie_/-0066,Netherlands,ZeeEnergie / Gemini II,Dutch farms,North Sea,54.00515,5.891495,2.2222,2016-06-26,,polygon grid 500 m,ZeeEnergie / Gemini II,0,69.9,farms_manual.csv
PT-ZeeEnergie_/-0067,Netherlands,ZeeEnergie / Gemini II,Dutch farms,North Sea,54.009634,5.891056,2.2222,2016-06-28,,polygon grid 500 m,ZeeEnergie / Gemini II,0,70.2,farms_manual.csv
PT-ZeeEnergie_/-0068,Netherlands,ZeeEnergie / Gemini II,Dutch farms,North Sea,54.014119,5.890617,2.2222,2016-06-30,,polygon grid 500 m,ZeeEnergie / Gemini II,0,70.6,farms_manual.csv
PT-ZeeEnergie_/-0069,Netherlands,ZeeEnergie / Gemini II,Dutch farms,North Sea,54.018604,5.890177,2.2222,2016-07-01,,polygon grid 500 m,ZeeEnergie / Gemini II,0,71.0,farms_manual.csv
PT-ZeeEnergie_/-0070,Netherlands,ZeeEnergie / Gemini II,Dutch farms,North Sea,54.023088,5.889738,2.2222,2016-07-03,,polygon grid 500 m,ZeeEnergie / Gemini II,0,71.3,farms_manual.csv
PT-ZeeEnergie_/-0071,Netherlands,ZeeEnergie / Gemini II,Dutch farms,North Sea,54.027573,5.889298,2.2222,2016-07-05,,polygon grid 500 m,ZeeEnergie / Gemini II,0,71.7,farms_manual.csv
PT-ZeeEnergie_/-0072,Netherlands,ZeeEnergie / Gemini II,Dutch farms,North Sea,54.032058,5.888858,2.2222,2016-07-06,,polygon grid 500 m,ZeeEnergie / Gemini II,0,72.1,farms_manual.csv
PT-ZeeEnergie_/-0073,Netherlands,ZeeEnergie / Gemini II,Dutch farms,North Sea,54.036542,5.888418,2.2222,2016-07-08,,polygon grid 500 m,ZeeEnergie / Gemini II,0,72.4,farms_manual.csv
PT-ZeeEnergie_/-0074,Netherlands,ZeeEnergie / Gemini II,Dutch farms,North Sea,54.041027,5.887978,2.2222,2016-07-09,,polygon grid 500 m,ZeeEnergie / Gemini II,0,72.8,farms_manual.csv
PT-ZeeEnergie_/-0075,Netherlands,ZeeEnergie / Gemini II,Dutch farms,North Sea,54.045511,5.887538,2.2222,2016-07-11,,polygon grid 500 m,ZeeEnergie / Gemini II,0,73.2,farms_manual.csv
PT-ZeeEnergie_/-0076,Netherlands,ZeeEnergie / Gemini II,Dutch farms,North Sea,54.049996,5.887098,2.2222,2016-07-13,,polygon grid 500 m,ZeeEnergie / Gemini II,0,73.5,farms_manual.csv
PT-ZeeEnergie_/-0077,Netherlands,ZeeEnergie / Gemini II,Dutch farms,North Sea,54.054481,5.886658,2.2222,2016-07-14,,polygon grid 500 m,ZeeEnergie / Gemini II,0,73.9,farms_manual.csv
PT-ZeeEnergie_/-0078,Netherlands,ZeeEnergie / Gemini II,Dutch farms,North Sea,54.058965,5.886217,2.2222,2016-07-16,,polygon grid 500 m,ZeeEnergie / Gemini II,0,74.2,farms_manual.csv
PT-ZeeEnergie_/-0079,Netherlands,ZeeEnergie / Gemini II,Dutch farms,North Sea,54.005404,5.899109,2.2222,2016-07-18,,polygon grid 500 m,ZeeEnergie / Gemini II,0,69.5,farms_manual.csv
PT-ZeeEnergie_/-0080,Netherlands,ZeeEnergie / Gemini II,Dutch farms,North Sea,54.009889,5.89867,2.2222,2016-07-19,,polygon grid 500 m,ZeeEnergie / Gemini II,0,69.9,farms_manual.csv
PT-ZeeEnergie_/-0081,Netherlands,ZeeEnergie / Gemini II,Dutch farms,North Sea,54.014374,5.898232,2.2222,2016-07-21,,polygon grid 500 m,ZeeEnergie / Gemini II,0,70.2,farms_manual.csv
PT-ZeeEnergie_/-0082,Netherlands,ZeeEnergie / Gemini II,Dutch farms,North Sea,54.018858,5.897793,2.2222,2016-07-22,,polygon grid 500 m,ZeeEnergie / Gemini II,0,70.6,farms_manual.csv
PT-ZeeEnergie_/-0083,Netherlands,ZeeEnergie / Gemini II,Dutch farms,North Sea,54.023343,5.897354,2.2222,2016-07-24,,polygon grid 500 m,ZeeEnergie / Gemini II,0,71.0,farms_manual.csv
PT-ZeeEnergie_/-0084,Netherlands,ZeeEnergie / Gemini II,Dutch farms,North Sea,54.027828,5.896916,2.2222,2016-07-26,,polygon grid 500 m,ZeeEnergie / Gemini II,0,71.3,farms_manual.csv
PT-ZeeEnergie_/-0085,Netherlands,ZeeEnergie / Gemini II,Dutch farms,North Sea,54.032312,5.896477,2.2222,2016-07-27,,polygon grid 500 m,ZeeEnergie / Gemini II,0,71.7,farms_manual.csv
PT-ZeeEnergie_/-0086,Netherlands,ZeeEnergie / Gemini II,Dutch farms,North Sea,54.036797,5.896038,2.2222,2016-07-29,,polygon grid 500 m,ZeeEnergie / Gemini II,0,72.1,farms_manual.csv
PT-ZeeEnergie_/-0087,Netherlands,ZeeEnergie / Gemini II,Dutch farms,North Sea,54.041282,5.895598,2.2222,2016-07-31,,polygon grid 500 m,ZeeEnergie / Gemini II,0,72.5,farms_manual.csv
PT-ZeeEnergie_/-0088,Netherlands,ZeeEnergie / Gemini II,Dutch farms,North Sea,54.045766,5.895159,2.2222,2016-08-01,,polygon grid 500 m,ZeeEnergie / Gemini II,0,72.8,farms_manual.csv
PT-ZeeEnergie_/-0089,Netherlands,ZeeEnergie / Gemini II,Dutch farms,North Sea,54.050251,5.89472,2.2222,2016-08-03,,polygon grid 500 m,ZeeEnergie / Gemini II,0,73.2,farms_manual.csv
PT-ZeeEnergie_/-0090,Netherlands,ZeeEnergie / Gemini II,Dutch farms,North Sea,54.054736,5.89428,2.2222,2016-08-04,,polygon grid 500 m,ZeeEnergie / Gemini II,0,73.5,farms_manual.csv
PT-ZeeEnergie_/-0091,Netherlands,ZeeEnergie / Gemini II,Dutch farms,North Sea,54.05922,5.89384,2.2222,2016-08-06,,polygon grid 500 m,ZeeEnergie / Gemini II,0,73.9,farms_manual.csv
PT-ZeeEnergie_/-0092,Netherlands,ZeeEnergie / Gemini II,Dutch farms,North Sea,54.005659,5.906722,2.2222,2016-08-08,,polygon grid 500 m,ZeeEnergie / Gemini II,0,69.2,farms_manual.csv
PT-ZeeEnergie_/-0093,Netherlands,ZeeEnergie / Gemini II,Dutch farms,North Sea,54.010143,5.906285,2.2222,2016-08-09,,polygon grid 500 m,ZeeEnergie / Gemini II,0,69.5,farms_manual.csv
PT-ZeeEnergie_/-0094,Netherlands,ZeeEnergie / Gemini II,Dutch farms,North Sea,54.014628,5.905847,2.2222,2016-08-11,,polygon grid 500 m,ZeeEnergie / Gemini II,0,69.9,farms_manual.csv
PT-ZeeEnergie_/-0095,Netherlands,ZeeEnergie / Gemini II,Dutch farms,North Sea,54.019113,5.905409,2.2222,2016-08-13,,polygon grid 500 m,ZeeEnergie / Gemini II,0,70.3,farms_manual.csv
PT-ZeeEnergie_/-0096,Netherlands,ZeeEnergie / Gemini II,Dutch farms,North Sea,54.023597,5.904971,2.2222,2016-08-14,,polygon grid 500 m,ZeeEnergie / Gemini II,0,70.6,farms_manual.csv
PT-ZeeEnergie_/-0097,Netherlands,ZeeEnergie / Gemini II,Dutch farms,North Sea,54.028082,5.904533,2.2222,2016-08-16,,polygon grid 500 m,ZeeEnergie / Gemini II,0,71.0,farms_manual.csv
PT-ZeeEnergie_/-0098,Netherlands,ZeeEnergie / Gemini II,Dutch farms,North Sea,54.032567,5.904095,2.2222,2016-08-17,,polygon grid 500 m,ZeeEnergie / Gemini II,0,71.4,farms_manual.csv
PT-ZeeEnergie_/-0099,Netherlands,ZeeEnergie / Gemini II,Dutch farms,North Sea,54.037051,5.903657,2.2222,2016-08-19,,polygon grid 500 m,ZeeEnergie / Gemini II,0,71.7,farms_manual.csv
PT-ZeeEnergie_/-0100,Netherlands,ZeeEnergie / Gemini II,Dutch farms,North Sea,54.041536,5.903219,2.2222,2016-08-21,,polygon grid 500 m,ZeeEnergie / Gemini II,0,72.1,farms_manual.csv
PT-ZeeEnergie_/-0101,Netherlands,ZeeEnergie / Gemini II,Dutch farms,North Sea,54.046021,5.90278,2.2222,2016-08-22,,polygon grid 500 m,ZeeEnergie / Gemini II,0,72.5,farms_manual.csv
PT-ZeeEnergie_/-0102,Netherlands,ZeeEnergie / Gemini II,Dutch farms,North Sea,54.050505,5.902341,2.2222,2016-08-24,,polygon grid 500 m,ZeeEnergie / Gemini II,0,72.8,farms_manual.csv
PT-ZeeEnergie_/-0103,Netherlands,ZeeEnergie / Gemini II,Dutch farms,North Sea,54.05499,5.901903,2.2222,2016-08-26,,polygon grid 500 m,ZeeEnergie / Gemini II,0,73.2,farms_manual.csv
PT-ZeeEnergie_/-0104,Netherlands,ZeeEnergie / Gemini II,Dutch farms,North Sea,54.059475,5.901464,2.2222,2016-08-27,,polygon grid 500 m,ZeeEnergie / Gemini II,0,73.6,farms_manual.csv
PT-ZeeEnergie_/-0105,Netherlands,ZeeEnergie / Gemini II,Dutch farms,North Sea,54.005912,5.914336,2.2222,2016-08-29,,polygon grid 500 m,ZeeEnergie / Gemini II,0,68.8,farms_manual.csv
PT-ZeeEnergie_/-0106,Netherlands,ZeeEnergie / Gemini II,Dutch farms,North Sea,54.010397,5.913899,2.2222,2016-08-30,,polygon grid 500 m,ZeeEnergie / Gemini II,0,69.2,farms_manual.csv
PT-ZeeEnergie_/-0107,Netherlands,ZeeEnergie / Gemini II,Dutch farms,North Sea,54.014882,5.913463,2.2222,2016-09-01,,polygon grid 500 m,ZeeEnergie / Gemini II,0,69.6,farms_manual.csv
PT-ZeeEnergie_/-0108,Netherlands,ZeeEnergie / Gemini II,Dutch farms,North Sea,54.019366,5.913026,2.2222,2016-09-03,,polygon grid 500 m,ZeeEnergie / Gemini II,0,69.9,farms_manual.csv
PT-ZeeEnergie_/-0109,Netherlands,ZeeEnergie / Gemini II,Dutch farms,North Sea,54.023851,5.912588,2.2222,2016-09-04,,polygon grid 500 m,ZeeEnergie / Gemini II,0,70.3,farms_manual.csv
PT-ZeeEnergie_/-0110,Netherlands,ZeeEnergie / Gemini II,Dutch farms,North Sea,54.028336,5.912151,2.2222,2016-09-06,,polygon grid 500 m,ZeeEnergie / Gemini II,0,70.7,farms_manual.csv
PT-ZeeEnergie_/-0111,Netherlands,ZeeEnergie / Gemini II,Dutch farms,North Sea,54.032821,5.911714,2.2222,2016-09-08,,polygon grid 500 m,ZeeEnergie / Gemini II,0,71.0,farms_manual.csv
PT-ZeeEnergie_/-0112,Netherlands,ZeeEnergie / Gemini II,Dutch farms,North Sea,54.037305,5.911276,2.2222,2016-09-09,,polygon grid 500 m,ZeeEnergie / Gemini II,0,71.4,farms_manual.csv
PT-ZeeEnergie_/-0113,Netherlands,ZeeEnergie / Gemini II,Dutch farms,North Sea,54.04179,5.910839,2.2222,2016-09-11,,polygon grid 500 m,ZeeEnergie / Gemini II,0,71.8,farms_manual.csv
PT-ZeeEnergie_/-0114,Netherlands,ZeeEnergie / Gemini II,Dutch farms,North Sea,54.046275,5.910401,2.2222,2016-09-12,,polygon grid 500 m,ZeeEnergie / Gemini II,0,72.1,farms_manual.csv
PT-ZeeEnergie_/-0115,Netherlands,ZeeEnergie / Gemini II,Dutch farms,North Sea,54.050759,5.909963,2.2222,2016-09-14,,polygon grid 500 m,ZeeEnergie / Gemini II,0,72.5,farms_manual.csv
PT-ZeeEnergie_/-0116,Netherlands,ZeeEnergie / Gemini II,Dutch farms,North Sea,54.055244,5.909525,2.2222,2016-09-16,,polygon grid 500 m,ZeeEnergie / Gemini II,0,72.9,farms_manual.csv
PT-ZeeEnergie_/-0117,Netherlands,ZeeEnergie / Gemini II,Dutch farms,North Sea,54.059729,5.909087,2.2222,2016-09-17,,polygon grid 500 m,ZeeEnergie / Gemini II,0,73.2,farms_manual.csv
PT-ZeeEnergie_/-0118,Netherlands,ZeeEnergie / Gemini II,Dutch farms,North Sea,54.006166,5.92195,2.2222,2016-09-19,,polygon grid 500 m,ZeeEnergie / Gemini II,0,68.5,farms_manual.csv
PT-ZeeEnergie_/-0119,Netherlands,ZeeEnergie / Gemini II,Dutch farms,North Sea,54.01065,5.921514,2.2222,2016-09-21,,polygon grid 500 m,ZeeEnergie / Gemini II,0,68.9,farms_manual.csv
PT-ZeeEnergie_/-0120,Netherlands,ZeeEnergie / Gemini II,Dutch farms,North Sea,54.015135,5.921078,2.2222,2016-09-22,,polygon grid 500 m,ZeeEnergie / Gemini II,0,69.2,farms_manual.csv
PT-ZeeEnergie_/-0121,Netherlands,ZeeEnergie / Gemini II,Dutch farms,North Sea,54.01962,5.920642,2.2222,2016-09-24,,polygon grid 500 m,ZeeEnergie / Gemini II,0,69.6,farms_manual.csv
PT-ZeeEnergie_/-0122,Netherlands,ZeeEnergie / Gemini II,Dutch farms,North Sea,54.024105,5.920206,2.2222,2016-09-25,,polygon grid 500 m,ZeeEnergie / Gemini II,0,70.0,farms_manual.csv
PT-ZeeEnergie_/-0123,Netherlands,ZeeEnergie / Gemini II,Dutch farms,North Sea,54.028589,5.919769,2.2222,2016-09-27,,polygon grid 500 m,ZeeEnergie / Gemini II,0,70.3,farms_manual.csv
PT-ZeeEnergie_/-0124,Netherlands,ZeeEnergie / Gemini II,Dutch farms,North Sea,54.033074,5.919333,2.2222,2016-09-29,,polygon grid 500 m,ZeeEnergie / Gemini II,0,70.7,farms_manual.csv
PT-ZeeEnergie_/-0125,Netherlands,ZeeEnergie / Gemini II,Dutch farms,North Sea,54.037559,5.918896,2.2222,2016-09-30,,polygon grid 500 m,ZeeEnergie / Gemini II,0,71.1,farms_manual.csv
PT-ZeeEnergie_/-0126,Netherlands,ZeeEnergie / Gemini II,Dutch farms,North Sea,54.042043,5.918459,2.2222,2016-10-02,,polygon grid 500 m,ZeeEnergie / Gemini II,0,71.4,farms_manual.csv
PT-ZeeEnergie_/-0127,Netherlands,ZeeEnergie / Gemini II,Dutch farms,North Sea,54.006418,5.929564,2.2222,2016-10-04,,polygon grid 500 m,ZeeEnergie / Gemini II,0,68.2,farms_manual.csv
PT-ZeeEnergie_/-0128,Netherlands,ZeeEnergie / Gemini II,Dutch farms,North Sea,54.010903,5.929129,2.2222,2016-10-05,,polygon grid 500 m,ZeeEnergie / Gemini II,0,68.5,farms_manual.csv
PT-ZeeEnergie_/-0129,Netherlands,ZeeEnergie / Gemini II,Dutch farms,North Sea,54.015388,5.928694,2.2222,2016-10-07,,polygon grid 500 m,ZeeEnergie / Gemini II,0,68.9,farms_manual.csv
PT-ZeeEnergie_/-0130,Netherlands,ZeeEnergie / Gemini II,Dutch farms,North Sea,54.019873,5.928258,2.2222,2016-10-08,,polygon grid 500 m,ZeeEnergie / Gemini II,0,69.3,farms_manual.csv
PT-ZeeEnergie_/-0131,Netherlands,ZeeEnergie / Gemini II,Dutch farms,North Sea,54.024357,5.927823,2.2222,2016-10-10,,polygon grid 500 m,ZeeEnergie / Gemini II,0,69.6,farms_manual.csv
PT-ZeeEnergie_/-0132,Netherlands,ZeeEnergie / Gemini II,Dutch farms,North Sea,54.028842,5.927387,2.2222,2016-10-12,,polygon grid 500 m,ZeeEnergie / Gemini II,0,70.0,farms_manual.csv
PT-ZeeEnergie_/-0133,Netherlands,ZeeEnergie / Gemini II,Dutch farms,North Sea,54.006671,5.937178,2.2222,2016-10-13,,polygon grid 500 m,ZeeEnergie / Gemini II,0,67.8,farms_manual.csv
PT-ZeeEnergie_/-0134,Netherlands,ZeeEnergie / Gemini II,Dutch farms,North Sea,54.011155,5.936744,2.2222,2016-10-15,,polygon grid 500 m,ZeeEnergie / Gemini II,0,68.2,farms_manual.csv
